"id","session_id","participant_key","participant_label","participant_kind","opponent_key","opponent_label","opponent_kind","rel_time","event_index","sequence_id","event_type","power","amount","state","range_bucket","buttons","saber_move","enemy_saber_move","yaw_delta","note"
"1","1","iphash:2667391d","^0-=^3'/^7o^3!^0d^0=-^6","2","bot:/botfiles/easyds.jkb","Tavion","0","231","1","0","air","10","0","0","2","2","0","0","-50","landed"
"2","1","iphash:2667391d","^0-=^3'/^7o^3!^0d^0=-^6","2","bot:/botfiles/easyds.jkb","Tavion","0","12540","2","0","damage","10","2","0","2","256","160","1","-161","saberthrow"
"3","1","iphash:2667391d","^0-=^3'/^7o^3!^0d^0=-^6","2","bot:/botfiles/easyds.jkb","Tavion","0","12540","3","0","air","10","1","0","2","256","160","1","-161","airborne"
"4","1","iphash:2667391d","^0-=^3'/^7o^3!^0d^0=-^6","2","bot:/botfiles/easyds.jkb","Tavion","0","12771","4","0","range","10","1","0","1","256","1","1","-153",""
"5","1","iphash:2667391d","^0-=^3'/^7o^3!^0d^0=-^6","2","bot:/botfiles/easyds.jkb","Tavion","0","13398","5","0","air","10","0","0","1","0","1","1","-134","landed"
"6","1","iphash:2667391d","^0-=^3'/^7o^3!^0d^0=-^6","2","bot:/botfiles/easyds.jkb","Tavion","0","13926","6","0","force","9","19","0","1","256","1","1","129",""
"7","1","iphash:2667391d","^0-=^3'/^7o^3!^0d^0=-^6","2","bot:/botfiles/easyds.jkb","Tavion","0","13959","7","0","regen","10","1","0","1","256","1","1","128",""
"8","1","iphash:2667391d","^0-=^3'/^7o^3!^0d^0=-^6","2","bot:/botfiles/easyds.jkb","Tavion","0","13959","8","0","air","10","1","0","1","256","1","1","128","airborne"
"9","1","iphash:2667391d","^0-=^3'/^7o^3!^0d^0=-^6","2","bot:/botfiles/easyds.jkb","Tavion","0","13992","9","0","force","9","5","0","1","256","1","1","129",""
"10","1","iphash:2667391d","^0-=^3'/^7o^3!^0d^0=-^6","2","bot:/botfiles/easyds.jkb","Tavion","0","14025","10","1","regen","10","1","0","1","256","1","0","130",""
"11","1","iphash:2667391d","^0-=^3'/^7o^3!^0d^0=-^6","2","bot:/botfiles/easyds.jkb","Tavion","0","14058","11","1","regen","10","1","0","1","256","1","0","133",""
"12","1","iphash:2667391d","^0-=^3'/^7o^3!^0d^0=-^6","2","bot:/botfiles/easyds.jkb","Tavion","0","14091","12","1","regen","10","1","0","1","256","1","0","135",""
"13","1","iphash:2667391d","^0-=^3'/^7o^3!^0d^0=-^6","2","bot:/botfiles/easyds.jkb","Tavion","0","14124","13","1","regen","10","1","0","1","256","1","0","139",""
"14","1","iphash:2667391d","^0-=^3'/^7o^3!^0d^0=-^6","2","bot:/botfiles/easyds.jkb","Tavion","0","14157","14","1","regen","10","1","0","1","256","1","0","141",""
"15","1","iphash:2667391d","^0-=^3'/^7o^3!^0d^0=-^6","2","bot:/botfiles/easyds.jkb","Tavion","0","14190","15","1","regen","10","1","0","2","256","1","0","142",""
"16","1","iphash:2667391d","^0-=^3'/^7o^3!^0d^0=-^6","2","bot:/botfiles/easyds.jkb","Tavion","0","14190","16","1","range","10","2","0","2","256","1","0","142",""
"17","1","iphash:2667391d","^0-=^3'/^7o^3!^0d^0=-^6","2","bot:/botfiles/easyds.jkb","Tavion","0","14223","17","1","regen","10","1","0","2","256","1","0","144",""
"18","1","iphash:2667391d","^0-=^3'/^7o^3!^0d^0=-^6","2","bot:/botfiles/easyds.jkb","Tavion","0","14256","18","1","regen","10","1","0","2","256","1","0","141",""
"19","1","iphash:2667391d","^0-=^3'/^7o^3!^0d^0=-^6","2","bot:/botfiles/easyds.jkb","Tavion","0","14289","19","1","regen","10","1","0","2","256","1","0","142",""
"20","1","iphash:2667391d","^0-=^3'/^7o^3!^0d^0=-^6","2","bot:/botfiles/easyds.jkb","Tavion","0","14322","20","1","regen","10","1","0","2","256","1","0","144",""
"21","1","iphash:2667391d","^0-=^3'/^7o^3!^0d^0=-^6","2","bot:/botfiles/easyds.jkb","Tavion","0","14355","21","1","regen","10","1","0","2","256","1","0","145",""
"22","1","iphash:2667391d","^0-=^3'/^7o^3!^0d^0=-^6","2","bot:/botfiles/easyds.jkb","Tavion","0","14388","22","1","regen","10","1","0","2","256","1","0","148",""
"23","1","iphash:2667391d","^0-=^3'/^7o^3!^0d^0=-^6","2","bot:/botfiles/easyds.jkb","Tavion","0","14421","23","1","regen","10","1","0","2","256","1","0","152",""
"24","1","iphash:2667391d","^0-=^3'/^7o^3!^0d^0=-^6","2","bot:/botfiles/easyds.jkb","Tavion","0","14454","24","1","regen","10","1","0","2","256","1","0","160",""
"25","1","iphash:2667391d","^0-=^3'/^7o^3!^0d^0=-^6","2","bot:/botfiles/easyds.jkb","Tavion","0","14487","25","1","regen","10","1","0","2","256","1","0","166",""
"26","1","iphash:2667391d","^0-=^3'/^7o^3!^0d^0=-^6","2","bot:/botfiles/easyds.jkb","Tavion","0","14520","26","1","regen","10","1","0","2","256","1","0","170",""
"27","1","iphash:2667391d","^0-=^3'/^7o^3!^0d^0=-^6","2","bot:/botfiles/easyds.jkb","Tavion","0","14553","27","1","regen","10","1","0","2","256","1","0","173",""
"28","1","iphash:2667391d","^0-=^3'/^7o^3!^0d^0=-^6","2","bot:/botfiles/easyds.jkb","Tavion","0","14586","28","1","regen","10","1","0","2","256","1","0","174",""
"29","1","iphash:2667391d","^0-=^3'/^7o^3!^0d^0=-^6","2","bot:/botfiles/easyds.jkb","Tavion","0","14619","29","1","regen","10","1","0","2","256","1","0","176",""
"30","1","iphash:2667391d","^0-=^3'/^7o^3!^0d^0=-^6","2","bot:/botfiles/easyds.jkb","Tavion","0","14652","30","1","regen","10","1","0","2","256","1","0","179",""
"31","1","iphash:2667391d","^0-=^3'/^7o^3!^0d^0=-^6","2","bot:/botfiles/easyds.jkb","Tavion","0","14685","31","1","regen","10","1","0","2","256","1","0","-177",""
"32","1","iphash:2667391d","^0-=^3'/^7o^3!^0d^0=-^6","2","bot:/botfiles/easyds.jkb","Tavion","0","14718","32","1","regen","10","1","0","2","256","1","0","-173",""
"33","1","iphash:2667391d","^0-=^3'/^7o^3!^0d^0=-^6","2","bot:/botfiles/easyds.jkb","Tavion","0","14751","33","1","regen","10","1","0","2","256","1","0","-168",""
"34","1","iphash:2667391d","^0-=^3'/^7o^3!^0d^0=-^6","2","bot:/botfiles/easyds.jkb","Tavion","0","14883","34","1","attack_start","10","128","0","2","384","1","0","-160","alt"
"35","1","iphash:2667391d","^0-=^3'/^7o^3!^0d^0=-^6","2","bot:/botfiles/easyds.jkb","Tavion","0","14883","35","1","force_to_saber","10","1","0","2","384","1","0","-160","force_to_saber"
"36","1","iphash:2667391d","^0-=^3'/^7o^3!^0d^0=-^6","2","bot:/botfiles/easyds.jkb","Tavion","0","14883","36","1","force","9","20","0","2","384","1","0","-160",""
"37","1","iphash:2667391d","^0-=^3'/^7o^3!^0d^0=-^6","2","bot:/botfiles/easyds.jkb","Tavion","0","15345","37","1","punish_success","10","1","0","2","384","1","0","-179","punish"
"38","1","iphash:2667391d","^0-=^3'/^7o^3!^0d^0=-^6","2","bot:/botfiles/easyds.jkb","Tavion","0","15345","38","1","knockdown_followup","10","1","0","2","384","1","0","-179","followup"
"39","1","iphash:2667391d","^0-=^3'/^7o^3!^0d^0=-^6","2","bot:/botfiles/easyds.jkb","Tavion","0","15543","39","1","range","10","3","0","3","256","1","0","-179",""
"40","1","iphash:2667391d","^0-=^3'/^7o^3!^0d^0=-^6","2","bot:/botfiles/easyds.jkb","Tavion","0","15642","40","1","air","10","0","0","3","256","1","0","-179","landed"
"41","1","iphash:2667391d","^0-=^3'/^7o^3!^0d^0=-^6","2","bot:/botfiles/easyds.jkb","Tavion","0","16005","41","1","regen","10","1","0","3","256","1","1","-169",""
"42","1","iphash:2667391d","^0-=^3'/^7o^3!^0d^0=-^6","2","bot:/botfiles/easyds.jkb","Tavion","0","16038","42","1","force","9","4","0","3","256","1","1","-169",""
"43","1","iphash:2667391d","^0-=^3'/^7o^3!^0d^0=-^6","2","bot:/botfiles/easyds.jkb","Tavion","0","16071","43","1","force","9","4","0","3","256","1","1","-168",""
"44","1","iphash:2667391d","^0-=^3'/^7o^3!^0d^0=-^6","2","bot:/botfiles/easyds.jkb","Tavion","0","16137","44","1","force","9","4","0","2","256","1","1","-169",""
"45","1","iphash:2667391d","^0-=^3'/^7o^3!^0d^0=-^6","2","bot:/botfiles/easyds.jkb","Tavion","0","16137","45","1","range","10","2","0","2","256","1","1","-169",""
"46","1","iphash:2667391d","^0-=^3'/^7o^3!^0d^0=-^6","2","bot:/botfiles/easyds.jkb","Tavion","0","16170","46","1","force","9","4","0","2","256","1","1","-169",""
"47","1","iphash:2667391d","^0-=^3'/^7o^3!^0d^0=-^6","2","bot:/botfiles/easyds.jkb","Tavion","0","16236","47","1","force","9","4","0","2","256","1","1","-173",""
"48","1","iphash:2667391d","^0-=^3'/^7o^3!^0d^0=-^6","2","bot:/botfiles/easyds.jkb","Tavion","0","16269","48","1","force","9","4","0","2","256","1","1","-176",""
"49","1","iphash:2667391d","^0-=^3'/^7o^3!^0d^0=-^6","2","bot:/botfiles/easyds.jkb","Tavion","0","16302","49","1","attack_start","10","128","0","2","384","1","1","-176","alt"
"50","1","iphash:2667391d","^0-=^3'/^7o^3!^0d^0=-^6","2","bot:/botfiles/easyds.jkb","Tavion","0","16302","50","1","force_to_saber","10","1","0","2","384","1","1","-176","force_to_saber"
"51","1","iphash:2667391d","^0-=^3'/^7o^3!^0d^0=-^6","2","bot:/botfiles/easyds.jkb","Tavion","0","16335","51","1","force","9","24","2","2","384","1","1","-176",""
"52","1","iphash:2667391d","^0-=^3'/^7o^3!^0d^0=-^6","2","bot:/botfiles/easyds.jkb","Tavion","0","16368","52","1","force","9","4","2","2","384","1","1","-177",""
"53","1","iphash:2667391d","^0-=^3'/^7o^3!^0d^0=-^6","2","bot:/botfiles/easyds.jkb","Tavion","0","16434","53","1","force","9","4","3","2","384","1","1","-178",""
"54","1","iphash:2667391d","^0-=^3'/^7o^3!^0d^0=-^6","2","bot:/botfiles/easyds.jkb","Tavion","0","16467","54","1","force","9","4","3","2","384","1","1","-178",""
"55","1","iphash:2667391d","^0-=^3'/^7o^3!^0d^0=-^6","2","bot:/botfiles/easyds.jkb","Tavion","0","16533","55","1","force","9","4","3","2","384","1","1","-175",""
"56","1","iphash:2667391d","^0-=^3'/^7o^3!^0d^0=-^6","2","bot:/botfiles/easyds.jkb","Tavion","0","16566","56","1","force","9","4","3","2","384","1","1","-173",""
"57","1","iphash:2667391d","^0-=^3'/^7o^3!^0d^0=-^6","2","bot:/botfiles/easyds.jkb","Tavion","0","16632","57","1","force","9","4","3","2","384","1","1","-171",""
"58","1","iphash:2667391d","^0-=^3'/^7o^3!^0d^0=-^6","2","bot:/botfiles/easyds.jkb","Tavion","0","16665","58","1","force","9","4","3","2","384","1","1","-171",""
"59","1","iphash:2667391d","^0-=^3'/^7o^3!^0d^0=-^6","2","bot:/botfiles/easyds.jkb","Tavion","0","16698","59","1","air","10","1","3","2","384","1","1","-173","airborne"
"60","1","iphash:2667391d","^0-=^3'/^7o^3!^0d^0=-^6","2","bot:/botfiles/easyds.jkb","Tavion","0","16731","60","1","force","9","4","3","2","384","1","1","-173",""
"61","1","iphash:2667391d","^0-=^3'/^7o^3!^0d^0=-^6","2","bot:/botfiles/easyds.jkb","Tavion","0","16764","61","1","force","9","1","3","2","384","1","1","-172",""
"62","1","iphash:2667391d","^0-=^3'/^7o^3!^0d^0=-^6","2","bot:/botfiles/easyds.jkb","Tavion","0","16764","62","1","punish_success","10","30","3","2","384","1","1","-172","punish"
"63","1","iphash:2667391d","^0-=^3'/^7o^3!^0d^0=-^6","2","bot:/botfiles/easyds.jkb","Tavion","0","16896","63","1","range","10","1","3","1","384","1","1","-175",""
"64","1","iphash:2667391d","^0-=^3'/^7o^3!^0d^0=-^6","2","bot:/botfiles/easyds.jkb","Tavion","0","17028","64","1","regen","10","1","3","1","384","1","1","-178",""
"65","1","iphash:2667391d","^0-=^3'/^7o^3!^0d^0=-^6","2","bot:/botfiles/easyds.jkb","Tavion","0","17061","65","1","regen","10","1","3","1","384","1","1","-178",""
"66","1","iphash:2667391d","^0-=^3'/^7o^3!^0d^0=-^6","2","bot:/botfiles/easyds.jkb","Tavion","0","17094","66","1","regen","10","1","3","1","384","1","1","-179",""
"67","1","iphash:2667391d","^0-=^3'/^7o^3!^0d^0=-^6","2","bot:/botfiles/easyds.jkb","Tavion","0","17127","67","1","regen","10","1","3","1","384","1","1","-179",""
"68","1","iphash:2667391d","^0-=^3'/^7o^3!^0d^0=-^6","2","bot:/botfiles/easyds.jkb","Tavion","0","17160","68","1","regen","10","1","3","1","384","1","1","-179",""
"69","1","iphash:2667391d","^0-=^3'/^7o^3!^0d^0=-^6","2","bot:/botfiles/easyds.jkb","Tavion","0","17193","69","1","regen","10","1","3","1","384","1","1","-179",""
"70","1","iphash:2667391d","^0-=^3'/^7o^3!^0d^0=-^6","2","bot:/botfiles/easyds.jkb","Tavion","0","17193","70","1","damage","10","1","3","1","384","1","1","-179",""
"71","1","iphash:2667391d","^0-=^3'/^7o^3!^0d^0=-^6","2","bot:/botfiles/easyds.jkb","Tavion","0","17226","71","1","regen","10","1","3","1","384","1","1","-179",""
"72","1","iphash:2667391d","^0-=^3'/^7o^3!^0d^0=-^6","2","bot:/botfiles/easyds.jkb","Tavion","0","17259","72","1","regen","10","1","3","1","384","1","1","-179",""
"73","1","iphash:2667391d","^0-=^3'/^7o^3!^0d^0=-^6","2","bot:/botfiles/easyds.jkb","Tavion","0","17292","73","1","regen","10","1","3","1","384","1","1","-179",""
"74","1","iphash:2667391d","^0-=^3'/^7o^3!^0d^0=-^6","2","bot:/botfiles/easyds.jkb","Tavion","0","17325","74","1","regen","10","1","3","1","256","1","1","-178",""
"75","1","iphash:2667391d","^0-=^3'/^7o^3!^0d^0=-^6","2","bot:/botfiles/easyds.jkb","Tavion","0","17358","75","1","regen","10","1","3","1","256","1","1","-176",""
"76","1","iphash:2667391d","^0-=^3'/^7o^3!^0d^0=-^6","2","bot:/botfiles/easyds.jkb","Tavion","0","17391","76","1","regen","10","1","3","1","256","1","1","-176",""
"77","1","iphash:2667391d","^0-=^3'/^7o^3!^0d^0=-^6","2","bot:/botfiles/easyds.jkb","Tavion","0","17424","77","1","attack_start","10","1","3","1","257","66","1","-175","attack"
"78","1","iphash:2667391d","^0-=^3'/^7o^3!^0d^0=-^6","2","bot:/botfiles/easyds.jkb","Tavion","0","17424","78","1","force_to_saber","10","66","3","1","257","66","1","-175","force_to_saber"
"79","1","iphash:2667391d","^0-=^3'/^7o^3!^0d^0=-^6","2","bot:/botfiles/easyds.jkb","Tavion","0","17424","79","1","regen","10","1","3","1","257","66","1","-175",""
"80","1","iphash:2667391d","^0-=^3'/^7o^3!^0d^0=-^6","2","bot:/botfiles/easyds.jkb","Tavion","0","17424","80","1","counter_success","10","1","3","1","257","66","1","-175","counter"
"81","1","iphash:2667391d","^0-=^3'/^7o^3!^0d^0=-^6","2","bot:/botfiles/easyds.jkb","Tavion","0","17457","81","1","regen","10","1","3","1","257","66","1","-177",""
"82","1","iphash:2667391d","^0-=^3'/^7o^3!^0d^0=-^6","2","bot:/botfiles/easyds.jkb","Tavion","0","17490","82","1","regen","10","1","3","1","257","66","1","179",""
"83","1","iphash:2667391d","^0-=^3'/^7o^3!^0d^0=-^6","2","bot:/botfiles/easyds.jkb","Tavion","0","17523","83","1","regen","10","1","3","1","257","66","1","178",""
"84","1","iphash:2667391d","^0-=^3'/^7o^3!^0d^0=-^6","2","bot:/botfiles/easyds.jkb","Tavion","0","17556","84","1","regen","10","1","3","1","257","66","1","174",""
"85","1","iphash:2667391d","^0-=^3'/^7o^3!^0d^0=-^6","2","bot:/botfiles/easyds.jkb","Tavion","0","17589","85","1","regen","10","1","3","1","257","153","1","167",""
"86","1","iphash:2667391d","^0-=^3'/^7o^3!^0d^0=-^6","2","bot:/botfiles/easyds.jkb","Tavion","0","17622","86","1","regen","10","1","3","1","257","153","1","160",""
"87","1","iphash:2667391d","^0-=^3'/^7o^3!^0d^0=-^6","2","bot:/botfiles/easyds.jkb","Tavion","0","17622","87","1","air","10","0","3","1","257","153","1","160","landed"
"88","1","iphash:2667391d","^0-=^3'/^7o^3!^0d^0=-^6","2","bot:/botfiles/easyds.jkb","Tavion","0","17655","88","1","regen","10","1","3","1","257","153","1","148",""
"89","1","iphash:2667391d","^0-=^3'/^7o^3!^0d^0=-^6","2","bot:/botfiles/easyds.jkb","Tavion","0","17688","89","1","regen","10","1","3","1","257","153","1","148",""
"90","1","iphash:2667391d","^0-=^3'/^7o^3!^0d^0=-^6","2","bot:/botfiles/easyds.jkb","Tavion","0","17721","90","1","regen","10","1","3","1","257","153","1","150",""
"91","1","iphash:2667391d","^0-=^3'/^7o^3!^0d^0=-^6","2","bot:/botfiles/easyds.jkb","Tavion","0","17754","91","1","regen","10","1","3","1","257","153","1","153",""
"92","1","iphash:2667391d","^0-=^3'/^7o^3!^0d^0=-^6","2","bot:/botfiles/easyds.jkb","Tavion","0","17787","92","1","regen","10","1","3","1","257","153","1","160",""
"93","1","iphash:2667391d","^0-=^3'/^7o^3!^0d^0=-^6","2","bot:/botfiles/easyds.jkb","Tavion","0","17820","93","1","regen","10","1","3","1","257","153","1","-178",""
"94","1","iphash:2667391d","^0-=^3'/^7o^3!^0d^0=-^6","2","bot:/botfiles/easyds.jkb","Tavion","0","17853","94","1","regen","10","1","0","1","257","153","1","-152",""
"95","1","iphash:2667391d","^0-=^3'/^7o^3!^0d^0=-^6","2","bot:/botfiles/easyds.jkb","Tavion","0","17853","95","1","reset_success","10","1","0","1","257","153","1","-152","reset"
"96","1","iphash:2667391d","^0-=^3'/^7o^3!^0d^0=-^6","2","bot:/botfiles/easyds.jkb","Tavion","0","17886","96","1","regen","10","1","0","1","257","153","1","-144",""
"97","1","iphash:2667391d","^0-=^3'/^7o^3!^0d^0=-^6","2","bot:/botfiles/easyds.jkb","Tavion","0","17919","97","1","regen","10","1","0","1","257","153","1","-144",""
"98","1","iphash:2667391d","^0-=^3'/^7o^3!^0d^0=-^6","2","bot:/botfiles/easyds.jkb","Tavion","0","17952","98","1","regen","10","1","0","1","257","153","1","-145",""
"99","1","iphash:2667391d","^0-=^3'/^7o^3!^0d^0=-^6","2","bot:/botfiles/easyds.jkb","Tavion","0","17985","99","1","regen","10","1","0","1","257","153","1","-146",""
"100","1","iphash:2667391d","^0-=^3'/^7o^3!^0d^0=-^6","2","bot:/botfiles/easyds.jkb","Tavion","0","18018","100","1","regen","10","1","0","1","257","153","1","-141",""
"101","1","iphash:2667391d","^0-=^3'/^7o^3!^0d^0=-^6","2","bot:/botfiles/easyds.jkb","Tavion","0","18051","101","1","regen","10","1","0","1","257","153","1","-134",""
"102","1","iphash:2667391d","^0-=^3'/^7o^3!^0d^0=-^6","2","bot:/botfiles/easyds.jkb","Tavion","0","18084","102","1","attack_chain","10","4","0","1","257","4","1","-133","chain"
"103","1","iphash:2667391d","^0-=^3'/^7o^3!^0d^0=-^6","2","bot:/botfiles/easyds.jkb","Tavion","0","18084","103","1","regen","10","1","0","1","257","4","1","-133",""
"104","1","iphash:2667391d","^0-=^3'/^7o^3!^0d^0=-^6","2","bot:/botfiles/easyds.jkb","Tavion","0","18117","104","1","regen","10","1","0","1","257","4","1","-130",""
"105","1","iphash:2667391d","^0-=^3'/^7o^3!^0d^0=-^6","2","bot:/botfiles/easyds.jkb","Tavion","0","18150","105","1","regen","10","1","0","2","257","4","1","-134",""
"106","1","iphash:2667391d","^0-=^3'/^7o^3!^0d^0=-^6","2","bot:/botfiles/easyds.jkb","Tavion","0","18150","106","1","range","10","2","0","2","257","4","1","-134",""
"107","1","iphash:2667391d","^0-=^3'/^7o^3!^0d^0=-^6","2","bot:/botfiles/easyds.jkb","Tavion","0","18183","107","1","regen","10","1","0","2","257","4","1","-134",""
"108","1","iphash:2667391d","^0-=^3'/^7o^3!^0d^0=-^6","2","bot:/botfiles/easyds.jkb","Tavion","0","18216","108","1","regen","10","1","0","2","257","4","1","-131",""
"109","1","iphash:2667391d","^0-=^3'/^7o^3!^0d^0=-^6","2","bot:/botfiles/easyds.jkb","Tavion","0","18249","109","1","regen","10","1","0","2","257","4","1","-126",""
"110","1","iphash:2667391d","^0-=^3'/^7o^3!^0d^0=-^6","2","bot:/botfiles/easyds.jkb","Tavion","0","18282","110","1","regen","10","1","0","2","257","4","1","-126",""
"111","1","iphash:2667391d","^0-=^3'/^7o^3!^0d^0=-^6","2","bot:/botfiles/easyds.jkb","Tavion","0","18315","111","1","regen","10","1","0","2","257","4","1","-128",""
"112","1","iphash:2667391d","^0-=^3'/^7o^3!^0d^0=-^6","2","bot:/botfiles/easyds.jkb","Tavion","0","18348","112","1","regen","10","1","0","2","257","4","1","-130",""
"113","1","iphash:2667391d","^0-=^3'/^7o^3!^0d^0=-^6","2","bot:/botfiles/easyds.jkb","Tavion","0","18381","113","1","regen","10","1","0","2","257","78","1","-131",""
"114","1","iphash:2667391d","^0-=^3'/^7o^3!^0d^0=-^6","2","bot:/botfiles/easyds.jkb","Tavion","0","18414","114","1","regen","10","1","0","2","257","78","1","-136",""
"115","1","iphash:2667391d","^0-=^3'/^7o^3!^0d^0=-^6","2","bot:/botfiles/easyds.jkb","Tavion","0","18447","115","1","regen","10","1","0","2","257","78","1","-140",""
"116","1","iphash:2667391d","^0-=^3'/^7o^3!^0d^0=-^6","2","bot:/botfiles/easyds.jkb","Tavion","0","18480","116","1","regen","10","1","0","2","257","78","1","-146",""
"117","1","iphash:2667391d","^0-=^3'/^7o^3!^0d^0=-^6","2","bot:/botfiles/easyds.jkb","Tavion","0","18513","117","1","regen","10","1","0","2","257","78","1","-153",""
"118","1","iphash:2667391d","^0-=^3'/^7o^3!^0d^0=-^6","2","bot:/botfiles/easyds.jkb","Tavion","0","18546","118","1","regen","10","1","0","2","257","78","1","-159",""
"119","1","iphash:2667391d","^0-=^3'/^7o^3!^0d^0=-^6","2","bot:/botfiles/easyds.jkb","Tavion","0","18579","119","1","regen","10","1","0","2","257","78","1","-164",""
"120","1","iphash:2667391d","^0-=^3'/^7o^3!^0d^0=-^6","2","bot:/botfiles/easyds.jkb","Tavion","0","18612","120","1","regen","10","1","0","2","257","78","1","-165",""
"121","1","iphash:2667391d","^0-=^3'/^7o^3!^0d^0=-^6","2","bot:/botfiles/easyds.jkb","Tavion","0","18645","121","1","regen","10","1","0","2","257","78","1","-163",""
"122","1","iphash:2667391d","^0-=^3'/^7o^3!^0d^0=-^6","2","bot:/botfiles/easyds.jkb","Tavion","0","18678","122","1","regen","10","1","0","2","257","78","1","-152",""
"123","1","iphash:2667391d","^0-=^3'/^7o^3!^0d^0=-^6","2","bot:/botfiles/easyds.jkb","Tavion","0","18711","123","1","attack_chain","10","10","0","2","257","10","1","-145","chain"
"124","1","iphash:2667391d","^0-=^3'/^7o^3!^0d^0=-^6","2","bot:/botfiles/easyds.jkb","Tavion","0","18711","124","1","regen","10","1","0","2","257","10","1","-145",""
"125","1","iphash:2667391d","^0-=^3'/^7o^3!^0d^0=-^6","2","bot:/botfiles/easyds.jkb","Tavion","0","18744","125","1","regen","10","1","1","2","257","10","1","-145",""
"126","1","iphash:2667391d","^0-=^3'/^7o^3!^0d^0=-^6","2","bot:/botfiles/easyds.jkb","Tavion","0","18777","126","1","regen","10","1","1","2","257","10","1","-145",""
"127","1","iphash:2667391d","^0-=^3'/^7o^3!^0d^0=-^6","2","bot:/botfiles/easyds.jkb","Tavion","0","18810","127","1","regen","10","1","1","2","257","10","1","-146",""
"128","1","iphash:2667391d","^0-=^3'/^7o^3!^0d^0=-^6","2","bot:/botfiles/easyds.jkb","Tavion","0","18843","128","1","regen","10","1","1","2","257","10","1","-153",""
"129","2","iphash:2667391d","^0-=^3'/^7o^3!^0d^0=-^6","2","bot:/botfiles/hardds.jkb","Desann","0","33","1","0","air","10","0","0","3","256","0","0","176","landed"
"130","2","iphash:2667391d","^0-=^3'/^7o^3!^0d^0=-^6","2","bot:/botfiles/hardds.jkb","Desann","0","429","2","0","air","10","1","0","3","256","0","0","33","airborne"
"131","2","iphash:2667391d","^0-=^3'/^7o^3!^0d^0=-^6","2","bot:/botfiles/hardds.jkb","Desann","0","1584","3","0","force","9","6","0","3","256","1","1","91",""
"132","2","iphash:2667391d","^0-=^3'/^7o^3!^0d^0=-^6","2","bot:/botfiles/hardds.jkb","Desann","0","1914","4","0","force","9","6","0","3","256","1","1","-2",""
"133","2","iphash:2667391d","^0-=^3'/^7o^3!^0d^0=-^6","2","bot:/botfiles/hardds.jkb","Desann","0","2211","5","0","force","9","6","0","3","256","1","1","-51",""
"134","2","iphash:2667391d","^0-=^3'/^7o^3!^0d^0=-^6","2","bot:/botfiles/hardds.jkb","Desann","0","2508","6","0","force","9","5","2","3","256","1","1","-75",""
"135","2","iphash:2667391d","^0-=^3'/^7o^3!^0d^0=-^6","2","bot:/botfiles/hardds.jkb","Desann","0","2805","7","0","force","9","1","2","3","256","1","1","-73",""
"136","2","iphash:2667391d","^0-=^3'/^7o^3!^0d^0=-^6","2","bot:/botfiles/hardds.jkb","Desann","0","3432","8","0","air","10","0","2","3","256","1","1","-74","landed"
"137","2","iphash:2667391d","^0-=^3'/^7o^3!^0d^0=-^6","2","bot:/botfiles/hardds.jkb","Desann","0","3465","9","0","regen","10","1","2","3","256","1","1","-75",""
"138","2","iphash:2667391d","^0-=^3'/^7o^3!^0d^0=-^6","2","bot:/botfiles/hardds.jkb","Desann","0","3498","10","0","regen","10","1","2","3","256","1","1","-75",""
"139","2","iphash:2667391d","^0-=^3'/^7o^3!^0d^0=-^6","2","bot:/botfiles/hardds.jkb","Desann","0","3531","11","0","regen","10","1","2","3","256","1","1","-76",""
"140","2","iphash:2667391d","^0-=^3'/^7o^3!^0d^0=-^6","2","bot:/botfiles/hardds.jkb","Desann","0","3564","12","0","regen","10","1","2","3","256","1","1","-77",""
"141","2","iphash:2667391d","^0-=^3'/^7o^3!^0d^0=-^6","2","bot:/botfiles/hardds.jkb","Desann","0","3597","13","0","regen","10","1","0","3","256","1","1","-78",""
"142","2","iphash:2667391d","^0-=^3'/^7o^3!^0d^0=-^6","2","bot:/botfiles/hardds.jkb","Desann","0","3630","14","0","regen","10","1","0","3","256","1","1","-80",""
"143","2","iphash:2667391d","^0-=^3'/^7o^3!^0d^0=-^6","2","bot:/botfiles/hardds.jkb","Desann","0","3663","15","0","regen","10","1","0","3","256","1","1","-81",""
"144","2","iphash:2667391d","^0-=^3'/^7o^3!^0d^0=-^6","2","bot:/botfiles/hardds.jkb","Desann","0","3696","16","0","regen","10","1","0","3","256","1","1","-83",""
"145","2","iphash:2667391d","^0-=^3'/^7o^3!^0d^0=-^6","2","bot:/botfiles/hardds.jkb","Desann","0","3729","17","0","regen","10","1","0","3","256","1","1","-88",""
"146","2","iphash:2667391d","^0-=^3'/^7o^3!^0d^0=-^6","2","bot:/botfiles/hardds.jkb","Desann","0","3762","18","0","regen","10","1","0","3","256","1","1","-90",""
"147","2","iphash:2667391d","^0-=^3'/^7o^3!^0d^0=-^6","2","bot:/botfiles/hardds.jkb","Desann","0","3795","19","0","regen","10","1","0","3","256","1","1","-95",""
"148","2","iphash:2667391d","^0-=^3'/^7o^3!^0d^0=-^6","2","bot:/botfiles/hardds.jkb","Desann","0","3828","20","0","regen","10","1","0","3","256","1","1","-98",""
"149","2","iphash:2667391d","^0-=^3'/^7o^3!^0d^0=-^6","2","bot:/botfiles/hardds.jkb","Desann","0","3861","21","0","regen","10","1","0","3","256","1","1","-103",""
"150","2","iphash:2667391d","^0-=^3'/^7o^3!^0d^0=-^6","2","bot:/botfiles/hardds.jkb","Desann","0","3894","22","0","regen","10","1","0","3","256","1","1","-108",""
"151","2","iphash:2667391d","^0-=^3'/^7o^3!^0d^0=-^6","2","bot:/botfiles/hardds.jkb","Desann","0","3927","23","0","regen","10","1","0","3","256","1","1","-111",""
"152","2","iphash:2667391d","^0-=^3'/^7o^3!^0d^0=-^6","2","bot:/botfiles/hardds.jkb","Desann","0","3960","24","0","regen","10","1","0","3","256","1","1","-116",""
"153","2","iphash:2667391d","^0-=^3'/^7o^3!^0d^0=-^6","2","bot:/botfiles/hardds.jkb","Desann","0","3993","25","0","regen","10","1","0","3","256","1","1","-119",""
"154","2","iphash:2667391d","^0-=^3'/^7o^3!^0d^0=-^6","2","bot:/botfiles/hardds.jkb","Desann","0","4026","26","0","regen","10","1","0","3","256","1","1","-121",""
"155","2","iphash:2667391d","^0-=^3'/^7o^3!^0d^0=-^6","2","bot:/botfiles/hardds.jkb","Desann","0","4059","27","0","regen","10","1","0","3","256","1","1","-127",""
"156","2","iphash:2667391d","^0-=^3'/^7o^3!^0d^0=-^6","2","bot:/botfiles/hardds.jkb","Desann","0","4092","28","0","regen","10","1","0","3","256","1","1","-130",""
"157","2","iphash:2667391d","^0-=^3'/^7o^3!^0d^0=-^6","2","bot:/botfiles/hardds.jkb","Desann","0","4125","29","0","regen","10","1","0","3","256","1","1","-135",""
"158","2","iphash:2667391d","^0-=^3'/^7o^3!^0d^0=-^6","2","bot:/botfiles/hardds.jkb","Desann","0","4158","30","0","regen","10","1","0","3","256","1","1","-141",""
"159","2","iphash:2667391d","^0-=^3'/^7o^3!^0d^0=-^6","2","bot:/botfiles/hardds.jkb","Desann","0","4158","31","0","air","10","1","0","3","256","1","1","-141","airborne"
"160","2","iphash:2667391d","^0-=^3'/^7o^3!^0d^0=-^6","2","bot:/botfiles/hardds.jkb","Desann","0","4191","32","0","regen","10","1","0","3","256","1","1","-146",""
"161","2","iphash:2667391d","^0-=^3'/^7o^3!^0d^0=-^6","2","bot:/botfiles/hardds.jkb","Desann","0","4224","33","0","regen","10","1","0","3","256","1","1","-151",""
"162","2","iphash:2667391d","^0-=^3'/^7o^3!^0d^0=-^6","2","bot:/botfiles/hardds.jkb","Desann","0","7920","34","0","force","9","6","0","3","256","1","0","92",""
"163","2","iphash:2667391d","^0-=^3'/^7o^3!^0d^0=-^6","2","bot:/botfiles/hardds.jkb","Desann","0","8250","35","0","force","9","2","0","3","256","1","0","33",""
"164","2","iphash:2667391d","^0-=^3'/^7o^3!^0d^0=-^6","2","bot:/botfiles/hardds.jkb","Desann","0","8778","36","0","regen","10","1","0","3","256","0","1","-74",""
"165","2","iphash:2667391d","^0-=^3'/^7o^3!^0d^0=-^6","2","bot:/botfiles/hardds.jkb","Desann","0","8778","37","0","air","10","0","0","3","256","0","1","-74","landed"
"166","2","iphash:2667391d","^0-=^3'/^7o^3!^0d^0=-^6","2","bot:/botfiles/hardds.jkb","Desann","0","8811","38","0","regen","10","1","0","3","256","0","1","-68",""
"167","2","iphash:2667391d","^0-=^3'/^7o^3!^0d^0=-^6","2","bot:/botfiles/hardds.jkb","Desann","0","8844","39","0","regen","10","1","0","3","256","0","1","-59",""
"168","2","iphash:2667391d","^0-=^3'/^7o^3!^0d^0=-^6","2","bot:/botfiles/hardds.jkb","Desann","0","8844","40","0","air","10","1","0","3","256","0","1","-59","airborne"
"169","2","iphash:2667391d","^0-=^3'/^7o^3!^0d^0=-^6","2","bot:/botfiles/hardds.jkb","Desann","0","8877","41","0","regen","10","1","0","3","256","0","1","-53",""
"170","2","iphash:2667391d","^0-=^3'/^7o^3!^0d^0=-^6","2","bot:/botfiles/hardds.jkb","Desann","0","8910","42","0","regen","10","1","0","3","256","0","1","-45",""
"171","2","iphash:2667391d","^0-=^3'/^7o^3!^0d^0=-^6","2","bot:/botfiles/hardds.jkb","Desann","0","8910","43","0","air","10","0","0","3","256","0","1","-45","landed"
"172","2","iphash:2667391d","^0-=^3'/^7o^3!^0d^0=-^6","2","bot:/botfiles/hardds.jkb","Desann","0","8943","44","0","regen","10","1","0","3","256","0","1","-38",""
"173","2","iphash:2667391d","^0-=^3'/^7o^3!^0d^0=-^6","2","bot:/botfiles/hardds.jkb","Desann","0","8976","45","0","regen","10","1","0","3","256","0","1","-32",""
"174","2","iphash:2667391d","^0-=^3'/^7o^3!^0d^0=-^6","2","bot:/botfiles/hardds.jkb","Desann","0","9009","46","0","regen","10","1","0","3","256","0","1","-28",""
"175","2","iphash:2667391d","^0-=^3'/^7o^3!^0d^0=-^6","2","bot:/botfiles/hardds.jkb","Desann","0","9075","47","0","air","10","1","0","3","256","0","1","-22","airborne"
"176","2","iphash:2667391d","^0-=^3'/^7o^3!^0d^0=-^6","2","bot:/botfiles/hardds.jkb","Desann","0","9438","48","0","air","10","0","0","3","256","0","1","-9","landed"
"177","2","iphash:2667391d","^0-=^3'/^7o^3!^0d^0=-^6","2","bot:/botfiles/hardds.jkb","Desann","0","10164","49","0","air","10","1","0","3","256","1","1","-45","airborne"
"178","2","iphash:2667391d","^0-=^3'/^7o^3!^0d^0=-^6","2","bot:/botfiles/hardds.jkb","Desann","0","12309","50","0","air","10","0","0","3","256","1","1","-89","landed"
"179","2","iphash:2667391d","^0-=^3'/^7o^3!^0d^0=-^6","2","bot:/botfiles/hardds.jkb","Desann","0","12639","51","0","air","10","1","0","3","256","1","1","-98","airborne"
"180","2","iphash:2667391d","^0-=^3'/^7o^3!^0d^0=-^6","2","bot:/botfiles/hardds.jkb","Desann","0","12804","52","0","air","10","0","0","3","256","1","1","-103","landed"
"181","2","iphash:2667391d","^0-=^3'/^7o^3!^0d^0=-^6","2","bot:/botfiles/hardds.jkb","Desann","0","13068","53","0","air","10","1","0","3","256","1","1","-95","airborne"
"182","2","iphash:2667391d","^0-=^3'/^7o^3!^0d^0=-^6","2","bot:/botfiles/hardds.jkb","Desann","0","13332","54","0","force","9","6","0","3","256","1","1","-78",""
"183","2","iphash:2667391d","^0-=^3'/^7o^3!^0d^0=-^6","2","bot:/botfiles/hardds.jkb","Desann","0","13662","55","0","force","9","2","0","3","256","1","1","-67",""
"184","2","iphash:2667391d","^0-=^3'/^7o^3!^0d^0=-^6","2","bot:/botfiles/hardds.jkb","Desann","0","14355","56","0","regen","10","1","0","3","256","1","1","-58",""
"185","2","iphash:2667391d","^0-=^3'/^7o^3!^0d^0=-^6","2","bot:/botfiles/hardds.jkb","Desann","0","14388","57","0","regen","10","1","0","3","256","1","1","-60",""
"186","2","iphash:2667391d","^0-=^3'/^7o^3!^0d^0=-^6","2","bot:/botfiles/hardds.jkb","Desann","0","14421","58","0","regen","10","1","0","3","256","1","1","-62",""
"187","2","iphash:2667391d","^0-=^3'/^7o^3!^0d^0=-^6","2","bot:/botfiles/hardds.jkb","Desann","0","14553","59","0","force","9","6","0","3","256","1","1","-66",""
"188","2","iphash:2667391d","^0-=^3'/^7o^3!^0d^0=-^6","2","bot:/botfiles/hardds.jkb","Desann","0","14850","60","0","force","9","5","0","3","256","1","1","-67",""
"189","2","iphash:2667391d","^0-=^3'/^7o^3!^0d^0=-^6","2","bot:/botfiles/hardds.jkb","Desann","0","15147","61","0","force","9","1","0","3","256","1","1","-50",""
"190","2","iphash:2667391d","^0-=^3'/^7o^3!^0d^0=-^6","2","bot:/botfiles/hardds.jkb","Desann","0","15906","62","0","regen","10","1","0","3","256","1","1","24",""
"191","2","iphash:2667391d","^0-=^3'/^7o^3!^0d^0=-^6","2","bot:/botfiles/hardds.jkb","Desann","0","15939","63","0","regen","10","1","0","3","256","1","1","26",""
"192","2","iphash:2667391d","^0-=^3'/^7o^3!^0d^0=-^6","2","bot:/botfiles/hardds.jkb","Desann","0","15972","64","0","regen","10","1","0","3","256","1","1","27",""
"193","2","iphash:2667391d","^0-=^3'/^7o^3!^0d^0=-^6","2","bot:/botfiles/hardds.jkb","Desann","0","16071","65","0","force","9","6","2","3","256","1","1","29",""
"194","2","iphash:2667391d","^0-=^3'/^7o^3!^0d^0=-^6","2","bot:/botfiles/hardds.jkb","Desann","0","16368","66","0","force","9","2","2","3","256","1","1","33",""
"195","2","iphash:2667391d","^0-=^3'/^7o^3!^0d^0=-^6","2","bot:/botfiles/hardds.jkb","Desann","0","16929","67","0","regen","10","1","2","3","256","1","1","27",""
"196","2","iphash:2667391d","^0-=^3'/^7o^3!^0d^0=-^6","2","bot:/botfiles/hardds.jkb","Desann","0","16929","68","0","air","10","0","2","3","256","1","1","27","landed"
"197","2","iphash:2667391d","^0-=^3'/^7o^3!^0d^0=-^6","2","bot:/botfiles/hardds.jkb","Desann","0","16962","69","0","regen","10","1","2","3","256","1","1","26",""
"198","2","iphash:2667391d","^0-=^3'/^7o^3!^0d^0=-^6","2","bot:/botfiles/hardds.jkb","Desann","0","16995","70","0","regen","10","1","0","3","256","1","1","26",""
"199","2","iphash:2667391d","^0-=^3'/^7o^3!^0d^0=-^6","2","bot:/botfiles/hardds.jkb","Desann","0","17028","71","0","regen","10","1","0","3","256","1","1","25",""
"200","2","iphash:2667391d","^0-=^3'/^7o^3!^0d^0=-^6","2","bot:/botfiles/hardds.jkb","Desann","0","17061","72","0","regen","10","1","0","3","256","1","1","24",""
"201","2","iphash:2667391d","^0-=^3'/^7o^3!^0d^0=-^6","2","bot:/botfiles/hardds.jkb","Desann","0","17094","73","0","regen","10","1","0","3","256","1","1","25",""
"202","2","iphash:2667391d","^0-=^3'/^7o^3!^0d^0=-^6","2","bot:/botfiles/hardds.jkb","Desann","0","17127","74","0","regen","10","1","0","3","256","1","1","26",""
"203","2","iphash:2667391d","^0-=^3'/^7o^3!^0d^0=-^6","2","bot:/botfiles/hardds.jkb","Desann","0","17160","75","0","regen","10","1","0","3","256","1","1","27",""
"204","2","iphash:2667391d","^0-=^3'/^7o^3!^0d^0=-^6","2","bot:/botfiles/hardds.jkb","Desann","0","17193","76","0","regen","10","1","0","3","256","1","1","29",""
"205","2","iphash:2667391d","^0-=^3'/^7o^3!^0d^0=-^6","2","bot:/botfiles/hardds.jkb","Desann","0","17226","77","0","regen","10","1","0","3","256","1","1","33",""
"206","2","iphash:2667391d","^0-=^3'/^7o^3!^0d^0=-^6","2","bot:/botfiles/hardds.jkb","Desann","0","17259","78","0","regen","10","1","0","3","256","1","1","35",""
"207","2","iphash:2667391d","^0-=^3'/^7o^3!^0d^0=-^6","2","bot:/botfiles/hardds.jkb","Desann","0","17259","79","0","air","10","1","0","3","256","1","1","35","airborne"
"208","2","iphash:2667391d","^0-=^3'/^7o^3!^0d^0=-^6","2","bot:/botfiles/hardds.jkb","Desann","0","17292","80","0","regen","10","1","0","3","256","1","1","39",""
"209","2","iphash:2667391d","^0-=^3'/^7o^3!^0d^0=-^6","2","bot:/botfiles/hardds.jkb","Desann","0","17325","81","0","regen","10","1","0","3","256","1","1","43",""
"210","2","iphash:2667391d","^0-=^3'/^7o^3!^0d^0=-^6","2","bot:/botfiles/hardds.jkb","Desann","0","17358","82","0","regen","10","1","0","3","256","1","1","47",""
"211","2","iphash:2667391d","^0-=^3'/^7o^3!^0d^0=-^6","2","bot:/botfiles/hardds.jkb","Desann","0","17391","83","0","regen","10","1","0","3","256","1","1","52",""
"212","2","iphash:2667391d","^0-=^3'/^7o^3!^0d^0=-^6","2","bot:/botfiles/hardds.jkb","Desann","0","17424","84","0","regen","10","1","0","3","256","1","1","58",""
"213","2","iphash:2667391d","^0-=^3'/^7o^3!^0d^0=-^6","2","bot:/botfiles/hardds.jkb","Desann","0","17457","85","0","regen","10","1","0","3","256","1","1","61",""
"214","2","iphash:2667391d","^0-=^3'/^7o^3!^0d^0=-^6","2","bot:/botfiles/hardds.jkb","Desann","0","17490","86","0","regen","10","1","0","3","256","1","1","65",""
"215","2","iphash:2667391d","^0-=^3'/^7o^3!^0d^0=-^6","2","bot:/botfiles/hardds.jkb","Desann","0","17523","87","0","regen","10","1","0","3","256","1","1","71",""
"216","2","iphash:2667391d","^0-=^3'/^7o^3!^0d^0=-^6","2","bot:/botfiles/hardds.jkb","Desann","0","17556","88","0","regen","10","1","0","3","256","1","1","75",""
"217","2","iphash:2667391d","^0-=^3'/^7o^3!^0d^0=-^6","2","bot:/botfiles/hardds.jkb","Desann","0","17589","89","0","regen","10","1","0","3","256","1","1","78",""
"218","2","iphash:2667391d","^0-=^3'/^7o^3!^0d^0=-^6","2","bot:/botfiles/hardds.jkb","Desann","0","17622","90","0","force","9","6","0","3","256","1","1","79",""
"219","2","iphash:2667391d","^0-=^3'/^7o^3!^0d^0=-^6","2","bot:/botfiles/hardds.jkb","Desann","0","17919","91","0","force","9","2","0","3","256","1","1","81",""
"220","2","iphash:2667391d","^0-=^3'/^7o^3!^0d^0=-^6","2","bot:/botfiles/hardds.jkb","Desann","0","18645","92","0","regen","10","1","0","3","256","1","1","89",""
"221","2","iphash:2667391d","^0-=^3'/^7o^3!^0d^0=-^6","2","bot:/botfiles/hardds.jkb","Desann","0","18678","93","0","regen","10","1","0","3","256","1","1","89",""
"222","2","iphash:2667391d","^0-=^3'/^7o^3!^0d^0=-^6","2","bot:/botfiles/hardds.jkb","Desann","0","18678","94","0","air","10","0","0","3","256","1","1","89","landed"
"223","2","iphash:2667391d","^0-=^3'/^7o^3!^0d^0=-^6","2","bot:/botfiles/hardds.jkb","Desann","0","18711","95","0","regen","10","1","0","3","256","1","1","87",""
"224","2","iphash:2667391d","^0-=^3'/^7o^3!^0d^0=-^6","2","bot:/botfiles/hardds.jkb","Desann","0","18744","96","0","regen","10","1","0","3","256","1","1","86",""
"225","2","iphash:2667391d","^0-=^3'/^7o^3!^0d^0=-^6","2","bot:/botfiles/hardds.jkb","Desann","0","18777","97","0","regen","10","1","0","3","256","1","1","86",""
"226","2","iphash:2667391d","^0-=^3'/^7o^3!^0d^0=-^6","2","bot:/botfiles/hardds.jkb","Desann","0","18777","98","0","air","10","1","0","3","256","1","1","86","airborne"
"227","2","iphash:2667391d","^0-=^3'/^7o^3!^0d^0=-^6","2","bot:/botfiles/hardds.jkb","Desann","0","18810","99","0","regen","10","1","0","3","256","1","1","85",""
"228","2","iphash:2667391d","^0-=^3'/^7o^3!^0d^0=-^6","2","bot:/botfiles/hardds.jkb","Desann","0","18843","100","0","regen","10","1","0","3","256","1","1","84",""
"229","2","iphash:2667391d","^0-=^3'/^7o^3!^0d^0=-^6","2","bot:/botfiles/hardds.jkb","Desann","0","18876","101","0","regen","10","1","0","3","256","1","1","83",""
"230","2","iphash:2667391d","^0-=^3'/^7o^3!^0d^0=-^6","2","bot:/botfiles/hardds.jkb","Desann","0","18909","102","0","regen","10","1","0","3","256","1","1","82",""
"231","2","iphash:2667391d","^0-=^3'/^7o^3!^0d^0=-^6","2","bot:/botfiles/hardds.jkb","Desann","0","21681","103","0","air","10","0","0","3","256","1","1","-118","landed"
"232","2","iphash:2667391d","^0-=^3'/^7o^3!^0d^0=-^6","2","bot:/botfiles/hardds.jkb","Desann","0","21780","104","0","air","10","1","0","3","256","1","1","-65","airborne"
"233","2","iphash:2667391d","^0-=^3'/^7o^3!^0d^0=-^6","2","bot:/botfiles/hardds.jkb","Desann","0","22077","105","0","force","9","5","0","3","256","1","1","54",""
"234","2","iphash:2667391d","^0-=^3'/^7o^3!^0d^0=-^6","2","bot:/botfiles/hardds.jkb","Desann","0","22110","106","0","regen","10","1","0","3","256","1","1","57",""
"235","2","iphash:2667391d","^0-=^3'/^7o^3!^0d^0=-^6","2","bot:/botfiles/hardds.jkb","Desann","0","22143","107","0","regen","10","1","0","3","256","1","1","58",""
"236","2","iphash:2667391d","^0-=^3'/^7o^3!^0d^0=-^6","2","bot:/botfiles/hardds.jkb","Desann","0","22176","108","0","regen","10","1","0","3","256","1","1","57",""
"237","2","iphash:2667391d","^0-=^3'/^7o^3!^0d^0=-^6","2","bot:/botfiles/hardds.jkb","Desann","0","22209","109","0","regen","10","1","0","3","256","1","1","55",""
"238","2","iphash:2667391d","^0-=^3'/^7o^3!^0d^0=-^6","2","bot:/botfiles/hardds.jkb","Desann","0","22242","110","0","regen","10","1","0","3","256","1","1","52",""
"239","2","iphash:2667391d","^0-=^3'/^7o^3!^0d^0=-^6","2","bot:/botfiles/hardds.jkb","Desann","0","24090","111","0","range","10","2","0","2","256","1","1","171",""
"240","2","iphash:2667391d","^0-=^3'/^7o^3!^0d^0=-^6","2","bot:/botfiles/hardds.jkb","Desann","0","24090","112","0","air","10","0","0","2","256","1","1","171","landed"
"241","2","iphash:2667391d","^0-=^3'/^7o^3!^0d^0=-^6","2","bot:/botfiles/hardds.jkb","Desann","0","24387","113","0","air","10","1","0","2","256","1","1","176","airborne"
"242","2","iphash:2667391d","^0-=^3'/^7o^3!^0d^0=-^6","2","bot:/botfiles/hardds.jkb","Desann","0","24651","114","0","air","10","0","0","2","256","1","1","169","landed"
"243","2","iphash:2667391d","^0-=^3'/^7o^3!^0d^0=-^6","2","bot:/botfiles/hardds.jkb","Desann","0","25707","115","0","range","10","3","0","3","256","1","1","155",""
"244","2","iphash:2667391d","^0-=^3'/^7o^3!^0d^0=-^6","2","bot:/botfiles/hardds.jkb","Desann","0","26070","116","0","range","10","2","0","2","256","1","1","176",""
"245","2","iphash:2667391d","^0-=^3'/^7o^3!^0d^0=-^6","2","bot:/botfiles/hardds.jkb","Desann","0","26301","117","0","range","10","3","0","3","256","1","1","-147",""
"246","2","iphash:2667391d","^0-=^3'/^7o^3!^0d^0=-^6","2","bot:/botfiles/hardds.jkb","Desann","0","26598","118","0","air","10","1","0","3","256","1","1","-90","airborne"
"247","2","iphash:2667391d","^0-=^3'/^7o^3!^0d^0=-^6","2","bot:/botfiles/hardds.jkb","Desann","0","30228","119","0","air","10","0","0","3","256","1","1","11","landed"
"248","2","iphash:2667391d","^0-=^3'/^7o^3!^0d^0=-^6","2","bot:/botfiles/hardds.jkb","Desann","0","30360","120","0","air","10","1","0","3","256","1","1","11","airborne"
"249","2","iphash:2667391d","^0-=^3'/^7o^3!^0d^0=-^6","2","bot:/botfiles/hardds.jkb","Desann","0","31383","121","0","air","10","0","0","3","0","1","1","43","landed"
"250","2","iphash:2667391d","^0-=^3'/^7o^3!^0d^0=-^6","2","bot:/botfiles/hardds.jkb","Desann","0","31581","122","0","air","10","1","0","3","256","1","1","57","airborne"
"251","2","iphash:2667391d","^0-=^3'/^7o^3!^0d^0=-^6","2","bot:/botfiles/hardds.jkb","Desann","0","31680","123","0","force","9","6","0","3","256","1","1","64",""
"252","2","iphash:2667391d","^0-=^3'/^7o^3!^0d^0=-^6","2","bot:/botfiles/hardds.jkb","Desann","0","31977","124","0","force","9","6","0","3","256","1","1","110",""
"253","2","iphash:2667391d","^0-=^3'/^7o^3!^0d^0=-^6","2","bot:/botfiles/hardds.jkb","Desann","0","32274","125","0","force","9","6","0","3","256","1","1","124",""
"254","2","iphash:2667391d","^0-=^3'/^7o^3!^0d^0=-^6","2","bot:/botfiles/hardds.jkb","Desann","0","32604","126","0","force","9","5","0","3","256","1","1","154",""
"255","2","iphash:2667391d","^0-=^3'/^7o^3!^0d^0=-^6","2","bot:/botfiles/hardds.jkb","Desann","0","32901","127","0","force","9","2","0","3","256","1","1","178",""
"256","2","iphash:2667391d","^0-=^3'/^7o^3!^0d^0=-^6","2","bot:/botfiles/hardds.jkb","Desann","0","33297","128","0","regen","10","1","0","3","256","1","1","167",""
"257","3","iphash:2667391d","^0-=^3'/^7o^3!^0d^0=-^6","2","bot:/botfiles/hardds.jkb","Imperial","0","33","1","0","air","10","0","0","3","256","0","0","-122","landed"
"258","3","iphash:2667391d","^0-=^3'/^7o^3!^0d^0=-^6","2","bot:/botfiles/hardds.jkb","Imperial","0","528","2","0","air","10","1","0","3","0","0","0","-12","airborne"
"259","3","iphash:2667391d","^0-=^3'/^7o^3!^0d^0=-^6","2","bot:/botfiles/hardds.jkb","Imperial","0","726","3","0","air","10","0","0","3","0","0","1","-19","landed"
"260","3","iphash:2667391d","^0-=^3'/^7o^3!^0d^0=-^6","2","bot:/botfiles/hardds.jkb","Imperial","0","858","4","0","air","10","1","0","3","0","1","1","-29","airborne"
"261","3","iphash:2667391d","^0-=^3'/^7o^3!^0d^0=-^6","2","bot:/botfiles/hardds.jkb","Imperial","0","990","5","0","air","10","0","0","3","0","1","1","-32","landed"
"262","3","iphash:2667391d","^0-=^3'/^7o^3!^0d^0=-^6","2","bot:/botfiles/hardds.jkb","Imperial","0","6171","6","0","air","10","1","0","3","256","1","1","154","airborne"
"263","3","iphash:2667391d","^0-=^3'/^7o^3!^0d^0=-^6","2","bot:/botfiles/hardds.jkb","Imperial","0","6270","7","0","force","9","6","0","3","256","1","1","129",""
"264","3","iphash:2667391d","^0-=^3'/^7o^3!^0d^0=-^6","2","bot:/botfiles/hardds.jkb","Imperial","0","6567","8","0","force","9","6","0","3","256","1","1","61",""
"265","3","iphash:2667391d","^0-=^3'/^7o^3!^0d^0=-^6","2","bot:/botfiles/hardds.jkb","Imperial","0","6864","9","0","force","9","6","0","3","256","1","1","7",""
"266","3","iphash:2667391d","^0-=^3'/^7o^3!^0d^0=-^6","2","bot:/botfiles/hardds.jkb","Imperial","0","7161","10","0","force","9","2","2","3","256","1","1","-3",""
"267","3","iphash:2667391d","^0-=^3'/^7o^3!^0d^0=-^6","2","bot:/botfiles/hardds.jkb","Imperial","0","8184","11","0","regen","10","1","0","3","256","1","1","-21",""
"268","3","iphash:2667391d","^0-=^3'/^7o^3!^0d^0=-^6","2","bot:/botfiles/hardds.jkb","Imperial","0","8217","12","0","regen","10","1","0","3","256","1","1","-21",""
"269","3","iphash:2667391d","^0-=^3'/^7o^3!^0d^0=-^6","2","bot:/botfiles/hardds.jkb","Imperial","0","8250","13","0","regen","10","1","0","3","256","1","1","-22",""
"270","3","iphash:2667391d","^0-=^3'/^7o^3!^0d^0=-^6","2","bot:/botfiles/hardds.jkb","Imperial","0","8283","14","0","regen","10","1","0","3","256","1","1","-22",""
"271","3","iphash:2667391d","^0-=^3'/^7o^3!^0d^0=-^6","2","bot:/botfiles/hardds.jkb","Imperial","0","8316","15","0","regen","10","1","0","3","256","1","1","-22",""
"272","3","iphash:2667391d","^0-=^3'/^7o^3!^0d^0=-^6","2","bot:/botfiles/hardds.jkb","Imperial","0","8349","16","0","regen","10","1","0","3","256","1","1","-22",""
"273","3","iphash:2667391d","^0-=^3'/^7o^3!^0d^0=-^6","2","bot:/botfiles/hardds.jkb","Imperial","0","8382","17","0","regen","10","1","0","3","256","1","1","-21",""
"274","3","iphash:2667391d","^0-=^3'/^7o^3!^0d^0=-^6","2","bot:/botfiles/hardds.jkb","Imperial","0","8415","18","0","regen","10","1","0","3","256","1","1","-21",""
"275","3","iphash:2667391d","^0-=^3'/^7o^3!^0d^0=-^6","2","bot:/botfiles/hardds.jkb","Imperial","0","8448","19","0","regen","10","1","0","3","256","1","0","-20",""
"276","3","iphash:2667391d","^0-=^3'/^7o^3!^0d^0=-^6","2","bot:/botfiles/hardds.jkb","Imperial","0","8481","20","0","regen","10","1","0","3","256","1","0","-21",""
"277","3","iphash:2667391d","^0-=^3'/^7o^3!^0d^0=-^6","2","bot:/botfiles/hardds.jkb","Imperial","0","8514","21","0","regen","10","1","0","3","256","1","0","-20",""
"278","3","iphash:2667391d","^0-=^3'/^7o^3!^0d^0=-^6","2","bot:/botfiles/hardds.jkb","Imperial","0","8547","22","0","regen","10","1","0","3","256","1","0","-19",""
"279","3","iphash:2667391d","^0-=^3'/^7o^3!^0d^0=-^6","2","bot:/botfiles/hardds.jkb","Imperial","0","8580","23","0","regen","10","1","0","3","256","1","0","-18",""
"280","3","iphash:2667391d","^0-=^3'/^7o^3!^0d^0=-^6","2","bot:/botfiles/hardds.jkb","Imperial","0","8613","24","0","regen","10","1","0","3","256","1","0","-17",""
"281","3","iphash:2667391d","^0-=^3'/^7o^3!^0d^0=-^6","2","bot:/botfiles/hardds.jkb","Imperial","0","8646","25","0","regen","10","1","0","3","256","1","0","-16",""
"282","3","iphash:2667391d","^0-=^3'/^7o^3!^0d^0=-^6","2","bot:/botfiles/hardds.jkb","Imperial","0","8679","26","0","regen","10","1","0","3","256","1","0","-16",""
"283","3","iphash:2667391d","^0-=^3'/^7o^3!^0d^0=-^6","2","bot:/botfiles/hardds.jkb","Imperial","0","8712","27","0","regen","10","1","0","3","256","1","0","-14",""
"284","3","iphash:2667391d","^0-=^3'/^7o^3!^0d^0=-^6","2","bot:/botfiles/hardds.jkb","Imperial","0","8745","28","0","regen","10","1","0","3","256","1","0","-13",""
"285","3","iphash:2667391d","^0-=^3'/^7o^3!^0d^0=-^6","2","bot:/botfiles/hardds.jkb","Imperial","0","8778","29","0","regen","10","1","0","3","256","1","0","-11",""
"286","3","iphash:2667391d","^0-=^3'/^7o^3!^0d^0=-^6","2","bot:/botfiles/hardds.jkb","Imperial","0","8811","30","0","regen","10","1","0","3","256","1","0","-9",""
"287","3","iphash:2667391d","^0-=^3'/^7o^3!^0d^0=-^6","2","bot:/botfiles/hardds.jkb","Imperial","0","8910","31","1","attack_start","10","1","0","3","257","67","0","0","attack"
"288","3","iphash:2667391d","^0-=^3'/^7o^3!^0d^0=-^6","2","bot:/botfiles/hardds.jkb","Imperial","0","9372","32","1","attack_start","10","1","0","3","257","9","0","32","attack"
"289","3","iphash:2667391d","^0-=^3'/^7o^3!^0d^0=-^6","2","bot:/botfiles/hardds.jkb","Imperial","0","9735","33","1","force","9","5","0","3","256","9","1","63",""
"290","3","iphash:2667391d","^0-=^3'/^7o^3!^0d^0=-^6","2","bot:/botfiles/hardds.jkb","Imperial","0","9768","34","1","regen","10","1","0","3","256","9","1","65",""
"291","3","iphash:2667391d","^0-=^3'/^7o^3!^0d^0=-^6","2","bot:/botfiles/hardds.jkb","Imperial","0","9801","35","1","regen","10","1","0","3","256","9","1","66",""
"292","3","iphash:2667391d","^0-=^3'/^7o^3!^0d^0=-^6","2","bot:/botfiles/hardds.jkb","Imperial","0","9834","36","1","regen","10","1","0","3","256","74","1","67",""
"293","3","iphash:2667391d","^0-=^3'/^7o^3!^0d^0=-^6","2","bot:/botfiles/hardds.jkb","Imperial","0","9867","37","1","regen","10","1","0","3","256","74","1","68",""
"294","3","iphash:2667391d","^0-=^3'/^7o^3!^0d^0=-^6","2","bot:/botfiles/hardds.jkb","Imperial","0","9900","38","1","regen","10","1","0","3","256","74","1","68",""
"295","3","iphash:2667391d","^0-=^3'/^7o^3!^0d^0=-^6","2","bot:/botfiles/hardds.jkb","Imperial","0","10791","39","1","air","10","0","0","3","256","1","1","69","landed"
"296","3","iphash:2667391d","^0-=^3'/^7o^3!^0d^0=-^6","2","bot:/botfiles/hardds.jkb","Imperial","0","16632","40","1","air","10","1","0","3","256","1","1","34","airborne"
"297","3","iphash:2667391d","^0-=^3'/^7o^3!^0d^0=-^6","2","bot:/botfiles/hardds.jkb","Imperial","0","16731","41","1","force","9","6","0","3","256","1","1","16",""
"298","3","iphash:2667391d","^0-=^3'/^7o^3!^0d^0=-^6","2","bot:/botfiles/hardds.jkb","Imperial","0","17061","42","1","force","9","5","0","3","256","1","0","-23",""
"299","3","iphash:2667391d","^0-=^3'/^7o^3!^0d^0=-^6","2","bot:/botfiles/hardds.jkb","Imperial","0","17358","43","1","force","9","1","0","3","256","1","0","-14",""
"300","3","iphash:2667391d","^0-=^3'/^7o^3!^0d^0=-^6","2","bot:/botfiles/hardds.jkb","Imperial","0","17820","44","1","regen","10","1","0","3","256","1","0","-11",""
"301","3","iphash:2667391d","^0-=^3'/^7o^3!^0d^0=-^6","2","bot:/botfiles/hardds.jkb","Imperial","0","17853","45","1","regen","10","1","0","3","256","1","0","-10",""
"302","3","iphash:2667391d","^0-=^3'/^7o^3!^0d^0=-^6","2","bot:/botfiles/hardds.jkb","Imperial","0","17886","46","1","regen","10","1","0","3","256","1","0","-8",""
"303","3","iphash:2667391d","^0-=^3'/^7o^3!^0d^0=-^6","2","bot:/botfiles/hardds.jkb","Imperial","0","17919","47","1","regen","10","1","0","3","256","1","0","-9",""
"304","3","iphash:2667391d","^0-=^3'/^7o^3!^0d^0=-^6","2","bot:/botfiles/hardds.jkb","Imperial","0","17952","48","1","regen","10","1","0","3","256","1","0","-7",""
"305","3","iphash:2667391d","^0-=^3'/^7o^3!^0d^0=-^6","2","bot:/botfiles/hardds.jkb","Imperial","0","17985","49","1","regen","10","1","0","3","256","1","0","-5",""
"306","3","iphash:2667391d","^0-=^3'/^7o^3!^0d^0=-^6","2","bot:/botfiles/hardds.jkb","Imperial","0","18018","50","1","regen","10","1","0","3","256","1","0","0",""
"307","3","iphash:2667391d","^0-=^3'/^7o^3!^0d^0=-^6","2","bot:/botfiles/hardds.jkb","Imperial","0","18051","51","1","regen","10","1","0","3","256","1","0","4",""
"308","3","iphash:2667391d","^0-=^3'/^7o^3!^0d^0=-^6","2","bot:/botfiles/hardds.jkb","Imperial","0","18084","52","1","regen","10","1","0","3","256","1","1","7",""
"309","3","iphash:2667391d","^0-=^3'/^7o^3!^0d^0=-^6","2","bot:/botfiles/hardds.jkb","Imperial","0","18117","53","1","regen","10","1","0","3","256","1","1","10",""
"310","3","iphash:2667391d","^0-=^3'/^7o^3!^0d^0=-^6","2","bot:/botfiles/hardds.jkb","Imperial","0","18150","54","1","regen","10","1","0","3","256","1","1","13",""
"311","3","iphash:2667391d","^0-=^3'/^7o^3!^0d^0=-^6","2","bot:/botfiles/hardds.jkb","Imperial","0","18183","55","1","regen","10","1","0","3","256","1","1","16",""
"312","3","iphash:2667391d","^0-=^3'/^7o^3!^0d^0=-^6","2","bot:/botfiles/hardds.jkb","Imperial","0","18876","56","1","air","10","0","0","3","256","1","1","28","landed"
"313","3","iphash:2667391d","^0-=^3'/^7o^3!^0d^0=-^6","2","bot:/botfiles/hardds.jkb","Imperial","0","18942","57","1","air","10","1","0","3","256","1","1","23","airborne"
"314","3","iphash:2667391d","^0-=^3'/^7o^3!^0d^0=-^6","2","bot:/botfiles/hardds.jkb","Imperial","0","21153","58","1","force","9","6","0","3","256","1","1","-71",""
"315","3","iphash:2667391d","^0-=^3'/^7o^3!^0d^0=-^6","2","bot:/botfiles/hardds.jkb","Imperial","0","21450","59","1","force","9","6","0","3","256","1","1","-88",""
"316","3","iphash:2667391d","^0-=^3'/^7o^3!^0d^0=-^6","2","bot:/botfiles/hardds.jkb","Imperial","0","21747","60","1","force","9","4","0","3","256","1","1","-103",""
"317","3","iphash:2667391d","^0-=^3'/^7o^3!^0d^0=-^6","2","bot:/botfiles/hardds.jkb","Imperial","0","22506","61","1","regen","10","1","0","3","256","1","1","-120",""
"318","3","iphash:2667391d","^0-=^3'/^7o^3!^0d^0=-^6","2","bot:/botfiles/hardds.jkb","Imperial","0","22506","62","1","air","10","0","0","3","256","1","1","-120","landed"
"319","3","iphash:2667391d","^0-=^3'/^7o^3!^0d^0=-^6","2","bot:/botfiles/hardds.jkb","Imperial","0","22539","63","1","regen","10","1","0","3","256","1","1","-121",""
"320","3","iphash:2667391d","^0-=^3'/^7o^3!^0d^0=-^6","2","bot:/botfiles/hardds.jkb","Imperial","0","22572","64","1","regen","10","1","0","3","256","1","1","-120",""
"321","3","iphash:2667391d","^0-=^3'/^7o^3!^0d^0=-^6","2","bot:/botfiles/hardds.jkb","Imperial","0","22572","65","1","air","10","1","0","3","256","1","1","-120","airborne"
"322","3","iphash:2667391d","^0-=^3'/^7o^3!^0d^0=-^6","2","bot:/botfiles/hardds.jkb","Imperial","0","22605","66","1","regen","10","1","0","3","256","1","1","-120",""
"323","3","iphash:2667391d","^0-=^3'/^7o^3!^0d^0=-^6","2","bot:/botfiles/hardds.jkb","Imperial","0","22638","67","1","regen","10","1","0","3","256","1","1","-119",""
"324","3","iphash:2667391d","^0-=^3'/^7o^3!^0d^0=-^6","2","bot:/botfiles/hardds.jkb","Imperial","0","22671","68","1","force","9","6","0","3","256","1","1","-119",""
"325","3","iphash:2667391d","^0-=^3'/^7o^3!^0d^0=-^6","2","bot:/botfiles/hardds.jkb","Imperial","0","22968","69","1","force","9","2","0","3","256","1","1","-113",""
"326","3","iphash:2667391d","^0-=^3'/^7o^3!^0d^0=-^6","2","bot:/botfiles/hardds.jkb","Imperial","0","23694","70","1","regen","10","1","0","3","256","1","1","42",""
"327","3","iphash:2667391d","^0-=^3'/^7o^3!^0d^0=-^6","2","bot:/botfiles/hardds.jkb","Imperial","0","23727","71","1","regen","10","1","0","3","256","1","1","46",""
"328","3","iphash:2667391d","^0-=^3'/^7o^3!^0d^0=-^6","2","bot:/botfiles/hardds.jkb","Imperial","0","23760","72","1","regen","10","1","0","3","256","1","1","50",""
"329","3","iphash:2667391d","^0-=^3'/^7o^3!^0d^0=-^6","2","bot:/botfiles/hardds.jkb","Imperial","0","23793","73","1","regen","10","1","0","3","256","1","1","54",""
"330","3","iphash:2667391d","^0-=^3'/^7o^3!^0d^0=-^6","2","bot:/botfiles/hardds.jkb","Imperial","0","23826","74","1","regen","10","1","0","3","256","1","1","57",""
"331","3","iphash:2667391d","^0-=^3'/^7o^3!^0d^0=-^6","2","bot:/botfiles/hardds.jkb","Imperial","0","23859","75","1","regen","10","1","0","3","256","1","1","61",""
"332","3","iphash:2667391d","^0-=^3'/^7o^3!^0d^0=-^6","2","bot:/botfiles/hardds.jkb","Imperial","0","23892","76","1","regen","10","1","0","3","256","1","1","65",""
"333","3","iphash:2667391d","^0-=^3'/^7o^3!^0d^0=-^6","2","bot:/botfiles/hardds.jkb","Imperial","0","23925","77","1","regen","10","1","0","3","256","1","1","68",""
"334","3","iphash:2667391d","^0-=^3'/^7o^3!^0d^0=-^6","2","bot:/botfiles/hardds.jkb","Imperial","0","23925","78","1","air","10","0","0","3","256","1","1","68","landed"
"335","3","iphash:2667391d","^0-=^3'/^7o^3!^0d^0=-^6","2","bot:/botfiles/hardds.jkb","Imperial","0","23958","79","1","regen","10","1","0","3","256","1","1","70",""
"336","3","iphash:2667391d","^0-=^3'/^7o^3!^0d^0=-^6","2","bot:/botfiles/hardds.jkb","Imperial","0","23991","80","1","regen","10","1","0","3","256","1","1","71",""
"337","3","iphash:2667391d","^0-=^3'/^7o^3!^0d^0=-^6","2","bot:/botfiles/hardds.jkb","Imperial","0","24024","81","1","regen","10","1","0","3","256","1","1","70",""
"338","3","iphash:2667391d","^0-=^3'/^7o^3!^0d^0=-^6","2","bot:/botfiles/hardds.jkb","Imperial","0","24057","82","1","regen","10","1","0","3","256","1","1","69",""
"339","3","iphash:2667391d","^0-=^3'/^7o^3!^0d^0=-^6","2","bot:/botfiles/hardds.jkb","Imperial","0","24090","83","1","regen","10","1","0","3","256","1","1","67",""
"340","3","iphash:2667391d","^0-=^3'/^7o^3!^0d^0=-^6","2","bot:/botfiles/hardds.jkb","Imperial","0","24090","84","1","air","10","1","0","3","256","1","1","67","airborne"
"341","3","iphash:2667391d","^0-=^3'/^7o^3!^0d^0=-^6","2","bot:/botfiles/hardds.jkb","Imperial","0","24123","85","1","regen","10","1","0","3","256","1","1","66",""
"342","3","iphash:2667391d","^0-=^3'/^7o^3!^0d^0=-^6","2","bot:/botfiles/hardds.jkb","Imperial","0","24156","86","1","regen","10","1","0","3","256","1","1","62",""
"343","3","iphash:2667391d","^0-=^3'/^7o^3!^0d^0=-^6","2","bot:/botfiles/hardds.jkb","Imperial","0","24189","87","1","regen","10","1","0","3","256","1","1","59",""
"344","3","iphash:2667391d","^0-=^3'/^7o^3!^0d^0=-^6","2","bot:/botfiles/hardds.jkb","Imperial","0","24222","88","1","regen","10","1","0","3","256","1","1","52",""
"345","3","iphash:2667391d","^0-=^3'/^7o^3!^0d^0=-^6","2","bot:/botfiles/hardds.jkb","Imperial","0","24255","89","1","regen","10","1","0","3","256","1","1","49",""
"346","3","iphash:2667391d","^0-=^3'/^7o^3!^0d^0=-^6","2","bot:/botfiles/hardds.jkb","Imperial","0","24288","90","1","regen","10","1","0","3","256","1","1","46",""
"347","3","iphash:2667391d","^0-=^3'/^7o^3!^0d^0=-^6","2","bot:/botfiles/hardds.jkb","Imperial","0","24420","91","1","air","10","0","0","3","256","1","1","26","landed"
"348","3","iphash:2667391d","^0-=^3'/^7o^3!^0d^0=-^6","2","bot:/botfiles/hardds.jkb","Imperial","0","25014","92","1","air","10","1","0","3","256","1","1","-17","airborne"
"349","3","iphash:2667391d","^0-=^3'/^7o^3!^0d^0=-^6","2","bot:/botfiles/hardds.jkb","Imperial","0","26070","93","1","air","10","0","0","3","256","1","0","-74","landed"
"350","3","iphash:2667391d","^0-=^3'/^7o^3!^0d^0=-^6","2","bot:/botfiles/hardds.jkb","Imperial","0","26202","94","1","air","10","1","0","3","256","1","0","-80","airborne"
"351","3","iphash:2667391d","^0-=^3'/^7o^3!^0d^0=-^6","2","bot:/botfiles/hardds.jkb","Imperial","0","28248","95","1","force","9","6","0","3","256","1","1","-87",""
"352","3","iphash:2667391d","^0-=^3'/^7o^3!^0d^0=-^6","2","bot:/botfiles/hardds.jkb","Imperial","0","28545","96","1","force","9","6","0","3","256","1","1","-122",""
"353","3","iphash:2667391d","^0-=^3'/^7o^3!^0d^0=-^6","2","bot:/botfiles/hardds.jkb","Imperial","0","28842","97","1","force","9","6","0","3","256","1","0","-97",""
"354","3","iphash:2667391d","^0-=^3'/^7o^3!^0d^0=-^6","2","bot:/botfiles/hardds.jkb","Imperial","0","29139","98","1","force","9","5","2","3","256","1","0","-85",""
"355","3","iphash:2667391d","^0-=^3'/^7o^3!^0d^0=-^6","2","bot:/botfiles/hardds.jkb","Imperial","0","29436","99","1","force","9","2","2","3","256","1","0","-97",""
"356","3","iphash:2667391d","^0-=^3'/^7o^3!^0d^0=-^6","2","bot:/botfiles/hardds.jkb","Imperial","0","30030","100","1","regen","10","1","2","3","256","1","0","-110",""
"357","3","iphash:2667391d","^0-=^3'/^7o^3!^0d^0=-^6","2","bot:/botfiles/hardds.jkb","Imperial","0","30030","101","1","air","10","0","2","3","256","1","0","-110","landed"
"358","3","iphash:2667391d","^0-=^3'/^7o^3!^0d^0=-^6","2","bot:/botfiles/hardds.jkb","Imperial","0","30063","102","1","regen","10","1","2","3","256","1","0","-110",""
"359","3","iphash:2667391d","^0-=^3'/^7o^3!^0d^0=-^6","2","bot:/botfiles/hardds.jkb","Imperial","0","30096","103","1","regen","10","1","2","3","256","1","0","-111",""
"360","3","iphash:2667391d","^0-=^3'/^7o^3!^0d^0=-^6","2","bot:/botfiles/hardds.jkb","Imperial","0","30096","104","1","air","10","1","2","3","256","1","0","-111","airborne"
"361","3","iphash:2667391d","^0-=^3'/^7o^3!^0d^0=-^6","2","bot:/botfiles/hardds.jkb","Imperial","0","30129","105","1","regen","10","1","2","3","256","1","0","-113",""
"362","3","iphash:2667391d","^0-=^3'/^7o^3!^0d^0=-^6","2","bot:/botfiles/hardds.jkb","Imperial","0","30162","106","1","regen","10","1","2","3","256","1","0","-114",""
"363","3","iphash:2667391d","^0-=^3'/^7o^3!^0d^0=-^6","2","bot:/botfiles/hardds.jkb","Imperial","0","30195","107","1","regen","10","1","0","3","256","1","0","-118",""
"364","3","iphash:2667391d","^0-=^3'/^7o^3!^0d^0=-^6","2","bot:/botfiles/hardds.jkb","Imperial","0","30228","108","1","regen","10","1","0","3","256","1","0","-120",""
"365","3","iphash:2667391d","^0-=^3'/^7o^3!^0d^0=-^6","2","bot:/botfiles/hardds.jkb","Imperial","0","30261","109","1","regen","10","1","0","3","256","1","0","-125",""
"366","3","iphash:2667391d","^0-=^3'/^7o^3!^0d^0=-^6","2","bot:/botfiles/hardds.jkb","Imperial","0","30294","110","1","regen","10","1","0","3","256","1","0","-129",""
"367","3","iphash:2667391d","^0-=^3'/^7o^3!^0d^0=-^6","2","bot:/botfiles/hardds.jkb","Imperial","0","30327","111","1","regen","10","1","0","3","256","1","0","-134",""
"368","3","iphash:2667391d","^0-=^3'/^7o^3!^0d^0=-^6","2","bot:/botfiles/hardds.jkb","Imperial","0","30360","112","1","regen","10","1","0","3","256","1","0","-139",""
"369","3","iphash:2667391d","^0-=^3'/^7o^3!^0d^0=-^6","2","bot:/botfiles/hardds.jkb","Imperial","0","30393","113","1","regen","10","1","0","3","256","1","0","-144",""
"370","3","iphash:2667391d","^0-=^3'/^7o^3!^0d^0=-^6","2","bot:/botfiles/hardds.jkb","Imperial","0","30426","114","1","regen","10","1","0","3","256","1","0","-149",""
"371","3","iphash:2667391d","^0-=^3'/^7o^3!^0d^0=-^6","2","bot:/botfiles/hardds.jkb","Imperial","0","30459","115","1","regen","10","1","0","3","256","1","0","-154",""
"372","3","iphash:2667391d","^0-=^3'/^7o^3!^0d^0=-^6","2","bot:/botfiles/hardds.jkb","Imperial","0","30492","116","1","regen","10","1","0","3","256","1","0","-159",""
"373","3","iphash:2667391d","^0-=^3'/^7o^3!^0d^0=-^6","2","bot:/botfiles/hardds.jkb","Imperial","0","30525","117","1","regen","10","1","0","3","256","1","0","-163",""
"374","3","iphash:2667391d","^0-=^3'/^7o^3!^0d^0=-^6","2","bot:/botfiles/hardds.jkb","Imperial","0","30558","118","1","regen","10","1","0","3","256","1","0","-168",""
"375","3","iphash:2667391d","^0-=^3'/^7o^3!^0d^0=-^6","2","bot:/botfiles/hardds.jkb","Imperial","0","30591","119","1","regen","10","1","0","3","256","1","0","-173",""
"376","3","iphash:2667391d","^0-=^3'/^7o^3!^0d^0=-^6","2","bot:/botfiles/hardds.jkb","Imperial","0","30624","120","1","regen","10","1","0","3","256","1","0","-178",""
"377","3","iphash:2667391d","^0-=^3'/^7o^3!^0d^0=-^6","2","bot:/botfiles/hardds.jkb","Imperial","0","30657","121","1","regen","10","1","0","3","256","1","0","176",""
"378","3","iphash:2667391d","^0-=^3'/^7o^3!^0d^0=-^6","2","bot:/botfiles/hardds.jkb","Imperial","0","30690","122","1","regen","10","1","0","3","256","1","0","171",""
"379","3","iphash:2667391d","^0-=^3'/^7o^3!^0d^0=-^6","2","bot:/botfiles/hardds.jkb","Imperial","0","30723","123","1","regen","10","1","0","3","256","1","0","168",""
"380","3","iphash:2667391d","^0-=^3'/^7o^3!^0d^0=-^6","2","bot:/botfiles/hardds.jkb","Imperial","0","30756","124","1","regen","10","1","0","3","256","1","0","163",""
"381","3","iphash:2667391d","^0-=^3'/^7o^3!^0d^0=-^6","2","bot:/botfiles/hardds.jkb","Imperial","0","30789","125","1","regen","10","1","0","3","256","1","0","158",""
"382","3","iphash:2667391d","^0-=^3'/^7o^3!^0d^0=-^6","2","bot:/botfiles/hardds.jkb","Imperial","0","30822","126","1","regen","10","1","0","3","256","1","0","154",""
"383","3","iphash:2667391d","^0-=^3'/^7o^3!^0d^0=-^6","2","bot:/botfiles/hardds.jkb","Imperial","0","31251","127","1","air","10","0","0","3","256","1","1","132","landed"
"384","3","iphash:2667391d","^0-=^3'/^7o^3!^0d^0=-^6","2","bot:/botfiles/hardds.jkb","Imperial","0","31911","128","1","air","10","1","0","3","256","0","1","-147","airborne"
"385","4","iphash:2667391d","^0-=^3'/^7o^3!^0d^0=-^6","2","bot:/botfiles/hardds4.jkb","Reborn_Twin","0","462","1","0","air","10","0","0","3","2","0","0","-75","landed"
"386","4","iphash:2667391d","^0-=^3'/^7o^3!^0d^0=-^6","2","bot:/botfiles/hardds4.jkb","Reborn_Twin","0","2442","2","0","air","10","1","0","3","256","1","1","-93","airborne"
"387","4","iphash:2667391d","^0-=^3'/^7o^3!^0d^0=-^6","2","bot:/botfiles/hardds4.jkb","Reborn_Twin","0","2904","3","1","attack_start","10","1","0","3","257","67","1","-56","attack"
"388","4","iphash:2667391d","^0-=^3'/^7o^3!^0d^0=-^6","2","bot:/botfiles/hardds4.jkb","Reborn_Twin","0","3333","4","1","attack_start","10","1","0","3","257","9","1","-117","attack"
"389","4","iphash:2667391d","^0-=^3'/^7o^3!^0d^0=-^6","2","bot:/botfiles/hardds4.jkb","Reborn_Twin","0","3465","5","1","air","10","0","0","3","257","116","1","-149","landed"
"390","4","iphash:2667391d","^0-=^3'/^7o^3!^0d^0=-^6","2","bot:/botfiles/hardds4.jkb","Reborn_Twin","0","3531","6","1","air","10","1","0","3","256","116","1","-166","airborne"
"391","4","iphash:2667391d","^0-=^3'/^7o^3!^0d^0=-^6","2","bot:/botfiles/hardds4.jkb","Reborn_Twin","0","4653","7","1","air","10","0","0","3","256","1","1","-175","landed"
"392","4","iphash:2667391d","^0-=^3'/^7o^3!^0d^0=-^6","2","bot:/botfiles/hardds4.jkb","Reborn_Twin","0","5775","8","1","air","10","1","0","3","256","1","1","177","airborne"
"393","4","iphash:2667391d","^0-=^3'/^7o^3!^0d^0=-^6","2","bot:/botfiles/hardds4.jkb","Reborn_Twin","0","6237","9","1","air","10","0","0","3","256","1","1","176","landed"
"394","4","iphash:2667391d","^0-=^3'/^7o^3!^0d^0=-^6","2","bot:/botfiles/hardds4.jkb","Reborn_Twin","0","6534","10","2","attack_start","10","128","0","2","384","1","1","178","alt"
"395","4","iphash:2667391d","^0-=^3'/^7o^3!^0d^0=-^6","2","bot:/botfiles/hardds4.jkb","Reborn_Twin","0","6534","11","2","force","9","20","0","2","384","1","1","178",""
"396","4","iphash:2667391d","^0-=^3'/^7o^3!^0d^0=-^6","2","bot:/botfiles/hardds4.jkb","Reborn_Twin","0","6534","12","2","range","10","2","0","2","384","1","1","178",""
"397","4","iphash:2667391d","^0-=^3'/^7o^3!^0d^0=-^6","2","bot:/botfiles/hardds4.jkb","Reborn_Twin","0","6732","13","2","force","9","20","2","2","384","1","1","179",""
"398","4","iphash:2667391d","^0-=^3'/^7o^3!^0d^0=-^6","2","bot:/botfiles/hardds4.jkb","Reborn_Twin","0","6996","14","2","air","10","1","2","2","384","1","1","172","airborne"
"399","4","iphash:2667391d","^0-=^3'/^7o^3!^0d^0=-^6","2","bot:/botfiles/hardds4.jkb","Reborn_Twin","0","7095","15","2","punish_success","10","30","2","2","384","1","1","166","punish"
"400","4","iphash:2667391d","^0-=^3'/^7o^3!^0d^0=-^6","2","bot:/botfiles/hardds4.jkb","Reborn_Twin","0","7359","16","2","regen","10","1","2","1","384","1","1","163",""
"401","4","iphash:2667391d","^0-=^3'/^7o^3!^0d^0=-^6","2","bot:/botfiles/hardds4.jkb","Reborn_Twin","0","7359","17","2","range","10","1","2","1","384","1","1","163",""
"402","4","iphash:2667391d","^0-=^3'/^7o^3!^0d^0=-^6","2","bot:/botfiles/hardds4.jkb","Reborn_Twin","0","7392","18","2","regen","10","1","2","1","384","1","1","163",""
"403","4","iphash:2667391d","^0-=^3'/^7o^3!^0d^0=-^6","2","bot:/botfiles/hardds4.jkb","Reborn_Twin","0","7425","19","2","regen","10","1","2","1","384","1","1","162",""
"404","4","iphash:2667391d","^0-=^3'/^7o^3!^0d^0=-^6","2","bot:/botfiles/hardds4.jkb","Reborn_Twin","0","7458","20","2","regen","10","1","2","1","384","1","1","163",""
"405","4","iphash:2667391d","^0-=^3'/^7o^3!^0d^0=-^6","2","bot:/botfiles/hardds4.jkb","Reborn_Twin","0","7491","21","2","regen","10","1","2","1","384","1","1","165",""
"406","4","iphash:2667391d","^0-=^3'/^7o^3!^0d^0=-^6","2","bot:/botfiles/hardds4.jkb","Reborn_Twin","0","7524","22","2","regen","10","1","2","1","384","1","1","167",""
"407","4","iphash:2667391d","^0-=^3'/^7o^3!^0d^0=-^6","2","bot:/botfiles/hardds4.jkb","Reborn_Twin","0","7557","23","2","regen","10","1","2","1","384","1","1","168",""
"408","4","iphash:2667391d","^0-=^3'/^7o^3!^0d^0=-^6","2","bot:/botfiles/hardds4.jkb","Reborn_Twin","0","7590","24","2","regen","10","1","2","1","256","1","1","170",""
"409","4","iphash:2667391d","^0-=^3'/^7o^3!^0d^0=-^6","2","bot:/botfiles/hardds4.jkb","Reborn_Twin","0","7623","25","2","regen","10","1","2","1","256","1","1","176",""
"410","4","iphash:2667391d","^0-=^3'/^7o^3!^0d^0=-^6","2","bot:/botfiles/hardds4.jkb","Reborn_Twin","0","7656","26","2","regen","10","1","2","1","256","1","1","-176",""
"411","4","iphash:2667391d","^0-=^3'/^7o^3!^0d^0=-^6","2","bot:/botfiles/hardds4.jkb","Reborn_Twin","0","7689","27","2","regen","10","1","2","1","256","1","1","-175",""
"412","4","iphash:2667391d","^0-=^3'/^7o^3!^0d^0=-^6","2","bot:/botfiles/hardds4.jkb","Reborn_Twin","0","7722","28","2","regen","10","1","2","1","256","1","1","-170",""
"413","4","iphash:2667391d","^0-=^3'/^7o^3!^0d^0=-^6","2","bot:/botfiles/hardds4.jkb","Reborn_Twin","0","7755","29","2","regen","10","1","2","1","256","1","1","-163",""
"414","4","iphash:2667391d","^0-=^3'/^7o^3!^0d^0=-^6","2","bot:/botfiles/hardds4.jkb","Reborn_Twin","0","7788","30","2","regen","10","1","2","1","256","1","1","-161",""
"415","4","iphash:2667391d","^0-=^3'/^7o^3!^0d^0=-^6","2","bot:/botfiles/hardds4.jkb","Reborn_Twin","0","7821","31","2","regen","10","1","2","2","256","1","1","-154",""
"416","4","iphash:2667391d","^0-=^3'/^7o^3!^0d^0=-^6","2","bot:/botfiles/hardds4.jkb","Reborn_Twin","0","7821","32","2","range","10","2","2","2","256","1","1","-154",""
"417","4","iphash:2667391d","^0-=^3'/^7o^3!^0d^0=-^6","2","bot:/botfiles/hardds4.jkb","Reborn_Twin","0","7854","33","2","regen","10","1","2","2","256","1","1","-145",""
"418","4","iphash:2667391d","^0-=^3'/^7o^3!^0d^0=-^6","2","bot:/botfiles/hardds4.jkb","Reborn_Twin","0","7887","34","2","regen","10","1","2","2","256","1","1","-147",""
"419","4","iphash:2667391d","^0-=^3'/^7o^3!^0d^0=-^6","2","bot:/botfiles/hardds4.jkb","Reborn_Twin","0","7887","35","2","air","10","0","2","2","256","1","1","-147","landed"
"420","4","iphash:2667391d","^0-=^3'/^7o^3!^0d^0=-^6","2","bot:/botfiles/hardds4.jkb","Reborn_Twin","0","7920","36","2","regen","10","1","0","2","256","1","1","-145",""
"421","4","iphash:2667391d","^0-=^3'/^7o^3!^0d^0=-^6","2","bot:/botfiles/hardds4.jkb","Reborn_Twin","0","7953","37","2","regen","10","1","0","2","256","1","1","-147",""
"422","4","iphash:2667391d","^0-=^3'/^7o^3!^0d^0=-^6","2","bot:/botfiles/hardds4.jkb","Reborn_Twin","0","7986","38","2","regen","10","1","0","2","256","1","1","-156",""
"423","4","iphash:2667391d","^0-=^3'/^7o^3!^0d^0=-^6","2","bot:/botfiles/hardds4.jkb","Reborn_Twin","0","8019","39","2","regen","10","1","0","2","256","1","1","-166",""
"424","4","iphash:2667391d","^0-=^3'/^7o^3!^0d^0=-^6","2","bot:/botfiles/hardds4.jkb","Reborn_Twin","0","8052","40","2","regen","10","1","0","2","256","1","1","-164",""
"425","4","iphash:2667391d","^0-=^3'/^7o^3!^0d^0=-^6","2","bot:/botfiles/hardds4.jkb","Reborn_Twin","0","8085","41","2","regen","10","1","0","2","256","1","1","-161",""
"426","4","iphash:2667391d","^0-=^3'/^7o^3!^0d^0=-^6","2","bot:/botfiles/hardds4.jkb","Reborn_Twin","0","8118","42","2","regen","10","1","1","2","256","1","1","-157",""
"427","4","iphash:2667391d","^0-=^3'/^7o^3!^0d^0=-^6","2","bot:/botfiles/hardds4.jkb","Reborn_Twin","0","8118","43","2","air","10","1","1","2","256","1","1","-157","airborne"
"428","4","iphash:2667391d","^0-=^3'/^7o^3!^0d^0=-^6","2","bot:/botfiles/hardds4.jkb","Reborn_Twin","0","8151","44","2","attack_start","10","128","1","2","384","1","1","-153","alt"
"429","4","iphash:2667391d","^0-=^3'/^7o^3!^0d^0=-^6","2","bot:/botfiles/hardds4.jkb","Reborn_Twin","0","8151","45","2","regen","10","1","1","2","384","1","1","-153",""
"430","4","iphash:2667391d","^0-=^3'/^7o^3!^0d^0=-^6","2","bot:/botfiles/hardds4.jkb","Reborn_Twin","0","8184","46","2","regen","10","1","1","2","384","1","1","-148",""
"431","4","iphash:2667391d","^0-=^3'/^7o^3!^0d^0=-^6","2","bot:/botfiles/hardds4.jkb","Reborn_Twin","0","8217","47","2","regen","10","1","1","2","384","1","1","-144",""
"432","4","iphash:2667391d","^0-=^3'/^7o^3!^0d^0=-^6","2","bot:/botfiles/hardds4.jkb","Reborn_Twin","0","8250","48","2","regen","10","1","1","2","384","1","1","-142",""
"433","4","iphash:2667391d","^0-=^3'/^7o^3!^0d^0=-^6","2","bot:/botfiles/hardds4.jkb","Reborn_Twin","0","8283","49","2","regen","10","1","1","2","384","1","1","-143",""
"434","4","iphash:2667391d","^0-=^3'/^7o^3!^0d^0=-^6","2","bot:/botfiles/hardds4.jkb","Reborn_Twin","0","8316","50","2","regen","10","1","1","2","384","1","1","-150",""
"435","4","iphash:2667391d","^0-=^3'/^7o^3!^0d^0=-^6","2","bot:/botfiles/hardds4.jkb","Reborn_Twin","0","8349","51","2","regen","10","1","1","2","384","1","1","-154",""
"436","4","iphash:2667391d","^0-=^3'/^7o^3!^0d^0=-^6","2","bot:/botfiles/hardds4.jkb","Reborn_Twin","0","8382","52","2","regen","10","1","1","2","384","1","1","-157",""
"437","4","iphash:2667391d","^0-=^3'/^7o^3!^0d^0=-^6","2","bot:/botfiles/hardds4.jkb","Reborn_Twin","0","8415","53","2","regen","10","1","1","2","384","1","1","-157",""
"438","4","iphash:2667391d","^0-=^3'/^7o^3!^0d^0=-^6","2","bot:/botfiles/hardds4.jkb","Reborn_Twin","0","8448","54","2","regen","10","1","1","2","384","1","1","-159",""
"439","4","iphash:2667391d","^0-=^3'/^7o^3!^0d^0=-^6","2","bot:/botfiles/hardds4.jkb","Reborn_Twin","0","8448","55","2","air","10","0","1","2","384","1","1","-159","landed"
"440","4","iphash:2667391d","^0-=^3'/^7o^3!^0d^0=-^6","2","bot:/botfiles/hardds4.jkb","Reborn_Twin","0","8481","56","2","regen","10","1","1","2","384","1","1","-163",""
"441","4","iphash:2667391d","^0-=^3'/^7o^3!^0d^0=-^6","2","bot:/botfiles/hardds4.jkb","Reborn_Twin","0","8514","57","2","regen","10","1","1","1","384","1","1","-168",""
"442","4","iphash:2667391d","^0-=^3'/^7o^3!^0d^0=-^6","2","bot:/botfiles/hardds4.jkb","Reborn_Twin","0","8514","58","2","range","10","1","1","1","384","1","1","-168",""
"443","4","iphash:2667391d","^0-=^3'/^7o^3!^0d^0=-^6","2","bot:/botfiles/hardds4.jkb","Reborn_Twin","0","8547","59","2","regen","10","1","1","1","384","1","1","-174",""
"444","4","iphash:2667391d","^0-=^3'/^7o^3!^0d^0=-^6","2","bot:/botfiles/hardds4.jkb","Reborn_Twin","0","8580","60","2","regen","10","1","1","1","384","1","1","176",""
"445","4","iphash:2667391d","^0-=^3'/^7o^3!^0d^0=-^6","2","bot:/botfiles/hardds4.jkb","Reborn_Twin","0","8613","61","2","regen","10","1","1","1","384","1","1","170",""
"446","4","iphash:2667391d","^0-=^3'/^7o^3!^0d^0=-^6","2","bot:/botfiles/hardds4.jkb","Reborn_Twin","0","8646","62","2","regen","10","1","1","1","384","1","1","162",""
"447","4","iphash:2667391d","^0-=^3'/^7o^3!^0d^0=-^6","2","bot:/botfiles/hardds4.jkb","Reborn_Twin","0","8877","63","2","force","9","20","0","1","384","1","1","166",""
"448","4","iphash:2667391d","^0-=^3'/^7o^3!^0d^0=-^6","2","bot:/botfiles/hardds4.jkb","Reborn_Twin","0","8877","64","2","damage","10","20","0","1","384","1","1","166","saberthrow"
"449","4","iphash:2667391d","^0-=^3'/^7o^3!^0d^0=-^6","2","bot:/botfiles/hardds4.jkb","Reborn_Twin","0","8877","65","2","air","10","1","0","1","384","1","1","166","airborne"
"450","4","iphash:2667391d","^0-=^3'/^7o^3!^0d^0=-^6","2","bot:/botfiles/hardds4.jkb","Reborn_Twin","0","9075","66","2","range","10","2","0","2","384","1","1","174",""
"451","4","iphash:2667391d","^0-=^3'/^7o^3!^0d^0=-^6","2","bot:/botfiles/hardds4.jkb","Reborn_Twin","0","9504","67","2","air","10","0","0","2","384","1","1","179","landed"
"452","4","iphash:2667391d","^0-=^3'/^7o^3!^0d^0=-^6","2","bot:/botfiles/hardds4.jkb","Reborn_Twin","0","9834","68","2","range","10","1","0","1","384","1","1","-165",""
"453","4","iphash:2667391d","^0-=^3'/^7o^3!^0d^0=-^6","2","bot:/botfiles/hardds4.jkb","Reborn_Twin","0","9867","69","2","force","9","20","0","1","384","1","1","-158",""
"454","4","iphash:2667391d","^0-=^3'/^7o^3!^0d^0=-^6","2","bot:/botfiles/hardds4.jkb","Reborn_Twin","0","9900","70","2","air","10","1","0","1","384","1","1","-156","airborne"
"455","4","iphash:2667391d","^0-=^3'/^7o^3!^0d^0=-^6","2","bot:/botfiles/hardds4.jkb","Reborn_Twin","0","9933","71","2","force","9","6","0","1","384","1","1","-156",""
"456","4","iphash:2667391d","^0-=^3'/^7o^3!^0d^0=-^6","2","bot:/botfiles/hardds4.jkb","Reborn_Twin","0","9933","72","3","counter_success","10","20","0","1","384","1","1","-156","counter"
"457","4","iphash:2667391d","^0-=^3'/^7o^3!^0d^0=-^6","2","bot:/botfiles/hardds4.jkb","Reborn_Twin","0","9933","73","3","saber_return_punish","10","20","0","1","384","1","1","-156","return"
"458","4","iphash:2667391d","^0-=^3'/^7o^3!^0d^0=-^6","2","bot:/botfiles/hardds4.jkb","Reborn_Twin","0","10032","74","3","counter_success","10","30","0","1","384","1","0","-158","counter"
"459","4","iphash:2667391d","^0-=^3'/^7o^3!^0d^0=-^6","2","bot:/botfiles/hardds4.jkb","Reborn_Twin","0","10032","75","3","saber_return_punish","10","30","0","1","384","1","0","-158","return"
"460","4","iphash:2667391d","^0-=^3'/^7o^3!^0d^0=-^6","2","bot:/botfiles/hardds4.jkb","Reborn_Twin","0","10032","76","3","knockdown_followup","10","30","0","1","384","1","0","-158","followup"
"461","4","iphash:2667391d","^0-=^3'/^7o^3!^0d^0=-^6","2","bot:/botfiles/hardds4.jkb","Reborn_Twin","0","10098","77","3","range","10","2","0","2","384","1","0","-160",""
"462","4","iphash:2667391d","^0-=^3'/^7o^3!^0d^0=-^6","2","bot:/botfiles/hardds4.jkb","Reborn_Twin","0","10263","78","3","regen","10","1","0","2","384","1","0","-175",""
"463","4","iphash:2667391d","^0-=^3'/^7o^3!^0d^0=-^6","2","bot:/botfiles/hardds4.jkb","Reborn_Twin","0","10296","79","3","regen","10","1","0","2","384","1","0","178",""
"464","4","iphash:2667391d","^0-=^3'/^7o^3!^0d^0=-^6","2","bot:/botfiles/hardds4.jkb","Reborn_Twin","0","10329","80","3","regen","10","1","0","2","384","1","0","176",""
"465","4","iphash:2667391d","^0-=^3'/^7o^3!^0d^0=-^6","2","bot:/botfiles/hardds4.jkb","Reborn_Twin","0","10362","81","3","regen","10","1","0","2","384","1","0","173",""
"466","4","iphash:2667391d","^0-=^3'/^7o^3!^0d^0=-^6","2","bot:/botfiles/hardds4.jkb","Reborn_Twin","0","10395","82","3","regen","10","1","0","2","384","1","0","170",""
"467","4","iphash:2667391d","^0-=^3'/^7o^3!^0d^0=-^6","2","bot:/botfiles/hardds4.jkb","Reborn_Twin","0","10428","83","3","regen","10","1","0","2","384","1","0","168",""
"468","4","iphash:2667391d","^0-=^3'/^7o^3!^0d^0=-^6","2","bot:/botfiles/hardds4.jkb","Reborn_Twin","0","10461","84","3","regen","10","1","0","2","256","1","0","165",""
"469","4","iphash:2667391d","^0-=^3'/^7o^3!^0d^0=-^6","2","bot:/botfiles/hardds4.jkb","Reborn_Twin","0","10494","85","3","regen","10","1","0","2","256","1","0","163",""
"470","4","iphash:2667391d","^0-=^3'/^7o^3!^0d^0=-^6","2","bot:/botfiles/hardds4.jkb","Reborn_Twin","0","10527","86","3","regen","10","1","0","2","256","1","0","161",""
"471","4","iphash:2667391d","^0-=^3'/^7o^3!^0d^0=-^6","2","bot:/botfiles/hardds4.jkb","Reborn_Twin","0","10560","87","3","regen","10","1","0","2","0","1","0","160",""
"472","4","iphash:2667391d","^0-=^3'/^7o^3!^0d^0=-^6","2","bot:/botfiles/hardds4.jkb","Reborn_Twin","0","10593","88","3","regen","10","1","0","2","0","1","0","158",""
"473","4","iphash:2667391d","^0-=^3'/^7o^3!^0d^0=-^6","2","bot:/botfiles/hardds4.jkb","Reborn_Twin","0","10626","89","3","regen","10","1","0","2","0","1","0","157",""
"474","4","iphash:2667391d","^0-=^3'/^7o^3!^0d^0=-^6","2","bot:/botfiles/hardds4.jkb","Reborn_Twin","0","10659","90","3","regen","10","1","0","2","0","1","0","156",""
"475","4","iphash:2667391d","^0-=^3'/^7o^3!^0d^0=-^6","2","bot:/botfiles/hardds4.jkb","Reborn_Twin","0","10692","91","3","regen","10","1","0","2","0","1","0","155",""
"476","4","iphash:2667391d","^0-=^3'/^7o^3!^0d^0=-^6","2","bot:/botfiles/hardds4.jkb","Reborn_Twin","0","10725","92","3","regen","10","1","0","2","0","1","0","154",""
"477","4","iphash:2667391d","^0-=^3'/^7o^3!^0d^0=-^6","2","bot:/botfiles/hardds4.jkb","Reborn_Twin","0","10758","93","3","force","9","5","0","2","2304","1","0","154",""
"478","4","iphash:2667391d","^0-=^3'/^7o^3!^0d^0=-^6","2","bot:/botfiles/hardds4.jkb","Reborn_Twin","0","10791","94","3","force","9","5","0","2","2304","1","0","154",""
"479","4","iphash:2667391d","^0-=^3'/^7o^3!^0d^0=-^6","2","bot:/botfiles/hardds4.jkb","Reborn_Twin","0","10857","95","3","force","9","5","0","2","2304","1","0","155",""
"480","4","iphash:2667391d","^0-=^3'/^7o^3!^0d^0=-^6","2","bot:/botfiles/hardds4.jkb","Reborn_Twin","0","10890","96","3","force","9","5","0","2","2304","1","0","158",""
"481","4","iphash:2667391d","^0-=^3'/^7o^3!^0d^0=-^6","2","bot:/botfiles/hardds4.jkb","Reborn_Twin","0","10956","97","3","force","9","5","0","2","2304","1","0","160",""
"482","4","iphash:2667391d","^0-=^3'/^7o^3!^0d^0=-^6","2","bot:/botfiles/hardds4.jkb","Reborn_Twin","0","10989","98","3","force","9","5","0","2","2304","1","0","163",""
"483","4","iphash:2667391d","^0-=^3'/^7o^3!^0d^0=-^6","2","bot:/botfiles/hardds4.jkb","Reborn_Twin","0","11286","99","3","air","10","0","4","2","0","1","0","176","landed"
"484","4","iphash:2667391d","^0-=^3'/^7o^3!^0d^0=-^6","2","bot:/botfiles/hardds4.jkb","Reborn_Twin","0","11385","100","3","range","10","3","4","3","256","1","0","-176",""
"485","4","iphash:2667391d","^0-=^3'/^7o^3!^0d^0=-^6","2","bot:/botfiles/hardds4.jkb","Reborn_Twin","0","11517","101","3","regen","10","1","4","2","256","1","0","-173",""
"486","4","iphash:2667391d","^0-=^3'/^7o^3!^0d^0=-^6","2","bot:/botfiles/hardds4.jkb","Reborn_Twin","0","11517","102","3","range","10","2","4","2","256","1","0","-173",""
"487","4","iphash:2667391d","^0-=^3'/^7o^3!^0d^0=-^6","2","bot:/botfiles/hardds4.jkb","Reborn_Twin","0","11550","103","3","regen","10","1","4","2","256","1","0","-174",""
"488","4","iphash:2667391d","^0-=^3'/^7o^3!^0d^0=-^6","2","bot:/botfiles/hardds4.jkb","Reborn_Twin","0","11583","104","3","regen","10","1","4","2","256","1","0","-172",""
"489","4","iphash:2667391d","^0-=^3'/^7o^3!^0d^0=-^6","2","bot:/botfiles/hardds4.jkb","Reborn_Twin","0","11616","105","3","regen","10","1","4","2","256","1","0","-172",""
"490","4","iphash:2667391d","^0-=^3'/^7o^3!^0d^0=-^6","2","bot:/botfiles/hardds4.jkb","Reborn_Twin","0","11649","106","3","regen","10","1","4","2","256","1","0","-170",""
"491","4","iphash:2667391d","^0-=^3'/^7o^3!^0d^0=-^6","2","bot:/botfiles/hardds4.jkb","Reborn_Twin","0","11682","107","3","regen","10","1","4","2","256","1","0","-170",""
"492","4","iphash:2667391d","^0-=^3'/^7o^3!^0d^0=-^6","2","bot:/botfiles/hardds4.jkb","Reborn_Twin","0","11715","108","3","regen","10","1","4","2","256","1","0","-171",""
"493","4","iphash:2667391d","^0-=^3'/^7o^3!^0d^0=-^6","2","bot:/botfiles/hardds4.jkb","Reborn_Twin","0","11748","109","3","regen","10","1","4","2","256","1","0","-173",""
"494","4","iphash:2667391d","^0-=^3'/^7o^3!^0d^0=-^6","2","bot:/botfiles/hardds4.jkb","Reborn_Twin","0","11781","110","3","regen","10","1","4","2","256","1","0","-175",""
"495","4","iphash:2667391d","^0-=^3'/^7o^3!^0d^0=-^6","2","bot:/botfiles/hardds4.jkb","Reborn_Twin","0","11814","111","3","regen","10","1","4","2","256","1","0","-179",""
"496","4","iphash:2667391d","^0-=^3'/^7o^3!^0d^0=-^6","2","bot:/botfiles/hardds4.jkb","Reborn_Twin","0","11847","112","3","regen","10","1","4","2","256","1","1","177",""
"497","4","iphash:2667391d","^0-=^3'/^7o^3!^0d^0=-^6","2","bot:/botfiles/hardds4.jkb","Reborn_Twin","0","11880","113","4","attack_start","10","128","4","2","384","1","1","172","alt"
"498","4","iphash:2667391d","^0-=^3'/^7o^3!^0d^0=-^6","2","bot:/botfiles/hardds4.jkb","Reborn_Twin","0","11880","114","4","force_to_saber","10","1","4","2","384","1","1","172","force_to_saber"
"499","4","iphash:2667391d","^0-=^3'/^7o^3!^0d^0=-^6","2","bot:/botfiles/hardds4.jkb","Reborn_Twin","0","11880","115","4","force","9","20","4","2","384","1","1","172",""
"500","4","iphash:2667391d","^0-=^3'/^7o^3!^0d^0=-^6","2","bot:/botfiles/hardds4.jkb","Reborn_Twin","0","12045","116","4","force","9","20","3","2","384","1","1","176",""
"501","4","iphash:2667391d","^0-=^3'/^7o^3!^0d^0=-^6","2","bot:/botfiles/hardds4.jkb","Reborn_Twin","0","12177","117","4","range","10","1","3","1","384","1","1","-176",""
"502","4","iphash:2667391d","^0-=^3'/^7o^3!^0d^0=-^6","2","bot:/botfiles/hardds4.jkb","Reborn_Twin","0","12210","118","4","force","9","4","3","1","384","1","1","-177",""
"503","4","iphash:2667391d","^0-=^3'/^7o^3!^0d^0=-^6","2","bot:/botfiles/hardds4.jkb","Reborn_Twin","0","12243","119","4","force","9","4","3","1","384","1","1","178",""
"504","4","iphash:2667391d","^0-=^3'/^7o^3!^0d^0=-^6","2","bot:/botfiles/hardds4.jkb","Reborn_Twin","0","12342","120","4","force","9","2","3","1","384","1","156","167",""
"505","4","iphash:2667391d","^0-=^3'/^7o^3!^0d^0=-^6","2","bot:/botfiles/hardds4.jkb","Reborn_Twin","0","12342","121","4","punish_success","10","20","3","1","384","1","156","167","punish"
"506","4","iphash:2667391d","^0-=^3'/^7o^3!^0d^0=-^6","2","bot:/botfiles/hardds4.jkb","Reborn_Twin","0","12342","122","4","air","10","1","3","1","384","1","156","167","airborne"
"507","4","iphash:2667391d","^0-=^3'/^7o^3!^0d^0=-^6","2","bot:/botfiles/hardds4.jkb","Reborn_Twin","0","12540","123","4","regen","10","1","3","1","384","1","156","117",""
"508","4","iphash:2667391d","^0-=^3'/^7o^3!^0d^0=-^6","2","bot:/botfiles/hardds4.jkb","Reborn_Twin","0","12573","124","4","regen","10","1","3","2","384","1","156","114",""
"509","4","iphash:2667391d","^0-=^3'/^7o^3!^0d^0=-^6","2","bot:/botfiles/hardds4.jkb","Reborn_Twin","0","12573","125","4","range","10","2","3","2","384","1","156","114",""
"510","4","iphash:2667391d","^0-=^3'/^7o^3!^0d^0=-^6","2","bot:/botfiles/hardds4.jkb","Reborn_Twin","0","12606","126","4","regen","10","1","3","2","384","1","156","114",""
"511","4","iphash:2667391d","^0-=^3'/^7o^3!^0d^0=-^6","2","bot:/botfiles/hardds4.jkb","Reborn_Twin","0","12639","127","4","regen","10","1","3","2","384","1","156","116",""
"512","4","iphash:2667391d","^0-=^3'/^7o^3!^0d^0=-^6","2","bot:/botfiles/hardds4.jkb","Reborn_Twin","0","12672","128","4","regen","10","1","3","2","384","1","156","124",""
"513","5","iphash:2667391d","^0-=^3'/^7o^3!^0d^0=-^6","2","bot:/botfiles/mediumds4.jkb","Rodian","0","495","1","0","air","10","0","0","3","256","0","0","121","landed"
"514","5","iphash:2667391d","^0-=^3'/^7o^3!^0d^0=-^6","2","bot:/botfiles/mediumds4.jkb","Rodian","0","1287","2","0","air","10","1","0","3","256","1","1","167","airborne"
"515","5","iphash:2667391d","^0-=^3'/^7o^3!^0d^0=-^6","2","bot:/botfiles/mediumds4.jkb","Rodian","0","3333","3","0","air","10","0","0","3","256","1","1","105","landed"
"516","5","iphash:2667391d","^0-=^3'/^7o^3!^0d^0=-^6","2","bot:/botfiles/mediumds4.jkb","Rodian","0","3696","4","0","air","10","1","0","3","256","1","1","95","airborne"
"517","5","iphash:2667391d","^0-=^3'/^7o^3!^0d^0=-^6","2","bot:/botfiles/mediumds4.jkb","Rodian","0","3795","5","0","air","10","0","0","3","256","1","1","92","landed"
"518","5","iphash:2667391d","^0-=^3'/^7o^3!^0d^0=-^6","2","bot:/botfiles/mediumds4.jkb","Rodian","0","6435","6","0","range","10","2","0","2","256","1","1","150",""
"519","5","iphash:2667391d","^0-=^3'/^7o^3!^0d^0=-^6","2","bot:/botfiles/mediumds4.jkb","Rodian","0","6666","7","1","attack_start","10","128","2","2","384","1","1","157","alt"
"520","5","iphash:2667391d","^0-=^3'/^7o^3!^0d^0=-^6","2","bot:/botfiles/mediumds4.jkb","Rodian","0","6666","8","1","force","9","20","2","2","384","1","1","157",""
"521","5","iphash:2667391d","^0-=^3'/^7o^3!^0d^0=-^6","2","bot:/botfiles/mediumds4.jkb","Rodian","0","6831","9","1","air","10","1","2","2","384","1","1","151","airborne"
"522","5","iphash:2667391d","^0-=^3'/^7o^3!^0d^0=-^6","2","bot:/botfiles/mediumds4.jkb","Rodian","0","6897","10","1","force","9","20","2","2","384","1","1","153",""
"523","5","iphash:2667391d","^0-=^3'/^7o^3!^0d^0=-^6","2","bot:/botfiles/mediumds4.jkb","Rodian","0","6930","11","1","air","10","0","2","2","384","1","1","154","landed"
"524","5","iphash:2667391d","^0-=^3'/^7o^3!^0d^0=-^6","2","bot:/botfiles/mediumds4.jkb","Rodian","0","6996","12","1","range","10","1","2","1","384","1","1","157",""
"525","5","iphash:2667391d","^0-=^3'/^7o^3!^0d^0=-^6","2","bot:/botfiles/mediumds4.jkb","Rodian","0","7029","13","1","air","10","1","2","1","384","1","1","153","airborne"
"526","5","iphash:2667391d","^0-=^3'/^7o^3!^0d^0=-^6","2","bot:/botfiles/mediumds4.jkb","Rodian","0","7227","14","1","regen","10","1","2","1","384","1","1","120",""
"527","5","iphash:2667391d","^0-=^3'/^7o^3!^0d^0=-^6","2","bot:/botfiles/mediumds4.jkb","Rodian","0","7260","15","1","regen","10","1","2","1","384","1","1","118",""
"528","5","iphash:2667391d","^0-=^3'/^7o^3!^0d^0=-^6","2","bot:/botfiles/mediumds4.jkb","Rodian","0","7293","16","1","regen","10","1","2","1","384","1","1","113",""
"529","5","iphash:2667391d","^0-=^3'/^7o^3!^0d^0=-^6","2","bot:/botfiles/mediumds4.jkb","Rodian","0","7326","17","1","regen","10","1","2","1","384","1","1","111",""
"530","5","iphash:2667391d","^0-=^3'/^7o^3!^0d^0=-^6","2","bot:/botfiles/mediumds4.jkb","Rodian","0","7359","18","1","regen","10","1","2","1","384","1","1","108",""
"531","5","iphash:2667391d","^0-=^3'/^7o^3!^0d^0=-^6","2","bot:/botfiles/mediumds4.jkb","Rodian","0","7392","19","1","regen","10","1","2","1","384","1","1","106",""
"532","5","iphash:2667391d","^0-=^3'/^7o^3!^0d^0=-^6","2","bot:/botfiles/mediumds4.jkb","Rodian","0","7425","20","1","regen","10","1","2","1","384","1","1","105",""
"533","5","iphash:2667391d","^0-=^3'/^7o^3!^0d^0=-^6","2","bot:/botfiles/mediumds4.jkb","Rodian","0","7458","21","1","regen","10","1","2","1","384","1","1","103",""
"534","5","iphash:2667391d","^0-=^3'/^7o^3!^0d^0=-^6","2","bot:/botfiles/mediumds4.jkb","Rodian","0","7491","22","1","regen","10","1","2","1","384","1","1","98",""
"535","5","iphash:2667391d","^0-=^3'/^7o^3!^0d^0=-^6","2","bot:/botfiles/mediumds4.jkb","Rodian","0","7524","23","1","regen","10","1","2","2","384","1","1","87",""
"536","5","iphash:2667391d","^0-=^3'/^7o^3!^0d^0=-^6","2","bot:/botfiles/mediumds4.jkb","Rodian","0","7524","24","1","range","10","2","2","2","384","1","1","87",""
"537","5","iphash:2667391d","^0-=^3'/^7o^3!^0d^0=-^6","2","bot:/botfiles/mediumds4.jkb","Rodian","0","7557","25","1","force","9","20","2","2","384","1","1","55",""
"538","5","iphash:2667391d","^0-=^3'/^7o^3!^0d^0=-^6","2","bot:/botfiles/mediumds4.jkb","Rodian","0","7920","26","1","air","10","0","2","2","384","1","1","-80","landed"
"539","5","iphash:2667391d","^0-=^3'/^7o^3!^0d^0=-^6","2","bot:/botfiles/mediumds4.jkb","Rodian","0","8052","27","1","regen","10","1","2","2","384","1","1","-38",""
"540","5","iphash:2667391d","^0-=^3'/^7o^3!^0d^0=-^6","2","bot:/botfiles/mediumds4.jkb","Rodian","0","8085","28","1","regen","10","1","2","2","384","1","1","-27",""
"541","5","iphash:2667391d","^0-=^3'/^7o^3!^0d^0=-^6","2","bot:/botfiles/mediumds4.jkb","Rodian","0","8118","29","1","regen","10","1","2","2","384","1","1","-26",""
"542","5","iphash:2667391d","^0-=^3'/^7o^3!^0d^0=-^6","2","bot:/botfiles/mediumds4.jkb","Rodian","0","8151","30","1","regen","10","1","2","2","384","1","1","-27",""
"543","5","iphash:2667391d","^0-=^3'/^7o^3!^0d^0=-^6","2","bot:/botfiles/mediumds4.jkb","Rodian","0","8184","31","1","regen","10","1","2","2","384","1","1","-27",""
"544","5","iphash:2667391d","^0-=^3'/^7o^3!^0d^0=-^6","2","bot:/botfiles/mediumds4.jkb","Rodian","0","8217","32","1","regen","10","1","2","2","384","1","1","-28",""
"545","5","iphash:2667391d","^0-=^3'/^7o^3!^0d^0=-^6","2","bot:/botfiles/mediumds4.jkb","Rodian","0","8250","33","1","regen","10","1","2","2","384","1","1","-29",""
"546","5","iphash:2667391d","^0-=^3'/^7o^3!^0d^0=-^6","2","bot:/botfiles/mediumds4.jkb","Rodian","0","8283","34","1","regen","10","1","2","2","384","1","1","-31",""
"547","5","iphash:2667391d","^0-=^3'/^7o^3!^0d^0=-^6","2","bot:/botfiles/mediumds4.jkb","Rodian","0","8316","35","1","regen","10","1","2","2","384","1","1","-32",""
"548","5","iphash:2667391d","^0-=^3'/^7o^3!^0d^0=-^6","2","bot:/botfiles/mediumds4.jkb","Rodian","0","8349","36","1","regen","10","1","2","2","384","1","1","-33",""
"549","5","iphash:2667391d","^0-=^3'/^7o^3!^0d^0=-^6","2","bot:/botfiles/mediumds4.jkb","Rodian","0","8382","37","1","force","9","20","2","2","256","1","1","-38",""
"550","5","iphash:2667391d","^0-=^3'/^7o^3!^0d^0=-^6","2","bot:/botfiles/mediumds4.jkb","Rodian","0","8778","38","1","regen","10","1","2","2","256","1","1","-74",""
"551","5","iphash:2667391d","^0-=^3'/^7o^3!^0d^0=-^6","2","bot:/botfiles/mediumds4.jkb","Rodian","0","8811","39","1","regen","10","1","2","2","256","1","1","-75",""
"552","5","iphash:2667391d","^0-=^3'/^7o^3!^0d^0=-^6","2","bot:/botfiles/mediumds4.jkb","Rodian","0","8844","40","1","regen","10","1","2","2","256","1","1","-74",""
"553","5","iphash:2667391d","^0-=^3'/^7o^3!^0d^0=-^6","2","bot:/botfiles/mediumds4.jkb","Rodian","0","8877","41","1","regen","10","1","2","2","256","1","1","-73",""
"554","5","iphash:2667391d","^0-=^3'/^7o^3!^0d^0=-^6","2","bot:/botfiles/mediumds4.jkb","Rodian","0","8910","42","1","regen","10","1","2","2","256","1","1","-71",""
"555","5","iphash:2667391d","^0-=^3'/^7o^3!^0d^0=-^6","2","bot:/botfiles/mediumds4.jkb","Rodian","0","8943","43","1","regen","10","1","2","2","256","1","1","-70",""
"556","5","iphash:2667391d","^0-=^3'/^7o^3!^0d^0=-^6","2","bot:/botfiles/mediumds4.jkb","Rodian","0","8976","44","1","regen","10","1","2","2","256","1","1","-71",""
"557","5","iphash:2667391d","^0-=^3'/^7o^3!^0d^0=-^6","2","bot:/botfiles/mediumds4.jkb","Rodian","0","9009","45","1","regen","10","1","2","2","256","1","1","-71",""
"558","5","iphash:2667391d","^0-=^3'/^7o^3!^0d^0=-^6","2","bot:/botfiles/mediumds4.jkb","Rodian","0","9042","46","1","regen","10","1","2","2","256","1","1","-70",""
"559","5","iphash:2667391d","^0-=^3'/^7o^3!^0d^0=-^6","2","bot:/botfiles/mediumds4.jkb","Rodian","0","9075","47","1","regen","10","1","2","2","256","1","1","-68",""
"560","5","iphash:2667391d","^0-=^3'/^7o^3!^0d^0=-^6","2","bot:/botfiles/mediumds4.jkb","Rodian","0","9108","48","1","regen","10","1","2","2","256","1","1","-67",""
"561","5","iphash:2667391d","^0-=^3'/^7o^3!^0d^0=-^6","2","bot:/botfiles/mediumds4.jkb","Rodian","0","9141","49","1","regen","10","1","2","2","256","1","1","-65",""
"562","5","iphash:2667391d","^0-=^3'/^7o^3!^0d^0=-^6","2","bot:/botfiles/mediumds4.jkb","Rodian","0","9141","50","1","air","10","1","2","2","256","1","1","-65","airborne"
"563","5","iphash:2667391d","^0-=^3'/^7o^3!^0d^0=-^6","2","bot:/botfiles/mediumds4.jkb","Rodian","0","9174","51","1","regen","10","1","2","2","256","1","1","-61",""
"564","5","iphash:2667391d","^0-=^3'/^7o^3!^0d^0=-^6","2","bot:/botfiles/mediumds4.jkb","Rodian","0","9207","52","1","regen","10","1","2","2","256","1","1","-56",""
"565","5","iphash:2667391d","^0-=^3'/^7o^3!^0d^0=-^6","2","bot:/botfiles/mediumds4.jkb","Rodian","0","9240","53","1","regen","10","1","2","2","256","1","1","-55",""
"566","5","iphash:2667391d","^0-=^3'/^7o^3!^0d^0=-^6","2","bot:/botfiles/mediumds4.jkb","Rodian","0","9273","54","1","regen","10","1","2","2","256","1","1","-53",""
"567","5","iphash:2667391d","^0-=^3'/^7o^3!^0d^0=-^6","2","bot:/botfiles/mediumds4.jkb","Rodian","0","9306","55","1","regen","10","1","2","2","256","1","1","-51",""
"568","5","iphash:2667391d","^0-=^3'/^7o^3!^0d^0=-^6","2","bot:/botfiles/mediumds4.jkb","Rodian","0","9339","56","1","regen","10","1","2","2","256","1","1","-50",""
"569","5","iphash:2667391d","^0-=^3'/^7o^3!^0d^0=-^6","2","bot:/botfiles/mediumds4.jkb","Rodian","0","9372","57","1","regen","10","1","2","2","256","1","1","-49",""
"570","5","iphash:2667391d","^0-=^3'/^7o^3!^0d^0=-^6","2","bot:/botfiles/mediumds4.jkb","Rodian","0","9405","58","1","regen","10","1","2","2","256","1","1","-50",""
"571","5","iphash:2667391d","^0-=^3'/^7o^3!^0d^0=-^6","2","bot:/botfiles/mediumds4.jkb","Rodian","0","9438","59","1","regen","10","1","2","2","256","1","1","-51",""
"572","5","iphash:2667391d","^0-=^3'/^7o^3!^0d^0=-^6","2","bot:/botfiles/mediumds4.jkb","Rodian","0","9471","60","1","regen","10","1","2","2","256","1","1","-51",""
"573","5","iphash:2667391d","^0-=^3'/^7o^3!^0d^0=-^6","2","bot:/botfiles/mediumds4.jkb","Rodian","0","9504","61","1","regen","10","1","2","2","256","1","1","-50",""
"574","5","iphash:2667391d","^0-=^3'/^7o^3!^0d^0=-^6","2","bot:/botfiles/mediumds4.jkb","Rodian","0","9537","62","1","regen","10","1","2","2","256","1","1","-50",""
"575","5","iphash:2667391d","^0-=^3'/^7o^3!^0d^0=-^6","2","bot:/botfiles/mediumds4.jkb","Rodian","0","9570","63","1","regen","10","1","2","2","256","1","1","-51",""
"576","5","iphash:2667391d","^0-=^3'/^7o^3!^0d^0=-^6","2","bot:/botfiles/mediumds4.jkb","Rodian","0","9603","64","1","regen","10","1","2","2","256","1","1","-49",""
"577","5","iphash:2667391d","^0-=^3'/^7o^3!^0d^0=-^6","2","bot:/botfiles/mediumds4.jkb","Rodian","0","9636","65","1","regen","10","1","2","2","256","1","1","-46",""
"578","5","iphash:2667391d","^0-=^3'/^7o^3!^0d^0=-^6","2","bot:/botfiles/mediumds4.jkb","Rodian","0","9669","66","1","regen","10","1","2","2","256","1","1","-45",""
"579","5","iphash:2667391d","^0-=^3'/^7o^3!^0d^0=-^6","2","bot:/botfiles/mediumds4.jkb","Rodian","0","9702","67","1","regen","10","1","2","2","256","1","1","-43",""
"580","5","iphash:2667391d","^0-=^3'/^7o^3!^0d^0=-^6","2","bot:/botfiles/mediumds4.jkb","Rodian","0","9735","68","1","regen","10","1","2","2","256","1","1","-42",""
"581","5","iphash:2667391d","^0-=^3'/^7o^3!^0d^0=-^6","2","bot:/botfiles/mediumds4.jkb","Rodian","0","9768","69","1","regen","10","1","2","2","256","1","1","-41",""
"582","5","iphash:2667391d","^0-=^3'/^7o^3!^0d^0=-^6","2","bot:/botfiles/mediumds4.jkb","Rodian","0","9801","70","1","regen","10","1","2","2","256","1","1","-40",""
"583","5","iphash:2667391d","^0-=^3'/^7o^3!^0d^0=-^6","2","bot:/botfiles/mediumds4.jkb","Rodian","0","9834","71","1","regen","10","1","2","2","256","1","1","-37",""
"584","5","iphash:2667391d","^0-=^3'/^7o^3!^0d^0=-^6","2","bot:/botfiles/mediumds4.jkb","Rodian","0","9867","72","1","regen","10","1","2","2","320","1","1","-36",""
"585","5","iphash:2667391d","^0-=^3'/^7o^3!^0d^0=-^6","2","bot:/botfiles/mediumds4.jkb","Rodian","0","9900","73","1","regen","10","1","2","2","320","1","1","-31",""
"586","5","iphash:2667391d","^0-=^3'/^7o^3!^0d^0=-^6","2","bot:/botfiles/mediumds4.jkb","Rodian","0","9933","74","1","regen","10","1","2","2","320","1","1","-29",""
"587","5","iphash:2667391d","^0-=^3'/^7o^3!^0d^0=-^6","2","bot:/botfiles/mediumds4.jkb","Rodian","0","9966","75","1","regen","10","1","2","2","320","1","1","-24",""
"588","5","iphash:2667391d","^0-=^3'/^7o^3!^0d^0=-^6","2","bot:/botfiles/mediumds4.jkb","Rodian","0","9999","76","1","force","9","31","2","2","320","1","1","-20",""
"589","5","iphash:2667391d","^0-=^3'/^7o^3!^0d^0=-^6","2","bot:/botfiles/mediumds4.jkb","Rodian","0","10131","77","2","force","9","1","2","2","320","1","1","-22",""
"590","5","iphash:2667391d","^0-=^3'/^7o^3!^0d^0=-^6","2","bot:/botfiles/mediumds4.jkb","Rodian","0","10131","78","2","air","10","0","2","2","320","1","1","-22","landed"
"591","5","iphash:2667391d","^0-=^3'/^7o^3!^0d^0=-^6","2","bot:/botfiles/mediumds4.jkb","Rodian","0","10164","79","2","range","10","1","2","1","320","1","1","-26",""
"592","5","iphash:2667391d","^0-=^3'/^7o^3!^0d^0=-^6","2","bot:/botfiles/mediumds4.jkb","Rodian","0","10263","80","2","force","9","1","2","1","320","1","1","-60",""
"593","5","iphash:2667391d","^0-=^3'/^7o^3!^0d^0=-^6","2","bot:/botfiles/mediumds4.jkb","Rodian","0","10395","81","2","force","9","1","2","1","320","1","1","-124",""
"594","5","iphash:2667391d","^0-=^3'/^7o^3!^0d^0=-^6","2","bot:/botfiles/mediumds4.jkb","Rodian","0","10527","82","2","force","9","1","2","1","320","1","1","-172",""
"595","5","iphash:2667391d","^0-=^3'/^7o^3!^0d^0=-^6","2","bot:/botfiles/mediumds4.jkb","Rodian","0","10560","83","2","air","10","1","2","1","320","1","1","178","airborne"
"596","5","iphash:2667391d","^0-=^3'/^7o^3!^0d^0=-^6","2","bot:/botfiles/mediumds4.jkb","Rodian","0","10659","84","2","force","9","1","2","1","320","1","1","156",""
"597","5","iphash:2667391d","^0-=^3'/^7o^3!^0d^0=-^6","2","bot:/botfiles/mediumds4.jkb","Rodian","0","10791","85","2","force","9","1","2","1","320","1","1","153",""
"598","5","iphash:2667391d","^0-=^3'/^7o^3!^0d^0=-^6","2","bot:/botfiles/mediumds4.jkb","Rodian","0","10923","86","2","force","9","1","2","1","320","1","1","129",""
"599","5","iphash:2667391d","^0-=^3'/^7o^3!^0d^0=-^6","2","bot:/botfiles/mediumds4.jkb","Rodian","0","11055","87","2","force","9","1","2","1","320","1","1","108",""
"600","5","iphash:2667391d","^0-=^3'/^7o^3!^0d^0=-^6","2","bot:/botfiles/mediumds4.jkb","Rodian","0","11187","88","2","force","9","1","2","1","320","1","1","101",""
"601","5","iphash:2667391d","^0-=^3'/^7o^3!^0d^0=-^6","2","bot:/botfiles/mediumds4.jkb","Rodian","0","11253","89","2","range","10","2","2","2","320","1","1","130",""
"602","5","iphash:2667391d","^0-=^3'/^7o^3!^0d^0=-^6","2","bot:/botfiles/mediumds4.jkb","Rodian","0","11319","90","2","force","9","1","2","2","320","1","1","-154",""
"603","5","iphash:2667391d","^0-=^3'/^7o^3!^0d^0=-^6","2","bot:/botfiles/mediumds4.jkb","Rodian","0","11385","91","2","air","10","0","2","2","320","1","1","-128","landed"
"604","5","iphash:2667391d","^0-=^3'/^7o^3!^0d^0=-^6","2","bot:/botfiles/mediumds4.jkb","Rodian","0","11451","92","2","force","9","1","2","2","320","1","1","-131",""
"605","5","iphash:2667391d","^0-=^3'/^7o^3!^0d^0=-^6","2","bot:/botfiles/mediumds4.jkb","Rodian","0","11583","93","2","force","9","1","2","2","320","1","1","-103",""
"606","5","iphash:2667391d","^0-=^3'/^7o^3!^0d^0=-^6","2","bot:/botfiles/mediumds4.jkb","Rodian","0","11682","94","2","range","10","1","2","1","320","1","1","-55",""
"607","5","iphash:2667391d","^0-=^3'/^7o^3!^0d^0=-^6","2","bot:/botfiles/mediumds4.jkb","Rodian","0","11715","95","2","force","9","1","2","1","320","1","1","-41",""
"608","5","iphash:2667391d","^0-=^3'/^7o^3!^0d^0=-^6","2","bot:/botfiles/mediumds4.jkb","Rodian","0","11847","96","2","force","9","1","2","1","320","1","1","-20",""
"609","5","iphash:2667391d","^0-=^3'/^7o^3!^0d^0=-^6","2","bot:/botfiles/mediumds4.jkb","Rodian","0","11979","97","2","force","9","1","2","1","320","1","1","-36",""
"610","5","iphash:2667391d","^0-=^3'/^7o^3!^0d^0=-^6","2","bot:/botfiles/mediumds4.jkb","Rodian","0","12111","98","2","force","9","1","2","1","320","1","1","-73",""
"611","5","iphash:2667391d","^0-=^3'/^7o^3!^0d^0=-^6","2","bot:/botfiles/mediumds4.jkb","Rodian","0","12243","99","2","force","9","1","2","1","320","1","1","-90",""
"612","5","iphash:2667391d","^0-=^3'/^7o^3!^0d^0=-^6","2","bot:/botfiles/mediumds4.jkb","Rodian","0","12309","100","2","force","9","6","3","1","320","1","1","-102",""
"613","5","iphash:2667391d","^0-=^3'/^7o^3!^0d^0=-^6","2","bot:/botfiles/mediumds4.jkb","Rodian","0","12309","101","2","air","10","1","3","1","320","1","1","-102","airborne"
"614","5","iphash:2667391d","^0-=^3'/^7o^3!^0d^0=-^6","2","bot:/botfiles/mediumds4.jkb","Rodian","0","12375","102","2","force","9","1","3","1","320","1","0","-118",""
"615","5","iphash:2667391d","^0-=^3'/^7o^3!^0d^0=-^6","2","bot:/botfiles/mediumds4.jkb","Rodian","0","12507","103","2","force","9","1","3","1","320","1","0","-158",""
"616","5","iphash:2667391d","^0-=^3'/^7o^3!^0d^0=-^6","2","bot:/botfiles/mediumds4.jkb","Rodian","0","12639","104","2","force","9","1","3","2","320","1","0","157",""
"617","5","iphash:2667391d","^0-=^3'/^7o^3!^0d^0=-^6","2","bot:/botfiles/mediumds4.jkb","Rodian","0","12639","105","2","range","10","2","3","2","320","1","0","157",""
"618","5","iphash:2667391d","^0-=^3'/^7o^3!^0d^0=-^6","2","bot:/botfiles/mediumds4.jkb","Rodian","0","12672","106","2","range","10","1","3","1","320","1","0","152",""
"619","5","iphash:2667391d","^0-=^3'/^7o^3!^0d^0=-^6","2","bot:/botfiles/mediumds4.jkb","Rodian","0","12771","107","2","force","9","1","3","1","320","1","0","144",""
"620","5","iphash:2667391d","^0-=^3'/^7o^3!^0d^0=-^6","2","bot:/botfiles/mediumds4.jkb","Rodian","0","12903","108","2","force","9","1","3","1","320","1","0","-172",""
"621","5","iphash:2667391d","^0-=^3'/^7o^3!^0d^0=-^6","2","bot:/botfiles/mediumds4.jkb","Rodian","0","13002","109","2","knockdown_followup","10","40","3","1","320","1","0","-161","followup"
"622","5","iphash:2667391d","^0-=^3'/^7o^3!^0d^0=-^6","2","bot:/botfiles/mediumds4.jkb","Rodian","0","13035","110","2","force","9","1","3","1","320","1","0","-160",""
"623","5","iphash:2667391d","^0-=^3'/^7o^3!^0d^0=-^6","2","bot:/botfiles/mediumds4.jkb","Rodian","0","13167","111","2","force","9","1","3","1","320","1","0","-158",""
"624","5","iphash:2667391d","^0-=^3'/^7o^3!^0d^0=-^6","2","bot:/botfiles/mediumds4.jkb","Rodian","0","13200","112","2","regen","10","1","3","1","0","1","0","-157",""
"625","5","iphash:2667391d","^0-=^3'/^7o^3!^0d^0=-^6","2","bot:/botfiles/mediumds4.jkb","Rodian","0","13233","113","2","regen","10","1","3","1","256","1","0","-160",""
"626","5","iphash:2667391d","^0-=^3'/^7o^3!^0d^0=-^6","2","bot:/botfiles/mediumds4.jkb","Rodian","0","13266","114","2","regen","10","1","3","1","256","1","0","-163",""
"627","5","iphash:2667391d","^0-=^3'/^7o^3!^0d^0=-^6","2","bot:/botfiles/mediumds4.jkb","Rodian","0","13299","115","2","regen","10","1","3","1","256","1","0","-161",""
"628","5","iphash:2667391d","^0-=^3'/^7o^3!^0d^0=-^6","2","bot:/botfiles/mediumds4.jkb","Rodian","0","13332","116","2","regen","10","1","3","1","256","1","0","-161",""
"629","5","iphash:2667391d","^0-=^3'/^7o^3!^0d^0=-^6","2","bot:/botfiles/mediumds4.jkb","Rodian","0","13365","117","2","regen","10","1","3","1","256","1","0","-159",""
"630","5","iphash:2667391d","^0-=^3'/^7o^3!^0d^0=-^6","2","bot:/botfiles/mediumds4.jkb","Rodian","0","13398","118","2","regen","10","1","3","1","256","1","0","-158",""
"631","5","iphash:2667391d","^0-=^3'/^7o^3!^0d^0=-^6","2","bot:/botfiles/mediumds4.jkb","Rodian","0","13431","119","2","regen","10","1","3","1","256","1","0","-161",""
"632","5","iphash:2667391d","^0-=^3'/^7o^3!^0d^0=-^6","2","bot:/botfiles/mediumds4.jkb","Rodian","0","13464","120","2","regen","10","1","3","2","256","1","0","-169",""
"633","5","iphash:2667391d","^0-=^3'/^7o^3!^0d^0=-^6","2","bot:/botfiles/mediumds4.jkb","Rodian","0","13464","121","2","range","10","2","3","2","256","1","0","-169",""
"634","5","iphash:2667391d","^0-=^3'/^7o^3!^0d^0=-^6","2","bot:/botfiles/mediumds4.jkb","Rodian","0","13497","122","2","regen","10","1","2","2","256","1","0","155",""
"635","5","iphash:2667391d","^0-=^3'/^7o^3!^0d^0=-^6","2","bot:/botfiles/mediumds4.jkb","Rodian","0","13497","123","2","reset_success","10","1","2","2","256","1","0","155","reset"
"636","5","iphash:2667391d","^0-=^3'/^7o^3!^0d^0=-^6","2","bot:/botfiles/mediumds4.jkb","Rodian","0","13530","124","2","regen","10","1","2","2","256","1","0","146",""
"637","5","iphash:2667391d","^0-=^3'/^7o^3!^0d^0=-^6","2","bot:/botfiles/mediumds4.jkb","Rodian","0","13563","125","2","regen","10","1","2","2","256","1","0","158",""
"638","5","iphash:2667391d","^0-=^3'/^7o^3!^0d^0=-^6","2","bot:/botfiles/mediumds4.jkb","Rodian","0","13596","126","2","regen","10","1","2","2","256","1","0","168",""
"639","5","iphash:2667391d","^0-=^3'/^7o^3!^0d^0=-^6","2","bot:/botfiles/mediumds4.jkb","Rodian","0","13596","127","2","air","10","0","2","2","256","1","0","168","landed"
"640","5","iphash:2667391d","^0-=^3'/^7o^3!^0d^0=-^6","2","bot:/botfiles/mediumds4.jkb","Rodian","0","13629","128","2","regen","10","1","2","2","256","1","0","-179",""
"641","6","iphash:2667391d","^0-=^3'/^7o^3!^0d^0=-^6","2","bot:/botfiles/mediumds.jkb","Lannik","0","33","1","0","air","10","0","0","3","256","0","0","61","landed"
"642","6","iphash:2667391d","^0-=^3'/^7o^3!^0d^0=-^6","2","bot:/botfiles/mediumds.jkb","Lannik","0","66","2","0","air","10","1","0","3","256","0","0","-101","airborne"
"643","6","iphash:2667391d","^0-=^3'/^7o^3!^0d^0=-^6","2","bot:/botfiles/mediumds.jkb","Lannik","0","957","3","0","air","10","0","0","3","256","1","1","44","landed"
"644","6","iphash:2667391d","^0-=^3'/^7o^3!^0d^0=-^6","2","bot:/botfiles/mediumds.jkb","Lannik","0","1122","4","0","air","10","1","0","3","256","1","1","56","airborne"
"645","6","iphash:2667391d","^0-=^3'/^7o^3!^0d^0=-^6","2","bot:/botfiles/mediumds.jkb","Lannik","0","2244","5","0","air","10","0","0","3","256","1","1","62","landed"
"646","6","iphash:2667391d","^0-=^3'/^7o^3!^0d^0=-^6","2","bot:/botfiles/mediumds.jkb","Lannik","0","4488","6","0","air","10","1","0","3","256","1","1","-23","airborne"
"647","6","iphash:2667391d","^0-=^3'/^7o^3!^0d^0=-^6","2","bot:/botfiles/mediumds.jkb","Lannik","0","5544","7","0","force","9","6","0","3","256","1","1","-17",""
"648","6","iphash:2667391d","^0-=^3'/^7o^3!^0d^0=-^6","2","bot:/botfiles/mediumds.jkb","Lannik","0","5841","8","0","force","9","2","0","3","256","1","1","-25",""
"649","6","iphash:2667391d","^0-=^3'/^7o^3!^0d^0=-^6","2","bot:/botfiles/mediumds.jkb","Lannik","0","6270","9","0","regen","10","1","0","3","256","1","1","-53",""
"650","6","iphash:2667391d","^0-=^3'/^7o^3!^0d^0=-^6","2","bot:/botfiles/mediumds.jkb","Lannik","0","6303","10","0","regen","10","1","0","3","256","1","1","-54",""
"651","6","iphash:2667391d","^0-=^3'/^7o^3!^0d^0=-^6","2","bot:/botfiles/mediumds.jkb","Lannik","0","6336","11","0","regen","10","1","0","3","256","1","1","-56",""
"652","6","iphash:2667391d","^0-=^3'/^7o^3!^0d^0=-^6","2","bot:/botfiles/mediumds.jkb","Lannik","0","6369","12","0","regen","10","1","0","3","256","1","1","-57",""
"653","6","iphash:2667391d","^0-=^3'/^7o^3!^0d^0=-^6","2","bot:/botfiles/mediumds.jkb","Lannik","0","6402","13","0","regen","10","1","0","3","256","1","1","-57",""
"654","6","iphash:2667391d","^0-=^3'/^7o^3!^0d^0=-^6","2","bot:/botfiles/mediumds.jkb","Lannik","0","6435","14","0","regen","10","1","0","3","256","1","1","-58",""
"655","6","iphash:2667391d","^0-=^3'/^7o^3!^0d^0=-^6","2","bot:/botfiles/mediumds.jkb","Lannik","0","6468","15","0","regen","10","1","0","3","256","1","1","-59",""
"656","6","iphash:2667391d","^0-=^3'/^7o^3!^0d^0=-^6","2","bot:/botfiles/mediumds.jkb","Lannik","0","6501","16","0","regen","10","1","0","3","256","1","1","-60",""
"657","6","iphash:2667391d","^0-=^3'/^7o^3!^0d^0=-^6","2","bot:/botfiles/mediumds.jkb","Lannik","0","6963","17","0","range","10","2","0","2","256","1","1","-73",""
"658","6","iphash:2667391d","^0-=^3'/^7o^3!^0d^0=-^6","2","bot:/botfiles/mediumds.jkb","Lannik","0","7128","18","0","air","10","0","0","2","256","1","1","-81","landed"
"659","6","iphash:2667391d","^0-=^3'/^7o^3!^0d^0=-^6","2","bot:/botfiles/mediumds.jkb","Lannik","0","7293","19","1","attack_start","10","128","2","2","384","1","1","-86","alt"
"660","6","iphash:2667391d","^0-=^3'/^7o^3!^0d^0=-^6","2","bot:/botfiles/mediumds.jkb","Lannik","0","7293","20","1","force","9","20","2","2","384","1","1","-86",""
"661","6","iphash:2667391d","^0-=^3'/^7o^3!^0d^0=-^6","2","bot:/botfiles/mediumds.jkb","Lannik","0","7524","21","1","force","9","20","2","2","384","1","1","-88",""
"662","6","iphash:2667391d","^0-=^3'/^7o^3!^0d^0=-^6","2","bot:/botfiles/mediumds.jkb","Lannik","0","7689","22","1","punish_success","10","1","2","2","384","1","1","-89","punish"
"663","6","iphash:2667391d","^0-=^3'/^7o^3!^0d^0=-^6","2","bot:/botfiles/mediumds.jkb","Lannik","0","7755","23","1","range","10","1","2","1","384","1","1","-94",""
"664","6","iphash:2667391d","^0-=^3'/^7o^3!^0d^0=-^6","2","bot:/botfiles/mediumds.jkb","Lannik","0","7755","24","1","air","10","1","2","1","384","1","1","-94","airborne"
"665","6","iphash:2667391d","^0-=^3'/^7o^3!^0d^0=-^6","2","bot:/botfiles/mediumds.jkb","Lannik","0","7953","25","1","regen","10","1","2","1","384","1","1","-129",""
"666","6","iphash:2667391d","^0-=^3'/^7o^3!^0d^0=-^6","2","bot:/botfiles/mediumds.jkb","Lannik","0","7986","26","1","regen","10","1","2","1","384","1","1","-137",""
"667","6","iphash:2667391d","^0-=^3'/^7o^3!^0d^0=-^6","2","bot:/botfiles/mediumds.jkb","Lannik","0","8019","27","1","regen","10","1","2","1","384","1","1","-144",""
"668","6","iphash:2667391d","^0-=^3'/^7o^3!^0d^0=-^6","2","bot:/botfiles/mediumds.jkb","Lannik","0","8052","28","1","regen","10","1","2","1","384","1","1","-152",""
"669","6","iphash:2667391d","^0-=^3'/^7o^3!^0d^0=-^6","2","bot:/botfiles/mediumds.jkb","Lannik","0","8085","29","1","regen","10","1","2","1","384","1","1","-158",""
"670","6","iphash:2667391d","^0-=^3'/^7o^3!^0d^0=-^6","2","bot:/botfiles/mediumds.jkb","Lannik","0","8118","30","1","regen","10","1","2","1","256","1","1","-164",""
"671","6","iphash:2667391d","^0-=^3'/^7o^3!^0d^0=-^6","2","bot:/botfiles/mediumds.jkb","Lannik","0","8151","31","1","regen","10","1","2","1","256","1","1","-166",""
"672","6","iphash:2667391d","^0-=^3'/^7o^3!^0d^0=-^6","2","bot:/botfiles/mediumds.jkb","Lannik","0","8184","32","1","regen","10","1","2","1","256","1","1","-168",""
"673","6","iphash:2667391d","^0-=^3'/^7o^3!^0d^0=-^6","2","bot:/botfiles/mediumds.jkb","Lannik","0","8217","33","1","regen","10","1","2","1","256","1","1","-172",""
"674","6","iphash:2667391d","^0-=^3'/^7o^3!^0d^0=-^6","2","bot:/botfiles/mediumds.jkb","Lannik","0","8217","34","1","damage","10","1","2","1","256","1","1","-172",""
"675","6","iphash:2667391d","^0-=^3'/^7o^3!^0d^0=-^6","2","bot:/botfiles/mediumds.jkb","Lannik","0","8217","35","1","counter_success","10","1","2","1","256","1","1","-172","counter"
"676","6","iphash:2667391d","^0-=^3'/^7o^3!^0d^0=-^6","2","bot:/botfiles/mediumds.jkb","Lannik","0","8250","36","1","regen","10","1","2","1","256","1","1","-175",""
"677","6","iphash:2667391d","^0-=^3'/^7o^3!^0d^0=-^6","2","bot:/botfiles/mediumds.jkb","Lannik","0","8283","37","1","regen","10","1","2","1","256","1","1","-178",""
"678","6","iphash:2667391d","^0-=^3'/^7o^3!^0d^0=-^6","2","bot:/botfiles/mediumds.jkb","Lannik","0","8316","38","1","regen","10","1","2","1","256","1","1","179",""
"679","6","iphash:2667391d","^0-=^3'/^7o^3!^0d^0=-^6","2","bot:/botfiles/mediumds.jkb","Lannik","0","8349","39","1","regen","10","1","2","1","256","1","1","177",""
"680","6","iphash:2667391d","^0-=^3'/^7o^3!^0d^0=-^6","2","bot:/botfiles/mediumds.jkb","Lannik","0","8382","40","1","regen","10","1","2","1","256","1","1","174",""
"681","6","iphash:2667391d","^0-=^3'/^7o^3!^0d^0=-^6","2","bot:/botfiles/mediumds.jkb","Lannik","0","8415","41","1","regen","10","1","2","1","256","1","1","172",""
"682","6","iphash:2667391d","^0-=^3'/^7o^3!^0d^0=-^6","2","bot:/botfiles/mediumds.jkb","Lannik","0","8448","42","1","regen","10","1","2","1","256","1","1","175",""
"683","6","iphash:2667391d","^0-=^3'/^7o^3!^0d^0=-^6","2","bot:/botfiles/mediumds.jkb","Lannik","0","8481","43","1","regen","10","1","2","1","256","1","1","-179",""
"684","6","iphash:2667391d","^0-=^3'/^7o^3!^0d^0=-^6","2","bot:/botfiles/mediumds.jkb","Lannik","0","8514","44","1","regen","10","1","2","1","256","1","1","-172",""
"685","6","iphash:2667391d","^0-=^3'/^7o^3!^0d^0=-^6","2","bot:/botfiles/mediumds.jkb","Lannik","0","8547","45","1","regen","10","1","2","1","320","1","1","-168",""
"686","6","iphash:2667391d","^0-=^3'/^7o^3!^0d^0=-^6","2","bot:/botfiles/mediumds.jkb","Lannik","0","8580","46","1","regen","10","1","2","1","320","1","1","-164",""
"687","6","iphash:2667391d","^0-=^3'/^7o^3!^0d^0=-^6","2","bot:/botfiles/mediumds.jkb","Lannik","0","8580","47","1","air","10","0","2","1","320","1","1","-164","landed"
"688","6","iphash:2667391d","^0-=^3'/^7o^3!^0d^0=-^6","2","bot:/botfiles/mediumds.jkb","Lannik","0","8613","48","1","regen","10","1","0","1","320","1","1","-158",""
"689","6","iphash:2667391d","^0-=^3'/^7o^3!^0d^0=-^6","2","bot:/botfiles/mediumds.jkb","Lannik","0","8646","49","1","regen","10","1","0","1","320","1","1","-154",""
"690","6","iphash:2667391d","^0-=^3'/^7o^3!^0d^0=-^6","2","bot:/botfiles/mediumds.jkb","Lannik","0","8679","50","1","force","9","31","2","1","320","1","1","-149",""
"691","6","iphash:2667391d","^0-=^3'/^7o^3!^0d^0=-^6","2","bot:/botfiles/mediumds.jkb","Lannik","0","8679","51","1","counter_success","10","2","2","1","320","1","1","-149","counter"
"692","6","iphash:2667391d","^0-=^3'/^7o^3!^0d^0=-^6","2","bot:/botfiles/mediumds.jkb","Lannik","0","8811","52","1","force","9","1","2","1","320","1","1","-158",""
"693","6","iphash:2667391d","^0-=^3'/^7o^3!^0d^0=-^6","2","bot:/botfiles/mediumds.jkb","Lannik","0","8943","53","1","force","9","1","2","1","320","1","1","159",""
"694","6","iphash:2667391d","^0-=^3'/^7o^3!^0d^0=-^6","2","bot:/botfiles/mediumds.jkb","Lannik","0","9042","54","1","regen","10","1","2","1","320","1","1","131",""
"695","6","iphash:2667391d","^0-=^3'/^7o^3!^0d^0=-^6","2","bot:/botfiles/mediumds.jkb","Lannik","0","9075","55","1","regen","10","1","2","1","320","1","1","122",""
"696","6","iphash:2667391d","^0-=^3'/^7o^3!^0d^0=-^6","2","bot:/botfiles/mediumds.jkb","Lannik","0","9108","56","1","regen","10","1","2","1","320","1","1","113",""
"697","6","iphash:2667391d","^0-=^3'/^7o^3!^0d^0=-^6","2","bot:/botfiles/mediumds.jkb","Lannik","0","9141","57","1","regen","10","1","2","2","320","1","1","99",""
"698","6","iphash:2667391d","^0-=^3'/^7o^3!^0d^0=-^6","2","bot:/botfiles/mediumds.jkb","Lannik","0","9141","58","1","range","10","2","2","2","320","1","1","99",""
"699","6","iphash:2667391d","^0-=^3'/^7o^3!^0d^0=-^6","2","bot:/botfiles/mediumds.jkb","Lannik","0","9174","59","1","regen","10","1","2","2","320","1","1","84",""
"700","6","iphash:2667391d","^0-=^3'/^7o^3!^0d^0=-^6","2","bot:/botfiles/mediumds.jkb","Lannik","0","9207","60","1","regen","10","1","2","2","320","1","1","55",""
"701","6","iphash:2667391d","^0-=^3'/^7o^3!^0d^0=-^6","2","bot:/botfiles/mediumds.jkb","Lannik","0","9240","61","1","regen","10","1","2","2","320","1","1","37",""
"702","6","iphash:2667391d","^0-=^3'/^7o^3!^0d^0=-^6","2","bot:/botfiles/mediumds.jkb","Lannik","0","9273","62","1","regen","10","1","2","2","320","1","1","16",""
"703","6","iphash:2667391d","^0-=^3'/^7o^3!^0d^0=-^6","2","bot:/botfiles/mediumds.jkb","Lannik","0","9306","63","1","regen","10","1","2","2","320","1","1","-10",""
"704","6","iphash:2667391d","^0-=^3'/^7o^3!^0d^0=-^6","2","bot:/botfiles/mediumds.jkb","Lannik","0","9339","64","1","regen","10","1","2","2","320","1","1","-22",""
"705","6","iphash:2667391d","^0-=^3'/^7o^3!^0d^0=-^6","2","bot:/botfiles/mediumds.jkb","Lannik","0","9372","65","1","regen","10","1","2","2","320","1","1","-31",""
"706","6","iphash:2667391d","^0-=^3'/^7o^3!^0d^0=-^6","2","bot:/botfiles/mediumds.jkb","Lannik","0","9405","66","1","regen","10","1","2","2","320","1","1","-34",""
"707","6","iphash:2667391d","^0-=^3'/^7o^3!^0d^0=-^6","2","bot:/botfiles/mediumds.jkb","Lannik","0","9438","67","1","regen","10","1","2","2","320","1","1","-34",""
"708","6","iphash:2667391d","^0-=^3'/^7o^3!^0d^0=-^6","2","bot:/botfiles/mediumds.jkb","Lannik","0","9471","68","1","regen","10","1","2","2","320","1","1","-33",""
"709","6","iphash:2667391d","^0-=^3'/^7o^3!^0d^0=-^6","2","bot:/botfiles/mediumds.jkb","Lannik","0","9504","69","1","regen","10","1","2","2","320","1","1","-30",""
"710","6","iphash:2667391d","^0-=^3'/^7o^3!^0d^0=-^6","2","bot:/botfiles/mediumds.jkb","Lannik","0","9537","70","1","regen","10","1","2","2","320","1","1","-26",""
"711","6","iphash:2667391d","^0-=^3'/^7o^3!^0d^0=-^6","2","bot:/botfiles/mediumds.jkb","Lannik","0","9570","71","1","regen","10","1","2","2","320","1","1","-23",""
"712","6","iphash:2667391d","^0-=^3'/^7o^3!^0d^0=-^6","2","bot:/botfiles/mediumds.jkb","Lannik","0","9603","72","1","regen","10","1","2","2","320","1","1","-19",""
"713","6","iphash:2667391d","^0-=^3'/^7o^3!^0d^0=-^6","2","bot:/botfiles/mediumds.jkb","Lannik","0","9636","73","1","regen","10","1","2","2","320","1","1","-14",""
"714","6","iphash:2667391d","^0-=^3'/^7o^3!^0d^0=-^6","2","bot:/botfiles/mediumds.jkb","Lannik","0","9669","74","1","regen","10","1","2","2","320","1","1","-7",""
"715","6","iphash:2667391d","^0-=^3'/^7o^3!^0d^0=-^6","2","bot:/botfiles/mediumds.jkb","Lannik","0","9702","75","1","regen","10","1","2","2","320","1","1","-3",""
"716","6","iphash:2667391d","^0-=^3'/^7o^3!^0d^0=-^6","2","bot:/botfiles/mediumds.jkb","Lannik","0","9735","76","1","regen","10","1","2","2","320","1","1","0",""
"717","6","iphash:2667391d","^0-=^3'/^7o^3!^0d^0=-^6","2","bot:/botfiles/mediumds.jkb","Lannik","0","9768","77","1","regen","10","1","2","2","320","1","1","5",""
"718","6","iphash:2667391d","^0-=^3'/^7o^3!^0d^0=-^6","2","bot:/botfiles/mediumds.jkb","Lannik","0","9801","78","1","regen","10","1","2","2","320","1","1","10",""
"719","6","iphash:2667391d","^0-=^3'/^7o^3!^0d^0=-^6","2","bot:/botfiles/mediumds.jkb","Lannik","0","9834","79","1","regen","10","1","2","2","320","1","1","12",""
"720","6","iphash:2667391d","^0-=^3'/^7o^3!^0d^0=-^6","2","bot:/botfiles/mediumds.jkb","Lannik","0","9867","80","1","regen","10","1","2","2","320","1","1","16",""
"721","6","iphash:2667391d","^0-=^3'/^7o^3!^0d^0=-^6","2","bot:/botfiles/mediumds.jkb","Lannik","0","9900","81","1","regen","10","1","2","2","320","1","1","20",""
"722","6","iphash:2667391d","^0-=^3'/^7o^3!^0d^0=-^6","2","bot:/botfiles/mediumds.jkb","Lannik","0","9933","82","1","regen","10","1","2","2","320","1","1","27",""
"723","6","iphash:2667391d","^0-=^3'/^7o^3!^0d^0=-^6","2","bot:/botfiles/mediumds.jkb","Lannik","0","9966","83","1","regen","10","1","2","2","320","1","1","31",""
"724","6","iphash:2667391d","^0-=^3'/^7o^3!^0d^0=-^6","2","bot:/botfiles/mediumds.jkb","Lannik","0","9999","84","1","regen","10","1","2","2","320","1","1","33",""
"725","6","iphash:2667391d","^0-=^3'/^7o^3!^0d^0=-^6","2","bot:/botfiles/mediumds.jkb","Lannik","0","10032","85","1","regen","10","1","2","2","320","1","1","34",""
"726","6","iphash:2667391d","^0-=^3'/^7o^3!^0d^0=-^6","2","bot:/botfiles/mediumds.jkb","Lannik","0","10065","86","1","regen","10","1","0","2","320","1","1","46",""
"727","6","iphash:2667391d","^0-=^3'/^7o^3!^0d^0=-^6","2","bot:/botfiles/mediumds.jkb","Lannik","0","10098","87","1","regen","10","1","0","2","256","1","1","67",""
"728","6","iphash:2667391d","^0-=^3'/^7o^3!^0d^0=-^6","2","bot:/botfiles/mediumds.jkb","Lannik","0","10131","88","1","regen","10","1","0","2","256","1","1","111",""
"729","6","iphash:2667391d","^0-=^3'/^7o^3!^0d^0=-^6","2","bot:/botfiles/mediumds.jkb","Lannik","0","10164","89","1","regen","10","1","0","2","256","1","1","140",""
"730","6","iphash:2667391d","^0-=^3'/^7o^3!^0d^0=-^6","2","bot:/botfiles/mediumds.jkb","Lannik","0","10197","90","1","regen","10","1","0","2","256","1","1","158",""
"731","6","iphash:2667391d","^0-=^3'/^7o^3!^0d^0=-^6","2","bot:/botfiles/mediumds.jkb","Lannik","0","10230","91","1","regen","10","1","0","2","256","1","1","165",""
"732","6","iphash:2667391d","^0-=^3'/^7o^3!^0d^0=-^6","2","bot:/botfiles/mediumds.jkb","Lannik","0","10263","92","1","regen","10","1","0","2","256","1","1","164",""
"733","6","iphash:2667391d","^0-=^3'/^7o^3!^0d^0=-^6","2","bot:/botfiles/mediumds.jkb","Lannik","0","10296","93","1","regen","10","1","0","2","256","1","1","161",""
"734","6","iphash:2667391d","^0-=^3'/^7o^3!^0d^0=-^6","2","bot:/botfiles/mediumds.jkb","Lannik","0","10329","94","1","regen","10","1","0","2","256","1","1","160",""
"735","6","iphash:2667391d","^0-=^3'/^7o^3!^0d^0=-^6","2","bot:/botfiles/mediumds.jkb","Lannik","0","10362","95","1","regen","10","1","0","2","256","1","1","159",""
"736","6","iphash:2667391d","^0-=^3'/^7o^3!^0d^0=-^6","2","bot:/botfiles/mediumds.jkb","Lannik","0","10395","96","1","regen","10","1","0","2","256","1","1","158",""
"737","6","iphash:2667391d","^0-=^3'/^7o^3!^0d^0=-^6","2","bot:/botfiles/mediumds.jkb","Lannik","0","10428","97","1","regen","10","1","0","2","256","1","1","157",""
"738","6","iphash:2667391d","^0-=^3'/^7o^3!^0d^0=-^6","2","bot:/botfiles/mediumds.jkb","Lannik","0","10461","98","1","regen","10","1","0","2","256","1","1","158",""
"739","6","iphash:2667391d","^0-=^3'/^7o^3!^0d^0=-^6","2","bot:/botfiles/mediumds.jkb","Lannik","0","10494","99","1","regen","10","1","0","2","256","1","1","158",""
"740","6","iphash:2667391d","^0-=^3'/^7o^3!^0d^0=-^6","2","bot:/botfiles/mediumds.jkb","Lannik","0","10527","100","1","regen","10","1","0","2","256","1","1","161",""
"741","6","iphash:2667391d","^0-=^3'/^7o^3!^0d^0=-^6","2","bot:/botfiles/mediumds.jkb","Lannik","0","10560","101","1","regen","10","1","0","2","256","1","1","163",""
"742","6","iphash:2667391d","^0-=^3'/^7o^3!^0d^0=-^6","2","bot:/botfiles/mediumds.jkb","Lannik","0","10593","102","1","regen","10","1","0","2","256","1","1","163",""
"743","6","iphash:2667391d","^0-=^3'/^7o^3!^0d^0=-^6","2","bot:/botfiles/mediumds.jkb","Lannik","0","10626","103","1","regen","10","1","0","2","256","1","1","162",""
"744","6","iphash:2667391d","^0-=^3'/^7o^3!^0d^0=-^6","2","bot:/botfiles/mediumds.jkb","Lannik","0","10659","104","1","regen","10","1","0","2","256","1","1","161",""
"745","6","iphash:2667391d","^0-=^3'/^7o^3!^0d^0=-^6","2","bot:/botfiles/mediumds.jkb","Lannik","0","10692","105","1","regen","10","1","0","2","256","1","1","159",""
"746","6","iphash:2667391d","^0-=^3'/^7o^3!^0d^0=-^6","2","bot:/botfiles/mediumds.jkb","Lannik","0","11880","106","2","attack_start","10","1","0","2","257","66","1","172","attack"
"747","6","iphash:2667391d","^0-=^3'/^7o^3!^0d^0=-^6","2","bot:/botfiles/mediumds.jkb","Lannik","0","11913","107","2","range","10","1","0","1","257","66","1","173",""
"748","6","iphash:2667391d","^0-=^3'/^7o^3!^0d^0=-^6","2","bot:/botfiles/mediumds.jkb","Lannik","0","12111","108","2","attack_chain","10","8","0","1","257","8","1","175","chain"
"749","6","iphash:2667391d","^0-=^3'/^7o^3!^0d^0=-^6","2","bot:/botfiles/mediumds.jkb","Lannik","0","12903","109","2","attack_chain","10","4","0","1","257","4","1","174","chain"
"750","6","iphash:2667391d","^0-=^3'/^7o^3!^0d^0=-^6","2","bot:/botfiles/mediumds.jkb","Lannik","0","12903","110","2","punish_success","10","30","0","1","257","4","1","174","punish"
"751","6","iphash:2667391d","^0-=^3'/^7o^3!^0d^0=-^6","2","bot:/botfiles/mediumds.jkb","Lannik","0","14190","111","2","range","10","2","0","2","256","70","1","-8",""
"752","6","iphash:2667391d","^0-=^3'/^7o^3!^0d^0=-^6","2","bot:/botfiles/mediumds.jkb","Lannik","0","15081","112","2","force","9","31","0","2","320","1","1","152",""
"753","6","iphash:2667391d","^0-=^3'/^7o^3!^0d^0=-^6","2","bot:/botfiles/mediumds.jkb","Lannik","0","15081","113","3","saber_return_punish","10","2","0","2","320","1","1","152","return"
"754","6","iphash:2667391d","^0-=^3'/^7o^3!^0d^0=-^6","2","bot:/botfiles/mediumds.jkb","Lannik","0","15213","114","3","force","9","1","0","2","320","1","1","146",""
"755","6","iphash:2667391d","^0-=^3'/^7o^3!^0d^0=-^6","2","bot:/botfiles/mediumds.jkb","Lannik","0","15312","115","3","range","10","1","0","1","320","1","1","136",""
"756","6","iphash:2667391d","^0-=^3'/^7o^3!^0d^0=-^6","2","bot:/botfiles/mediumds.jkb","Lannik","0","15345","116","3","force","9","1","0","1","320","1","1","135",""
"757","6","iphash:2667391d","^0-=^3'/^7o^3!^0d^0=-^6","2","bot:/botfiles/mediumds.jkb","Lannik","0","15477","117","3","force","9","1","0","1","320","1","1","126",""
"758","6","iphash:2667391d","^0-=^3'/^7o^3!^0d^0=-^6","2","bot:/botfiles/mediumds.jkb","Lannik","0","15609","118","3","force","9","1","0","1","320","1","1","122",""
"759","6","iphash:2667391d","^0-=^3'/^7o^3!^0d^0=-^6","2","bot:/botfiles/mediumds.jkb","Lannik","0","15741","119","3","force","9","1","0","1","320","1","1","131",""
"760","6","iphash:2667391d","^0-=^3'/^7o^3!^0d^0=-^6","2","bot:/botfiles/mediumds.jkb","Lannik","0","15840","120","3","force","9","6","2","1","320","1","1","145",""
"761","6","iphash:2667391d","^0-=^3'/^7o^3!^0d^0=-^6","2","bot:/botfiles/mediumds.jkb","Lannik","0","15840","121","3","air","10","1","2","1","320","1","1","145","airborne"
"762","6","iphash:2667391d","^0-=^3'/^7o^3!^0d^0=-^6","2","bot:/botfiles/mediumds.jkb","Lannik","0","15873","122","3","force","9","1","2","1","320","1","1","147",""
"763","6","iphash:2667391d","^0-=^3'/^7o^3!^0d^0=-^6","2","bot:/botfiles/mediumds.jkb","Lannik","0","15972","123","3","range","10","2","2","2","320","1","1","164",""
"764","6","iphash:2667391d","^0-=^3'/^7o^3!^0d^0=-^6","2","bot:/botfiles/mediumds.jkb","Lannik","0","16005","124","3","force","9","1","2","2","320","1","1","-168",""
"765","6","iphash:2667391d","^0-=^3'/^7o^3!^0d^0=-^6","2","bot:/botfiles/mediumds.jkb","Lannik","0","16137","125","3","force","9","1","2","2","320","1","1","-55",""
"766","6","iphash:2667391d","^0-=^3'/^7o^3!^0d^0=-^6","2","bot:/botfiles/mediumds.jkb","Lannik","0","16269","126","3","force","9","1","2","2","320","1","1","-42",""
"767","6","iphash:2667391d","^0-=^3'/^7o^3!^0d^0=-^6","2","bot:/botfiles/mediumds.jkb","Lannik","0","16401","127","3","force","9","1","2","2","320","1","1","43",""
"768","6","iphash:2667391d","^0-=^3'/^7o^3!^0d^0=-^6","2","bot:/botfiles/mediumds.jkb","Lannik","0","16467","128","3","range","10","1","2","1","320","1","1","74",""
"769","7","iphash:2667391d","^0-=^3'/^7o^3!^0d^0=-^6","2","bot:/botfiles/jeditrainer.jkb","JediTrainer","0","33","1","0","air","10","0","0","3","256","0","0","-79","landed"
"770","7","iphash:2667391d","^0-=^3'/^7o^3!^0d^0=-^6","2","bot:/botfiles/jeditrainer.jkb","JediTrainer","0","627","2","0","air","10","1","0","3","256","0","0","-90","airborne"
"771","7","iphash:2667391d","^0-=^3'/^7o^3!^0d^0=-^6","2","bot:/botfiles/jeditrainer.jkb","JediTrainer","0","1716","3","0","air","10","0","0","3","256","1","1","-154","landed"
"772","7","iphash:2667391d","^0-=^3'/^7o^3!^0d^0=-^6","2","bot:/botfiles/jeditrainer.jkb","JediTrainer","0","1947","4","0","range","10","2","0","2","256","1","1","-163",""
"773","7","iphash:2667391d","^0-=^3'/^7o^3!^0d^0=-^6","2","bot:/botfiles/jeditrainer.jkb","JediTrainer","0","1947","5","0","air","10","1","0","2","256","1","1","-163","airborne"
"774","7","iphash:2667391d","^0-=^3'/^7o^3!^0d^0=-^6","2","bot:/botfiles/jeditrainer.jkb","JediTrainer","0","2508","6","0","range","10","1","0","1","320","1","1","161",""
"775","7","iphash:2667391d","^0-=^3'/^7o^3!^0d^0=-^6","2","bot:/botfiles/jeditrainer.jkb","JediTrainer","0","2838","7","0","range","10","2","0","2","320","1","1","163",""
"776","7","iphash:2667391d","^0-=^3'/^7o^3!^0d^0=-^6","2","bot:/botfiles/jeditrainer.jkb","JediTrainer","0","2937","8","0","air","10","0","0","2","320","1","1","-133","landed"
"777","7","iphash:2667391d","^0-=^3'/^7o^3!^0d^0=-^6","2","bot:/botfiles/jeditrainer.jkb","JediTrainer","0","3663","9","0","air","10","1","0","2","320","1","1","143","airborne"
"778","7","iphash:2667391d","^0-=^3'/^7o^3!^0d^0=-^6","2","bot:/botfiles/jeditrainer.jkb","JediTrainer","0","3993","10","0","air","10","0","0","2","320","1","1","144","landed"
"779","7","iphash:2667391d","^0-=^3'/^7o^3!^0d^0=-^6","2","bot:/botfiles/jeditrainer.jkb","JediTrainer","0","4059","11","0","range","10","1","0","1","320","1","1","145",""
"780","7","iphash:2667391d","^0-=^3'/^7o^3!^0d^0=-^6","2","bot:/botfiles/jeditrainer.jkb","JediTrainer","0","4257","12","0","damage","10","30","2","1","320","1","1","-135","saberthrow"
"781","7","iphash:2667391d","^0-=^3'/^7o^3!^0d^0=-^6","2","bot:/botfiles/jeditrainer.jkb","JediTrainer","0","4389","13","0","force","9","31","2","1","320","1","1","-89",""
"782","7","iphash:2667391d","^0-=^3'/^7o^3!^0d^0=-^6","2","bot:/botfiles/jeditrainer.jkb","JediTrainer","0","4389","14","1","counter_success","10","2","2","1","320","1","1","-89","counter"
"783","7","iphash:2667391d","^0-=^3'/^7o^3!^0d^0=-^6","2","bot:/botfiles/jeditrainer.jkb","JediTrainer","0","4389","15","1","saber_return_punish","10","2","2","1","320","1","1","-89","return"
"784","7","iphash:2667391d","^0-=^3'/^7o^3!^0d^0=-^6","2","bot:/botfiles/jeditrainer.jkb","JediTrainer","0","4521","16","1","force","9","1","2","1","320","1","1","-65",""
"785","7","iphash:2667391d","^0-=^3'/^7o^3!^0d^0=-^6","2","bot:/botfiles/jeditrainer.jkb","JediTrainer","0","4587","17","1","regen","10","1","2","1","320","1","1","-49",""
"786","7","iphash:2667391d","^0-=^3'/^7o^3!^0d^0=-^6","2","bot:/botfiles/jeditrainer.jkb","JediTrainer","0","4620","18","1","regen","10","1","2","1","320","1","1","-46",""
"787","7","iphash:2667391d","^0-=^3'/^7o^3!^0d^0=-^6","2","bot:/botfiles/jeditrainer.jkb","JediTrainer","0","4653","19","1","regen","10","1","2","1","320","1","1","-37",""
"788","7","iphash:2667391d","^0-=^3'/^7o^3!^0d^0=-^6","2","bot:/botfiles/jeditrainer.jkb","JediTrainer","0","4686","20","1","regen","10","1","2","2","320","1","1","-37",""
"789","7","iphash:2667391d","^0-=^3'/^7o^3!^0d^0=-^6","2","bot:/botfiles/jeditrainer.jkb","JediTrainer","0","4686","21","1","range","10","2","2","2","320","1","1","-37",""
"790","7","iphash:2667391d","^0-=^3'/^7o^3!^0d^0=-^6","2","bot:/botfiles/jeditrainer.jkb","JediTrainer","0","4719","22","1","regen","10","1","2","2","320","1","1","-40",""
"791","7","iphash:2667391d","^0-=^3'/^7o^3!^0d^0=-^6","2","bot:/botfiles/jeditrainer.jkb","JediTrainer","0","4752","23","1","regen","10","1","2","2","320","1","1","-48",""
"792","7","iphash:2667391d","^0-=^3'/^7o^3!^0d^0=-^6","2","bot:/botfiles/jeditrainer.jkb","JediTrainer","0","4785","24","1","regen","10","1","2","2","320","1","1","-61",""
"793","7","iphash:2667391d","^0-=^3'/^7o^3!^0d^0=-^6","2","bot:/botfiles/jeditrainer.jkb","JediTrainer","0","4818","25","1","regen","10","1","2","2","320","1","1","-97",""
"794","7","iphash:2667391d","^0-=^3'/^7o^3!^0d^0=-^6","2","bot:/botfiles/jeditrainer.jkb","JediTrainer","0","4851","26","1","regen","10","1","2","2","320","1","1","-115",""
"795","7","iphash:2667391d","^0-=^3'/^7o^3!^0d^0=-^6","2","bot:/botfiles/jeditrainer.jkb","JediTrainer","0","4884","27","1","regen","10","1","2","2","320","1","1","-159",""
"796","7","iphash:2667391d","^0-=^3'/^7o^3!^0d^0=-^6","2","bot:/botfiles/jeditrainer.jkb","JediTrainer","0","4917","28","1","regen","10","1","2","2","320","1","1","155",""
"797","7","iphash:2667391d","^0-=^3'/^7o^3!^0d^0=-^6","2","bot:/botfiles/jeditrainer.jkb","JediTrainer","0","4950","29","1","regen","10","1","2","2","320","1","1","137",""
"798","7","iphash:2667391d","^0-=^3'/^7o^3!^0d^0=-^6","2","bot:/botfiles/jeditrainer.jkb","JediTrainer","0","4983","30","1","regen","10","1","2","2","320","1","1","122",""
"799","7","iphash:2667391d","^0-=^3'/^7o^3!^0d^0=-^6","2","bot:/botfiles/jeditrainer.jkb","JediTrainer","0","5016","31","1","regen","10","1","2","2","320","1","1","115",""
"800","7","iphash:2667391d","^0-=^3'/^7o^3!^0d^0=-^6","2","bot:/botfiles/jeditrainer.jkb","JediTrainer","0","5049","32","1","regen","10","1","2","2","320","1","1","110",""
"801","7","iphash:2667391d","^0-=^3'/^7o^3!^0d^0=-^6","2","bot:/botfiles/jeditrainer.jkb","JediTrainer","0","5082","33","1","regen","10","1","2","2","320","1","1","99",""
"802","7","iphash:2667391d","^0-=^3'/^7o^3!^0d^0=-^6","2","bot:/botfiles/jeditrainer.jkb","JediTrainer","0","5115","34","1","regen","10","1","2","2","320","1","1","90",""
"803","7","iphash:2667391d","^0-=^3'/^7o^3!^0d^0=-^6","2","bot:/botfiles/jeditrainer.jkb","JediTrainer","0","5148","35","1","regen","10","1","2","2","320","1","1","68",""
"804","7","iphash:2667391d","^0-=^3'/^7o^3!^0d^0=-^6","2","bot:/botfiles/jeditrainer.jkb","JediTrainer","0","5181","36","1","regen","10","1","2","2","320","1","1","45",""
"805","7","iphash:2667391d","^0-=^3'/^7o^3!^0d^0=-^6","2","bot:/botfiles/jeditrainer.jkb","JediTrainer","0","5214","37","1","regen","10","1","2","2","320","1","1","25",""
"806","7","iphash:2667391d","^0-=^3'/^7o^3!^0d^0=-^6","2","bot:/botfiles/jeditrainer.jkb","JediTrainer","0","5247","38","1","regen","10","1","2","2","320","1","1","10",""
"807","7","iphash:2667391d","^0-=^3'/^7o^3!^0d^0=-^6","2","bot:/botfiles/jeditrainer.jkb","JediTrainer","0","5280","39","1","regen","10","1","2","2","320","1","1","4",""
"808","7","iphash:2667391d","^0-=^3'/^7o^3!^0d^0=-^6","2","bot:/botfiles/jeditrainer.jkb","JediTrainer","0","5313","40","1","regen","10","1","2","2","320","1","1","-3",""
"809","7","iphash:2667391d","^0-=^3'/^7o^3!^0d^0=-^6","2","bot:/botfiles/jeditrainer.jkb","JediTrainer","0","5346","41","1","regen","10","1","2","2","320","1","1","-13",""
"810","7","iphash:2667391d","^0-=^3'/^7o^3!^0d^0=-^6","2","bot:/botfiles/jeditrainer.jkb","JediTrainer","0","5379","42","1","regen","10","1","2","2","320","1","1","-25",""
"811","7","iphash:2667391d","^0-=^3'/^7o^3!^0d^0=-^6","2","bot:/botfiles/jeditrainer.jkb","JediTrainer","0","5412","43","1","regen","10","1","2","2","320","1","1","-33",""
"812","7","iphash:2667391d","^0-=^3'/^7o^3!^0d^0=-^6","2","bot:/botfiles/jeditrainer.jkb","JediTrainer","0","5445","44","1","regen","10","1","2","2","320","1","1","-40",""
"813","7","iphash:2667391d","^0-=^3'/^7o^3!^0d^0=-^6","2","bot:/botfiles/jeditrainer.jkb","JediTrainer","0","5478","45","1","regen","10","1","2","2","320","1","1","-60",""
"814","7","iphash:2667391d","^0-=^3'/^7o^3!^0d^0=-^6","2","bot:/botfiles/jeditrainer.jkb","JediTrainer","0","5511","46","1","regen","10","1","2","2","320","1","1","-94",""
"815","7","iphash:2667391d","^0-=^3'/^7o^3!^0d^0=-^6","2","bot:/botfiles/jeditrainer.jkb","JediTrainer","0","5544","47","1","regen","10","1","2","2","320","1","1","-148",""
"816","7","iphash:2667391d","^0-=^3'/^7o^3!^0d^0=-^6","2","bot:/botfiles/jeditrainer.jkb","JediTrainer","0","5577","48","1","regen","10","1","2","2","320","1","1","-169",""
"817","7","iphash:2667391d","^0-=^3'/^7o^3!^0d^0=-^6","2","bot:/botfiles/jeditrainer.jkb","JediTrainer","0","5610","49","1","regen","10","1","2","2","320","1","1","-175",""
"818","7","iphash:2667391d","^0-=^3'/^7o^3!^0d^0=-^6","2","bot:/botfiles/jeditrainer.jkb","JediTrainer","0","6138","50","2","attack_start","10","1","2","2","257","66","8","137","attack"
"819","7","iphash:2667391d","^0-=^3'/^7o^3!^0d^0=-^6","2","bot:/botfiles/jeditrainer.jkb","JediTrainer","0","6369","51","2","attack_chain","10","8","2","2","257","8","107","122","chain"
"820","7","iphash:2667391d","^0-=^3'/^7o^3!^0d^0=-^6","2","bot:/botfiles/jeditrainer.jkb","JediTrainer","0","6699","52","2","attack_chain","10","5","2","1","257","5","107","-144","chain"
"821","7","iphash:2667391d","^0-=^3'/^7o^3!^0d^0=-^6","2","bot:/botfiles/jeditrainer.jkb","JediTrainer","0","6699","53","2","range","10","1","2","1","257","5","107","-144",""
"822","7","iphash:2667391d","^0-=^3'/^7o^3!^0d^0=-^6","2","bot:/botfiles/jeditrainer.jkb","JediTrainer","0","6996","54","2","attack_chain","10","8","4","1","257","8","8","113","chain"
"823","7","iphash:2667391d","^0-=^3'/^7o^3!^0d^0=-^6","2","bot:/botfiles/jeditrainer.jkb","JediTrainer","0","7293","55","2","attack_chain","10","5","4","1","257","5","26","-134","chain"
"824","7","iphash:2667391d","^0-=^3'/^7o^3!^0d^0=-^6","2","bot:/botfiles/jeditrainer.jkb","JediTrainer","0","7326","56","2","range","10","2","4","2","257","5","26","178",""
"825","7","iphash:2667391d","^0-=^3'/^7o^3!^0d^0=-^6","2","bot:/botfiles/jeditrainer.jkb","JediTrainer","0","7920","57","2","attack_start","10","128","4","2","384","70","26","98","alt"
"826","7","iphash:2667391d","^0-=^3'/^7o^3!^0d^0=-^6","2","bot:/botfiles/jeditrainer.jkb","JediTrainer","0","7953","58","2","force","9","20","4","2","384","1","26","99",""
"827","7","iphash:2667391d","^0-=^3'/^7o^3!^0d^0=-^6","2","bot:/botfiles/jeditrainer.jkb","JediTrainer","0","8085","59","2","force","9","20","4","2","384","1","26","107",""
"828","7","iphash:2667391d","^0-=^3'/^7o^3!^0d^0=-^6","2","bot:/botfiles/jeditrainer.jkb","JediTrainer","0","8382","60","2","punish_success","10","30","4","2","384","1","26","137","punish"
"829","7","iphash:2667391d","^0-=^3'/^7o^3!^0d^0=-^6","2","bot:/botfiles/jeditrainer.jkb","JediTrainer","0","8481","61","2","range","10","1","4","1","384","1","26","147",""
"830","7","iphash:2667391d","^0-=^3'/^7o^3!^0d^0=-^6","2","bot:/botfiles/jeditrainer.jkb","JediTrainer","0","8514","62","2","regen","10","1","4","1","384","1","26","147",""
"831","7","iphash:2667391d","^0-=^3'/^7o^3!^0d^0=-^6","2","bot:/botfiles/jeditrainer.jkb","JediTrainer","0","8547","63","2","regen","10","1","4","1","384","1","26","145",""
"832","7","iphash:2667391d","^0-=^3'/^7o^3!^0d^0=-^6","2","bot:/botfiles/jeditrainer.jkb","JediTrainer","0","8580","64","2","regen","10","1","4","1","384","1","26","134",""
"833","7","iphash:2667391d","^0-=^3'/^7o^3!^0d^0=-^6","2","bot:/botfiles/jeditrainer.jkb","JediTrainer","0","8613","65","2","regen","10","1","4","1","384","1","26","127",""
"834","7","iphash:2667391d","^0-=^3'/^7o^3!^0d^0=-^6","2","bot:/botfiles/jeditrainer.jkb","JediTrainer","0","8646","66","2","regen","10","1","4","1","384","1","26","122",""
"835","7","iphash:2667391d","^0-=^3'/^7o^3!^0d^0=-^6","2","bot:/botfiles/jeditrainer.jkb","JediTrainer","0","8679","67","2","regen","10","1","4","1","384","1","26","114",""
"836","7","iphash:2667391d","^0-=^3'/^7o^3!^0d^0=-^6","2","bot:/botfiles/jeditrainer.jkb","JediTrainer","0","8712","68","2","regen","10","1","4","1","384","1","26","101",""
"837","7","iphash:2667391d","^0-=^3'/^7o^3!^0d^0=-^6","2","bot:/botfiles/jeditrainer.jkb","JediTrainer","0","8745","69","2","regen","10","1","4","1","384","1","26","94",""
"838","7","iphash:2667391d","^0-=^3'/^7o^3!^0d^0=-^6","2","bot:/botfiles/jeditrainer.jkb","JediTrainer","0","8778","70","2","regen","10","1","4","1","384","1","26","92",""
"839","7","iphash:2667391d","^0-=^3'/^7o^3!^0d^0=-^6","2","bot:/botfiles/jeditrainer.jkb","JediTrainer","0","8811","71","2","regen","10","1","4","1","384","1","26","91",""
"840","7","iphash:2667391d","^0-=^3'/^7o^3!^0d^0=-^6","2","bot:/botfiles/jeditrainer.jkb","JediTrainer","0","8844","72","2","force","9","20","4","1","384","1","26","90",""
"841","7","iphash:2667391d","^0-=^3'/^7o^3!^0d^0=-^6","2","bot:/botfiles/jeditrainer.jkb","JediTrainer","0","8844","73","2","air","10","1","4","1","384","1","26","90","airborne"
"842","7","iphash:2667391d","^0-=^3'/^7o^3!^0d^0=-^6","2","bot:/botfiles/jeditrainer.jkb","JediTrainer","0","8877","74","2","force","9","6","4","1","384","1","26","90",""
"843","7","iphash:2667391d","^0-=^3'/^7o^3!^0d^0=-^6","2","bot:/botfiles/jeditrainer.jkb","JediTrainer","0","9009","75","2","knockdown_followup","10","30","4","1","384","1","0","129","followup"
"844","7","iphash:2667391d","^0-=^3'/^7o^3!^0d^0=-^6","2","bot:/botfiles/jeditrainer.jkb","JediTrainer","0","9108","76","2","range","10","2","4","2","384","1","0","-138",""
"845","7","iphash:2667391d","^0-=^3'/^7o^3!^0d^0=-^6","2","bot:/botfiles/jeditrainer.jkb","JediTrainer","0","9405","77","2","regen","10","1","4","2","384","1","0","175",""
"846","7","iphash:2667391d","^0-=^3'/^7o^3!^0d^0=-^6","2","bot:/botfiles/jeditrainer.jkb","JediTrainer","0","9438","78","2","regen","10","1","4","2","384","1","0","179",""
"847","7","iphash:2667391d","^0-=^3'/^7o^3!^0d^0=-^6","2","bot:/botfiles/jeditrainer.jkb","JediTrainer","0","9471","79","2","regen","10","1","4","2","384","1","0","-177",""
"848","7","iphash:2667391d","^0-=^3'/^7o^3!^0d^0=-^6","2","bot:/botfiles/jeditrainer.jkb","JediTrainer","0","9504","80","2","regen","10","1","4","2","384","1","0","-174",""
"849","7","iphash:2667391d","^0-=^3'/^7o^3!^0d^0=-^6","2","bot:/botfiles/jeditrainer.jkb","JediTrainer","0","9537","81","2","regen","10","1","4","2","384","1","0","-170",""
"850","7","iphash:2667391d","^0-=^3'/^7o^3!^0d^0=-^6","2","bot:/botfiles/jeditrainer.jkb","JediTrainer","0","9570","82","2","regen","10","1","4","2","384","1","0","-168",""
"851","7","iphash:2667391d","^0-=^3'/^7o^3!^0d^0=-^6","2","bot:/botfiles/jeditrainer.jkb","JediTrainer","0","9603","83","2","regen","10","1","4","2","384","1","0","-167",""
"852","7","iphash:2667391d","^0-=^3'/^7o^3!^0d^0=-^6","2","bot:/botfiles/jeditrainer.jkb","JediTrainer","0","9636","84","2","regen","10","1","4","2","384","1","0","-166",""
"853","7","iphash:2667391d","^0-=^3'/^7o^3!^0d^0=-^6","2","bot:/botfiles/jeditrainer.jkb","JediTrainer","0","9669","85","2","regen","10","1","4","2","384","1","0","-166",""
"854","7","iphash:2667391d","^0-=^3'/^7o^3!^0d^0=-^6","2","bot:/botfiles/jeditrainer.jkb","JediTrainer","0","9702","86","2","regen","10","1","4","2","384","1","0","-167",""
"855","7","iphash:2667391d","^0-=^3'/^7o^3!^0d^0=-^6","2","bot:/botfiles/jeditrainer.jkb","JediTrainer","0","9735","87","2","regen","10","1","4","2","384","1","0","-167",""
"856","7","iphash:2667391d","^0-=^3'/^7o^3!^0d^0=-^6","2","bot:/botfiles/jeditrainer.jkb","JediTrainer","0","9768","88","2","regen","10","1","4","2","384","1","0","-168",""
"857","7","iphash:2667391d","^0-=^3'/^7o^3!^0d^0=-^6","2","bot:/botfiles/jeditrainer.jkb","JediTrainer","0","9801","89","2","regen","10","1","4","2","384","1","0","-168",""
"858","7","iphash:2667391d","^0-=^3'/^7o^3!^0d^0=-^6","2","bot:/botfiles/jeditrainer.jkb","JediTrainer","0","9834","90","2","regen","10","1","4","2","384","1","0","-166",""
"859","7","iphash:2667391d","^0-=^3'/^7o^3!^0d^0=-^6","2","bot:/botfiles/jeditrainer.jkb","JediTrainer","0","9867","91","2","regen","10","1","4","2","384","1","0","-163",""
"860","7","iphash:2667391d","^0-=^3'/^7o^3!^0d^0=-^6","2","bot:/botfiles/jeditrainer.jkb","JediTrainer","0","9900","92","2","regen","10","1","4","2","384","1","0","-163",""
"861","7","iphash:2667391d","^0-=^3'/^7o^3!^0d^0=-^6","2","bot:/botfiles/jeditrainer.jkb","JediTrainer","0","9933","93","2","regen","10","1","4","2","384","1","0","-164",""
"862","7","iphash:2667391d","^0-=^3'/^7o^3!^0d^0=-^6","2","bot:/botfiles/jeditrainer.jkb","JediTrainer","0","9966","94","2","regen","10","1","4","2","384","1","0","-165",""
"863","7","iphash:2667391d","^0-=^3'/^7o^3!^0d^0=-^6","2","bot:/botfiles/jeditrainer.jkb","JediTrainer","0","9999","95","2","regen","10","1","4","2","384","1","0","-166",""
"864","7","iphash:2667391d","^0-=^3'/^7o^3!^0d^0=-^6","2","bot:/botfiles/jeditrainer.jkb","JediTrainer","0","10032","96","2","regen","10","1","4","2","384","1","0","-167",""
"865","7","iphash:2667391d","^0-=^3'/^7o^3!^0d^0=-^6","2","bot:/botfiles/jeditrainer.jkb","JediTrainer","0","10065","97","2","regen","10","1","4","2","384","1","0","-168",""
"866","7","iphash:2667391d","^0-=^3'/^7o^3!^0d^0=-^6","2","bot:/botfiles/jeditrainer.jkb","JediTrainer","0","10065","98","2","air","10","0","4","2","384","1","0","-168","landed"
"867","7","iphash:2667391d","^0-=^3'/^7o^3!^0d^0=-^6","2","bot:/botfiles/jeditrainer.jkb","JediTrainer","0","10098","99","2","regen","10","1","4","2","384","1","0","-172",""
"868","7","iphash:2667391d","^0-=^3'/^7o^3!^0d^0=-^6","2","bot:/botfiles/jeditrainer.jkb","JediTrainer","0","10131","100","2","force","9","20","4","2","384","1","0","-175",""
"869","7","iphash:2667391d","^0-=^3'/^7o^3!^0d^0=-^6","2","bot:/botfiles/jeditrainer.jkb","JediTrainer","0","10626","101","3","range","10","1","4","1","384","1","0","177",""
"870","7","iphash:2667391d","^0-=^3'/^7o^3!^0d^0=-^6","2","bot:/botfiles/jeditrainer.jkb","JediTrainer","0","10692","102","3","regen","10","1","4","1","384","1","0","175",""
"871","7","iphash:2667391d","^0-=^3'/^7o^3!^0d^0=-^6","2","bot:/botfiles/jeditrainer.jkb","JediTrainer","0","10725","103","3","regen","10","1","4","1","384","1","0","172",""
"872","7","iphash:2667391d","^0-=^3'/^7o^3!^0d^0=-^6","2","bot:/botfiles/jeditrainer.jkb","JediTrainer","0","10758","104","3","regen","10","1","4","1","256","1","0","172",""
"873","7","iphash:2667391d","^0-=^3'/^7o^3!^0d^0=-^6","2","bot:/botfiles/jeditrainer.jkb","JediTrainer","0","10791","105","3","regen","10","1","4","1","256","1","1","174",""
"874","7","iphash:2667391d","^0-=^3'/^7o^3!^0d^0=-^6","2","bot:/botfiles/jeditrainer.jkb","JediTrainer","0","10824","106","3","regen","10","1","4","1","256","1","1","176",""
"875","7","iphash:2667391d","^0-=^3'/^7o^3!^0d^0=-^6","2","bot:/botfiles/jeditrainer.jkb","JediTrainer","0","10857","107","3","regen","10","1","4","1","256","1","1","172",""
"876","7","iphash:2667391d","^0-=^3'/^7o^3!^0d^0=-^6","2","bot:/botfiles/jeditrainer.jkb","JediTrainer","0","10857","108","3","air","10","1","4","1","256","1","1","172","airborne"
"877","7","iphash:2667391d","^0-=^3'/^7o^3!^0d^0=-^6","2","bot:/botfiles/jeditrainer.jkb","JediTrainer","0","10890","109","3","force","9","5","4","1","256","1","1","170",""
"878","7","iphash:2667391d","^0-=^3'/^7o^3!^0d^0=-^6","2","bot:/botfiles/jeditrainer.jkb","JediTrainer","0","10923","110","3","regen","10","1","4","1","256","1","1","-177",""
"879","7","iphash:2667391d","^0-=^3'/^7o^3!^0d^0=-^6","2","bot:/botfiles/jeditrainer.jkb","JediTrainer","0","10956","111","3","regen","10","1","4","1","256","1","1","-170",""
"880","7","iphash:2667391d","^0-=^3'/^7o^3!^0d^0=-^6","2","bot:/botfiles/jeditrainer.jkb","JediTrainer","0","10989","112","3","regen","10","1","4","1","256","1","1","-164",""
"881","7","iphash:2667391d","^0-=^3'/^7o^3!^0d^0=-^6","2","bot:/botfiles/jeditrainer.jkb","JediTrainer","0","11022","113","3","regen","10","1","4","1","256","1","1","179",""
"882","7","iphash:2667391d","^0-=^3'/^7o^3!^0d^0=-^6","2","bot:/botfiles/jeditrainer.jkb","JediTrainer","0","11055","114","3","regen","10","1","4","1","256","1","1","170",""
"883","7","iphash:2667391d","^0-=^3'/^7o^3!^0d^0=-^6","2","bot:/botfiles/jeditrainer.jkb","JediTrainer","0","11088","115","3","regen","10","1","4","1","256","1","1","170",""
"884","7","iphash:2667391d","^0-=^3'/^7o^3!^0d^0=-^6","2","bot:/botfiles/jeditrainer.jkb","JediTrainer","0","11121","116","3","regen","10","1","4","2","256","1","1","176",""
"885","7","iphash:2667391d","^0-=^3'/^7o^3!^0d^0=-^6","2","bot:/botfiles/jeditrainer.jkb","JediTrainer","0","11121","117","3","range","10","2","4","2","256","1","1","176",""
"886","7","iphash:2667391d","^0-=^3'/^7o^3!^0d^0=-^6","2","bot:/botfiles/jeditrainer.jkb","JediTrainer","0","11154","118","3","regen","10","1","4","2","256","1","1","-172",""
"887","7","iphash:2667391d","^0-=^3'/^7o^3!^0d^0=-^6","2","bot:/botfiles/jeditrainer.jkb","JediTrainer","0","11187","119","3","regen","10","1","4","2","0","1","1","-168",""
"888","7","iphash:2667391d","^0-=^3'/^7o^3!^0d^0=-^6","2","bot:/botfiles/jeditrainer.jkb","JediTrainer","0","11220","120","3","regen","10","1","4","2","0","1","1","-165",""
"889","7","iphash:2667391d","^0-=^3'/^7o^3!^0d^0=-^6","2","bot:/botfiles/jeditrainer.jkb","JediTrainer","0","11253","121","3","regen","10","1","4","2","0","1","1","-161",""
"890","7","iphash:2667391d","^0-=^3'/^7o^3!^0d^0=-^6","2","bot:/botfiles/jeditrainer.jkb","JediTrainer","0","11286","122","3","regen","10","1","4","2","0","1","1","-160",""
"891","7","iphash:2667391d","^0-=^3'/^7o^3!^0d^0=-^6","2","bot:/botfiles/jeditrainer.jkb","JediTrainer","0","11319","123","3","regen","10","1","4","2","0","1","1","-159",""
"892","7","iphash:2667391d","^0-=^3'/^7o^3!^0d^0=-^6","2","bot:/botfiles/jeditrainer.jkb","JediTrainer","0","11352","124","3","regen","10","1","4","2","0","1","1","-158",""
"893","7","iphash:2667391d","^0-=^3'/^7o^3!^0d^0=-^6","2","bot:/botfiles/jeditrainer.jkb","JediTrainer","0","11385","125","3","regen","10","1","4","2","2","1","1","-158",""
"894","7","iphash:2667391d","^0-=^3'/^7o^3!^0d^0=-^6","2","bot:/botfiles/jeditrainer.jkb","JediTrainer","0","11418","126","3","regen","10","1","4","2","2","1","1","-157",""
"895","7","iphash:2667391d","^0-=^3'/^7o^3!^0d^0=-^6","2","bot:/botfiles/jeditrainer.jkb","JediTrainer","0","11451","127","3","regen","10","1","4","2","2","1","1","-157",""
"896","7","iphash:2667391d","^0-=^3'/^7o^3!^0d^0=-^6","2","bot:/botfiles/jeditrainer.jkb","JediTrainer","0","11484","128","3","regen","10","1","4","2","2","1","1","-156",""
"897","8","iphash:2667391d","^0-=^3'/^7o^3!^0d^0=-^6","2","bot:/botfiles/easyds2.jkb","Shadowtrooper","0","33","1","0","air","10","0","0","3","256","0","0","-4","landed"
"898","8","iphash:2667391d","^0-=^3'/^7o^3!^0d^0=-^6","2","bot:/botfiles/easyds2.jkb","Shadowtrooper","0","1221","2","0","air","10","1","0","3","256","1","1","-18","airborne"
"899","8","iphash:2667391d","^0-=^3'/^7o^3!^0d^0=-^6","2","bot:/botfiles/easyds2.jkb","Shadowtrooper","0","2145","3","0","air","10","0","0","3","256","1","1","-58","landed"
"900","8","iphash:2667391d","^0-=^3'/^7o^3!^0d^0=-^6","2","bot:/botfiles/easyds2.jkb","Shadowtrooper","0","2211","4","0","air","10","1","0","3","256","1","1","-60","airborne"
"901","8","iphash:2667391d","^0-=^3'/^7o^3!^0d^0=-^6","2","bot:/botfiles/luke.jkb","Chewbacca","0","3333","5","0","range","10","2","0","2","256","1","1","-174",""
"902","8","iphash:2667391d","^0-=^3'/^7o^3!^0d^0=-^6","2","bot:/botfiles/luke.jkb","Chewbacca","0","3498","6","0","air","10","0","0","2","256","1","1","-158","landed"
"903","8","iphash:2667391d","^0-=^3'/^7o^3!^0d^0=-^6","2","bot:/botfiles/luke.jkb","Chewbacca","0","4554","7","0","damage","10","30","2","1","256","1","1","-155","saberthrow"
"904","8","iphash:2667391d","^0-=^3'/^7o^3!^0d^0=-^6","2","bot:/botfiles/luke.jkb","Chewbacca","0","4554","8","0","range","10","1","2","1","256","1","1","-155",""
"905","8","iphash:2667391d","^0-=^3'/^7o^3!^0d^0=-^6","2","bot:/botfiles/luke.jkb","Chewbacca","0","4719","9","0","air","10","1","2","1","256","1","1","-107","airborne"
"906","8","iphash:2667391d","^0-=^3'/^7o^3!^0d^0=-^6","2","bot:/botfiles/luke.jkb","Chewbacca","0","4785","10","1","counter_success","10","1","2","1","256","1","1","-113","counter"
"907","8","iphash:2667391d","^0-=^3'/^7o^3!^0d^0=-^6","2","bot:/botfiles/luke.jkb","Chewbacca","0","4785","11","1","saber_return_punish","10","1","2","1","256","1","1","-113","return"
"908","8","iphash:2667391d","^0-=^3'/^7o^3!^0d^0=-^6","2","bot:/botfiles/luke.jkb","Chewbacca","0","4785","12","1","air","10","0","2","1","256","1","1","-113","landed"
"909","8","iphash:2667391d","^0-=^3'/^7o^3!^0d^0=-^6","2","bot:/botfiles/luke.jkb","Chewbacca","0","5181","13","1","attack_start","10","1","2","1","257","66","1","31","attack"
"910","8","iphash:2667391d","^0-=^3'/^7o^3!^0d^0=-^6","2","bot:/botfiles/luke.jkb","Chewbacca","0","5280","14","1","range","10","2","2","2","257","66","1","-28",""
"911","8","iphash:2667391d","^0-=^3'/^7o^3!^0d^0=-^6","2","bot:/botfiles/luke.jkb","Chewbacca","0","5445","15","1","attack_chain","10","8","2","2","257","8","1","3","chain"
"912","8","iphash:2667391d","^0-=^3'/^7o^3!^0d^0=-^6","2","bot:/botfiles/luke.jkb","Chewbacca","0","5808","16","1","attack_chain","10","4","2","2","257","4","1","152","chain"
"913","8","iphash:2667391d","^0-=^3'/^7o^3!^0d^0=-^6","2","bot:/botfiles/luke.jkb","Chewbacca","0","5874","17","1","punish_success","10","30","0","1","257","4","1","160","punish"
"914","8","iphash:2667391d","^0-=^3'/^7o^3!^0d^0=-^6","2","bot:/botfiles/luke.jkb","Chewbacca","0","5874","18","1","saber_return_punish","10","30","0","1","257","4","1","160","return"
"915","8","iphash:2667391d","^0-=^3'/^7o^3!^0d^0=-^6","2","bot:/botfiles/luke.jkb","Chewbacca","0","5874","19","1","range","10","1","0","1","257","4","1","160",""
"916","8","iphash:2667391d","^0-=^3'/^7o^3!^0d^0=-^6","2","bot:/botfiles/luke.jkb","Chewbacca","0","5874","20","1","air","10","1","0","1","257","4","1","160","airborne"
"917","8","iphash:2667391d","^0-=^3'/^7o^3!^0d^0=-^6","2","bot:/botfiles/luke.jkb","Chewbacca","0","5907","21","1","damage","10","30","2","1","257","4","1","169","saberthrow"
"918","8","iphash:2667391d","^0-=^3'/^7o^3!^0d^0=-^6","2","bot:/botfiles/luke.jkb","Chewbacca","0","5973","22","1","damage","10","20","2","1","257","4","1","178","saberthrow"
"919","8","iphash:2667391d","^0-=^3'/^7o^3!^0d^0=-^6","2","bot:/botfiles/luke.jkb","Chewbacca","0","6072","23","1","range","10","2","2","2","257","4","1","160",""
"920","8","iphash:2667391d","^0-=^3'/^7o^3!^0d^0=-^6","2","bot:/botfiles/luke.jkb","Chewbacca","0","6633","24","1","range","10","3","2","3","256","73","1","169",""
"921","8","iphash:2667391d","^0-=^3'/^7o^3!^0d^0=-^6","2","bot:/botfiles/luke.jkb","Chewbacca","0","6666","25","1","air","10","0","2","3","256","73","1","173","landed"
"922","8","iphash:2667391d","^0-=^3'/^7o^3!^0d^0=-^6","2","bot:/botfiles/luke.jkb","Chewbacca","0","6864","26","1","force","9","5","2","3","2304","1","1","172",""
"923","8","iphash:2667391d","^0-=^3'/^7o^3!^0d^0=-^6","2","bot:/botfiles/luke.jkb","Chewbacca","0","6897","27","1","force","9","5","2","3","2304","1","1","174",""
"924","8","iphash:2667391d","^0-=^3'/^7o^3!^0d^0=-^6","2","bot:/botfiles/luke.jkb","Chewbacca","0","6963","28","1","force","9","5","2","3","2304","1","1","-179",""
"925","8","iphash:2667391d","^0-=^3'/^7o^3!^0d^0=-^6","2","bot:/botfiles/luke.jkb","Chewbacca","0","6996","29","1","force","9","5","2","3","2304","1","1","-174",""
"926","8","iphash:2667391d","^0-=^3'/^7o^3!^0d^0=-^6","2","bot:/botfiles/luke.jkb","Chewbacca","0","7062","30","1","force","9","5","2","3","2304","1","1","-156",""
"927","8","iphash:2667391d","^0-=^3'/^7o^3!^0d^0=-^6","2","bot:/botfiles/luke.jkb","Chewbacca","0","7227","31","1","range","10","2","4","2","256","1","1","-164",""
"928","8","iphash:2667391d","^0-=^3'/^7o^3!^0d^0=-^6","2","bot:/botfiles/luke.jkb","Chewbacca","0","7590","32","1","regen","10","1","4","2","256","1","1","173",""
"929","8","iphash:2667391d","^0-=^3'/^7o^3!^0d^0=-^6","2","bot:/botfiles/luke.jkb","Chewbacca","0","7623","33","1","regen","10","1","4","2","256","1","1","172",""
"930","8","iphash:2667391d","^0-=^3'/^7o^3!^0d^0=-^6","2","bot:/botfiles/luke.jkb","Chewbacca","0","7656","34","1","regen","10","1","4","2","256","1","1","172",""
"931","8","iphash:2667391d","^0-=^3'/^7o^3!^0d^0=-^6","2","bot:/botfiles/luke.jkb","Chewbacca","0","7689","35","1","regen","10","1","4","2","256","1","1","172",""
"932","8","iphash:2667391d","^0-=^3'/^7o^3!^0d^0=-^6","2","bot:/botfiles/luke.jkb","Chewbacca","0","7722","36","1","regen","10","1","4","2","256","1","1","173",""
"933","8","iphash:2667391d","^0-=^3'/^7o^3!^0d^0=-^6","2","bot:/botfiles/luke.jkb","Chewbacca","0","7755","37","1","regen","10","1","4","2","256","1","1","171",""
"934","8","iphash:2667391d","^0-=^3'/^7o^3!^0d^0=-^6","2","bot:/botfiles/luke.jkb","Chewbacca","0","7788","38","1","regen","10","1","4","2","256","1","1","167",""
"935","8","iphash:2667391d","^0-=^3'/^7o^3!^0d^0=-^6","2","bot:/botfiles/luke.jkb","Chewbacca","0","7821","39","1","regen","10","1","4","2","256","1","1","166",""
"936","8","iphash:2667391d","^0-=^3'/^7o^3!^0d^0=-^6","2","bot:/botfiles/luke.jkb","Chewbacca","0","7854","40","1","regen","10","1","4","2","256","1","1","161",""
"937","8","iphash:2667391d","^0-=^3'/^7o^3!^0d^0=-^6","2","bot:/botfiles/luke.jkb","Chewbacca","0","7887","41","1","regen","10","1","4","2","256","1","1","161",""
"938","8","iphash:2667391d","^0-=^3'/^7o^3!^0d^0=-^6","2","bot:/botfiles/luke.jkb","Chewbacca","0","7920","42","1","regen","10","1","4","2","256","1","1","156",""
"939","8","iphash:2667391d","^0-=^3'/^7o^3!^0d^0=-^6","2","bot:/botfiles/luke.jkb","Chewbacca","0","7920","43","1","air","10","1","4","2","256","1","1","156","airborne"
"940","8","iphash:2667391d","^0-=^3'/^7o^3!^0d^0=-^6","2","bot:/botfiles/luke.jkb","Chewbacca","0","7953","44","1","regen","10","1","4","2","256","1","1","153",""
"941","8","iphash:2667391d","^0-=^3'/^7o^3!^0d^0=-^6","2","bot:/botfiles/luke.jkb","Chewbacca","0","7986","45","2","attack_start","10","128","4","2","384","1","1","152","alt"
"942","8","iphash:2667391d","^0-=^3'/^7o^3!^0d^0=-^6","2","bot:/botfiles/luke.jkb","Chewbacca","0","7986","46","2","force_to_saber","10","1","4","2","384","1","1","152","force_to_saber"
"943","8","iphash:2667391d","^0-=^3'/^7o^3!^0d^0=-^6","2","bot:/botfiles/luke.jkb","Chewbacca","0","7986","47","2","force","9","20","4","2","384","1","1","152",""
"944","8","iphash:2667391d","^0-=^3'/^7o^3!^0d^0=-^6","2","bot:/botfiles/luke.jkb","Chewbacca","0","8118","48","2","range","10","1","4","1","384","1","1","146",""
"945","8","iphash:2667391d","^0-=^3'/^7o^3!^0d^0=-^6","2","bot:/botfiles/luke.jkb","Chewbacca","0","8481","49","2","range","10","2","2","2","384","1","155","82",""
"946","8","iphash:2667391d","^0-=^3'/^7o^3!^0d^0=-^6","2","bot:/botfiles/luke.jkb","Chewbacca","0","8547","50","2","regen","10","1","2","2","384","1","155","75",""
"947","8","iphash:2667391d","^0-=^3'/^7o^3!^0d^0=-^6","2","bot:/botfiles/luke.jkb","Chewbacca","0","8580","51","2","regen","10","1","2","2","384","1","155","101",""
"948","8","iphash:2667391d","^0-=^3'/^7o^3!^0d^0=-^6","2","bot:/botfiles/luke.jkb","Chewbacca","0","8613","52","2","regen","10","1","2","2","384","1","155","134",""
"949","8","iphash:2667391d","^0-=^3'/^7o^3!^0d^0=-^6","2","bot:/botfiles/luke.jkb","Chewbacca","0","8646","53","2","regen","10","1","2","2","384","1","155","163",""
"950","8","iphash:2667391d","^0-=^3'/^7o^3!^0d^0=-^6","2","bot:/botfiles/luke.jkb","Chewbacca","0","8679","54","2","regen","10","1","2","2","384","1","155","-177",""
"951","8","iphash:2667391d","^0-=^3'/^7o^3!^0d^0=-^6","2","bot:/botfiles/luke.jkb","Chewbacca","0","8712","55","2","regen","10","1","2","2","384","1","1","-171",""
"952","8","iphash:2667391d","^0-=^3'/^7o^3!^0d^0=-^6","2","bot:/botfiles/luke.jkb","Chewbacca","0","8712","56","2","air","10","0","2","2","384","1","1","-171","landed"
"953","8","iphash:2667391d","^0-=^3'/^7o^3!^0d^0=-^6","2","bot:/botfiles/luke.jkb","Chewbacca","0","8745","57","2","regen","10","1","2","2","384","1","1","-175",""
"954","8","iphash:2667391d","^0-=^3'/^7o^3!^0d^0=-^6","2","bot:/botfiles/luke.jkb","Chewbacca","0","8778","58","2","regen","10","1","2","2","384","1","1","-178",""
"955","8","iphash:2667391d","^0-=^3'/^7o^3!^0d^0=-^6","2","bot:/botfiles/luke.jkb","Chewbacca","0","8811","59","2","regen","10","1","2","2","384","1","1","174",""
"956","8","iphash:2667391d","^0-=^3'/^7o^3!^0d^0=-^6","2","bot:/botfiles/luke.jkb","Chewbacca","0","8844","60","2","regen","10","1","2","2","384","1","1","166",""
"957","8","iphash:2667391d","^0-=^3'/^7o^3!^0d^0=-^6","2","bot:/botfiles/luke.jkb","Chewbacca","0","8877","61","2","force","9","20","2","2","384","1","1","162",""
"958","8","iphash:2667391d","^0-=^3'/^7o^3!^0d^0=-^6","2","bot:/botfiles/luke.jkb","Chewbacca","0","8910","62","2","force","9","4","2","2","384","1","1","162",""
"959","8","iphash:2667391d","^0-=^3'/^7o^3!^0d^0=-^6","2","bot:/botfiles/luke.jkb","Chewbacca","0","8976","63","2","air","10","1","2","2","384","1","1","170","airborne"
"960","8","iphash:2667391d","^0-=^3'/^7o^3!^0d^0=-^6","2","bot:/botfiles/luke.jkb","Chewbacca","0","9306","64","2","air","10","0","2","2","384","1","1","175","landed"
"961","8","iphash:2667391d","^0-=^3'/^7o^3!^0d^0=-^6","2","bot:/botfiles/luke.jkb","Chewbacca","0","10098","65","2","regen","10","1","2","2","384","1","0","-175",""
"962","8","iphash:2667391d","^0-=^3'/^7o^3!^0d^0=-^6","2","bot:/botfiles/luke.jkb","Chewbacca","0","10131","66","2","regen","10","1","2","2","384","1","0","-175",""
"963","8","iphash:2667391d","^0-=^3'/^7o^3!^0d^0=-^6","2","bot:/botfiles/luke.jkb","Chewbacca","0","10164","67","2","regen","10","1","2","2","384","1","0","-172",""
"964","8","iphash:2667391d","^0-=^3'/^7o^3!^0d^0=-^6","2","bot:/botfiles/luke.jkb","Chewbacca","0","10197","68","2","regen","10","1","2","2","384","1","0","-170",""
"965","8","iphash:2667391d","^0-=^3'/^7o^3!^0d^0=-^6","2","bot:/botfiles/luke.jkb","Chewbacca","0","10230","69","2","regen","10","1","2","2","384","1","0","-169",""
"966","8","iphash:2667391d","^0-=^3'/^7o^3!^0d^0=-^6","2","bot:/botfiles/luke.jkb","Chewbacca","0","10263","70","2","regen","10","1","2","2","384","1","0","-169",""
"967","8","iphash:2667391d","^0-=^3'/^7o^3!^0d^0=-^6","2","bot:/botfiles/luke.jkb","Chewbacca","0","10296","71","2","regen","10","1","2","2","384","1","0","-175",""
"968","8","iphash:2667391d","^0-=^3'/^7o^3!^0d^0=-^6","2","bot:/botfiles/luke.jkb","Chewbacca","0","10329","72","2","regen","10","1","2","2","384","1","0","179",""
"969","8","iphash:2667391d","^0-=^3'/^7o^3!^0d^0=-^6","2","bot:/botfiles/luke.jkb","Chewbacca","0","10362","73","2","regen","10","1","2","2","384","1","0","176",""
"970","8","iphash:2667391d","^0-=^3'/^7o^3!^0d^0=-^6","2","bot:/botfiles/luke.jkb","Chewbacca","0","10395","74","2","regen","10","1","2","2","384","1","0","175",""
"971","8","iphash:2667391d","^0-=^3'/^7o^3!^0d^0=-^6","2","bot:/botfiles/luke.jkb","Chewbacca","0","10428","75","2","force","9","20","2","2","384","1","0","175",""
"972","8","iphash:2667391d","^0-=^3'/^7o^3!^0d^0=-^6","2","bot:/botfiles/luke.jkb","Chewbacca","0","10791","76","2","air","10","1","2","2","384","1","0","-171","airborne"
"973","8","iphash:2667391d","^0-=^3'/^7o^3!^0d^0=-^6","2","bot:/botfiles/luke.jkb","Chewbacca","0","11418","77","2","regen","10","1","2","1","256","1","156","179",""
"974","8","iphash:2667391d","^0-=^3'/^7o^3!^0d^0=-^6","2","bot:/botfiles/luke.jkb","Chewbacca","0","11418","78","2","range","10","1","2","1","256","1","156","179",""
"975","8","iphash:2667391d","^0-=^3'/^7o^3!^0d^0=-^6","2","bot:/botfiles/luke.jkb","Chewbacca","0","11451","79","2","regen","10","1","2","1","256","1","156","-172",""
"976","8","iphash:2667391d","^0-=^3'/^7o^3!^0d^0=-^6","2","bot:/botfiles/luke.jkb","Chewbacca","0","11484","80","2","regen","10","1","2","1","256","1","156","-157",""
"977","8","iphash:2667391d","^0-=^3'/^7o^3!^0d^0=-^6","2","bot:/botfiles/luke.jkb","Chewbacca","0","11517","81","2","regen","10","1","2","1","256","1","156","-140",""
"978","8","iphash:2667391d","^0-=^3'/^7o^3!^0d^0=-^6","2","bot:/botfiles/luke.jkb","Chewbacca","0","11550","82","2","force","9","19","2","1","256","1","156","-124",""
"979","8","iphash:2667391d","^0-=^3'/^7o^3!^0d^0=-^6","2","bot:/botfiles/luke.jkb","Chewbacca","0","11583","83","2","regen","10","1","2","1","256","1","156","-108",""
"980","8","iphash:2667391d","^0-=^3'/^7o^3!^0d^0=-^6","2","bot:/botfiles/luke.jkb","Chewbacca","0","11583","84","2","air","10","0","2","1","256","1","156","-108","landed"
"981","8","iphash:2667391d","^0-=^3'/^7o^3!^0d^0=-^6","2","bot:/botfiles/luke.jkb","Chewbacca","0","11616","85","2","regen","10","1","2","1","256","1","156","-98",""
"982","8","iphash:2667391d","^0-=^3'/^7o^3!^0d^0=-^6","2","bot:/botfiles/luke.jkb","Chewbacca","0","11649","86","2","regen","10","1","2","1","256","1","156","-109",""
"983","8","iphash:2667391d","^0-=^3'/^7o^3!^0d^0=-^6","2","bot:/botfiles/luke.jkb","Chewbacca","0","11649","87","2","air","10","1","2","1","256","1","156","-109","airborne"
"984","8","iphash:2667391d","^0-=^3'/^7o^3!^0d^0=-^6","2","bot:/botfiles/luke.jkb","Chewbacca","0","11682","88","2","regen","10","1","2","1","256","1","1","-116",""
"985","8","iphash:2667391d","^0-=^3'/^7o^3!^0d^0=-^6","2","bot:/botfiles/luke.jkb","Chewbacca","0","11715","89","2","regen","10","1","2","1","256","1","1","-114",""
"986","8","iphash:2667391d","^0-=^3'/^7o^3!^0d^0=-^6","2","bot:/botfiles/luke.jkb","Chewbacca","0","11748","90","2","force","9","4","2","1","256","1","1","-114",""
"987","8","iphash:2667391d","^0-=^3'/^7o^3!^0d^0=-^6","2","bot:/botfiles/luke.jkb","Chewbacca","0","11781","91","2","force","9","4","3","1","256","1","1","-112",""
"988","8","iphash:2667391d","^0-=^3'/^7o^3!^0d^0=-^6","2","bot:/botfiles/luke.jkb","Chewbacca","0","11814","92","2","range","10","2","3","2","256","1","1","-109",""
"989","8","iphash:2667391d","^0-=^3'/^7o^3!^0d^0=-^6","2","bot:/botfiles/luke.jkb","Chewbacca","0","11847","93","2","force","9","4","3","2","256","1","1","-109",""
"990","8","iphash:2667391d","^0-=^3'/^7o^3!^0d^0=-^6","2","bot:/botfiles/luke.jkb","Chewbacca","0","11880","94","2","force","9","4","3","2","256","1","1","-112",""
"991","8","iphash:2667391d","^0-=^3'/^7o^3!^0d^0=-^6","2","bot:/botfiles/luke.jkb","Chewbacca","0","11946","95","2","force","9","4","3","2","256","1","1","-138",""
"992","8","iphash:2667391d","^0-=^3'/^7o^3!^0d^0=-^6","2","bot:/botfiles/luke.jkb","Chewbacca","0","11979","96","2","force","9","4","3","2","256","1","1","-159",""
"993","8","iphash:2667391d","^0-=^3'/^7o^3!^0d^0=-^6","2","bot:/botfiles/luke.jkb","Chewbacca","0","12045","97","2","force","9","4","3","2","256","1","1","171",""
"994","8","iphash:2667391d","^0-=^3'/^7o^3!^0d^0=-^6","2","bot:/botfiles/luke.jkb","Chewbacca","0","12078","98","2","force","9","4","3","2","256","1","1","167",""
"995","8","iphash:2667391d","^0-=^3'/^7o^3!^0d^0=-^6","2","bot:/botfiles/luke.jkb","Chewbacca","0","12144","99","2","force","9","1","3","2","256","1","1","164",""
"996","8","iphash:2667391d","^0-=^3'/^7o^3!^0d^0=-^6","2","bot:/botfiles/luke.jkb","Chewbacca","0","12507","100","2","air","10","0","3","2","256","1","1","173","landed"
"997","8","iphash:2667391d","^0-=^3'/^7o^3!^0d^0=-^6","2","bot:/botfiles/luke.jkb","Chewbacca","0","12540","101","3","attack_start","10","1","3","2","257","63","1","178","attack"
"998","8","iphash:2667391d","^0-=^3'/^7o^3!^0d^0=-^6","2","bot:/botfiles/luke.jkb","Chewbacca","0","12540","102","3","force_to_saber","10","63","3","2","257","63","1","178","force_to_saber"
"999","8","iphash:2667391d","^0-=^3'/^7o^3!^0d^0=-^6","2","bot:/botfiles/luke.jkb","Chewbacca","0","12606","103","3","air","10","1","3","2","257","63","1","-143","airborne"
"1000","8","iphash:2667391d","^0-=^3'/^7o^3!^0d^0=-^6","2","bot:/botfiles/luke.jkb","Chewbacca","0","12804","104","3","attack_chain","10","5","3","2","257","5","1","172","chain"
"1001","8","iphash:2667391d","^0-=^3'/^7o^3!^0d^0=-^6","2","bot:/botfiles/luke.jkb","Chewbacca","0","12936","105","3","regen","10","1","3","2","257","5","1","137",""
"1002","8","iphash:2667391d","^0-=^3'/^7o^3!^0d^0=-^6","2","bot:/botfiles/luke.jkb","Chewbacca","0","12969","106","3","regen","10","1","3","2","257","5","1","119",""
"1003","8","iphash:2667391d","^0-=^3'/^7o^3!^0d^0=-^6","2","bot:/botfiles/luke.jkb","Chewbacca","0","13002","107","3","regen","10","1","3","1","257","5","1","101",""
"1004","8","iphash:2667391d","^0-=^3'/^7o^3!^0d^0=-^6","2","bot:/botfiles/luke.jkb","Chewbacca","0","13002","108","3","range","10","1","3","1","257","5","1","101",""
"1005","8","iphash:2667391d","^0-=^3'/^7o^3!^0d^0=-^6","2","bot:/botfiles/luke.jkb","Chewbacca","0","13035","109","3","regen","10","1","3","1","257","5","1","107",""
"1006","8","iphash:2667391d","^0-=^3'/^7o^3!^0d^0=-^6","2","bot:/botfiles/luke.jkb","Chewbacca","0","13068","110","3","regen","10","1","3","1","257","5","1","93",""
"1007","8","iphash:2667391d","^0-=^3'/^7o^3!^0d^0=-^6","2","bot:/botfiles/luke.jkb","Chewbacca","0","13068","111","3","air","10","0","3","1","257","5","1","93","landed"
"1008","8","iphash:2667391d","^0-=^3'/^7o^3!^0d^0=-^6","2","bot:/botfiles/luke.jkb","Chewbacca","0","13101","112","3","attack_chain","10","8","3","1","257","8","1","100","chain"
"1009","8","iphash:2667391d","^0-=^3'/^7o^3!^0d^0=-^6","2","bot:/botfiles/luke.jkb","Chewbacca","0","13101","113","3","regen","10","1","3","1","257","8","1","100",""
"1010","8","iphash:2667391d","^0-=^3'/^7o^3!^0d^0=-^6","2","bot:/botfiles/luke.jkb","Chewbacca","0","13134","114","3","regen","10","1","3","1","257","8","1","121",""
"1011","8","iphash:2667391d","^0-=^3'/^7o^3!^0d^0=-^6","2","bot:/botfiles/luke.jkb","Chewbacca","0","13167","115","3","regen","10","1","3","1","257","8","1","179",""
"1012","8","iphash:2667391d","^0-=^3'/^7o^3!^0d^0=-^6","2","bot:/botfiles/luke.jkb","Chewbacca","0","13200","116","3","regen","10","1","3","1","257","8","1","-142",""
"1013","8","iphash:2667391d","^0-=^3'/^7o^3!^0d^0=-^6","2","bot:/botfiles/luke.jkb","Chewbacca","0","13233","117","3","regen","10","1","3","1","257","8","1","-127",""
"1014","8","iphash:2667391d","^0-=^3'/^7o^3!^0d^0=-^6","2","bot:/botfiles/luke.jkb","Chewbacca","0","13266","118","3","regen","10","1","3","1","257","8","1","-109",""
"1015","8","iphash:2667391d","^0-=^3'/^7o^3!^0d^0=-^6","2","bot:/botfiles/luke.jkb","Chewbacca","0","13299","119","3","regen","10","1","3","1","257","8","1","-89",""
"1016","8","iphash:2667391d","^0-=^3'/^7o^3!^0d^0=-^6","2","bot:/botfiles/luke.jkb","Chewbacca","0","13332","120","3","regen","10","1","3","1","257","8","1","-69",""
"1017","8","iphash:2667391d","^0-=^3'/^7o^3!^0d^0=-^6","2","bot:/botfiles/luke.jkb","Chewbacca","0","13365","121","3","regen","10","1","3","1","257","8","1","-22",""
"1018","8","iphash:2667391d","^0-=^3'/^7o^3!^0d^0=-^6","2","bot:/botfiles/luke.jkb","Chewbacca","0","13398","122","3","attack_chain","10","5","3","1","257","5","1","5","chain"
"1019","8","iphash:2667391d","^0-=^3'/^7o^3!^0d^0=-^6","2","bot:/botfiles/luke.jkb","Chewbacca","0","13398","123","3","regen","10","1","3","1","257","5","1","5",""
"1020","8","iphash:2667391d","^0-=^3'/^7o^3!^0d^0=-^6","2","bot:/botfiles/luke.jkb","Chewbacca","0","13431","124","3","regen","10","1","3","1","257","5","1","13",""
"1021","8","iphash:2667391d","^0-=^3'/^7o^3!^0d^0=-^6","2","bot:/botfiles/luke.jkb","Chewbacca","0","13464","125","3","regen","10","1","3","1","257","5","1","10",""
"1022","8","iphash:2667391d","^0-=^3'/^7o^3!^0d^0=-^6","2","bot:/botfiles/luke.jkb","Chewbacca","0","13497","126","3","regen","10","1","3","1","257","5","1","-2",""
"1023","8","iphash:2667391d","^0-=^3'/^7o^3!^0d^0=-^6","2","bot:/botfiles/luke.jkb","Chewbacca","0","13530","127","3","regen","10","1","3","1","257","5","1","-31",""
"1024","8","iphash:2667391d","^0-=^3'/^7o^3!^0d^0=-^6","2","bot:/botfiles/luke.jkb","Chewbacca","0","13563","128","3","regen","10","1","3","1","257","5","1","-44",""
"1025","9","iphash:2667391d","^0-=^3'/^7o^3!^0d^0=-^6","2","bot:/botfiles/mediumds.jkb","Gran","0","33","1","0","air","10","0","0","3","0","0","0","-65","landed"
"1026","9","iphash:2667391d","^0-=^3'/^7o^3!^0d^0=-^6","2","bot:/botfiles/mediumds.jkb","Gran","0","1782","2","0","air","10","1","0","3","256","1","1","-55","airborne"
"1027","9","iphash:2667391d","^0-=^3'/^7o^3!^0d^0=-^6","2","bot:/botfiles/mediumds.jkb","Gran","0","3729","3","0","air","10","0","0","3","0","1","1","-107","landed"
"1028","9","iphash:2667391d","^0-=^3'/^7o^3!^0d^0=-^6","2","bot:/botfiles/mediumds.jkb","Gran","0","6138","4","0","air","10","1","0","3","256","1","1","-168","airborne"
"1029","9","iphash:2667391d","^0-=^3'/^7o^3!^0d^0=-^6","2","bot:/botfiles/mediumds.jkb","Gran","0","6237","5","0","force","9","6","0","3","256","1","1","-171",""
"1030","9","iphash:2667391d","^0-=^3'/^7o^3!^0d^0=-^6","2","bot:/botfiles/mediumds.jkb","Gran","0","6534","6","0","force","9","4","0","3","256","1","1","177",""
"1031","9","iphash:2667391d","^0-=^3'/^7o^3!^0d^0=-^6","2","bot:/botfiles/easyds2.jkb","Swamptrooper","0","7359","7","0","regen","10","1","0","3","256","1","1","136",""
"1032","9","iphash:2667391d","^0-=^3'/^7o^3!^0d^0=-^6","2","bot:/botfiles/easyds2.jkb","Swamptrooper","0","7359","8","0","air","10","0","0","3","256","1","1","136","landed"
"1033","9","iphash:2667391d","^0-=^3'/^7o^3!^0d^0=-^6","2","bot:/botfiles/easyds2.jkb","Swamptrooper","0","7392","9","0","regen","10","1","0","3","256","1","1","133",""
"1034","9","iphash:2667391d","^0-=^3'/^7o^3!^0d^0=-^6","2","bot:/botfiles/easyds2.jkb","Swamptrooper","0","7392","10","0","air","10","1","0","3","256","1","1","133","airborne"
"1035","9","iphash:2667391d","^0-=^3'/^7o^3!^0d^0=-^6","2","bot:/botfiles/easyds2.jkb","Swamptrooper","0","7425","11","0","regen","10","1","0","3","256","1","1","132",""
"1036","9","iphash:2667391d","^0-=^3'/^7o^3!^0d^0=-^6","2","bot:/botfiles/easyds2.jkb","Swamptrooper","0","7458","12","0","regen","10","1","0","3","256","1","1","131",""
"1037","9","iphash:2667391d","^0-=^3'/^7o^3!^0d^0=-^6","2","bot:/botfiles/easyds2.jkb","Swamptrooper","0","7491","13","0","regen","10","1","0","3","256","1","1","130",""
"1038","9","iphash:2667391d","^0-=^3'/^7o^3!^0d^0=-^6","2","bot:/botfiles/easyds2.jkb","Swamptrooper","0","7524","14","0","regen","10","1","0","3","256","1","1","131",""
"1039","9","iphash:2667391d","^0-=^3'/^7o^3!^0d^0=-^6","2","bot:/botfiles/easyds2.jkb","Swamptrooper","0","7557","15","0","regen","10","1","0","3","256","1","1","132",""
"1040","9","iphash:2667391d","^0-=^3'/^7o^3!^0d^0=-^6","2","bot:/botfiles/easyds2.jkb","Swamptrooper","0","7590","16","0","regen","10","1","0","3","256","1","1","131",""
"1041","9","iphash:2667391d","^0-=^3'/^7o^3!^0d^0=-^6","2","bot:/botfiles/easyds2.jkb","Swamptrooper","0","7623","17","0","regen","10","1","0","3","256","1","1","129",""
"1042","9","iphash:2667391d","^0-=^3'/^7o^3!^0d^0=-^6","2","bot:/botfiles/easyds2.jkb","Swamptrooper","0","7656","18","0","regen","10","1","0","3","256","1","1","124",""
"1043","9","iphash:2667391d","^0-=^3'/^7o^3!^0d^0=-^6","2","bot:/botfiles/easyds2.jkb","Swamptrooper","0","8019","19","0","range","10","2","0","2","256","1","1","111",""
"1044","9","iphash:2667391d","^0-=^3'/^7o^3!^0d^0=-^6","2","bot:/botfiles/easyds2.jkb","Swamptrooper","0","8184","20","0","air","10","0","0","2","256","1","1","111","landed"
"1045","9","iphash:2667391d","^0-=^3'/^7o^3!^0d^0=-^6","2","bot:/botfiles/easyds2.jkb","Swamptrooper","0","8250","21","1","attack_start","10","1","0","2","257","66","1","103","attack"
"1046","9","iphash:2667391d","^0-=^3'/^7o^3!^0d^0=-^6","2","bot:/botfiles/easyds2.jkb","Swamptrooper","0","8415","22","1","air","10","1","0","2","257","66","1","31","airborne"
"1047","9","iphash:2667391d","^0-=^3'/^7o^3!^0d^0=-^6","2","bot:/botfiles/easyds2.jkb","Swamptrooper","0","8481","23","1","attack_chain","10","8","0","2","257","8","1","31","chain"
"1048","9","iphash:2667391d","^0-=^3'/^7o^3!^0d^0=-^6","2","bot:/botfiles/easyds2.jkb","Swamptrooper","0","8646","24","1","air","10","0","0","2","257","8","1","79","landed"
"1049","9","iphash:2667391d","^0-=^3'/^7o^3!^0d^0=-^6","2","bot:/botfiles/easyds2.jkb","Swamptrooper","0","8910","25","1","attack_chain","10","4","0","1","257","4","1","70","chain"
"1050","9","iphash:2667391d","^0-=^3'/^7o^3!^0d^0=-^6","2","bot:/botfiles/easyds2.jkb","Swamptrooper","0","8910","26","1","range","10","1","0","1","257","4","1","70",""
"1051","9","iphash:2667391d","^0-=^3'/^7o^3!^0d^0=-^6","2","bot:/botfiles/easyds2.jkb","Swamptrooper","0","9834","27","1","range","10","2","0","2","256","73","1","-27",""
"1052","9","iphash:2667391d","^0-=^3'/^7o^3!^0d^0=-^6","2","bot:/botfiles/easyds2.jkb","Swamptrooper","0","9867","28","1","range","10","1","0","1","256","73","1","-23",""
"1053","9","iphash:2667391d","^0-=^3'/^7o^3!^0d^0=-^6","2","bot:/botfiles/easyds2.jkb","Swamptrooper","0","9900","29","1","range","10","2","0","2","320","73","1","-21",""
"1054","9","iphash:2667391d","^0-=^3'/^7o^3!^0d^0=-^6","2","bot:/botfiles/easyds2.jkb","Swamptrooper","0","10032","30","1","force","9","31","2","2","320","1","1","-10",""
"1055","9","iphash:2667391d","^0-=^3'/^7o^3!^0d^0=-^6","2","bot:/botfiles/easyds2.jkb","Swamptrooper","0","10065","31","1","range","10","1","2","1","320","1","1","0",""
"1056","9","iphash:2667391d","^0-=^3'/^7o^3!^0d^0=-^6","2","bot:/botfiles/easyds2.jkb","Swamptrooper","0","10164","32","1","force","9","1","2","1","320","1","1","0",""
"1057","9","iphash:2667391d","^0-=^3'/^7o^3!^0d^0=-^6","2","bot:/botfiles/easyds2.jkb","Swamptrooper","0","10296","33","1","force","9","1","2","1","320","1","1","-39",""
"1058","9","iphash:2667391d","^0-=^3'/^7o^3!^0d^0=-^6","2","bot:/botfiles/easyds2.jkb","Swamptrooper","0","10428","34","1","force","9","1","2","1","320","1","1","-75",""
"1059","9","iphash:2667391d","^0-=^3'/^7o^3!^0d^0=-^6","2","bot:/botfiles/easyds2.jkb","Swamptrooper","0","10527","35","1","force","9","6","2","1","320","1","1","-95",""
"1060","9","iphash:2667391d","^0-=^3'/^7o^3!^0d^0=-^6","2","bot:/botfiles/easyds2.jkb","Swamptrooper","0","10527","36","1","air","10","1","2","1","320","1","1","-95","airborne"
"1061","9","iphash:2667391d","^0-=^3'/^7o^3!^0d^0=-^6","2","bot:/botfiles/easyds2.jkb","Swamptrooper","0","10560","37","1","force","9","1","2","1","320","1","1","-100",""
"1062","9","iphash:2667391d","^0-=^3'/^7o^3!^0d^0=-^6","2","bot:/botfiles/easyds2.jkb","Swamptrooper","0","10692","38","1","force","9","1","2","1","320","1","1","-100",""
"1063","9","iphash:2667391d","^0-=^3'/^7o^3!^0d^0=-^6","2","bot:/botfiles/easyds2.jkb","Swamptrooper","0","10824","39","1","force","9","1","2","2","320","1","1","-6",""
"1064","9","iphash:2667391d","^0-=^3'/^7o^3!^0d^0=-^6","2","bot:/botfiles/easyds2.jkb","Swamptrooper","0","10824","40","1","range","10","2","2","2","320","1","1","-6",""
"1065","9","iphash:2667391d","^0-=^3'/^7o^3!^0d^0=-^6","2","bot:/botfiles/easyds2.jkb","Swamptrooper","0","10956","41","1","force","9","1","2","2","320","1","1","-5",""
"1066","9","iphash:2667391d","^0-=^3'/^7o^3!^0d^0=-^6","2","bot:/botfiles/easyds2.jkb","Swamptrooper","0","11088","42","1","force","9","1","2","2","320","1","1","-3",""
"1067","9","iphash:2667391d","^0-=^3'/^7o^3!^0d^0=-^6","2","bot:/botfiles/easyds2.jkb","Swamptrooper","0","11121","43","1","range","10","1","2","1","320","1","1","11",""
"1068","9","iphash:2667391d","^0-=^3'/^7o^3!^0d^0=-^6","2","bot:/botfiles/easyds2.jkb","Swamptrooper","0","11220","44","1","force","9","1","2","1","320","1","1","96",""
"1069","9","iphash:2667391d","^0-=^3'/^7o^3!^0d^0=-^6","2","bot:/botfiles/easyds2.jkb","Swamptrooper","0","11352","45","1","force","9","1","2","1","320","1","1","126",""
"1070","9","iphash:2667391d","^0-=^3'/^7o^3!^0d^0=-^6","2","bot:/botfiles/easyds2.jkb","Swamptrooper","0","11484","46","1","force","9","1","2","1","320","1","1","-36",""
"1071","9","iphash:2667391d","^0-=^3'/^7o^3!^0d^0=-^6","2","bot:/botfiles/easyds2.jkb","Swamptrooper","0","11616","47","1","force","9","1","2","2","320","1","1","157",""
"1072","9","iphash:2667391d","^0-=^3'/^7o^3!^0d^0=-^6","2","bot:/botfiles/easyds2.jkb","Swamptrooper","0","11616","48","1","range","10","2","2","2","320","1","1","157",""
"1073","9","iphash:2667391d","^0-=^3'/^7o^3!^0d^0=-^6","2","bot:/botfiles/easyds2.jkb","Swamptrooper","0","11748","49","1","force","9","1","2","2","320","1","1","139",""
"1074","9","iphash:2667391d","^0-=^3'/^7o^3!^0d^0=-^6","2","bot:/botfiles/easyds2.jkb","Swamptrooper","0","11748","50","1","air","10","0","2","2","320","1","1","139","landed"
"1075","9","iphash:2667391d","^0-=^3'/^7o^3!^0d^0=-^6","2","bot:/botfiles/easyds2.jkb","Swamptrooper","0","11880","51","1","force","9","1","2","2","320","1","1","79",""
"1076","9","iphash:2667391d","^0-=^3'/^7o^3!^0d^0=-^6","2","bot:/botfiles/easyds2.jkb","Swamptrooper","0","12012","52","1","force","9","1","2","1","320","1","1","77",""
"1077","9","iphash:2667391d","^0-=^3'/^7o^3!^0d^0=-^6","2","bot:/botfiles/easyds2.jkb","Swamptrooper","0","12012","53","1","range","10","1","2","1","320","1","1","77",""
"1078","9","iphash:2667391d","^0-=^3'/^7o^3!^0d^0=-^6","2","bot:/botfiles/easyds2.jkb","Swamptrooper","0","12144","54","1","force","9","1","2","1","320","1","1","103",""
"1079","9","iphash:2667391d","^0-=^3'/^7o^3!^0d^0=-^6","2","bot:/botfiles/easyds2.jkb","Swamptrooper","0","12276","55","1","force","9","1","2","1","320","1","1","130",""
"1080","9","iphash:2667391d","^0-=^3'/^7o^3!^0d^0=-^6","2","bot:/botfiles/easyds2.jkb","Swamptrooper","0","12375","56","1","air","10","1","2","1","320","1","1","150","airborne"
"1081","9","iphash:2667391d","^0-=^3'/^7o^3!^0d^0=-^6","2","bot:/botfiles/easyds2.jkb","Swamptrooper","0","12408","57","1","force","9","1","2","1","320","1","1","148",""
"1082","9","iphash:2667391d","^0-=^3'/^7o^3!^0d^0=-^6","2","bot:/botfiles/easyds2.jkb","Swamptrooper","0","12540","58","1","force","9","1","2","1","320","1","1","144",""
"1083","9","iphash:2667391d","^0-=^3'/^7o^3!^0d^0=-^6","2","bot:/botfiles/easyds2.jkb","Swamptrooper","0","12672","59","1","force","9","1","2","1","320","1","1","156",""
"1084","9","iphash:2667391d","^0-=^3'/^7o^3!^0d^0=-^6","2","bot:/botfiles/easyds2.jkb","Swamptrooper","0","12804","60","1","force","9","1","2","1","320","1","1","149",""
"1085","9","iphash:2667391d","^0-=^3'/^7o^3!^0d^0=-^6","2","bot:/botfiles/easyds2.jkb","Swamptrooper","0","12936","61","1","force","9","1","2","1","320","1","1","120",""
"1086","9","iphash:2667391d","^0-=^3'/^7o^3!^0d^0=-^6","2","bot:/botfiles/easyds2.jkb","Swamptrooper","0","13068","62","1","force","9","1","2","1","320","1","1","119",""
"1087","9","iphash:2667391d","^0-=^3'/^7o^3!^0d^0=-^6","2","bot:/botfiles/easyds2.jkb","Swamptrooper","0","13200","63","1","force","9","1","2","1","320","1","1","127",""
"1088","9","iphash:2667391d","^0-=^3'/^7o^3!^0d^0=-^6","2","bot:/botfiles/easyds2.jkb","Swamptrooper","0","13233","64","1","range","10","2","2","2","320","1","1","130",""
"1089","9","iphash:2667391d","^0-=^3'/^7o^3!^0d^0=-^6","2","bot:/botfiles/easyds2.jkb","Swamptrooper","0","13266","65","1","air","10","0","2","2","320","1","1","135","landed"
"1090","9","iphash:2667391d","^0-=^3'/^7o^3!^0d^0=-^6","2","bot:/botfiles/easyds2.jkb","Swamptrooper","0","13332","66","1","force","9","1","2","2","320","1","1","144",""
"1091","9","iphash:2667391d","^0-=^3'/^7o^3!^0d^0=-^6","2","bot:/botfiles/easyds2.jkb","Swamptrooper","0","13431","67","1","range","10","1","2","1","320","1","1","159",""
"1092","9","iphash:2667391d","^0-=^3'/^7o^3!^0d^0=-^6","2","bot:/botfiles/easyds2.jkb","Swamptrooper","0","13464","68","1","force","9","1","2","1","320","1","1","163",""
"1093","9","iphash:2667391d","^0-=^3'/^7o^3!^0d^0=-^6","2","bot:/botfiles/easyds2.jkb","Swamptrooper","0","13563","69","1","air","10","1","2","1","320","1","1","176","airborne"
"1094","9","iphash:2667391d","^0-=^3'/^7o^3!^0d^0=-^6","2","bot:/botfiles/easyds2.jkb","Swamptrooper","0","13596","70","1","force","9","7","4","1","320","1","1","176",""
"1095","9","iphash:2667391d","^0-=^3'/^7o^3!^0d^0=-^6","2","bot:/botfiles/easyds2.jkb","Swamptrooper","0","13728","71","1","force","9","1","4","1","320","1","1","174",""
"1096","9","iphash:2667391d","^0-=^3'/^7o^3!^0d^0=-^6","2","bot:/botfiles/easyds2.jkb","Swamptrooper","0","13860","72","1","attack_start","10","128","4","1","448","1","1","176","alt"
"1097","9","iphash:2667391d","^0-=^3'/^7o^3!^0d^0=-^6","2","bot:/botfiles/easyds2.jkb","Swamptrooper","0","13860","73","1","force_to_saber","10","1","4","1","448","1","1","176","force_to_saber"
"1098","9","iphash:2667391d","^0-=^3'/^7o^3!^0d^0=-^6","2","bot:/botfiles/easyds2.jkb","Swamptrooper","0","13860","74","1","force","9","1","4","1","448","1","1","176",""
"1099","9","iphash:2667391d","^0-=^3'/^7o^3!^0d^0=-^6","2","bot:/botfiles/easyds2.jkb","Swamptrooper","0","13893","75","1","range","10","2","4","2","448","1","1","176",""
"1100","9","iphash:2667391d","^0-=^3'/^7o^3!^0d^0=-^6","2","bot:/botfiles/easyds2.jkb","Swamptrooper","0","13992","76","1","force","9","1","4","2","448","1","1","174",""
"1101","9","iphash:2667391d","^0-=^3'/^7o^3!^0d^0=-^6","2","bot:/botfiles/easyds2.jkb","Swamptrooper","0","14058","77","1","regen","10","1","4","2","448","1","1","174",""
"1102","9","iphash:2667391d","^0-=^3'/^7o^3!^0d^0=-^6","2","bot:/botfiles/easyds2.jkb","Swamptrooper","0","14091","78","1","regen","10","1","4","2","448","1","1","174",""
"1103","9","iphash:2667391d","^0-=^3'/^7o^3!^0d^0=-^6","2","bot:/botfiles/easyds2.jkb","Swamptrooper","0","14124","79","1","regen","10","1","4","2","320","1","1","174",""
"1104","9","iphash:2667391d","^0-=^3'/^7o^3!^0d^0=-^6","2","bot:/botfiles/easyds2.jkb","Swamptrooper","0","14157","80","1","regen","10","1","4","2","320","1","1","174",""
"1105","9","iphash:2667391d","^0-=^3'/^7o^3!^0d^0=-^6","2","bot:/botfiles/easyds2.jkb","Swamptrooper","0","14190","81","1","regen","10","1","4","2","320","1","1","174",""
"1106","9","iphash:2667391d","^0-=^3'/^7o^3!^0d^0=-^6","2","bot:/botfiles/easyds2.jkb","Swamptrooper","0","14223","82","1","regen","10","1","4","2","320","1","1","174",""
"1107","9","iphash:2667391d","^0-=^3'/^7o^3!^0d^0=-^6","2","bot:/botfiles/easyds2.jkb","Swamptrooper","0","14256","83","1","regen","10","1","4","2","320","1","1","173",""
"1108","9","iphash:2667391d","^0-=^3'/^7o^3!^0d^0=-^6","2","bot:/botfiles/easyds2.jkb","Swamptrooper","0","14289","84","1","regen","10","1","4","2","320","1","1","171",""
"1109","9","iphash:2667391d","^0-=^3'/^7o^3!^0d^0=-^6","2","bot:/botfiles/easyds2.jkb","Swamptrooper","0","14322","85","1","regen","10","1","4","2","320","1","1","171",""
"1110","9","iphash:2667391d","^0-=^3'/^7o^3!^0d^0=-^6","2","bot:/botfiles/easyds2.jkb","Swamptrooper","0","14355","86","1","regen","10","1","4","2","320","1","1","171",""
"1111","9","iphash:2667391d","^0-=^3'/^7o^3!^0d^0=-^6","2","bot:/botfiles/easyds2.jkb","Swamptrooper","0","14388","87","1","regen","10","1","4","1","320","1","1","170",""
"1112","9","iphash:2667391d","^0-=^3'/^7o^3!^0d^0=-^6","2","bot:/botfiles/easyds2.jkb","Swamptrooper","0","14388","88","1","range","10","1","4","1","320","1","1","170",""
"1113","9","iphash:2667391d","^0-=^3'/^7o^3!^0d^0=-^6","2","bot:/botfiles/easyds2.jkb","Swamptrooper","0","14421","89","1","regen","10","1","4","1","320","1","1","170",""
"1114","9","iphash:2667391d","^0-=^3'/^7o^3!^0d^0=-^6","2","bot:/botfiles/easyds2.jkb","Swamptrooper","0","14454","90","1","regen","10","1","4","1","320","1","1","169",""
"1115","9","iphash:2667391d","^0-=^3'/^7o^3!^0d^0=-^6","2","bot:/botfiles/easyds2.jkb","Swamptrooper","0","14487","91","1","regen","10","1","4","1","320","1","1","169",""
"1116","9","iphash:2667391d","^0-=^3'/^7o^3!^0d^0=-^6","2","bot:/botfiles/easyds2.jkb","Swamptrooper","0","14520","92","1","regen","10","1","4","1","320","1","1","170",""
"1117","9","iphash:2667391d","^0-=^3'/^7o^3!^0d^0=-^6","2","bot:/botfiles/easyds2.jkb","Swamptrooper","0","14553","93","1","regen","10","1","4","1","320","1","1","172",""
"1118","9","iphash:2667391d","^0-=^3'/^7o^3!^0d^0=-^6","2","bot:/botfiles/easyds2.jkb","Swamptrooper","0","14586","94","1","regen","10","1","4","1","256","1","1","172",""
"1119","9","iphash:2667391d","^0-=^3'/^7o^3!^0d^0=-^6","2","bot:/botfiles/easyds2.jkb","Swamptrooper","0","14619","95","1","regen","10","1","4","1","256","1","1","172",""
"1120","9","iphash:2667391d","^0-=^3'/^7o^3!^0d^0=-^6","2","bot:/botfiles/easyds2.jkb","Swamptrooper","0","14652","96","1","attack_start","10","1","4","1","257","66","1","172","attack"
"1121","9","iphash:2667391d","^0-=^3'/^7o^3!^0d^0=-^6","2","bot:/botfiles/easyds2.jkb","Swamptrooper","0","14652","97","1","force_to_saber","10","66","4","1","257","66","1","172","force_to_saber"
"1122","9","iphash:2667391d","^0-=^3'/^7o^3!^0d^0=-^6","2","bot:/botfiles/easyds2.jkb","Swamptrooper","0","14652","98","1","regen","10","1","4","1","257","66","1","172",""
"1123","9","iphash:2667391d","^0-=^3'/^7o^3!^0d^0=-^6","2","bot:/botfiles/easyds2.jkb","Swamptrooper","0","14685","99","1","regen","10","1","4","1","257","66","1","175",""
"1124","9","iphash:2667391d","^0-=^3'/^7o^3!^0d^0=-^6","2","bot:/botfiles/easyds2.jkb","Swamptrooper","0","14718","100","1","regen","10","1","4","1","257","66","1","175",""
"1125","9","iphash:2667391d","^0-=^3'/^7o^3!^0d^0=-^6","2","bot:/botfiles/easyds2.jkb","Swamptrooper","0","14751","101","1","regen","10","1","4","1","257","66","1","175",""
"1126","9","iphash:2667391d","^0-=^3'/^7o^3!^0d^0=-^6","2","bot:/botfiles/easyds2.jkb","Swamptrooper","0","14751","102","1","air","10","0","4","1","257","66","1","175","landed"
"1127","9","iphash:2667391d","^0-=^3'/^7o^3!^0d^0=-^6","2","bot:/botfiles/easyds2.jkb","Swamptrooper","0","14784","103","1","regen","10","1","4","1","257","66","1","177",""
"1128","9","iphash:2667391d","^0-=^3'/^7o^3!^0d^0=-^6","2","bot:/botfiles/easyds2.jkb","Swamptrooper","0","14817","104","1","regen","10","1","4","1","257","66","1","177",""
"1129","9","iphash:2667391d","^0-=^3'/^7o^3!^0d^0=-^6","2","bot:/botfiles/easyds2.jkb","Swamptrooper","0","14850","105","1","regen","10","1","4","1","257","66","1","177",""
"1130","9","iphash:2667391d","^0-=^3'/^7o^3!^0d^0=-^6","2","bot:/botfiles/easyds2.jkb","Swamptrooper","0","14883","106","1","regen","10","1","4","1","257","66","1","179",""
"1131","9","iphash:2667391d","^0-=^3'/^7o^3!^0d^0=-^6","2","bot:/botfiles/easyds2.jkb","Swamptrooper","0","14916","107","1","attack_chain","10","8","4","1","257","8","1","-178","chain"
"1132","9","iphash:2667391d","^0-=^3'/^7o^3!^0d^0=-^6","2","bot:/botfiles/easyds2.jkb","Swamptrooper","0","14916","108","1","regen","10","1","4","1","257","8","1","-178",""
"1133","9","iphash:2667391d","^0-=^3'/^7o^3!^0d^0=-^6","2","bot:/botfiles/easyds2.jkb","Swamptrooper","0","14949","109","1","regen","10","1","4","1","257","8","1","-173",""
"1134","9","iphash:2667391d","^0-=^3'/^7o^3!^0d^0=-^6","2","bot:/botfiles/easyds2.jkb","Swamptrooper","0","14982","110","1","regen","10","1","4","1","257","8","1","-162",""
"1135","9","iphash:2667391d","^0-=^3'/^7o^3!^0d^0=-^6","2","bot:/botfiles/easyds2.jkb","Swamptrooper","0","15015","111","1","regen","10","1","4","1","257","8","1","-149",""
"1136","9","iphash:2667391d","^0-=^3'/^7o^3!^0d^0=-^6","2","bot:/botfiles/easyds2.jkb","Swamptrooper","0","15048","112","1","regen","10","1","4","1","257","8","1","-143",""
"1137","9","iphash:2667391d","^0-=^3'/^7o^3!^0d^0=-^6","2","bot:/botfiles/easyds2.jkb","Swamptrooper","0","15081","113","1","regen","10","1","4","1","257","8","1","-135",""
"1138","9","iphash:2667391d","^0-=^3'/^7o^3!^0d^0=-^6","2","bot:/botfiles/easyds2.jkb","Swamptrooper","0","15081","114","1","punish_success","10","40","4","1","257","8","1","-135","punish"
"1139","9","iphash:2667391d","^0-=^3'/^7o^3!^0d^0=-^6","2","bot:/botfiles/easyds2.jkb","Swamptrooper","0","15114","115","1","regen","10","1","4","1","257","8","1","-132",""
"1140","9","iphash:2667391d","^0-=^3'/^7o^3!^0d^0=-^6","2","bot:/botfiles/easyds2.jkb","Swamptrooper","0","15147","116","1","regen","10","1","4","1","257","8","1","-132",""
"1141","9","iphash:2667391d","^0-=^3'/^7o^3!^0d^0=-^6","2","bot:/botfiles/easyds2.jkb","Swamptrooper","0","15180","117","1","regen","10","1","4","1","257","8","1","-140",""
"1142","9","iphash:2667391d","^0-=^3'/^7o^3!^0d^0=-^6","2","bot:/botfiles/easyds2.jkb","Swamptrooper","0","15213","118","1","attack_chain","10","5","4","1","257","5","1","-161","chain"
"1143","9","iphash:2667391d","^0-=^3'/^7o^3!^0d^0=-^6","2","bot:/botfiles/easyds2.jkb","Swamptrooper","0","15213","119","1","regen","10","1","4","1","257","5","1","-161",""
"1144","9","iphash:2667391d","^0-=^3'/^7o^3!^0d^0=-^6","2","bot:/botfiles/easyds2.jkb","Swamptrooper","0","15246","120","1","regen","10","1","4","1","257","5","1","178",""
"1145","9","iphash:2667391d","^0-=^3'/^7o^3!^0d^0=-^6","2","bot:/botfiles/easyds2.jkb","Swamptrooper","0","15279","121","1","regen","10","1","4","1","257","5","1","-175",""
"1146","9","iphash:2667391d","^0-=^3'/^7o^3!^0d^0=-^6","2","bot:/botfiles/easyds2.jkb","Swamptrooper","0","15312","122","1","regen","10","1","4","1","257","5","1","-155",""
"1147","9","iphash:2667391d","^0-=^3'/^7o^3!^0d^0=-^6","2","bot:/botfiles/easyds2.jkb","Swamptrooper","0","15345","123","1","force","9","4","4","1","256","5","1","-82",""
"1148","9","iphash:2667391d","^0-=^3'/^7o^3!^0d^0=-^6","2","bot:/botfiles/easyds2.jkb","Swamptrooper","0","15378","124","1","force","9","4","4","1","256","5","1","-55",""
"1149","9","iphash:2667391d","^0-=^3'/^7o^3!^0d^0=-^6","2","bot:/botfiles/easyds2.jkb","Swamptrooper","0","15444","125","1","force","9","4","4","1","256","5","1","-20",""
"1150","9","iphash:2667391d","^0-=^3'/^7o^3!^0d^0=-^6","2","bot:/botfiles/easyds2.jkb","Swamptrooper","0","15477","126","1","force","9","4","4","1","256","5","1","-22",""
"1151","9","iphash:2667391d","^0-=^3'/^7o^3!^0d^0=-^6","2","bot:/botfiles/easyds2.jkb","Swamptrooper","0","15543","127","1","force","9","4","2","1","256","70","1","-49",""
"1152","9","iphash:2667391d","^0-=^3'/^7o^3!^0d^0=-^6","2","bot:/botfiles/easyds2.jkb","Swamptrooper","0","15543","128","1","air","10","1","2","1","256","70","1","-49","airborne"
"1153","10","iphash:2667391d","^0-=^3'/^7o^3!^0d^0=-^6","2","bot:/botfiles/easyds2.jkb","Snowtrooper","0","462","1","0","air","10","0","0","3","2","0","0","-152","landed"
"1154","10","iphash:2667391d","^0-=^3'/^7o^3!^0d^0=-^6","2","bot:/botfiles/easyds2.jkb","Snowtrooper","0","34188","2","0","air","10","1","0","3","256","1","1","163","airborne"
"1155","10","iphash:2667391d","^0-=^3'/^7o^3!^0d^0=-^6","2","bot:/botfiles/easyds2.jkb","Snowtrooper","0","36333","3","0","air","10","0","0","3","256","1","1","73","landed"
"1156","10","iphash:2667391d","^0-=^3'/^7o^3!^0d^0=-^6","2","bot:/botfiles/easyds2.jkb","Snowtrooper","0","36432","4","0","air","10","1","0","3","256","1","1","89","airborne"
"1157","10","iphash:2667391d","^0-=^3'/^7o^3!^0d^0=-^6","2","bot:/botfiles/easyds2.jkb","Snowtrooper","0","36531","5","0","force","9","6","0","3","256","1","1","131",""
"1158","10","iphash:2667391d","^0-=^3'/^7o^3!^0d^0=-^6","2","bot:/botfiles/easyds2.jkb","Snowtrooper","0","36828","6","0","force","9","6","0","3","256","1","1","143",""
"1159","10","iphash:2667391d","^0-=^3'/^7o^3!^0d^0=-^6","2","bot:/botfiles/easyds2.jkb","Snowtrooper","0","37125","7","0","force","9","6","0","3","256","1","1","160",""
"1160","10","iphash:2667391d","^0-=^3'/^7o^3!^0d^0=-^6","2","bot:/botfiles/easyds2.jkb","Snowtrooper","0","37455","8","0","force","9","5","2","3","256","1","1","157",""
"1161","10","iphash:2667391d","^0-=^3'/^7o^3!^0d^0=-^6","2","bot:/botfiles/easyds2.jkb","Snowtrooper","0","37752","9","0","force","9","1","2","3","256","1","1","154",""
"1162","10","iphash:2667391d","^0-=^3'/^7o^3!^0d^0=-^6","2","bot:/botfiles/easyds2.jkb","Snowtrooper","0","38709","10","0","regen","10","1","0","3","256","1","1","144",""
"1163","10","iphash:2667391d","^0-=^3'/^7o^3!^0d^0=-^6","2","bot:/botfiles/easyds2.jkb","Snowtrooper","0","38709","11","0","air","10","0","0","3","256","1","1","144","landed"
"1164","10","iphash:2667391d","^0-=^3'/^7o^3!^0d^0=-^6","2","bot:/botfiles/easyds2.jkb","Snowtrooper","0","38742","12","0","regen","10","1","0","3","256","1","1","145",""
"1165","10","iphash:2667391d","^0-=^3'/^7o^3!^0d^0=-^6","2","bot:/botfiles/easyds2.jkb","Snowtrooper","0","38775","13","0","regen","10","1","0","3","256","1","1","147",""
"1166","10","iphash:2667391d","^0-=^3'/^7o^3!^0d^0=-^6","2","bot:/botfiles/easyds2.jkb","Snowtrooper","0","38808","14","0","regen","10","1","0","3","256","1","1","150",""
"1167","10","iphash:2667391d","^0-=^3'/^7o^3!^0d^0=-^6","2","bot:/botfiles/easyds2.jkb","Snowtrooper","0","38841","15","0","force","9","50","2","3","256","1","1","152",""
"1168","10","iphash:2667391d","^0-=^3'/^7o^3!^0d^0=-^6","2","bot:/botfiles/easyds2.jkb","Snowtrooper","0","39138","16","0","air","10","1","2","3","256","1","1","176","airborne"
"1169","10","iphash:2667391d","^0-=^3'/^7o^3!^0d^0=-^6","2","bot:/botfiles/easyds2.jkb","Snowtrooper","0","40590","17","0","air","10","0","2","3","256","1","1","161","landed"
"1170","10","iphash:2667391d","^0-=^3'/^7o^3!^0d^0=-^6","2","bot:/botfiles/easyds2.jkb","Snowtrooper","0","40854","18","0","range","10","2","2","2","256","1","1","-173",""
"1171","10","iphash:2667391d","^0-=^3'/^7o^3!^0d^0=-^6","2","bot:/botfiles/easyds2.jkb","Snowtrooper","0","40887","19","1","attack_start","10","1","2","2","257","66","1","-167","attack"
"1172","10","iphash:2667391d","^0-=^3'/^7o^3!^0d^0=-^6","2","bot:/botfiles/easyds2.jkb","Snowtrooper","0","41118","20","1","attack_chain","10","8","2","2","257","8","1","-157","chain"
"1173","10","iphash:2667391d","^0-=^3'/^7o^3!^0d^0=-^6","2","bot:/botfiles/easyds2.jkb","Snowtrooper","0","41217","21","1","air","10","1","2","2","257","8","1","-151","airborne"
"1174","10","iphash:2667391d","^0-=^3'/^7o^3!^0d^0=-^6","2","bot:/botfiles/easyds2.jkb","Snowtrooper","0","41349","22","1","range","10","1","2","1","257","8","1","-148",""
"1175","10","iphash:2667391d","^0-=^3'/^7o^3!^0d^0=-^6","2","bot:/botfiles/easyds2.jkb","Snowtrooper","0","41415","23","1","damage","10","30","2","1","257","8","1","-142","saberthrow"
"1176","10","iphash:2667391d","^0-=^3'/^7o^3!^0d^0=-^6","2","bot:/botfiles/easyds2.jkb","Snowtrooper","0","41415","24","1","air","10","0","2","1","257","8","1","-142","landed"
"1177","10","iphash:2667391d","^0-=^3'/^7o^3!^0d^0=-^6","2","bot:/botfiles/easyds2.jkb","Snowtrooper","0","41448","25","1","attack_chain","10","5","2","1","257","5","1","-142","chain"
"1178","10","iphash:2667391d","^0-=^3'/^7o^3!^0d^0=-^6","2","bot:/botfiles/easyds2.jkb","Snowtrooper","0","41679","26","1","air","10","1","2","1","257","5","1","-66","airborne"
"1179","10","iphash:2667391d","^0-=^3'/^7o^3!^0d^0=-^6","2","bot:/botfiles/easyds2.jkb","Snowtrooper","0","41745","27","1","attack_chain","10","8","2","1","257","8","1","-15","chain"
"1180","10","iphash:2667391d","^0-=^3'/^7o^3!^0d^0=-^6","2","bot:/botfiles/easyds2.jkb","Snowtrooper","0","41844","28","1","range","10","2","2","2","257","8","1","-23",""
"1181","10","iphash:2667391d","^0-=^3'/^7o^3!^0d^0=-^6","2","bot:/botfiles/easyds2.jkb","Snowtrooper","0","42042","29","1","attack_chain","10","5","2","2","257","5","1","-32","chain"
"1182","10","iphash:2667391d","^0-=^3'/^7o^3!^0d^0=-^6","2","bot:/botfiles/easyds2.jkb","Snowtrooper","0","42240","30","1","force","9","4","4","2","257","5","1","-164",""
"1183","10","iphash:2667391d","^0-=^3'/^7o^3!^0d^0=-^6","2","bot:/botfiles/easyds2.jkb","Snowtrooper","0","42273","31","1","force","9","4","3","2","257","5","1","-176",""
"1184","10","iphash:2667391d","^0-=^3'/^7o^3!^0d^0=-^6","2","bot:/botfiles/easyds2.jkb","Snowtrooper","0","42339","32","1","attack_chain","10","8","3","2","257","8","1","160","chain"
"1185","10","iphash:2667391d","^0-=^3'/^7o^3!^0d^0=-^6","2","bot:/botfiles/easyds2.jkb","Snowtrooper","0","42537","33","1","air","10","0","3","2","257","8","1","-153","landed"
"1186","10","iphash:2667391d","^0-=^3'/^7o^3!^0d^0=-^6","2","bot:/botfiles/easyds2.jkb","Snowtrooper","0","42636","34","1","attack_chain","10","5","3","2","257","5","1","-156","chain"
"1187","10","iphash:2667391d","^0-=^3'/^7o^3!^0d^0=-^6","2","bot:/botfiles/easyds2.jkb","Snowtrooper","0","42933","35","1","attack_chain","10","8","3","2","257","8","67","160","chain"
"1188","10","iphash:2667391d","^0-=^3'/^7o^3!^0d^0=-^6","2","bot:/botfiles/easyds2.jkb","Snowtrooper","0","43197","36","1","range","10","1","3","1","257","8","67","-165",""
"1189","10","iphash:2667391d","^0-=^3'/^7o^3!^0d^0=-^6","2","bot:/botfiles/easyds2.jkb","Snowtrooper","0","43329","37","1","attack_chain","10","4","3","1","257","4","67","-172","chain"
"1190","10","iphash:2667391d","^0-=^3'/^7o^3!^0d^0=-^6","2","bot:/botfiles/easyds2.jkb","Snowtrooper","0","43725","38","1","attack_chain","10","8","3","1","257","8","115","0","chain"
"1191","10","iphash:2667391d","^0-=^3'/^7o^3!^0d^0=-^6","2","bot:/botfiles/easyds2.jkb","Snowtrooper","0","43725","39","1","air","10","1","3","1","257","8","115","0","airborne"
"1192","10","iphash:2667391d","^0-=^3'/^7o^3!^0d^0=-^6","2","bot:/botfiles/easyds2.jkb","Snowtrooper","0","43824","40","1","punish_success","10","30","3","1","257","8","115","65","punish"
"1193","10","iphash:2667391d","^0-=^3'/^7o^3!^0d^0=-^6","2","bot:/botfiles/easyds2.jkb","Snowtrooper","0","44022","41","1","attack_chain","10","5","3","1","257","5","115","-178","chain"
"1194","10","iphash:2667391d","^0-=^3'/^7o^3!^0d^0=-^6","2","bot:/botfiles/easyds2.jkb","Snowtrooper","0","44022","42","1","air","10","0","3","1","257","5","115","-178","landed"
"1195","10","iphash:2667391d","^0-=^3'/^7o^3!^0d^0=-^6","2","bot:/botfiles/easyds2.jkb","Snowtrooper","0","44319","43","1","attack_chain","10","8","3","1","257","8","10","98","chain"
"1196","10","iphash:2667391d","^0-=^3'/^7o^3!^0d^0=-^6","2","bot:/botfiles/easyds2.jkb","Snowtrooper","0","44715","44","1","attack_chain","10","4","3","1","257","4","75","129","chain"
"1197","10","iphash:2667391d","^0-=^3'/^7o^3!^0d^0=-^6","2","bot:/botfiles/easyds2.jkb","Snowtrooper","0","44880","45","1","punish_success","10","30","3","1","257","4","75","14","punish"
"1198","10","iphash:2667391d","^0-=^3'/^7o^3!^0d^0=-^6","2","bot:/botfiles/easyds2.jkb","Snowtrooper","0","45144","46","1","attack_chain","10","8","3","1","257","8","75","-57","chain"
"1199","10","iphash:2667391d","^0-=^3'/^7o^3!^0d^0=-^6","2","bot:/botfiles/easyds2.jkb","Snowtrooper","0","45441","47","1","attack_chain","10","5","3","1","257","5","75","-37","chain"
"1200","10","iphash:2667391d","^0-=^3'/^7o^3!^0d^0=-^6","2","bot:/botfiles/easyds2.jkb","Snowtrooper","0","45738","48","1","attack_chain","10","8","3","1","257","8","1","170","chain"
"1201","10","iphash:2667391d","^0-=^3'/^7o^3!^0d^0=-^6","2","bot:/botfiles/easyds2.jkb","Snowtrooper","0","45837","49","1","range","10","2","3","2","257","8","1","-174",""
"1202","10","iphash:2667391d","^0-=^3'/^7o^3!^0d^0=-^6","2","bot:/botfiles/easyds2.jkb","Snowtrooper","0","46035","50","1","attack_chain","10","5","3","2","257","5","1","-138","chain"
"1203","10","iphash:2667391d","^0-=^3'/^7o^3!^0d^0=-^6","2","bot:/botfiles/easyds2.jkb","Snowtrooper","0","46332","51","1","attack_chain","10","8","3","2","257","8","1","124","chain"
"1204","10","iphash:2667391d","^0-=^3'/^7o^3!^0d^0=-^6","2","bot:/botfiles/easyds2.jkb","Snowtrooper","0","46563","52","1","range","10","1","3","1","257","8","1","173",""
"1205","10","iphash:2667391d","^0-=^3'/^7o^3!^0d^0=-^6","2","bot:/botfiles/easyds2.jkb","Snowtrooper","0","46629","53","1","attack_chain","10","5","3","1","257","5","1","172","chain"
"1206","10","iphash:2667391d","^0-=^3'/^7o^3!^0d^0=-^6","2","bot:/botfiles/easyds2.jkb","Snowtrooper","0","46794","54","1","punish_success","10","30","3","1","257","5","142","166","punish"
"1207","10","iphash:2667391d","^0-=^3'/^7o^3!^0d^0=-^6","2","bot:/botfiles/easyds2.jkb","Snowtrooper","0","46926","55","1","attack_chain","10","8","3","1","257","8","142","138","chain"
"1208","10","iphash:2667391d","^0-=^3'/^7o^3!^0d^0=-^6","2","bot:/botfiles/easyds2.jkb","Snowtrooper","0","47223","56","1","attack_chain","10","5","3","1","257","5","142","-176","chain"
"1209","10","iphash:2667391d","^0-=^3'/^7o^3!^0d^0=-^6","2","bot:/botfiles/easyds2.jkb","Snowtrooper","0","47553","57","1","attack_chain","10","8","3","1","257","8","142","-143","chain"
"1210","10","iphash:2667391d","^0-=^3'/^7o^3!^0d^0=-^6","2","bot:/botfiles/easyds2.jkb","Snowtrooper","0","47850","58","1","attack_chain","10","5","3","1","257","5","142","130","chain"
"1211","10","iphash:2667391d","^0-=^3'/^7o^3!^0d^0=-^6","2","bot:/botfiles/easyds2.jkb","Snowtrooper","0","48147","59","1","attack_chain","10","8","3","1","257","8","142","101","chain"
"1212","10","iphash:2667391d","^0-=^3'/^7o^3!^0d^0=-^6","2","bot:/botfiles/easyds2.jkb","Snowtrooper","0","48246","60","1","punish_success","10","30","3","1","257","8","142","146","punish"
"1213","10","iphash:2667391d","^0-=^3'/^7o^3!^0d^0=-^6","2","bot:/botfiles/easyds2.jkb","Snowtrooper","0","48345","61","1","damage","10","1","3","1","257","8","142","177",""
"1214","10","iphash:2667391d","^0-=^3'/^7o^3!^0d^0=-^6","2","bot:/botfiles/easyds2.jkb","Snowtrooper","0","48378","62","1","counter_success","10","30","3","1","257","8","142","174","counter"
"1215","10","iphash:2667391d","^0-=^3'/^7o^3!^0d^0=-^6","2","bot:/botfiles/easyds2.jkb","Snowtrooper","0","48411","63","1","damage","10","20","3","1","257","0","142","163",""
"1216","10","iphash:2667391d","^0-=^3'/^7o^3!^0d^0=-^6","2","bot:/botfiles/easyds2.jkb","Snowtrooper","0","48411","64","1","air","10","1","3","1","257","0","142","163","airborne"
"1217","10","iphash:2667391d","^0-=^3'/^7o^3!^0d^0=-^6","2","bot:/botfiles/easyds2.jkb","Snowtrooper","0","48411","65","1","knockdown","10","1","3","1","257","0","142","163","knockdown"
"1218","10","iphash:2667391d","^0-=^3'/^7o^3!^0d^0=-^6","2","bot:/botfiles/easyds2.jkb","Snowtrooper","0","48609","66","1","range","10","2","3","2","257","0","142","169",""
"1219","10","iphash:2667391d","^0-=^3'/^7o^3!^0d^0=-^6","2","bot:/botfiles/easyds2.jkb","Snowtrooper","0","48840","67","1","regen","10","1","3","2","257","0","142","-124",""
"1220","10","iphash:2667391d","^0-=^3'/^7o^3!^0d^0=-^6","2","bot:/botfiles/easyds2.jkb","Snowtrooper","0","48840","68","1","air","10","0","3","2","257","0","142","-124","landed"
"1221","10","iphash:2667391d","^0-=^3'/^7o^3!^0d^0=-^6","2","bot:/botfiles/easyds2.jkb","Snowtrooper","0","48873","69","1","regen","10","1","3","2","257","0","142","-135",""
"1222","10","iphash:2667391d","^0-=^3'/^7o^3!^0d^0=-^6","2","bot:/botfiles/easyds2.jkb","Snowtrooper","0","48906","70","1","regen","10","1","3","2","257","0","142","-142",""
"1223","10","iphash:2667391d","^0-=^3'/^7o^3!^0d^0=-^6","2","bot:/botfiles/easyds2.jkb","Snowtrooper","0","48939","71","1","regen","10","1","2","2","257","0","142","-147",""
"1224","10","iphash:2667391d","^0-=^3'/^7o^3!^0d^0=-^6","2","bot:/botfiles/easyds2.jkb","Snowtrooper","0","48939","72","1","reset_success","10","1","2","2","257","0","142","-147","reset"
"1225","10","iphash:2667391d","^0-=^3'/^7o^3!^0d^0=-^6","2","bot:/botfiles/easyds2.jkb","Snowtrooper","0","48972","73","1","regen","10","1","2","2","257","0","142","-149",""
"1226","10","iphash:2667391d","^0-=^3'/^7o^3!^0d^0=-^6","2","bot:/botfiles/easyds2.jkb","Snowtrooper","0","49005","74","1","regen","10","1","2","2","257","0","142","-155",""
"1227","10","iphash:2667391d","^0-=^3'/^7o^3!^0d^0=-^6","2","bot:/botfiles/easyds2.jkb","Snowtrooper","0","49038","75","1","regen","10","1","2","2","257","0","142","-160",""
"1228","10","iphash:2667391d","^0-=^3'/^7o^3!^0d^0=-^6","2","bot:/botfiles/easyds2.jkb","Snowtrooper","0","49071","76","1","regen","10","1","2","2","257","0","142","-162",""
"1229","10","iphash:2667391d","^0-=^3'/^7o^3!^0d^0=-^6","2","bot:/botfiles/easyds2.jkb","Snowtrooper","0","49104","77","1","regen","10","1","2","2","256","0","142","-163",""
"1230","10","iphash:2667391d","^0-=^3'/^7o^3!^0d^0=-^6","2","bot:/botfiles/easyds2.jkb","Snowtrooper","0","49137","78","1","regen","10","1","2","2","256","0","142","-164",""
"1231","10","iphash:2667391d","^0-=^3'/^7o^3!^0d^0=-^6","2","bot:/botfiles/easyds2.jkb","Snowtrooper","0","49170","79","1","regen","10","1","2","2","256","0","142","-166",""
"1232","10","iphash:2667391d","^0-=^3'/^7o^3!^0d^0=-^6","2","bot:/botfiles/easyds2.jkb","Snowtrooper","0","49203","80","1","regen","10","1","2","2","256","0","142","-167",""
"1233","10","iphash:2667391d","^0-=^3'/^7o^3!^0d^0=-^6","2","bot:/botfiles/easyds2.jkb","Snowtrooper","0","49236","81","1","regen","10","1","2","2","256","0","1","-168",""
"1234","10","iphash:2667391d","^0-=^3'/^7o^3!^0d^0=-^6","2","bot:/botfiles/easyds2.jkb","Snowtrooper","0","49269","82","1","force","9","4","2","2","256","0","1","-170",""
"1235","10","iphash:2667391d","^0-=^3'/^7o^3!^0d^0=-^6","2","bot:/botfiles/easyds2.jkb","Snowtrooper","0","49302","83","1","force","9","4","2","2","256","0","1","-171",""
"1236","10","iphash:2667391d","^0-=^3'/^7o^3!^0d^0=-^6","2","bot:/botfiles/easyds2.jkb","Snowtrooper","0","49368","84","1","force","9","4","3","2","256","0","1","-173",""
"1237","10","iphash:2667391d","^0-=^3'/^7o^3!^0d^0=-^6","2","bot:/botfiles/easyds2.jkb","Snowtrooper","0","49401","85","1","force","9","4","3","2","256","0","1","-175",""
"1238","10","iphash:2667391d","^0-=^3'/^7o^3!^0d^0=-^6","2","bot:/botfiles/easyds2.jkb","Snowtrooper","0","49467","86","1","force","9","4","3","2","256","0","1","-176",""
"1239","10","iphash:2667391d","^0-=^3'/^7o^3!^0d^0=-^6","2","bot:/botfiles/easyds2.jkb","Snowtrooper","0","49500","87","1","force","9","4","3","2","256","0","1","-175",""
"1240","10","iphash:2667391d","^0-=^3'/^7o^3!^0d^0=-^6","2","bot:/botfiles/easyds2.jkb","Snowtrooper","0","49566","88","1","force","9","4","3","2","256","0","1","-173",""
"1241","10","iphash:2667391d","^0-=^3'/^7o^3!^0d^0=-^6","2","bot:/botfiles/easyds2.jkb","Snowtrooper","0","49599","89","1","force","9","4","3","2","256","0","1","-172",""
"1242","10","iphash:2667391d","^0-=^3'/^7o^3!^0d^0=-^6","2","bot:/botfiles/easyds2.jkb","Snowtrooper","0","49665","90","1","force","9","3","3","2","256","0","1","-174",""
"1243","10","iphash:2667391d","^0-=^3'/^7o^3!^0d^0=-^6","2","bot:/botfiles/easyds2.jkb","Snowtrooper","0","50061","91","1","range","10","1","3","1","256","0","0","-168",""
"1244","10","iphash:2667391d","^0-=^3'/^7o^3!^0d^0=-^6","2","bot:/botfiles/easyds2.jkb","Snowtrooper","0","50358","92","1","range","10","2","3","2","256","0","0","157",""
"1245","10","iphash:2667391d","^0-=^3'/^7o^3!^0d^0=-^6","2","bot:/botfiles/easyds2.jkb","Snowtrooper","0","50457","93","1","regen","10","1","3","2","256","0","0","133",""
"1246","10","iphash:2667391d","^0-=^3'/^7o^3!^0d^0=-^6","2","bot:/botfiles/easyds2.jkb","Snowtrooper","0","50490","94","1","regen","10","1","3","2","256","0","0","120",""
"1247","10","iphash:2667391d","^0-=^3'/^7o^3!^0d^0=-^6","2","bot:/botfiles/easyds2.jkb","Snowtrooper","0","50523","95","1","regen","10","1","3","2","256","0","0","102",""
"1248","10","iphash:2667391d","^0-=^3'/^7o^3!^0d^0=-^6","2","bot:/botfiles/easyds2.jkb","Snowtrooper","0","50556","96","1","regen","10","1","3","2","256","0","0","96",""
"1249","10","iphash:2667391d","^0-=^3'/^7o^3!^0d^0=-^6","2","bot:/botfiles/easyds2.jkb","Snowtrooper","0","50589","97","1","regen","10","1","3","2","256","0","0","99",""
"1250","10","iphash:2667391d","^0-=^3'/^7o^3!^0d^0=-^6","2","bot:/botfiles/easyds2.jkb","Snowtrooper","0","50622","98","1","regen","10","1","3","2","256","0","0","103",""
"1251","10","iphash:2667391d","^0-=^3'/^7o^3!^0d^0=-^6","2","bot:/botfiles/easyds2.jkb","Snowtrooper","0","50655","99","1","regen","10","1","3","2","256","0","0","106",""
"1252","10","iphash:2667391d","^0-=^3'/^7o^3!^0d^0=-^6","2","bot:/botfiles/easyds2.jkb","Snowtrooper","0","50688","100","1","regen","10","1","3","2","256","0","0","109",""
"1253","10","iphash:2667391d","^0-=^3'/^7o^3!^0d^0=-^6","2","bot:/botfiles/easyds2.jkb","Snowtrooper","0","50721","101","1","regen","10","1","3","2","256","0","0","111",""
"1254","10","iphash:2667391d","^0-=^3'/^7o^3!^0d^0=-^6","2","bot:/botfiles/easyds2.jkb","Snowtrooper","0","50754","102","1","regen","10","1","3","2","256","0","0","115",""
"1255","10","iphash:2667391d","^0-=^3'/^7o^3!^0d^0=-^6","2","bot:/botfiles/easyds2.jkb","Snowtrooper","0","50787","103","1","regen","10","1","3","2","256","0","0","119",""
"1256","10","iphash:2667391d","^0-=^3'/^7o^3!^0d^0=-^6","2","bot:/botfiles/easyds2.jkb","Snowtrooper","0","50820","104","1","regen","10","1","3","2","320","1","0","124",""
"1257","10","iphash:2667391d","^0-=^3'/^7o^3!^0d^0=-^6","2","bot:/botfiles/easyds2.jkb","Snowtrooper","0","50853","105","1","regen","10","1","3","2","320","1","0","128",""
"1258","10","iphash:2667391d","^0-=^3'/^7o^3!^0d^0=-^6","2","bot:/botfiles/easyds2.jkb","Snowtrooper","0","50886","106","1","regen","10","1","3","2","320","1","0","133",""
"1259","10","iphash:2667391d","^0-=^3'/^7o^3!^0d^0=-^6","2","bot:/botfiles/easyds2.jkb","Snowtrooper","0","50919","107","1","regen","10","1","3","2","320","1","0","138",""
"1260","10","iphash:2667391d","^0-=^3'/^7o^3!^0d^0=-^6","2","bot:/botfiles/easyds2.jkb","Snowtrooper","0","50952","108","1","regen","10","1","3","2","320","1","0","143",""
"1261","10","iphash:2667391d","^0-=^3'/^7o^3!^0d^0=-^6","2","bot:/botfiles/easyds2.jkb","Snowtrooper","0","50985","109","1","regen","10","1","3","2","320","1","0","147",""
"1262","10","iphash:2667391d","^0-=^3'/^7o^3!^0d^0=-^6","2","bot:/botfiles/easyds2.jkb","Snowtrooper","0","51018","110","1","regen","10","1","3","2","320","1","0","151",""
"1263","10","iphash:2667391d","^0-=^3'/^7o^3!^0d^0=-^6","2","bot:/botfiles/easyds2.jkb","Snowtrooper","0","51051","111","1","regen","10","1","3","2","320","1","1","157",""
"1264","10","iphash:2667391d","^0-=^3'/^7o^3!^0d^0=-^6","2","bot:/botfiles/easyds2.jkb","Snowtrooper","0","51084","112","1","regen","10","1","3","2","320","1","1","162",""
"1265","10","iphash:2667391d","^0-=^3'/^7o^3!^0d^0=-^6","2","bot:/botfiles/easyds2.jkb","Snowtrooper","0","51117","113","1","regen","10","1","3","2","320","1","1","168",""
"1266","10","iphash:2667391d","^0-=^3'/^7o^3!^0d^0=-^6","2","bot:/botfiles/easyds2.jkb","Snowtrooper","0","51150","114","1","regen","10","1","3","2","320","1","1","173",""
"1267","10","iphash:2667391d","^0-=^3'/^7o^3!^0d^0=-^6","2","bot:/botfiles/easyds2.jkb","Snowtrooper","0","51183","115","1","regen","10","1","3","2","256","1","1","-179",""
"1268","10","iphash:2667391d","^0-=^3'/^7o^3!^0d^0=-^6","2","bot:/botfiles/easyds2.jkb","Snowtrooper","0","51216","116","1","regen","10","1","3","2","256","1","1","-175",""
"1269","10","iphash:2667391d","^0-=^3'/^7o^3!^0d^0=-^6","2","bot:/botfiles/easyds2.jkb","Snowtrooper","0","51249","117","1","regen","10","1","3","2","256","1","1","-175",""
"1270","10","iphash:2667391d","^0-=^3'/^7o^3!^0d^0=-^6","2","bot:/botfiles/easyds2.jkb","Snowtrooper","0","51282","118","1","regen","10","1","2","2","256","1","1","-178",""
"1271","10","iphash:2667391d","^0-=^3'/^7o^3!^0d^0=-^6","2","bot:/botfiles/easyds2.jkb","Snowtrooper","0","51282","119","1","reset_success","10","1","2","2","256","1","1","-178","reset"
"1272","10","iphash:2667391d","^0-=^3'/^7o^3!^0d^0=-^6","2","bot:/botfiles/easyds2.jkb","Snowtrooper","0","51315","120","1","regen","10","1","2","2","256","1","1","-177",""
"1273","10","iphash:2667391d","^0-=^3'/^7o^3!^0d^0=-^6","2","bot:/botfiles/easyds2.jkb","Snowtrooper","0","51348","121","1","regen","10","1","2","2","256","1","1","-179",""
"1274","10","iphash:2667391d","^0-=^3'/^7o^3!^0d^0=-^6","2","bot:/botfiles/easyds2.jkb","Snowtrooper","0","51381","122","1","regen","10","1","2","2","256","1","1","-179",""
"1275","10","iphash:2667391d","^0-=^3'/^7o^3!^0d^0=-^6","2","bot:/botfiles/easyds2.jkb","Snowtrooper","0","51414","123","1","regen","10","1","2","2","256","1","1","176",""
"1276","10","iphash:2667391d","^0-=^3'/^7o^3!^0d^0=-^6","2","bot:/botfiles/easyds2.jkb","Snowtrooper","0","51447","124","1","regen","10","1","2","2","256","1","1","175",""
"1277","10","iphash:2667391d","^0-=^3'/^7o^3!^0d^0=-^6","2","bot:/botfiles/easyds2.jkb","Snowtrooper","0","51480","125","1","regen","10","1","2","2","256","1","1","173",""
"1278","10","iphash:2667391d","^0-=^3'/^7o^3!^0d^0=-^6","2","bot:/botfiles/easyds2.jkb","Snowtrooper","0","51513","126","1","regen","10","1","2","2","256","1","1","170",""
"1279","10","iphash:2667391d","^0-=^3'/^7o^3!^0d^0=-^6","2","bot:/botfiles/easyds2.jkb","Snowtrooper","0","51546","127","1","regen","10","1","2","2","256","1","1","168",""
"1280","10","iphash:2667391d","^0-=^3'/^7o^3!^0d^0=-^6","2","bot:/botfiles/easyds2.jkb","Snowtrooper","0","51579","128","1","regen","10","1","2","2","256","1","1","168",""
"1281","11","user:void","void","1","bot:/botfiles/easyds3.jkb","MonMothma","0","33","1","0","air","10","0","0","3","256","0","0","93","landed"
"1282","11","user:void","void","1","bot:/botfiles/easyds3.jkb","MonMothma","0","1320","2","0","air","10","1","0","3","256","1","1","83","airborne"
"1283","11","user:void","void","1","bot:/botfiles/easyds3.jkb","MonMothma","0","3267","3","0","range","10","2","0","2","256","1","1","167",""
"1284","11","user:void","void","1","bot:/botfiles/easyds3.jkb","MonMothma","0","3300","4","0","air","10","0","0","2","256","1","1","167","landed"
"1285","11","user:void","void","1","bot:/botfiles/easyds3.jkb","MonMothma","0","3432","5","0","air","10","1","0","2","256","1","1","167","airborne"
"1286","11","user:void","void","1","bot:/botfiles/easyds3.jkb","MonMothma","0","3630","6","0","air","10","0","0","2","320","1","1","174","landed"
"1287","11","user:void","void","1","bot:/botfiles/easyds3.jkb","MonMothma","0","3993","7","0","air","10","1","0","2","320","1","1","167","airborne"
"1288","11","user:void","void","1","bot:/botfiles/easyds3.jkb","MonMothma","0","4257","8","0","damage","10","1","0","2","320","1","1","166","saberthrow"
"1289","11","user:void","void","1","bot:/botfiles/easyds3.jkb","MonMothma","0","4356","9","0","air","10","0","0","2","320","1","1","167","landed"
"1290","11","user:void","void","1","bot:/botfiles/easyds3.jkb","MonMothma","0","4389","10","0","range","10","1","0","1","256","1","1","168",""
"1291","11","user:void","void","1","bot:/botfiles/easyds3.jkb","MonMothma","0","4653","11","0","force","9","31","0","1","320","1","1","82",""
"1292","11","user:void","void","1","bot:/botfiles/easyds3.jkb","MonMothma","0","4653","12","1","counter_success","10","2","0","1","320","1","1","82","counter"
"1293","11","user:void","void","1","bot:/botfiles/easyds3.jkb","MonMothma","0","4785","13","1","force","9","1","0","1","320","1","1","91",""
"1294","11","user:void","void","1","bot:/botfiles/easyds3.jkb","MonMothma","0","4917","14","1","force","9","1","0","1","320","1","1","72",""
"1295","11","user:void","void","1","bot:/botfiles/easyds3.jkb","MonMothma","0","5049","15","1","force","9","1","0","1","320","1","1","93",""
"1296","11","user:void","void","1","bot:/botfiles/easyds3.jkb","MonMothma","0","5181","16","1","force","9","1","0","1","320","1","1","127",""
"1297","11","user:void","void","1","bot:/botfiles/easyds3.jkb","MonMothma","0","5214","17","1","force","9","6","2","1","320","1","1","130",""
"1298","11","user:void","void","1","bot:/botfiles/easyds3.jkb","MonMothma","0","5214","18","1","counter_success","10","20","2","1","320","1","1","130","counter"
"1299","11","user:void","void","1","bot:/botfiles/easyds3.jkb","MonMothma","0","5214","19","1","air","10","1","2","1","320","1","1","130","airborne"
"1300","11","user:void","void","1","bot:/botfiles/easyds3.jkb","MonMothma","0","5313","20","1","force","9","1","2","1","320","1","1","155",""
"1301","11","user:void","void","1","bot:/botfiles/easyds3.jkb","MonMothma","0","5445","21","1","force","9","1","2","2","320","1","1","168",""
"1302","11","user:void","void","1","bot:/botfiles/easyds3.jkb","MonMothma","0","5445","22","1","range","10","2","2","2","320","1","1","168",""
"1303","11","user:void","void","1","bot:/botfiles/easyds3.jkb","MonMothma","0","5577","23","1","force","9","1","2","2","320","1","1","-175",""
"1304","11","user:void","void","1","bot:/botfiles/easyds3.jkb","MonMothma","0","5709","24","1","force","9","1","2","1","320","1","1","-151",""
"1305","11","user:void","void","1","bot:/botfiles/easyds3.jkb","MonMothma","0","5709","25","1","range","10","1","2","1","320","1","1","-151",""
"1306","11","user:void","void","1","bot:/botfiles/easyds3.jkb","MonMothma","0","5841","26","1","force","9","1","2","1","320","1","1","-140",""
"1307","11","user:void","void","1","bot:/botfiles/easyds3.jkb","MonMothma","0","5973","27","1","force","9","1","2","1","320","1","1","-145",""
"1308","11","user:void","void","1","bot:/botfiles/easyds3.jkb","MonMothma","0","6072","28","1","regen","10","1","2","1","256","1","1","-149",""
"1309","11","user:void","void","1","bot:/botfiles/easyds3.jkb","MonMothma","0","6105","29","1","regen","10","1","2","1","256","1","1","-154",""
"1310","11","user:void","void","1","bot:/botfiles/easyds3.jkb","MonMothma","0","6138","30","1","regen","10","1","2","1","256","1","1","-153",""
"1311","11","user:void","void","1","bot:/botfiles/easyds3.jkb","MonMothma","0","6171","31","1","regen","10","1","2","1","256","1","1","-150",""
"1312","11","user:void","void","1","bot:/botfiles/easyds3.jkb","MonMothma","0","6204","32","1","regen","10","1","2","1","256","1","1","-149",""
"1313","11","user:void","void","1","bot:/botfiles/easyds3.jkb","MonMothma","0","6237","33","1","regen","10","1","2","1","256","1","1","-150",""
"1314","11","user:void","void","1","bot:/botfiles/easyds3.jkb","MonMothma","0","6270","34","1","regen","10","1","2","1","256","1","1","-150",""
"1315","11","user:void","void","1","bot:/botfiles/easyds3.jkb","MonMothma","0","6303","35","1","attack_start","10","1","2","1","257","1","1","-151","attack"
"1316","11","user:void","void","1","bot:/botfiles/easyds3.jkb","MonMothma","0","6303","36","1","force_to_saber","10","1","2","1","257","1","1","-151","force_to_saber"
"1317","11","user:void","void","1","bot:/botfiles/easyds3.jkb","MonMothma","0","6303","37","1","regen","10","1","2","1","257","1","1","-151",""
"1318","11","user:void","void","1","bot:/botfiles/easyds3.jkb","MonMothma","0","6336","38","1","regen","10","1","2","1","257","1","1","-152",""
"1319","11","user:void","void","1","bot:/botfiles/easyds3.jkb","MonMothma","0","6369","39","1","regen","10","1","2","1","257","66","1","-154",""
"1320","11","user:void","void","1","bot:/botfiles/easyds3.jkb","MonMothma","0","6402","40","1","regen","10","1","2","1","257","66","1","-159",""
"1321","11","user:void","void","1","bot:/botfiles/easyds3.jkb","MonMothma","0","6435","41","1","regen","10","1","2","1","257","66","1","-165",""
"1322","11","user:void","void","1","bot:/botfiles/easyds3.jkb","MonMothma","0","6435","42","1","air","10","0","2","1","257","66","1","-165","landed"
"1323","11","user:void","void","1","bot:/botfiles/easyds3.jkb","MonMothma","0","6468","43","1","regen","10","1","2","1","257","66","1","-175",""
"1324","11","user:void","void","1","bot:/botfiles/easyds3.jkb","MonMothma","0","6501","44","1","regen","10","1","2","1","257","66","1","173",""
"1325","11","user:void","void","1","bot:/botfiles/easyds3.jkb","MonMothma","0","6534","45","1","regen","10","1","2","1","257","66","1","169",""
"1326","11","user:void","void","1","bot:/botfiles/easyds3.jkb","MonMothma","0","6567","46","1","regen","10","1","2","1","257","66","1","170",""
"1327","11","user:void","void","1","bot:/botfiles/easyds3.jkb","MonMothma","0","6600","47","1","regen","10","1","2","1","257","66","1","177",""
"1328","11","user:void","void","1","bot:/botfiles/easyds3.jkb","MonMothma","0","6633","48","1","attack_chain","10","8","2","1","257","8","1","-173","chain"
"1329","11","user:void","void","1","bot:/botfiles/easyds3.jkb","MonMothma","0","6633","49","1","regen","10","1","2","1","257","8","1","-173",""
"1330","11","user:void","void","1","bot:/botfiles/easyds3.jkb","MonMothma","0","6633","50","1","punish_success","10","40","2","1","257","8","1","-173","punish"
"1331","11","user:void","void","1","bot:/botfiles/easyds3.jkb","MonMothma","0","6666","51","1","regen","10","1","2","1","257","8","1","-170",""
"1332","11","user:void","void","1","bot:/botfiles/easyds3.jkb","MonMothma","0","6699","52","1","regen","10","1","2","1","257","8","1","178",""
"1333","11","user:void","void","1","bot:/botfiles/easyds3.jkb","MonMothma","0","6732","53","1","regen","10","1","2","1","257","8","1","159",""
"1334","11","user:void","void","1","bot:/botfiles/easyds3.jkb","MonMothma","0","6765","54","1","regen","10","1","2","1","257","8","1","138",""
"1335","11","user:void","void","1","bot:/botfiles/easyds3.jkb","MonMothma","0","6798","55","1","regen","10","1","2","1","257","8","1","125",""
"1336","11","user:void","void","1","bot:/botfiles/easyds3.jkb","MonMothma","0","6831","56","1","regen","10","1","2","1","257","8","1","119",""
"1337","11","user:void","void","1","bot:/botfiles/easyds3.jkb","MonMothma","0","6864","57","1","regen","10","1","2","1","257","8","1","115",""
"1338","11","user:void","void","1","bot:/botfiles/easyds3.jkb","MonMothma","0","6897","58","1","regen","10","1","2","1","257","8","1","114",""
"1339","11","user:void","void","1","bot:/botfiles/easyds3.jkb","MonMothma","0","6930","59","1","attack_chain","10","5","2","1","257","5","1","119","chain"
"1340","11","user:void","void","1","bot:/botfiles/easyds3.jkb","MonMothma","0","6930","60","1","regen","10","1","2","1","257","5","1","119",""
"1341","11","user:void","void","1","bot:/botfiles/easyds3.jkb","MonMothma","0","6963","61","1","regen","10","1","0","1","257","5","1","131",""
"1342","11","user:void","void","1","bot:/botfiles/easyds3.jkb","MonMothma","0","6996","62","1","regen","10","1","0","1","257","5","1","148",""
"1343","11","user:void","void","1","bot:/botfiles/easyds3.jkb","MonMothma","0","7029","63","1","regen","10","1","0","1","256","5","1","163",""
"1344","11","user:void","void","1","bot:/botfiles/easyds3.jkb","MonMothma","0","7062","64","1","regen","10","1","0","1","256","5","1","172",""
"1345","11","user:void","void","1","bot:/botfiles/easyds3.jkb","MonMothma","0","7095","65","1","regen","10","1","0","1","256","5","1","-177",""
"1346","11","user:void","void","1","bot:/botfiles/easyds3.jkb","MonMothma","0","7128","66","1","regen","10","1","0","1","256","5","1","-155",""
"1347","11","user:void","void","1","bot:/botfiles/easyds3.jkb","MonMothma","0","7161","67","1","force","9","5","0","1","256","5","1","-109",""
"1348","11","user:void","void","1","bot:/botfiles/easyds3.jkb","MonMothma","0","7161","68","1","punish_success","10","20","0","1","256","5","1","-109","punish"
"1349","11","user:void","void","1","bot:/botfiles/easyds3.jkb","MonMothma","0","7161","69","1","air","10","1","0","1","256","5","1","-109","airborne"
"1350","11","user:void","void","1","bot:/botfiles/easyds3.jkb","MonMothma","0","7194","70","1","regen","10","1","0","1","256","5","1","-66",""
"1351","11","user:void","void","1","bot:/botfiles/easyds3.jkb","MonMothma","0","7227","71","1","regen","10","1","0","1","256","5","1","-60",""
"1352","11","user:void","void","1","bot:/botfiles/easyds3.jkb","MonMothma","0","7260","72","1","regen","10","1","0","1","256","5","1","-60",""
"1353","11","user:void","void","1","bot:/botfiles/easyds3.jkb","MonMothma","0","7293","73","1","regen","10","1","0","1","256","5","1","-85",""
"1354","11","user:void","void","1","bot:/botfiles/easyds3.jkb","MonMothma","0","7326","74","1","regen","10","1","0","1","256","5","1","-125",""
"1355","11","user:void","void","1","bot:/botfiles/easyds3.jkb","MonMothma","0","7359","75","1","regen","10","1","0","1","256","5","1","177",""
"1356","11","user:void","void","1","bot:/botfiles/easyds3.jkb","MonMothma","0","7392","76","1","regen","10","1","0","2","256","5","1","174",""
"1357","11","user:void","void","1","bot:/botfiles/easyds3.jkb","MonMothma","0","7392","77","1","range","10","2","0","2","256","5","1","174",""
"1358","11","user:void","void","1","bot:/botfiles/easyds3.jkb","MonMothma","0","7425","78","1","regen","10","1","0","2","256","5","1","175",""
"1359","11","user:void","void","1","bot:/botfiles/easyds3.jkb","MonMothma","0","7458","79","1","regen","10","1","0","2","256","5","1","179",""
"1360","11","user:void","void","1","bot:/botfiles/easyds3.jkb","MonMothma","0","7491","80","1","regen","10","1","0","2","256","5","1","-172",""
"1361","11","user:void","void","1","bot:/botfiles/easyds3.jkb","MonMothma","0","7524","81","1","regen","10","1","0","2","256","5","1","-172",""
"1362","11","user:void","void","1","bot:/botfiles/easyds3.jkb","MonMothma","0","7557","82","1","regen","10","1","0","2","256","5","1","-175",""
"1363","11","user:void","void","1","bot:/botfiles/easyds3.jkb","MonMothma","0","7590","83","1","regen","10","1","0","2","256","5","1","-176",""
"1364","11","user:void","void","1","bot:/botfiles/easyds3.jkb","MonMothma","0","7623","84","1","regen","10","1","0","2","256","5","1","-169",""
"1365","11","user:void","void","1","bot:/botfiles/easyds3.jkb","MonMothma","0","7656","85","1","regen","10","1","0","2","256","5","1","-160",""
"1366","11","user:void","void","1","bot:/botfiles/easyds3.jkb","MonMothma","0","7689","86","1","regen","10","1","0","2","256","5","1","-156",""
"1367","11","user:void","void","1","bot:/botfiles/easyds3.jkb","MonMothma","0","7722","87","1","regen","10","1","0","2","256","5","1","-155",""
"1368","11","user:void","void","1","bot:/botfiles/easyds3.jkb","MonMothma","0","7755","88","1","regen","10","1","1","2","256","5","1","-155",""
"1369","11","user:void","void","1","bot:/botfiles/easyds3.jkb","MonMothma","0","7788","89","1","regen","10","1","1","2","256","5","1","-151",""
"1370","11","user:void","void","1","bot:/botfiles/easyds3.jkb","MonMothma","0","7887","90","1","attack_start","10","128","1","2","384","70","1","-150","alt"
"1371","11","user:void","void","1","bot:/botfiles/easyds3.jkb","MonMothma","0","7887","91","1","force_to_saber","10","70","1","2","384","70","1","-150","force_to_saber"
"1372","11","user:void","void","1","bot:/botfiles/easyds3.jkb","MonMothma","0","7920","92","1","range","10","1","1","1","384","70","1","-150",""
"1373","11","user:void","void","1","bot:/botfiles/easyds3.jkb","MonMothma","0","8052","93","1","air","10","0","1","1","384","70","1","-157","landed"
"1374","11","user:void","void","1","bot:/botfiles/easyds3.jkb","MonMothma","0","8283","94","1","force","9","20","1","2","384","1","1","-119",""
"1375","11","user:void","void","1","bot:/botfiles/easyds3.jkb","MonMothma","0","8283","95","1","range","10","2","1","2","384","1","1","-119",""
"1376","11","user:void","void","1","bot:/botfiles/easyds3.jkb","MonMothma","0","8679","96","1","regen","10","1","0","2","384","1","1","-136",""
"1377","11","user:void","void","1","bot:/botfiles/easyds3.jkb","MonMothma","0","8712","97","1","force","9","19","0","2","384","1","1","-137",""
"1378","11","user:void","void","1","bot:/botfiles/easyds3.jkb","MonMothma","0","8745","98","1","regen","10","1","0","1","384","1","1","-128",""
"1379","11","user:void","void","1","bot:/botfiles/easyds3.jkb","MonMothma","0","8745","99","1","range","10","1","0","1","384","1","1","-128",""
"1380","11","user:void","void","1","bot:/botfiles/easyds3.jkb","MonMothma","0","8778","100","1","regen","10","1","0","1","384","1","1","-124",""
"1381","11","user:void","void","1","bot:/botfiles/easyds3.jkb","MonMothma","0","8778","101","1","air","10","1","0","1","384","1","1","-124","airborne"
"1382","11","user:void","void","1","bot:/botfiles/easyds3.jkb","MonMothma","0","8811","102","1","force","9","5","0","1","384","1","1","-127",""
"1383","11","user:void","void","1","bot:/botfiles/easyds3.jkb","MonMothma","0","8844","103","1","regen","10","1","0","1","384","1","0","-132",""
"1384","11","user:void","void","1","bot:/botfiles/easyds3.jkb","MonMothma","0","8877","104","1","regen","10","1","0","1","384","1","0","-136",""
"1385","11","user:void","void","1","bot:/botfiles/easyds3.jkb","MonMothma","0","8910","105","1","regen","10","1","0","1","384","1","0","-144",""
"1386","11","user:void","void","1","bot:/botfiles/easyds3.jkb","MonMothma","0","8943","106","1","regen","10","1","0","1","384","1","0","-151",""
"1387","11","user:void","void","1","bot:/botfiles/easyds3.jkb","MonMothma","0","8976","107","1","regen","10","1","0","2","384","1","0","-155",""
"1388","11","user:void","void","1","bot:/botfiles/easyds3.jkb","MonMothma","0","8976","108","1","range","10","2","0","2","384","1","0","-155",""
"1389","11","user:void","void","1","bot:/botfiles/easyds3.jkb","MonMothma","0","9009","109","1","regen","10","1","0","2","384","1","0","-159",""
"1390","11","user:void","void","1","bot:/botfiles/easyds3.jkb","MonMothma","0","9042","110","1","regen","10","1","0","2","384","1","0","-163",""
"1391","11","user:void","void","1","bot:/botfiles/easyds3.jkb","MonMothma","0","9075","111","1","regen","10","1","0","2","384","1","0","-166",""
"1392","11","user:void","void","1","bot:/botfiles/easyds3.jkb","MonMothma","0","9108","112","1","regen","10","1","0","2","384","1","0","-167",""
"1393","11","user:void","void","1","bot:/botfiles/easyds3.jkb","MonMothma","0","9141","113","1","regen","10","1","0","2","384","1","0","-168",""
"1394","11","user:void","void","1","bot:/botfiles/easyds3.jkb","MonMothma","0","9174","114","1","regen","10","1","0","2","384","1","0","-171",""
"1395","11","user:void","void","1","bot:/botfiles/easyds3.jkb","MonMothma","0","9207","115","1","regen","10","1","0","2","384","1","0","-173",""
"1396","11","user:void","void","1","bot:/botfiles/easyds3.jkb","MonMothma","0","9240","116","1","regen","10","1","0","2","384","1","0","-175",""
"1397","11","user:void","void","1","bot:/botfiles/easyds3.jkb","MonMothma","0","9273","117","1","regen","10","1","0","2","384","1","0","-177",""
"1398","11","user:void","void","1","bot:/botfiles/easyds3.jkb","MonMothma","0","9306","118","1","regen","10","1","0","2","384","1","0","-179",""
"1399","11","user:void","void","1","bot:/botfiles/easyds3.jkb","MonMothma","0","9339","119","1","regen","10","1","0","2","384","1","0","179",""
"1400","11","user:void","void","1","bot:/botfiles/easyds3.jkb","MonMothma","0","9372","120","1","regen","10","1","0","2","384","1","0","175",""
"1401","11","user:void","void","1","bot:/botfiles/easyds3.jkb","MonMothma","0","9405","121","1","regen","10","1","0","2","384","1","0","173",""
"1402","11","user:void","void","1","bot:/botfiles/easyds3.jkb","MonMothma","0","9438","122","1","regen","10","1","0","2","384","1","0","169",""
"1403","11","user:void","void","1","bot:/botfiles/easyds3.jkb","MonMothma","0","9471","123","1","regen","10","1","0","2","384","1","0","166",""
"1404","11","user:void","void","1","bot:/botfiles/easyds3.jkb","MonMothma","0","9504","124","1","regen","10","1","0","2","384","1","0","165",""
"1405","11","user:void","void","1","bot:/botfiles/easyds3.jkb","MonMothma","0","9537","125","1","force","9","20","2","2","384","1","0","165",""
"1406","11","user:void","void","1","bot:/botfiles/easyds3.jkb","MonMothma","0","9867","126","1","force","9","20","2","2","384","1","0","178",""
"1407","11","user:void","void","1","bot:/botfiles/easyds3.jkb","MonMothma","0","10263","127","1","range","10","1","2","1","384","1","0","-128",""
"1408","11","user:void","void","1","bot:/botfiles/easyds3.jkb","MonMothma","0","10263","128","1","air","10","0","2","1","384","1","0","-128","landed"
"1409","12","user:void","void","1","bot:/botfiles/mediumds.jkb","Saboteur","0","495","1","0","air","10","0","0","3","256","0","0","-145","landed"
"1410","12","user:void","void","1","bot:/botfiles/mediumds.jkb","Saboteur","0","2343","2","0","air","10","1","0","3","256","1","1","-163","airborne"
"1411","12","user:void","void","1","bot:/botfiles/mediumds.jkb","Saboteur","0","2937","3","1","attack_start","10","1","0","3","257","62","1","127","attack"
"1412","12","user:void","void","1","bot:/botfiles/mediumds.jkb","Saboteur","0","3498","4","1","air","10","0","0","3","256","4","1","116","landed"
"1413","12","user:void","void","1","bot:/botfiles/mediumds.jkb","Saboteur","0","3729","5","1","air","10","1","0","3","256","69","1","138","airborne"
"1414","12","user:void","void","1","bot:/botfiles/mediumds.jkb","Saboteur","0","3828","6","1","force","9","6","0","3","256","69","1","146",""
"1415","12","user:void","void","1","bot:/botfiles/mediumds.jkb","Saboteur","0","4125","7","1","force","9","5","0","3","256","69","1","171",""
"1416","12","user:void","void","1","bot:/botfiles/mediumds.jkb","Saboteur","0","4455","8","1","force","9","1","0","3","256","1","1","-170",""
"1417","12","user:void","void","1","bot:/botfiles/mediumds.jkb","Saboteur","0","5148","9","1","regen","10","1","0","3","256","1","1","-155",""
"1418","12","user:void","void","1","bot:/botfiles/mediumds.jkb","Saboteur","0","5181","10","1","regen","10","1","0","3","256","1","1","-155",""
"1419","12","user:void","void","1","bot:/botfiles/mediumds.jkb","Saboteur","0","5214","11","1","regen","10","1","0","3","256","1","1","-155",""
"1420","12","user:void","void","1","bot:/botfiles/mediumds.jkb","Saboteur","0","5247","12","1","regen","10","1","0","3","256","1","1","-156",""
"1421","12","user:void","void","1","bot:/botfiles/mediumds.jkb","Saboteur","0","5346","13","1","force","9","6","0","3","256","1","1","-158",""
"1422","12","user:void","void","1","bot:/botfiles/mediumds.jkb","Saboteur","0","5643","14","1","force","9","4","0","3","256","1","1","-166",""
"1423","12","user:void","void","1","bot:/botfiles/mediumds.jkb","Saboteur","0","5808","15","1","range","10","2","0","2","256","1","1","-169",""
"1424","12","user:void","void","1","bot:/botfiles/mediumds.jkb","Saboteur","0","6369","16","1","force","9","31","2","2","320","1","1","-159",""
"1425","12","user:void","void","1","bot:/botfiles/mediumds.jkb","Saboteur","0","6402","17","2","air","10","0","2","2","320","1","1","-150","landed"
"1426","12","user:void","void","1","bot:/botfiles/mediumds.jkb","Saboteur","0","6468","18","2","range","10","1","2","1","320","1","1","-138",""
"1427","12","user:void","void","1","bot:/botfiles/mediumds.jkb","Saboteur","0","6501","19","2","force","9","1","2","1","320","1","1","-132",""
"1428","12","user:void","void","1","bot:/botfiles/mediumds.jkb","Saboteur","0","6633","20","2","force","9","1","2","1","320","1","1","-77",""
"1429","12","user:void","void","1","bot:/botfiles/mediumds.jkb","Saboteur","0","6765","21","2","force","9","1","2","1","320","1","1","-17",""
"1430","12","user:void","void","1","bot:/botfiles/mediumds.jkb","Saboteur","0","6897","22","2","force","9","1","2","1","320","1","1","-17",""
"1431","12","user:void","void","1","bot:/botfiles/mediumds.jkb","Saboteur","0","6963","23","2","range","10","2","2","2","320","1","1","-45",""
"1432","12","user:void","void","1","bot:/botfiles/mediumds.jkb","Saboteur","0","7029","24","2","force","9","1","2","2","320","1","1","-124",""
"1433","12","user:void","void","1","bot:/botfiles/mediumds.jkb","Saboteur","0","7161","25","2","force","9","1","2","2","320","1","1","113",""
"1434","12","user:void","void","1","bot:/botfiles/mediumds.jkb","Saboteur","0","7293","26","2","force","9","1","2","2","320","1","1","22",""
"1435","12","user:void","void","1","bot:/botfiles/mediumds.jkb","Saboteur","0","7392","27","2","range","10","1","2","1","320","1","1","-17",""
"1436","12","user:void","void","1","bot:/botfiles/mediumds.jkb","Saboteur","0","7425","28","2","force","9","1","2","1","320","1","1","-24",""
"1437","12","user:void","void","1","bot:/botfiles/mediumds.jkb","Saboteur","0","7557","29","2","force","9","1","2","1","320","1","1","-27",""
"1438","12","user:void","void","1","bot:/botfiles/mediumds.jkb","Saboteur","0","7590","30","2","range","10","2","2","2","320","1","1","-30",""
"1439","12","user:void","void","1","bot:/botfiles/mediumds.jkb","Saboteur","0","7689","31","2","force","9","1","2","2","320","1","1","-56",""
"1440","12","user:void","void","1","bot:/botfiles/mediumds.jkb","Saboteur","0","7755","32","2","range","10","1","2","1","320","1","1","-81",""
"1441","12","user:void","void","1","bot:/botfiles/mediumds.jkb","Saboteur","0","7821","33","2","force","9","1","2","1","320","1","1","-104",""
"1442","12","user:void","void","1","bot:/botfiles/mediumds.jkb","Saboteur","0","7920","34","2","air","10","1","2","1","320","1","1","-142","airborne"
"1443","12","user:void","void","1","bot:/botfiles/mediumds.jkb","Saboteur","0","7953","35","2","force","9","7","2","1","320","1","1","-152",""
"1444","12","user:void","void","1","bot:/botfiles/mediumds.jkb","Saboteur","0","8085","36","2","force","9","1","2","1","320","1","1","137",""
"1445","12","user:void","void","1","bot:/botfiles/mediumds.jkb","Saboteur","0","8184","37","2","range","10","2","2","2","320","1","1","46",""
"1446","12","user:void","void","1","bot:/botfiles/mediumds.jkb","Saboteur","0","8217","38","2","force","9","1","2","2","320","1","1","35",""
"1447","12","user:void","void","1","bot:/botfiles/mediumds.jkb","Saboteur","0","8349","39","2","force","9","1","2","2","320","1","1","29",""
"1448","12","user:void","void","1","bot:/botfiles/mediumds.jkb","Saboteur","0","8448","40","2","range","10","1","2","1","320","1","1","40",""
"1449","12","user:void","void","1","bot:/botfiles/mediumds.jkb","Saboteur","0","8481","41","2","force","9","1","2","1","320","1","1","61",""
"1450","12","user:void","void","1","bot:/botfiles/mediumds.jkb","Saboteur","0","8613","42","2","force","9","1","2","1","320","1","1","-127",""
"1451","12","user:void","void","1","bot:/botfiles/mediumds.jkb","Saboteur","0","8745","43","2","force","9","1","2","1","320","1","1","-44",""
"1452","12","user:void","void","1","bot:/botfiles/mediumds.jkb","Saboteur","0","8877","44","2","force","9","1","2","1","320","1","1","37",""
"1453","12","user:void","void","1","bot:/botfiles/mediumds.jkb","Saboteur","0","8943","45","2","range","10","2","2","2","320","1","1","73",""
"1454","12","user:void","void","1","bot:/botfiles/mediumds.jkb","Saboteur","0","9009","46","2","force","9","1","3","2","320","1","1","98",""
"1455","12","user:void","void","1","bot:/botfiles/mediumds.jkb","Saboteur","0","9141","47","2","force","9","1","3","2","320","1","1","158",""
"1456","12","user:void","void","1","bot:/botfiles/mediumds.jkb","Saboteur","0","9174","48","2","air","10","0","3","2","320","1","1","172","landed"
"1457","12","user:void","void","1","bot:/botfiles/mediumds.jkb","Saboteur","0","9240","49","2","regen","10","1","3","2","320","1","1","-163",""
"1458","12","user:void","void","1","bot:/botfiles/mediumds.jkb","Saboteur","0","9240","50","2","air","10","1","3","2","320","1","1","-163","airborne"
"1459","12","user:void","void","1","bot:/botfiles/mediumds.jkb","Saboteur","0","9273","51","2","regen","10","1","2","2","320","1","1","-153",""
"1460","12","user:void","void","1","bot:/botfiles/mediumds.jkb","Saboteur","0","9273","52","2","reset_success","10","1","2","2","320","1","1","-153","reset"
"1461","12","user:void","void","1","bot:/botfiles/mediumds.jkb","Saboteur","0","9306","53","2","regen","10","1","2","2","320","1","1","-145",""
"1462","12","user:void","void","1","bot:/botfiles/mediumds.jkb","Saboteur","0","9339","54","2","regen","10","1","2","2","320","1","1","-138",""
"1463","12","user:void","void","1","bot:/botfiles/mediumds.jkb","Saboteur","0","9372","55","2","regen","10","1","2","2","320","1","1","-131",""
"1464","12","user:void","void","1","bot:/botfiles/mediumds.jkb","Saboteur","0","9405","56","2","regen","10","1","2","2","320","1","1","-128",""
"1465","12","user:void","void","1","bot:/botfiles/mediumds.jkb","Saboteur","0","9438","57","2","regen","10","1","2","2","320","1","1","-126",""
"1466","12","user:void","void","1","bot:/botfiles/mediumds.jkb","Saboteur","0","9471","58","2","regen","10","1","2","2","320","1","1","-124",""
"1467","12","user:void","void","1","bot:/botfiles/mediumds.jkb","Saboteur","0","9504","59","2","regen","10","1","2","2","320","1","1","-122",""
"1468","12","user:void","void","1","bot:/botfiles/mediumds.jkb","Saboteur","0","9537","60","2","regen","10","1","2","2","320","1","1","-122",""
"1469","12","user:void","void","1","bot:/botfiles/mediumds.jkb","Saboteur","0","9570","61","2","regen","10","1","2","2","320","1","1","-123",""
"1470","12","user:void","void","1","bot:/botfiles/mediumds.jkb","Saboteur","0","9603","62","2","regen","10","1","2","2","320","1","1","-124",""
"1471","12","user:void","void","1","bot:/botfiles/mediumds.jkb","Saboteur","0","9603","63","2","air","10","0","2","2","320","1","1","-124","landed"
"1472","12","user:void","void","1","bot:/botfiles/mediumds.jkb","Saboteur","0","9636","64","2","regen","10","1","2","2","320","1","1","-126",""
"1473","12","user:void","void","1","bot:/botfiles/mediumds.jkb","Saboteur","0","9669","65","2","regen","10","1","2","2","320","1","1","-129",""
"1474","12","user:void","void","1","bot:/botfiles/mediumds.jkb","Saboteur","0","9702","66","2","regen","10","1","2","2","320","1","1","-132",""
"1475","12","user:void","void","1","bot:/botfiles/mediumds.jkb","Saboteur","0","9735","67","2","regen","10","1","2","2","320","1","1","-136",""
"1476","12","user:void","void","1","bot:/botfiles/mediumds.jkb","Saboteur","0","9768","68","2","regen","10","1","2","2","320","1","1","-139",""
"1477","12","user:void","void","1","bot:/botfiles/mediumds.jkb","Saboteur","0","9801","69","2","regen","10","1","2","2","320","1","1","-144",""
"1478","12","user:void","void","1","bot:/botfiles/mediumds.jkb","Saboteur","0","9834","70","2","regen","10","1","2","2","320","1","1","-146",""
"1479","12","user:void","void","1","bot:/botfiles/mediumds.jkb","Saboteur","0","9867","71","2","regen","10","1","2","2","320","1","1","-150",""
"1480","12","user:void","void","1","bot:/botfiles/mediumds.jkb","Saboteur","0","9900","72","2","regen","10","1","2","2","320","1","1","-152",""
"1481","12","user:void","void","1","bot:/botfiles/mediumds.jkb","Saboteur","0","9933","73","2","regen","10","1","2","2","256","1","1","-153",""
"1482","12","user:void","void","1","bot:/botfiles/mediumds.jkb","Saboteur","0","9966","74","2","force","9","19","2","1","256","1","1","-156",""
"1483","12","user:void","void","1","bot:/botfiles/mediumds.jkb","Saboteur","0","9966","75","2","range","10","1","2","1","256","1","1","-156",""
"1484","12","user:void","void","1","bot:/botfiles/mediumds.jkb","Saboteur","0","9999","76","2","regen","10","1","2","1","256","1","1","-158",""
"1485","12","user:void","void","1","bot:/botfiles/mediumds.jkb","Saboteur","0","10032","77","2","regen","10","1","2","1","256","1","1","-153",""
"1486","12","user:void","void","1","bot:/botfiles/mediumds.jkb","Saboteur","0","10065","78","2","force","9","5","3","1","256","1","1","-157",""
"1487","12","user:void","void","1","bot:/botfiles/mediumds.jkb","Saboteur","0","10065","79","3","air","10","1","3","1","256","1","1","-157","airborne"
"1488","12","user:void","void","1","bot:/botfiles/mediumds.jkb","Saboteur","0","10098","80","3","regen","10","1","3","1","256","1","1","-167",""
"1489","12","user:void","void","1","bot:/botfiles/mediumds.jkb","Saboteur","0","10131","81","3","regen","10","1","2","1","256","1","1","-174",""
"1490","12","user:void","void","1","bot:/botfiles/mediumds.jkb","Saboteur","0","10131","82","3","reset_success","10","1","2","1","256","1","1","-174","reset"
"1491","12","user:void","void","1","bot:/botfiles/mediumds.jkb","Saboteur","0","10164","83","3","regen","10","1","2","1","256","1","1","-177",""
"1492","12","user:void","void","1","bot:/botfiles/mediumds.jkb","Saboteur","0","10197","84","3","regen","10","1","2","1","256","1","1","179",""
"1493","12","user:void","void","1","bot:/botfiles/mediumds.jkb","Saboteur","0","10230","85","3","regen","10","1","2","1","256","1","1","178",""
"1494","12","user:void","void","1","bot:/botfiles/mediumds.jkb","Saboteur","0","10263","86","3","regen","10","1","2","1","256","1","1","175",""
"1495","12","user:void","void","1","bot:/botfiles/mediumds.jkb","Saboteur","0","10296","87","3","regen","10","1","2","1","256","1","1","172",""
"1496","12","user:void","void","1","bot:/botfiles/mediumds.jkb","Saboteur","0","10329","88","3","regen","10","1","2","2","256","1","1","173",""
"1497","12","user:void","void","1","bot:/botfiles/mediumds.jkb","Saboteur","0","10329","89","3","range","10","2","2","2","256","1","1","173",""
"1498","12","user:void","void","1","bot:/botfiles/mediumds.jkb","Saboteur","0","10362","90","3","regen","10","1","2","2","256","1","1","173",""
"1499","12","user:void","void","1","bot:/botfiles/mediumds.jkb","Saboteur","0","10395","91","3","regen","10","1","2","2","256","1","1","173",""
"1500","12","user:void","void","1","bot:/botfiles/mediumds.jkb","Saboteur","0","10428","92","3","regen","10","1","2","2","256","1","1","172",""
"1501","12","user:void","void","1","bot:/botfiles/mediumds.jkb","Saboteur","0","10461","93","3","regen","10","1","2","2","256","1","1","171",""
"1502","12","user:void","void","1","bot:/botfiles/mediumds.jkb","Saboteur","0","10494","94","3","regen","10","1","2","2","256","1","1","172",""
"1503","12","user:void","void","1","bot:/botfiles/mediumds.jkb","Saboteur","0","10527","95","3","regen","10","1","2","2","256","1","1","174",""
"1504","12","user:void","void","1","bot:/botfiles/mediumds.jkb","Saboteur","0","10560","96","3","force","9","4","2","2","256","1","1","176",""
"1505","12","user:void","void","1","bot:/botfiles/mediumds.jkb","Saboteur","0","10593","97","3","force","9","4","2","2","256","1","1","178",""
"1506","12","user:void","void","1","bot:/botfiles/mediumds.jkb","Saboteur","0","10659","98","3","force","9","4","2","2","256","1","1","-178",""
"1507","12","user:void","void","1","bot:/botfiles/mediumds.jkb","Saboteur","0","10692","99","3","force","9","4","3","2","256","1","1","-178",""
"1508","12","user:void","void","1","bot:/botfiles/mediumds.jkb","Saboteur","0","10758","100","3","force","9","4","3","2","256","1","1","-177",""
"1509","12","user:void","void","1","bot:/botfiles/mediumds.jkb","Saboteur","0","10791","101","3","force","9","4","3","2","256","1","1","-177",""
"1510","12","user:void","void","1","bot:/botfiles/mediumds.jkb","Saboteur","0","10857","102","3","force","9","4","3","2","256","1","1","178",""
"1511","12","user:void","void","1","bot:/botfiles/mediumds.jkb","Saboteur","0","10890","103","3","force","9","4","3","2","256","1","1","178",""
"1512","12","user:void","void","1","bot:/botfiles/mediumds.jkb","Saboteur","0","10956","104","3","force","9","4","3","2","256","1","1","178",""
"1513","12","user:void","void","1","bot:/botfiles/mediumds.jkb","Saboteur","0","10989","105","3","force","9","2","3","2","256","1","1","178",""
"1514","12","user:void","void","1","bot:/botfiles/mediumds.jkb","Saboteur","0","11220","106","3","air","10","0","3","2","256","1","1","-177","landed"
"1515","12","user:void","void","1","bot:/botfiles/mediumds.jkb","Saboteur","0","11418","107","3","air","10","1","3","2","256","1","1","-157","airborne"
"1516","12","user:void","void","1","bot:/botfiles/mediumds.jkb","Saboteur","0","11451","108","3","attack_start","10","1","3","1","257","66","1","-156","attack"
"1517","12","user:void","void","1","bot:/botfiles/mediumds.jkb","Saboteur","0","11451","109","3","force_to_saber","10","66","3","1","257","66","1","-156","force_to_saber"
"1518","12","user:void","void","1","bot:/botfiles/mediumds.jkb","Saboteur","0","11451","110","3","range","10","1","3","1","257","66","1","-156",""
"1519","12","user:void","void","1","bot:/botfiles/mediumds.jkb","Saboteur","0","11484","111","3","punish_success","10","1","3","1","257","66","1","-159","punish"
"1520","12","user:void","void","1","bot:/botfiles/mediumds.jkb","Saboteur","0","11616","112","3","damage","10","20","3","1","257","66","1","-150",""
"1521","12","user:void","void","1","bot:/botfiles/mediumds.jkb","Saboteur","0","11682","113","3","attack_chain","10","8","3","1","257","8","1","-106","chain"
"1522","12","user:void","void","1","bot:/botfiles/mediumds.jkb","Saboteur","0","11781","114","3","regen","10","1","3","1","257","8","1","-71",""
"1523","12","user:void","void","1","bot:/botfiles/mediumds.jkb","Saboteur","0","11814","115","3","regen","10","1","3","2","257","8","1","-76",""
"1524","12","user:void","void","1","bot:/botfiles/mediumds.jkb","Saboteur","0","11814","116","3","range","10","2","3","2","257","8","1","-76",""
"1525","12","user:void","void","1","bot:/botfiles/mediumds.jkb","Saboteur","0","11847","117","3","regen","10","1","3","2","257","8","1","-83",""
"1526","12","user:void","void","1","bot:/botfiles/mediumds.jkb","Saboteur","0","11880","118","3","regen","10","1","3","2","257","8","1","-87",""
"1527","12","user:void","void","1","bot:/botfiles/mediumds.jkb","Saboteur","0","11913","119","3","regen","10","1","3","2","257","8","1","-88",""
"1528","12","user:void","void","1","bot:/botfiles/mediumds.jkb","Saboteur","0","11946","120","3","regen","10","1","3","2","257","8","1","-91",""
"1529","12","user:void","void","1","bot:/botfiles/mediumds.jkb","Saboteur","0","11979","121","3","regen","10","1","3","2","257","110","1","-98",""
"1530","12","user:void","void","1","bot:/botfiles/mediumds.jkb","Saboteur","0","12012","122","3","regen","10","1","3","2","257","110","1","-107",""
"1531","12","user:void","void","1","bot:/botfiles/mediumds.jkb","Saboteur","0","12045","123","3","regen","10","1","3","2","257","110","1","-115",""
"1532","12","user:void","void","1","bot:/botfiles/mediumds.jkb","Saboteur","0","12078","124","3","regen","10","1","3","2","257","110","1","-129",""
"1533","12","user:void","void","1","bot:/botfiles/mediumds.jkb","Saboteur","0","12111","125","3","attack_chain","10","4","3","2","257","4","1","-151","chain"
"1534","12","user:void","void","1","bot:/botfiles/mediumds.jkb","Saboteur","0","12111","126","3","regen","10","1","3","2","257","4","1","-151",""
"1535","12","user:void","void","1","bot:/botfiles/mediumds.jkb","Saboteur","0","12144","127","3","regen","10","1","3","2","257","4","1","-179",""
"1536","12","user:void","void","1","bot:/botfiles/mediumds.jkb","Saboteur","0","12177","128","3","regen","10","1","3","2","257","4","1","161",""
"1537","13","user:void","void","1","bot:/botfiles/mediumds.jkb","Alora","0","462","1","0","air","10","0","0","3","256","0","0","-160","landed"
"1538","13","user:void","void","1","bot:/botfiles/mediumds.jkb","Alora","0","1353","2","0","air","10","1","0","3","256","1","1","-128","airborne"
"1539","13","user:void","void","1","bot:/botfiles/mediumds.jkb","Alora","0","2475","3","0","air","10","0","0","3","2","1","1","-112","landed"
"1540","13","user:void","void","1","bot:/botfiles/mediumds.jkb","Alora","0","3696","4","0","damage","10","2","0","3","2","1","1","-92",""
"1541","13","user:void","void","1","bot:/botfiles/mediumds.jkb","Alora","0","3729","5","0","damage","10","1","0","3","2","1","1","-92",""
"1542","13","user:void","void","1","bot:/botfiles/mediumds.jkb","Alora","0","8052","6","0","air","10","1","0","3","256","1","1","-161","airborne"
"1543","13","user:void","void","1","bot:/botfiles/mediumds.jkb","Alora","0","9768","7","0","force","9","6","0","3","256","1","1","177",""
"1544","13","user:void","void","1","bot:/botfiles/mediumds.jkb","Alora","0","10032","8","0","range","10","2","0","2","256","1","1","168",""
"1545","13","user:void","void","1","bot:/botfiles/mediumds.jkb","Alora","0","10098","9","0","force","9","2","0","2","256","1","1","176",""
"1546","13","user:void","void","1","bot:/botfiles/mediumds.jkb","Alora","0","10461","10","0","regen","10","1","0","2","256","1","1","178",""
"1547","13","user:void","void","1","bot:/botfiles/mediumds.jkb","Alora","0","10461","11","0","air","10","0","0","2","256","1","1","178","landed"
"1548","13","user:void","void","1","bot:/botfiles/mediumds.jkb","Alora","0","10494","12","0","regen","10","1","0","2","256","1","1","178",""
"1549","13","user:void","void","1","bot:/botfiles/mediumds.jkb","Alora","0","10527","13","0","regen","10","1","0","1","320","1","1","177",""
"1550","13","user:void","void","1","bot:/botfiles/mediumds.jkb","Alora","0","10527","14","0","range","10","1","0","1","320","1","1","177",""
"1551","13","user:void","void","1","bot:/botfiles/mediumds.jkb","Alora","0","10560","15","0","regen","10","1","0","1","320","1","1","-178",""
"1552","13","user:void","void","1","bot:/botfiles/mediumds.jkb","Alora","0","10593","16","0","force","9","31","0","1","320","1","1","-167",""
"1553","13","user:void","void","1","bot:/botfiles/mediumds.jkb","Alora","0","10593","17","1","saber_return_punish","10","2","0","1","320","1","1","-167","return"
"1554","13","user:void","void","1","bot:/botfiles/mediumds.jkb","Alora","0","10725","18","1","force","9","1","0","1","320","1","1","-170",""
"1555","13","user:void","void","1","bot:/botfiles/mediumds.jkb","Alora","0","10857","19","1","force","9","1","0","1","320","1","1","154",""
"1556","13","user:void","void","1","bot:/botfiles/mediumds.jkb","Alora","0","10923","20","1","damage","10","1","0","1","320","1","1","130","saberthrow"
"1557","13","user:void","void","1","bot:/botfiles/mediumds.jkb","Alora","0","10989","21","1","force","9","1","0","1","320","1","1","99",""
"1558","13","user:void","void","1","bot:/botfiles/mediumds.jkb","Alora","0","11121","22","1","force","9","1","0","1","320","1","1","121",""
"1559","13","user:void","void","1","bot:/botfiles/mediumds.jkb","Alora","0","11253","23","1","force","9","1","0","1","320","1","1","-102",""
"1560","13","user:void","void","1","bot:/botfiles/mediumds.jkb","Alora","0","11385","24","1","force","9","1","0","1","320","1","1","-47",""
"1561","13","user:void","void","1","bot:/botfiles/mediumds.jkb","Alora","0","11517","25","1","force","9","1","0","1","320","1","1","14",""
"1562","13","user:void","void","1","bot:/botfiles/mediumds.jkb","Alora","0","11550","26","1","range","10","2","0","2","320","1","1","33",""
"1563","13","user:void","void","1","bot:/botfiles/mediumds.jkb","Alora","0","11616","27","1","counter_success","10","2","0","2","320","1","1","68","counter"
"1564","13","user:void","void","1","bot:/botfiles/mediumds.jkb","Alora","0","11649","28","1","force","9","1","2","1","320","1","1","74",""
"1565","13","user:void","void","1","bot:/botfiles/mediumds.jkb","Alora","0","11649","29","1","range","10","1","2","1","320","1","1","74",""
"1566","13","user:void","void","1","bot:/botfiles/mediumds.jkb","Alora","0","11781","30","1","force","9","1","2","1","320","1","1","48",""
"1567","13","user:void","void","1","bot:/botfiles/mediumds.jkb","Alora","0","11913","31","1","force","9","1","2","1","320","1","1","-20",""
"1568","13","user:void","void","1","bot:/botfiles/mediumds.jkb","Alora","0","12045","32","1","force","9","1","2","1","320","1","1","-90",""
"1569","13","user:void","void","1","bot:/botfiles/mediumds.jkb","Alora","0","12177","33","1","force","9","7","2","1","320","1","1","-146",""
"1570","13","user:void","void","1","bot:/botfiles/mediumds.jkb","Alora","0","12177","34","1","air","10","1","2","1","320","1","1","-146","airborne"
"1571","13","user:void","void","1","bot:/botfiles/mediumds.jkb","Alora","0","12309","35","1","force","9","1","2","1","320","1","1","-117",""
"1572","13","user:void","void","1","bot:/botfiles/mediumds.jkb","Alora","0","12408","36","1","range","10","2","2","2","320","1","1","-47",""
"1573","13","user:void","void","1","bot:/botfiles/mediumds.jkb","Alora","0","12441","37","1","force","9","1","2","2","320","1","1","-32",""
"1574","13","user:void","void","1","bot:/botfiles/mediumds.jkb","Alora","0","12573","38","1","force","9","1","2","2","320","1","1","-26",""
"1575","13","user:void","void","1","bot:/botfiles/mediumds.jkb","Alora","0","12705","39","1","force","9","1","2","1","320","1","1","-57",""
"1576","13","user:void","void","1","bot:/botfiles/mediumds.jkb","Alora","0","12705","40","1","range","10","1","2","1","320","1","1","-57",""
"1577","13","user:void","void","1","bot:/botfiles/mediumds.jkb","Alora","0","12837","41","1","force","9","1","2","1","320","1","1","-153",""
"1578","13","user:void","void","1","bot:/botfiles/mediumds.jkb","Alora","0","12837","42","1","air","10","0","2","1","320","1","1","-153","landed"
"1579","13","user:void","void","1","bot:/botfiles/mediumds.jkb","Alora","0","12969","43","1","force","9","1","2","1","320","1","1","-159",""
"1580","13","user:void","void","1","bot:/botfiles/mediumds.jkb","Alora","0","13101","44","1","force","9","1","2","1","320","1","1","-154",""
"1581","13","user:void","void","1","bot:/botfiles/mediumds.jkb","Alora","0","13101","45","1","air","10","1","2","1","320","1","1","-154","airborne"
"1582","13","user:void","void","1","bot:/botfiles/mediumds.jkb","Alora","0","13233","46","1","force","9","1","2","1","320","1","1","-154",""
"1583","13","user:void","void","1","bot:/botfiles/mediumds.jkb","Alora","0","13365","47","1","force","9","1","2","1","320","1","1","-171",""
"1584","13","user:void","void","1","bot:/botfiles/mediumds.jkb","Alora","0","13497","48","1","force","9","1","2","1","320","1","1","169",""
"1585","13","user:void","void","1","bot:/botfiles/mediumds.jkb","Alora","0","13629","49","1","force","9","1","2","1","320","1","1","161",""
"1586","13","user:void","void","1","bot:/botfiles/mediumds.jkb","Alora","0","13728","50","1","force","9","6","4","1","320","1","1","154",""
"1587","13","user:void","void","1","bot:/botfiles/mediumds.jkb","Alora","0","13761","51","1","force","9","1","4","1","320","1","1","153",""
"1588","13","user:void","void","1","bot:/botfiles/mediumds.jkb","Alora","0","13893","52","1","force","9","1","4","1","320","1","1","154",""
"1589","13","user:void","void","1","bot:/botfiles/mediumds.jkb","Alora","0","13992","53","1","range","10","2","4","2","320","1","1","168",""
"1590","13","user:void","void","1","bot:/botfiles/mediumds.jkb","Alora","0","14025","54","1","force","9","1","4","2","320","1","1","169",""
"1591","13","user:void","void","1","bot:/botfiles/mediumds.jkb","Alora","0","14157","55","1","force","9","1","4","2","320","1","1","174",""
"1592","13","user:void","void","1","bot:/botfiles/mediumds.jkb","Alora","0","14289","56","1","force","9","1","3","2","320","1","1","-177",""
"1593","13","user:void","void","1","bot:/botfiles/mediumds.jkb","Alora","0","14421","57","1","force","9","1","3","2","320","1","1","-170",""
"1594","13","user:void","void","1","bot:/botfiles/mediumds.jkb","Alora","0","14520","58","1","range","10","1","3","1","320","1","1","-166",""
"1595","13","user:void","void","1","bot:/botfiles/mediumds.jkb","Alora","0","14553","59","1","force","9","1","3","1","320","1","1","-165",""
"1596","13","user:void","void","1","bot:/botfiles/mediumds.jkb","Alora","0","14619","60","1","regen","10","1","3","1","320","1","1","-167",""
"1597","13","user:void","void","1","bot:/botfiles/mediumds.jkb","Alora","0","14652","61","1","regen","10","1","3","1","320","1","1","-171",""
"1598","13","user:void","void","1","bot:/botfiles/mediumds.jkb","Alora","0","14685","62","1","regen","10","1","4","1","320","1","1","-177",""
"1599","13","user:void","void","1","bot:/botfiles/mediumds.jkb","Alora","0","14685","63","1","reset_success","10","1","4","1","320","1","1","-177","reset"
"1600","13","user:void","void","1","bot:/botfiles/mediumds.jkb","Alora","0","14718","64","1","regen","10","1","4","1","320","1","1","178",""
"1601","13","user:void","void","1","bot:/botfiles/mediumds.jkb","Alora","0","14751","65","1","regen","10","1","4","1","320","1","1","176",""
"1602","13","user:void","void","1","bot:/botfiles/mediumds.jkb","Alora","0","14784","66","1","regen","10","1","4","1","320","1","1","172",""
"1603","13","user:void","void","1","bot:/botfiles/mediumds.jkb","Alora","0","14817","67","1","regen","10","1","4","1","320","1","1","170",""
"1604","13","user:void","void","1","bot:/botfiles/mediumds.jkb","Alora","0","14850","68","1","regen","10","1","4","1","320","1","1","170",""
"1605","13","user:void","void","1","bot:/botfiles/mediumds.jkb","Alora","0","14883","69","1","regen","10","1","4","1","320","1","1","167",""
"1606","13","user:void","void","1","bot:/botfiles/mediumds.jkb","Alora","0","14916","70","1","regen","10","1","4","1","320","1","1","167",""
"1607","13","user:void","void","1","bot:/botfiles/mediumds.jkb","Alora","0","14949","71","1","regen","10","1","4","1","320","1","1","167",""
"1608","13","user:void","void","1","bot:/botfiles/mediumds.jkb","Alora","0","14982","72","1","regen","10","1","4","1","320","1","1","167",""
"1609","13","user:void","void","1","bot:/botfiles/mediumds.jkb","Alora","0","15015","73","1","regen","10","1","4","1","320","1","1","166",""
"1610","13","user:void","void","1","bot:/botfiles/mediumds.jkb","Alora","0","15015","74","1","air","10","0","4","1","320","1","1","166","landed"
"1611","13","user:void","void","1","bot:/botfiles/mediumds.jkb","Alora","0","15048","75","1","regen","10","1","4","1","320","1","1","166",""
"1612","13","user:void","void","1","bot:/botfiles/mediumds.jkb","Alora","0","15081","76","1","regen","10","1","4","1","320","1","1","165",""
"1613","13","user:void","void","1","bot:/botfiles/mediumds.jkb","Alora","0","15081","77","1","air","10","1","4","1","320","1","1","165","airborne"
"1614","13","user:void","void","1","","","0","15114","78","1","force","9","5","0","0","320","1","0","0",""
"1615","13","user:void","void","1","","","0","15114","79","1","range","10","0","0","0","320","1","0","0","no_target"
"1616","14","user:void","void","1","bot:/botfiles/roshpenin.jkb","Rosh","0","495","1","0","air","10","0","0","3","256","0","0","-6","landed"
"1617","14","user:void","void","1","bot:/botfiles/roshpenin.jkb","Rosh","0","1320","2","0","air","10","1","0","3","256","1","1","-49","airborne"
"1618","14","user:void","void","1","bot:/botfiles/roshpenin.jkb","Rosh","0","3399","3","0","air","10","0","0","3","0","1","1","29","landed"
"1619","14","user:void","void","1","bot:/botfiles/roshpenin.jkb","Rosh","0","4752","4","0","air","10","1","0","3","256","1","1","165","airborne"
"1620","14","user:void","void","1","bot:/botfiles/roshpenin.jkb","Rosh","0","6534","5","0","range","10","2","0","2","256","1","1","174",""
"1621","14","user:void","void","1","bot:/botfiles/roshpenin.jkb","Rosh","0","6765","6","0","air","10","0","0","2","256","1","1","175","landed"
"1622","14","user:void","void","1","bot:/botfiles/roshpenin.jkb","Rosh","0","7062","7","0","range","10","1","0","1","320","1","1","137",""
"1623","14","user:void","void","1","bot:/botfiles/roshpenin.jkb","Rosh","0","7458","8","0","range","10","2","0","2","320","1","1","117",""
"1624","14","user:void","void","1","bot:/botfiles/roshpenin.jkb","Rosh","0","7524","9","0","force","9","31","0","2","320","1","1","91",""
"1625","14","user:void","void","1","bot:/botfiles/roshpenin.jkb","Rosh","0","7524","10","1","saber_return_punish","10","2","0","2","320","1","1","91","return"
"1626","14","user:void","void","1","bot:/botfiles/roshpenin.jkb","Rosh","0","7656","11","1","force","9","1","0","2","320","1","1","90",""
"1627","14","user:void","void","1","bot:/botfiles/roshpenin.jkb","Rosh","0","7722","12","1","range","10","1","0","1","320","1","1","93",""
"1628","14","user:void","void","1","bot:/botfiles/roshpenin.jkb","Rosh","0","7755","13","1","regen","10","1","0","1","320","1","1","94",""
"1629","14","user:void","void","1","bot:/botfiles/roshpenin.jkb","Rosh","0","7788","14","1","regen","10","1","0","1","320","1","1","99",""
"1630","14","user:void","void","1","bot:/botfiles/roshpenin.jkb","Rosh","0","7821","15","1","regen","10","1","0","1","320","1","1","101",""
"1631","14","user:void","void","1","bot:/botfiles/roshpenin.jkb","Rosh","0","7854","16","1","regen","10","1","0","1","320","1","1","108",""
"1632","14","user:void","void","1","bot:/botfiles/roshpenin.jkb","Rosh","0","7887","17","1","regen","10","1","0","1","320","1","1","116",""
"1633","14","user:void","void","1","bot:/botfiles/roshpenin.jkb","Rosh","0","7920","18","1","regen","10","1","0","1","320","1","1","127",""
"1634","14","user:void","void","1","bot:/botfiles/roshpenin.jkb","Rosh","0","7953","19","1","regen","10","1","0","1","320","1","1","158",""
"1635","14","user:void","void","1","bot:/botfiles/roshpenin.jkb","Rosh","0","7986","20","1","regen","10","1","0","1","320","1","1","-155",""
"1636","14","user:void","void","1","bot:/botfiles/roshpenin.jkb","Rosh","0","8019","21","1","regen","10","1","0","1","320","1","1","-117",""
"1637","14","user:void","void","1","bot:/botfiles/roshpenin.jkb","Rosh","0","8052","22","1","regen","10","1","0","1","320","1","1","-97",""
"1638","14","user:void","void","1","bot:/botfiles/roshpenin.jkb","Rosh","0","8085","23","1","regen","10","1","0","1","320","1","1","-82",""
"1639","14","user:void","void","1","bot:/botfiles/roshpenin.jkb","Rosh","0","8118","24","1","regen","10","1","0","1","320","1","1","-69",""
"1640","14","user:void","void","1","bot:/botfiles/roshpenin.jkb","Rosh","0","8151","25","1","regen","10","1","0","1","320","1","1","-56",""
"1641","14","user:void","void","1","bot:/botfiles/roshpenin.jkb","Rosh","0","8184","26","1","regen","10","1","0","1","320","1","1","-36",""
"1642","14","user:void","void","1","bot:/botfiles/roshpenin.jkb","Rosh","0","8217","27","1","regen","10","1","0","2","320","1","1","-27",""
"1643","14","user:void","void","1","bot:/botfiles/roshpenin.jkb","Rosh","0","8217","28","1","range","10","2","0","2","320","1","1","-27",""
"1644","14","user:void","void","1","bot:/botfiles/roshpenin.jkb","Rosh","0","8250","29","1","regen","10","1","0","2","320","1","1","11",""
"1645","14","user:void","void","1","bot:/botfiles/roshpenin.jkb","Rosh","0","8283","30","1","regen","10","1","0","2","320","1","1","34",""
"1646","14","user:void","void","1","bot:/botfiles/roshpenin.jkb","Rosh","0","8316","31","1","regen","10","1","0","2","320","1","1","53",""
"1647","14","user:void","void","1","bot:/botfiles/roshpenin.jkb","Rosh","0","8349","32","1","regen","10","1","0","2","320","1","1","64",""
"1648","14","user:void","void","1","bot:/botfiles/roshpenin.jkb","Rosh","0","8382","33","1","regen","10","1","0","2","320","1","1","72",""
"1649","14","user:void","void","1","bot:/botfiles/roshpenin.jkb","Rosh","0","8415","34","1","regen","10","1","0","2","320","1","1","77",""
"1650","14","user:void","void","1","bot:/botfiles/roshpenin.jkb","Rosh","0","8448","35","1","regen","10","1","0","2","320","1","1","81",""
"1651","14","user:void","void","1","bot:/botfiles/roshpenin.jkb","Rosh","0","8481","36","1","regen","10","1","0","1","320","1","1","84",""
"1652","14","user:void","void","1","bot:/botfiles/roshpenin.jkb","Rosh","0","8481","37","1","range","10","1","0","1","320","1","1","84",""
"1653","14","user:void","void","1","bot:/botfiles/roshpenin.jkb","Rosh","0","8514","38","1","regen","10","1","0","1","320","1","1","84",""
"1654","14","user:void","void","1","bot:/botfiles/roshpenin.jkb","Rosh","0","8547","39","1","regen","10","1","0","1","320","1","1","83",""
"1655","14","user:void","void","1","bot:/botfiles/roshpenin.jkb","Rosh","0","8580","40","1","regen","10","1","0","1","320","1","1","84",""
"1656","14","user:void","void","1","bot:/botfiles/roshpenin.jkb","Rosh","0","8613","41","1","regen","10","1","0","1","320","1","1","93",""
"1657","14","user:void","void","1","bot:/botfiles/roshpenin.jkb","Rosh","0","8646","42","1","regen","10","1","0","1","320","1","1","124",""
"1658","14","user:void","void","1","bot:/botfiles/roshpenin.jkb","Rosh","0","8679","43","1","regen","10","1","0","1","256","1","1","157",""
"1659","14","user:void","void","1","bot:/botfiles/roshpenin.jkb","Rosh","0","8712","44","1","regen","10","1","0","1","256","1","1","174",""
"1660","14","user:void","void","1","bot:/botfiles/roshpenin.jkb","Rosh","0","8745","45","1","regen","10","1","0","1","256","1","1","179",""
"1661","14","user:void","void","1","bot:/botfiles/roshpenin.jkb","Rosh","0","8778","46","1","regen","10","1","0","1","256","1","1","176",""
"1662","14","user:void","void","1","bot:/botfiles/roshpenin.jkb","Rosh","0","8976","47","1","damage","10","20","0","1","256","0","1","153",""
"1663","14","user:void","void","1","bot:/botfiles/roshpenin.jkb","Rosh","0","8976","48","1","air","10","1","0","1","256","0","1","153","airborne"
"1664","14","user:void","void","1","bot:/botfiles/roshpenin.jkb","Rosh","0","8976","49","1","knockdown","10","1","0","1","256","0","1","153","knockdown"
"1665","14","user:void","void","1","bot:/botfiles/roshpenin.jkb","Rosh","0","9174","50","1","range","10","2","0","2","256","0","1","63",""
"1666","14","user:void","void","1","bot:/botfiles/roshpenin.jkb","Rosh","0","9537","51","1","air","10","0","0","2","0","0","1","171","landed"
"1667","14","user:void","void","1","bot:/botfiles/roshpenin.jkb","Rosh","0","10527","52","1","range","10","3","0","3","0","0","1","169",""
"1668","14","user:void","void","1","bot:/botfiles/roshpenin.jkb","Rosh","0","10956","53","2","attack_start","10","128","0","2","384","1","1","178","alt"
"1669","14","user:void","void","1","bot:/botfiles/roshpenin.jkb","Rosh","0","10956","54","2","force","9","20","0","2","384","1","1","178",""
"1670","14","user:void","void","1","bot:/botfiles/roshpenin.jkb","Rosh","0","10956","55","2","range","10","2","0","2","384","1","1","178",""
"1671","14","user:void","void","1","bot:/botfiles/roshpenin.jkb","Rosh","0","11385","56","2","force","9","20","0","2","384","1","1","166",""
"1672","14","user:void","void","1","bot:/botfiles/roshpenin.jkb","Rosh","0","11649","57","2","punish_success","10","30","0","2","384","1","1","157","punish"
"1673","14","user:void","void","1","bot:/botfiles/roshpenin.jkb","Rosh","0","11748","58","2","range","10","1","0","1","384","1","1","167",""
"1674","14","user:void","void","1","bot:/botfiles/roshpenin.jkb","Rosh","0","11913","59","2","regen","10","1","0","1","384","1","0","-176",""
"1675","14","user:void","void","1","bot:/botfiles/roshpenin.jkb","Rosh","0","11913","60","2","damage","10","1","0","1","384","1","0","-176",""
"1676","14","user:void","void","1","bot:/botfiles/roshpenin.jkb","Rosh","0","11946","61","2","regen","10","1","0","1","384","1","0","-175",""
"1677","14","user:void","void","1","bot:/botfiles/roshpenin.jkb","Rosh","0","11979","62","2","regen","10","1","0","1","384","1","0","-174",""
"1678","14","user:void","void","1","bot:/botfiles/roshpenin.jkb","Rosh","0","11979","63","2","air","10","1","0","1","384","1","0","-174","airborne"
"1679","14","user:void","void","1","bot:/botfiles/roshpenin.jkb","Rosh","0","12012","64","2","regen","10","1","0","1","384","1","0","-165",""
"1680","14","user:void","void","1","bot:/botfiles/roshpenin.jkb","Rosh","0","12045","65","2","regen","10","1","0","1","384","1","0","-137",""
"1681","14","user:void","void","1","bot:/botfiles/roshpenin.jkb","Rosh","0","12078","66","2","regen","10","1","0","1","384","1","0","-50",""
"1682","14","user:void","void","1","bot:/botfiles/roshpenin.jkb","Rosh","0","12111","67","2","regen","10","1","0","1","384","1","0","-45",""
"1683","14","user:void","void","1","bot:/botfiles/roshpenin.jkb","Rosh","0","12144","68","2","regen","10","1","0","2","384","1","0","-49",""
"1684","14","user:void","void","1","bot:/botfiles/roshpenin.jkb","Rosh","0","12144","69","2","range","10","2","0","2","384","1","0","-49",""
"1685","14","user:void","void","1","bot:/botfiles/roshpenin.jkb","Rosh","0","12177","70","2","regen","10","1","0","2","384","1","0","-60",""
"1686","14","user:void","void","1","bot:/botfiles/roshpenin.jkb","Rosh","0","12210","71","2","regen","10","1","0","2","384","1","0","-71",""
"1687","14","user:void","void","1","bot:/botfiles/roshpenin.jkb","Rosh","0","12243","72","2","regen","10","1","0","2","384","1","0","-78",""
"1688","14","user:void","void","1","bot:/botfiles/roshpenin.jkb","Rosh","0","12276","73","2","regen","10","1","0","2","384","1","0","-84",""
"1689","14","user:void","void","1","bot:/botfiles/roshpenin.jkb","Rosh","0","12309","74","2","regen","10","1","0","2","384","1","0","-92",""
"1690","14","user:void","void","1","bot:/botfiles/roshpenin.jkb","Rosh","0","12342","75","2","regen","10","1","0","2","384","1","0","-100",""
"1691","14","user:void","void","1","bot:/botfiles/roshpenin.jkb","Rosh","0","12375","76","2","regen","10","1","0","2","384","1","0","-108",""
"1692","14","user:void","void","1","bot:/botfiles/roshpenin.jkb","Rosh","0","12408","77","2","regen","10","1","0","2","384","1","0","-116",""
"1693","14","user:void","void","1","bot:/botfiles/roshpenin.jkb","Rosh","0","12441","78","2","regen","10","1","0","2","384","1","0","-124",""
"1694","14","user:void","void","1","bot:/botfiles/roshpenin.jkb","Rosh","0","12474","79","2","regen","10","1","0","2","384","1","0","-132",""
"1695","14","user:void","void","1","bot:/botfiles/roshpenin.jkb","Rosh","0","12507","80","2","regen","10","1","0","2","384","1","0","-140",""
"1696","14","user:void","void","1","bot:/botfiles/roshpenin.jkb","Rosh","0","12540","81","2","regen","10","1","0","2","384","1","0","-147",""
"1697","14","user:void","void","1","bot:/botfiles/roshpenin.jkb","Rosh","0","12573","82","2","regen","10","1","0","2","384","1","0","-149",""
"1698","14","user:void","void","1","bot:/botfiles/roshpenin.jkb","Rosh","0","12606","83","2","regen","10","1","0","2","384","1","0","-152",""
"1699","14","user:void","void","1","bot:/botfiles/roshpenin.jkb","Rosh","0","12639","84","2","force","9","20","0","2","384","1","0","-155",""
"1700","14","user:void","void","1","bot:/botfiles/roshpenin.jkb","Rosh","0","12837","85","2","air","10","0","0","2","384","1","1","-179","landed"
"1701","14","user:void","void","1","bot:/botfiles/roshpenin.jkb","Rosh","0","12936","86","2","force","9","20","2","2","384","1","1","168",""
"1702","14","user:void","void","1","bot:/botfiles/roshpenin.jkb","Rosh","0","13299","87","3","range","10","1","2","1","384","1","0","163",""
"1703","14","user:void","void","1","bot:/botfiles/roshpenin.jkb","Rosh","0","13464","88","3","regen","10","1","2","1","384","1","0","146",""
"1704","14","user:void","void","1","bot:/botfiles/roshpenin.jkb","Rosh","0","13497","89","3","regen","10","1","2","1","384","1","0","151",""
"1705","14","user:void","void","1","bot:/botfiles/roshpenin.jkb","Rosh","0","13530","90","3","regen","10","1","2","1","384","1","0","157",""
"1706","14","user:void","void","1","bot:/botfiles/roshpenin.jkb","Rosh","0","13563","91","3","regen","10","1","2","1","384","1","0","159",""
"1707","14","user:void","void","1","bot:/botfiles/roshpenin.jkb","Rosh","0","13596","92","3","regen","10","1","2","2","384","1","0","149",""
"1708","14","user:void","void","1","bot:/botfiles/roshpenin.jkb","Rosh","0","13596","93","3","range","10","2","2","2","384","1","0","149",""
"1709","14","user:void","void","1","bot:/botfiles/roshpenin.jkb","Rosh","0","13596","94","3","air","10","1","2","2","384","1","0","149","airborne"
"1710","14","user:void","void","1","bot:/botfiles/roshpenin.jkb","Rosh","0","13629","95","3","regen","10","1","2","2","384","1","0","133",""
"1711","14","user:void","void","1","bot:/botfiles/roshpenin.jkb","Rosh","0","13662","96","3","regen","10","1","0","2","384","1","0","112",""
"1712","14","user:void","void","1","bot:/botfiles/roshpenin.jkb","Rosh","0","13695","97","3","regen","10","1","0","2","384","1","0","101",""
"1713","14","user:void","void","1","bot:/botfiles/roshpenin.jkb","Rosh","0","13728","98","3","regen","10","1","0","2","384","1","0","98",""
"1714","14","user:void","void","1","bot:/botfiles/roshpenin.jkb","Rosh","0","13761","99","3","regen","10","1","0","2","384","1","0","82",""
"1715","14","user:void","void","1","bot:/botfiles/roshpenin.jkb","Rosh","0","13794","100","3","regen","10","1","0","2","384","1","0","77",""
"1716","14","user:void","void","1","bot:/botfiles/roshpenin.jkb","Rosh","0","13827","101","3","regen","10","1","0","2","384","1","0","83",""
"1717","14","user:void","void","1","bot:/botfiles/roshpenin.jkb","Rosh","0","13860","102","3","regen","10","1","0","2","384","1","0","90",""
"1718","14","user:void","void","1","bot:/botfiles/roshpenin.jkb","Rosh","0","13893","103","3","regen","10","1","0","2","384","1","0","95",""
"1719","14","user:void","void","1","bot:/botfiles/roshpenin.jkb","Rosh","0","13926","104","3","regen","10","1","0","2","384","1","0","102",""
"1720","14","user:void","void","1","bot:/botfiles/roshpenin.jkb","Rosh","0","13959","105","3","regen","10","1","0","2","384","1","0","110",""
"1721","14","user:void","void","1","bot:/botfiles/roshpenin.jkb","Rosh","0","13992","106","3","regen","10","1","0","2","384","1","0","118",""
"1722","14","user:void","void","1","bot:/botfiles/roshpenin.jkb","Rosh","0","14025","107","3","regen","10","1","0","2","384","1","0","129",""
"1723","14","user:void","void","1","bot:/botfiles/roshpenin.jkb","Rosh","0","14058","108","3","regen","10","1","0","2","384","1","0","137",""
"1724","14","user:void","void","1","bot:/botfiles/roshpenin.jkb","Rosh","0","14091","109","3","regen","10","1","0","2","384","1","0","144",""
"1725","14","user:void","void","1","bot:/botfiles/roshpenin.jkb","Rosh","0","14124","110","3","regen","10","1","0","2","384","1","0","151",""
"1726","14","user:void","void","1","bot:/botfiles/roshpenin.jkb","Rosh","0","14157","111","3","regen","10","1","0","2","384","1","0","157",""
"1727","14","user:void","void","1","bot:/botfiles/roshpenin.jkb","Rosh","0","14190","112","3","force","9","20","2","2","384","1","0","163",""
"1728","14","user:void","void","1","bot:/botfiles/roshpenin.jkb","Rosh","0","14322","113","3","force","9","20","3","2","384","1","1","175",""
"1729","14","user:void","void","1","bot:/botfiles/roshpenin.jkb","Rosh","0","14322","114","3","air","10","0","3","2","384","1","1","175","landed"
"1730","14","user:void","void","1","bot:/botfiles/roshpenin.jkb","Rosh","0","15114","115","3","range","10","1","3","1","384","1","1","-146",""
"1731","14","user:void","void","1","bot:/botfiles/roshpenin.jkb","Rosh","0","15444","116","3","air","10","1","3","1","384","1","1","-146","airborne"
"1732","14","user:void","void","1","bot:/botfiles/roshpenin.jkb","Rosh","0","15807","117","3","range","10","2","3","2","384","1","1","-152",""
"1733","14","user:void","void","1","bot:/botfiles/roshpenin.jkb","Rosh","0","16236","118","3","regen","10","1","3","2","384","1","156","-98",""
"1734","14","user:void","void","1","bot:/botfiles/roshpenin.jkb","Rosh","0","16269","119","3","regen","10","1","2","2","384","1","156","-102",""
"1735","14","user:void","void","1","bot:/botfiles/roshpenin.jkb","Rosh","0","16269","120","3","reset_success","10","1","2","2","384","1","156","-102","reset"
"1736","14","user:void","void","1","bot:/botfiles/roshpenin.jkb","Rosh","0","16302","121","3","regen","10","1","2","2","384","1","156","-107",""
"1737","14","user:void","void","1","bot:/botfiles/roshpenin.jkb","Rosh","0","16335","122","3","regen","10","1","2","2","384","1","156","-113",""
"1738","14","user:void","void","1","bot:/botfiles/roshpenin.jkb","Rosh","0","16335","123","3","air","10","0","2","2","384","1","156","-113","landed"
"1739","14","user:void","void","1","bot:/botfiles/roshpenin.jkb","Rosh","0","16368","124","3","regen","10","1","2","2","384","1","1","-117",""
"1740","14","user:void","void","1","bot:/botfiles/roshpenin.jkb","Rosh","0","16401","125","3","regen","10","1","2","2","384","1","1","-122",""
"1741","14","user:void","void","1","bot:/botfiles/roshpenin.jkb","Rosh","0","16434","126","3","regen","10","1","2","2","256","1","1","-126",""
"1742","14","user:void","void","1","bot:/botfiles/roshpenin.jkb","Rosh","0","16467","127","3","regen","10","1","0","2","256","1","1","-131",""
"1743","14","user:void","void","1","bot:/botfiles/roshpenin.jkb","Rosh","0","16467","128","3","air","10","1","0","2","256","1","1","-131","airborne"
"1744","15","user:void","void","1","bot:/botfiles/easyds2.jkb","ImperialWorker","0","495","1","0","air","10","0","0","3","256","0","0","110","landed"
"1745","15","user:void","void","1","bot:/botfiles/easyds2.jkb","ImperialWorker","0","528","2","0","air","10","1","0","3","256","0","0","112","airborne"
"1746","15","user:void","void","1","bot:/botfiles/easyds2.jkb","ImperialWorker","0","627","3","0","force","9","6","0","3","256","0","0","111",""
"1747","15","user:void","void","1","bot:/botfiles/easyds2.jkb","ImperialWorker","0","924","4","0","force","9","2","0","3","256","1","1","94",""
"1748","15","user:void","void","1","bot:/botfiles/easyds2.jkb","ImperialWorker","0","1386","5","0","air","10","0","0","3","256","1","1","49","landed"
"1749","15","user:void","void","1","bot:/botfiles/easyds2.jkb","ImperialWorker","0","1419","6","0","regen","10","1","0","3","256","1","1","48",""
"1750","15","user:void","void","1","bot:/botfiles/easyds2.jkb","ImperialWorker","0","1452","7","0","regen","10","1","0","3","256","1","1","48",""
"1751","15","user:void","void","1","bot:/botfiles/easyds2.jkb","ImperialWorker","0","1485","8","0","regen","10","1","0","3","256","1","1","48",""
"1752","15","user:void","void","1","bot:/botfiles/easyds2.jkb","ImperialWorker","0","1518","9","0","regen","10","1","0","3","256","1","1","47",""
"1753","15","user:void","void","1","bot:/botfiles/easyds2.jkb","ImperialWorker","0","1551","10","0","regen","10","1","0","3","256","1","1","47",""
"1754","15","user:void","void","1","bot:/botfiles/easyds2.jkb","ImperialWorker","0","1584","11","0","regen","10","1","0","3","256","1","1","47",""
"1755","15","user:void","void","1","bot:/botfiles/easyds2.jkb","ImperialWorker","0","1617","12","0","regen","10","1","0","3","256","1","1","47",""
"1756","15","user:void","void","1","bot:/botfiles/easyds2.jkb","ImperialWorker","0","1617","13","0","air","10","1","0","3","256","1","1","47","airborne"
"1757","15","user:void","void","1","bot:/botfiles/easyds2.jkb","ImperialWorker","0","1650","14","0","regen","10","1","0","3","256","1","1","47",""
"1758","15","user:void","void","1","bot:/botfiles/easyds2.jkb","ImperialWorker","0","1980","15","0","air","10","0","0","3","256","1","1","53","landed"
"1759","15","user:void","void","1","bot:/botfiles/easyds2.jkb","ImperialWorker","0","3333","16","0","air","10","1","0","3","0","1","1","76","airborne"
"1760","15","user:void","void","1","bot:/botfiles/easyds2.jkb","ImperialWorker","0","3663","17","0","air","10","0","0","3","0","1","1","72","landed"
"1761","15","user:void","void","1","bot:/botfiles/easyds2.jkb","ImperialWorker","0","4884","18","0","range","10","2","0","2","0","1","1","84",""
"1762","15","user:void","void","1","bot:/botfiles/easyds2.jkb","ImperialWorker","0","5445","19","0","air","10","1","0","2","256","1","1","100","airborne"
"1763","15","user:void","void","1","bot:/botfiles/easyds2.jkb","ImperialWorker","0","5577","20","0","damage","10","30","2","2","256","1","1","109","saberthrow"
"1764","15","user:void","void","1","bot:/botfiles/easyds2.jkb","ImperialWorker","0","5775","21","0","air","10","0","2","2","256","1","1","90","landed"
"1765","15","user:void","void","1","bot:/botfiles/easyds2.jkb","ImperialWorker","0","6864","22","0","force","9","5","2","2","2304","1","1","135",""
"1766","15","user:void","void","1","bot:/botfiles/easyds2.jkb","ImperialWorker","0","6897","23","0","force","9","5","2","2","2304","1","1","141",""
"1767","15","user:void","void","1","bot:/botfiles/easyds2.jkb","ImperialWorker","0","6963","24","0","force","9","5","2","2","2304","1","1","168",""
"1768","15","user:void","void","1","bot:/botfiles/easyds2.jkb","ImperialWorker","0","6996","25","0","force","9","5","2","2","2304","1","1","-175",""
"1769","15","user:void","void","1","bot:/botfiles/easyds2.jkb","ImperialWorker","0","7062","26","0","force","9","5","2","2","2304","1","1","-157",""
"1770","15","user:void","void","1","bot:/botfiles/easyds2.jkb","ImperialWorker","0","7095","27","0","force","9","5","2","2","2304","1","1","-155",""
"1771","15","user:void","void","1","bot:/botfiles/easyds2.jkb","ImperialWorker","0","7161","28","0","force","9","5","2","2","2304","1","1","-155",""
"1772","15","user:void","void","1","bot:/botfiles/easyds2.jkb","ImperialWorker","0","7194","29","0","force","9","5","2","2","2304","1","1","-155",""
"1773","15","user:void","void","1","bot:/botfiles/easyds2.jkb","ImperialWorker","0","7260","30","0","force","9","5","2","2","2304","1","1","-145",""
"1774","15","user:void","void","1","bot:/botfiles/easyds2.jkb","ImperialWorker","0","7293","31","0","force","9","5","2","2","2304","1","1","-132",""
"1775","15","user:void","void","1","bot:/botfiles/easyds2.jkb","ImperialWorker","0","7557","32","0","air","10","1","4","2","256","1","1","-135","airborne"
"1776","15","user:void","void","1","bot:/botfiles/easyds2.jkb","ImperialWorker","0","7689","33","0","range","10","1","4","1","256","1","1","-143",""
"1777","15","user:void","void","1","bot:/botfiles/easyds2.jkb","ImperialWorker","0","7821","34","0","regen","10","1","4","1","256","1","1","-164",""
"1778","15","user:void","void","1","bot:/botfiles/easyds2.jkb","ImperialWorker","0","7854","35","0","regen","10","1","4","1","256","1","1","-168",""
"1779","15","user:void","void","1","bot:/botfiles/easyds2.jkb","ImperialWorker","0","7887","36","0","regen","10","1","4","1","256","1","1","-172",""
"1780","15","user:void","void","1","bot:/botfiles/easyds2.jkb","ImperialWorker","0","7887","37","0","air","10","0","4","1","256","1","1","-172","landed"
"1781","15","user:void","void","1","bot:/botfiles/easyds2.jkb","ImperialWorker","0","7920","38","0","regen","10","1","4","1","256","1","1","-177",""
"1782","15","user:void","void","1","bot:/botfiles/easyds2.jkb","ImperialWorker","0","7953","39","0","regen","10","1","4","1","256","1","1","176",""
"1783","15","user:void","void","1","bot:/botfiles/easyds2.jkb","ImperialWorker","0","7986","40","0","regen","10","1","4","1","256","1","1","169",""
"1784","15","user:void","void","1","bot:/botfiles/easyds2.jkb","ImperialWorker","0","8019","41","0","regen","10","1","4","1","256","1","1","162",""
"1785","15","user:void","void","1","bot:/botfiles/easyds2.jkb","ImperialWorker","0","8052","42","0","regen","10","1","4","2","256","1","1","155",""
"1786","15","user:void","void","1","bot:/botfiles/easyds2.jkb","ImperialWorker","0","8052","43","0","range","10","2","4","2","256","1","1","155",""
"1787","15","user:void","void","1","bot:/botfiles/easyds2.jkb","ImperialWorker","0","8085","44","0","regen","10","1","4","2","256","1","1","147",""
"1788","15","user:void","void","1","bot:/botfiles/easyds2.jkb","ImperialWorker","0","8118","45","0","regen","10","1","2","2","256","1","1","138",""
"1789","15","user:void","void","1","bot:/botfiles/easyds2.jkb","ImperialWorker","0","8151","46","0","regen","10","1","2","2","256","1","1","130",""
"1790","15","user:void","void","1","bot:/botfiles/easyds2.jkb","ImperialWorker","0","8184","47","0","regen","10","1","2","2","256","1","1","122",""
"1791","15","user:void","void","1","bot:/botfiles/easyds2.jkb","ImperialWorker","0","8217","48","0","regen","10","1","2","2","256","1","1","127",""
"1792","15","user:void","void","1","bot:/botfiles/easyds2.jkb","ImperialWorker","0","8250","49","0","regen","10","1","2","2","256","1","1","162",""
"1793","15","user:void","void","1","bot:/botfiles/easyds2.jkb","ImperialWorker","0","8283","50","0","regen","10","1","2","2","256","1","1","-176",""
"1794","15","user:void","void","1","bot:/botfiles/easyds2.jkb","ImperialWorker","0","8316","51","0","regen","10","1","2","2","256","1","1","-150",""
"1795","15","user:void","void","1","bot:/botfiles/easyds2.jkb","ImperialWorker","0","8349","52","0","regen","10","1","2","2","0","1","1","-152",""
"1796","15","user:void","void","1","bot:/botfiles/easyds2.jkb","ImperialWorker","0","8382","53","0","regen","10","1","2","2","0","1","1","-159",""
"1797","15","user:void","void","1","bot:/botfiles/easyds2.jkb","ImperialWorker","0","8415","54","0","regen","10","1","2","2","0","1","1","-167",""
"1798","15","user:void","void","1","bot:/botfiles/easyds2.jkb","ImperialWorker","0","8448","55","0","regen","10","1","2","2","0","1","1","-176",""
"1799","15","user:void","void","1","bot:/botfiles/easyds2.jkb","ImperialWorker","0","8481","56","0","regen","10","1","2","2","0","1","1","174",""
"1800","15","user:void","void","1","bot:/botfiles/easyds2.jkb","ImperialWorker","0","8514","57","0","regen","10","1","2","2","256","1","1","167",""
"1801","15","user:void","void","1","bot:/botfiles/easyds2.jkb","ImperialWorker","0","8547","58","0","regen","10","1","2","2","256","1","1","161",""
"1802","15","user:void","void","1","bot:/botfiles/easyds2.jkb","ImperialWorker","0","8580","59","0","regen","10","1","2","2","256","1","1","156",""
"1803","15","user:void","void","1","bot:/botfiles/easyds2.jkb","ImperialWorker","0","8613","60","0","regen","10","1","2","2","256","1","1","154",""
"1804","15","user:void","void","1","bot:/botfiles/easyds2.jkb","ImperialWorker","0","8646","61","0","regen","10","1","2","2","256","1","1","155",""
"1805","15","user:void","void","1","bot:/botfiles/easyds2.jkb","ImperialWorker","0","8679","62","0","regen","10","1","2","2","256","1","1","158",""
"1806","15","user:void","void","1","bot:/botfiles/easyds2.jkb","ImperialWorker","0","8712","63","0","regen","10","1","2","2","256","1","1","157",""
"1807","15","user:void","void","1","bot:/botfiles/easyds2.jkb","ImperialWorker","0","8745","64","0","regen","10","1","2","2","256","1","1","154",""
"1808","15","user:void","void","1","bot:/botfiles/easyds2.jkb","ImperialWorker","0","8778","65","0","regen","10","1","2","2","256","1","1","155",""
"1809","15","user:void","void","1","bot:/botfiles/easyds2.jkb","ImperialWorker","0","8811","66","1","attack_start","10","128","2","2","384","1","1","160","alt"
"1810","15","user:void","void","1","bot:/botfiles/easyds2.jkb","ImperialWorker","0","8811","67","1","force","9","20","2","2","384","1","1","160",""
"1811","15","user:void","void","1","bot:/botfiles/easyds2.jkb","ImperialWorker","0","8943","68","1","force","9","20","2","2","384","1","1","178",""
"1812","15","user:void","void","1","bot:/botfiles/easyds2.jkb","ImperialWorker","0","9042","69","1","range","10","1","2","1","384","1","1","-173",""
"1813","15","user:void","void","1","bot:/botfiles/easyds2.jkb","ImperialWorker","0","9075","70","1","air","10","1","2","1","384","1","1","-174","airborne"
"1814","15","user:void","void","1","bot:/botfiles/easyds2.jkb","ImperialWorker","0","9108","71","1","force","9","6","2","1","384","1","1","-175",""
"1815","15","user:void","void","1","bot:/botfiles/easyds2.jkb","ImperialWorker","0","9108","72","1","punish_success","10","20","2","1","384","1","1","-175","punish"
"1816","15","user:void","void","1","bot:/botfiles/easyds2.jkb","ImperialWorker","0","9306","73","1","range","10","2","2","2","384","1","156","173",""
"1817","15","user:void","void","1","bot:/botfiles/easyds2.jkb","ImperialWorker","0","9438","74","1","regen","10","1","2","2","384","1","156","179",""
"1818","15","user:void","void","1","bot:/botfiles/easyds2.jkb","ImperialWorker","0","9471","75","1","regen","10","1","2","2","384","1","156","-176",""
"1819","15","user:void","void","1","bot:/botfiles/easyds2.jkb","ImperialWorker","0","9504","76","1","regen","10","1","2","2","384","1","156","-174",""
"1820","15","user:void","void","1","bot:/botfiles/easyds2.jkb","ImperialWorker","0","9537","77","1","regen","10","1","2","2","384","1","156","-171",""
"1821","15","user:void","void","1","bot:/botfiles/easyds2.jkb","ImperialWorker","0","9570","78","1","regen","10","1","2","2","384","1","156","-169",""
"1822","15","user:void","void","1","bot:/botfiles/easyds2.jkb","ImperialWorker","0","9603","79","1","regen","10","1","2","2","384","1","156","-168",""
"1823","15","user:void","void","1","bot:/botfiles/easyds2.jkb","ImperialWorker","0","9636","80","1","regen","10","1","2","2","384","1","156","-167",""
"1824","15","user:void","void","1","bot:/botfiles/easyds2.jkb","ImperialWorker","0","9669","81","1","regen","10","1","2","2","384","1","1","-167",""
"1825","15","user:void","void","1","bot:/botfiles/easyds2.jkb","ImperialWorker","0","9702","82","1","regen","10","1","2","2","256","1","1","-166",""
"1826","15","user:void","void","1","bot:/botfiles/easyds2.jkb","ImperialWorker","0","9735","83","1","force","9","4","2","2","256","1","1","-166",""
"1827","15","user:void","void","1","bot:/botfiles/easyds2.jkb","ImperialWorker","0","9768","84","1","force","9","4","2","2","256","1","1","-164",""
"1828","15","user:void","void","1","bot:/botfiles/easyds2.jkb","ImperialWorker","0","9834","85","1","force","9","4","2","2","256","1","1","-155",""
"1829","15","user:void","void","1","bot:/botfiles/easyds2.jkb","ImperialWorker","0","9867","86","1","force","9","4","2","2","256","1","1","-152",""
"1830","15","user:void","void","1","bot:/botfiles/easyds2.jkb","ImperialWorker","0","9933","87","1","force","9","4","3","2","320","1","1","-154",""
"1831","15","user:void","void","1","bot:/botfiles/easyds2.jkb","ImperialWorker","0","9966","88","1","force","9","4","3","2","320","1","1","-156",""
"1832","15","user:void","void","1","bot:/botfiles/easyds2.jkb","ImperialWorker","0","10032","89","1","force","9","4","3","2","320","1","1","-172",""
"1833","15","user:void","void","1","bot:/botfiles/easyds2.jkb","ImperialWorker","0","10065","90","1","force","9","4","3","2","320","1","1","175",""
"1834","15","user:void","void","1","bot:/botfiles/easyds2.jkb","ImperialWorker","0","10131","91","1","force","9","4","3","2","320","1","1","167",""
"1835","15","user:void","void","1","bot:/botfiles/easyds2.jkb","ImperialWorker","0","10164","92","1","force","9","4","3","2","320","1","1","166",""
"1836","15","user:void","void","1","bot:/botfiles/easyds2.jkb","ImperialWorker","0","10263","93","1","air","10","0","3","2","320","1","1","163","landed"
"1837","15","user:void","void","1","bot:/botfiles/easyds2.jkb","ImperialWorker","0","10362","94","1","range","10","1","3","1","320","1","1","165",""
"1838","15","user:void","void","1","bot:/botfiles/easyds2.jkb","ImperialWorker","0","10956","95","1","regen","10","1","3","1","256","153","10","-177",""
"1839","15","user:void","void","1","bot:/botfiles/easyds2.jkb","ImperialWorker","0","10989","96","1","regen","10","1","3","1","256","153","10","-176",""
"1840","15","user:void","void","1","bot:/botfiles/easyds2.jkb","ImperialWorker","0","11022","97","1","regen","10","1","3","1","256","153","10","-174",""
"1841","15","user:void","void","1","bot:/botfiles/easyds2.jkb","ImperialWorker","0","11055","98","1","regen","10","1","3","1","256","1","80","-170",""
"1842","15","user:void","void","1","bot:/botfiles/easyds2.jkb","ImperialWorker","0","11088","99","1","attack_start","10","1","3","1","257","63","80","-165","attack"
"1843","15","user:void","void","1","bot:/botfiles/easyds2.jkb","ImperialWorker","0","11088","100","1","force_to_saber","10","63","3","1","257","63","80","-165","force_to_saber"
"1844","15","user:void","void","1","bot:/botfiles/easyds2.jkb","ImperialWorker","0","11088","101","1","regen","10","1","3","1","257","63","80","-165",""
"1845","15","user:void","void","1","bot:/botfiles/easyds2.jkb","ImperialWorker","0","11121","102","1","regen","10","1","3","1","257","63","80","-163",""
"1846","15","user:void","void","1","bot:/botfiles/easyds2.jkb","ImperialWorker","0","11154","103","1","regen","10","1","3","1","257","63","80","-161",""
"1847","15","user:void","void","1","bot:/botfiles/easyds2.jkb","ImperialWorker","0","11187","104","1","regen","10","1","3","1","257","63","80","-159",""
"1848","15","user:void","void","1","bot:/botfiles/easyds2.jkb","ImperialWorker","0","11220","105","1","regen","10","1","3","1","257","153","80","-155",""
"1849","15","user:void","void","1","bot:/botfiles/easyds2.jkb","ImperialWorker","0","11253","106","1","regen","10","1","3","1","257","153","80","-155",""
"1850","15","user:void","void","1","bot:/botfiles/easyds2.jkb","ImperialWorker","0","11253","107","1","damage","10","20","3","1","257","153","80","-155",""
"1851","15","user:void","void","1","bot:/botfiles/easyds2.jkb","ImperialWorker","0","11253","108","1","air","10","1","3","1","257","153","80","-155","airborne"
"1852","15","user:void","void","1","bot:/botfiles/easyds2.jkb","ImperialWorker","0","11286","109","1","regen","10","1","3","1","257","153","80","-158",""
"1853","15","user:void","void","1","bot:/botfiles/easyds2.jkb","ImperialWorker","0","11319","110","1","regen","10","1","3","1","257","153","80","-165",""
"1854","15","user:void","void","1","bot:/botfiles/easyds2.jkb","ImperialWorker","0","11352","111","1","regen","10","1","3","1","257","153","80","-174",""
"1855","15","user:void","void","1","bot:/botfiles/easyds2.jkb","ImperialWorker","0","11385","112","1","regen","10","1","3","1","257","153","80","162",""
"1856","15","user:void","void","1","bot:/botfiles/easyds2.jkb","ImperialWorker","0","11418","113","1","regen","10","1","3","2","257","153","80","142",""
"1857","15","user:void","void","1","bot:/botfiles/easyds2.jkb","ImperialWorker","0","11418","114","1","range","10","2","3","2","257","153","80","142",""
"1858","15","user:void","void","1","bot:/botfiles/easyds2.jkb","ImperialWorker","0","11451","115","1","regen","10","1","3","2","257","153","80","119",""
"1859","15","user:void","void","1","bot:/botfiles/easyds2.jkb","ImperialWorker","0","11484","116","1","regen","10","1","3","2","257","153","80","117",""
"1860","15","user:void","void","1","bot:/botfiles/easyds2.jkb","ImperialWorker","0","11517","117","1","regen","10","1","3","2","257","153","80","115",""
"1861","15","user:void","void","1","bot:/botfiles/easyds2.jkb","ImperialWorker","0","11550","118","1","regen","10","1","3","2","257","153","80","116",""
"1862","15","user:void","void","1","bot:/botfiles/easyds2.jkb","ImperialWorker","0","11583","119","1","regen","10","1","3","2","257","153","80","118",""
"1863","15","user:void","void","1","bot:/botfiles/easyds2.jkb","ImperialWorker","0","11616","120","1","regen","10","1","3","2","257","153","80","120",""
"1864","15","user:void","void","1","bot:/botfiles/easyds2.jkb","ImperialWorker","0","11649","121","1","regen","10","1","3","2","257","153","80","128",""
"1865","15","user:void","void","1","bot:/botfiles/easyds2.jkb","ImperialWorker","0","11682","122","1","regen","10","1","2","2","257","153","80","150",""
"1866","15","user:void","void","1","bot:/botfiles/easyds2.jkb","ImperialWorker","0","11682","123","1","reset_success","10","1","2","2","257","153","80","150","reset"
"1867","15","user:void","void","1","bot:/botfiles/easyds2.jkb","ImperialWorker","0","11715","124","1","attack_chain","10","4","2","2","257","4","80","164","chain"
"1868","15","user:void","void","1","bot:/botfiles/easyds2.jkb","ImperialWorker","0","11715","125","1","regen","10","1","2","2","257","4","80","164",""
"1869","15","user:void","void","1","bot:/botfiles/easyds2.jkb","ImperialWorker","0","11748","126","1","regen","10","1","2","2","257","4","80","168",""
"1870","15","user:void","void","1","bot:/botfiles/easyds2.jkb","ImperialWorker","0","11781","127","1","regen","10","1","2","2","257","4","80","167",""
"1871","15","user:void","void","1","bot:/botfiles/easyds2.jkb","ImperialWorker","0","11814","128","1","regen","10","1","2","2","257","4","80","167",""
"1872","16","user:void","void","1","bot:/botfiles/easyds4.jkb","Chiss","0","33","1","0","air","10","0","0","3","256","0","0","-118","landed"
"1873","16","user:void","void","1","bot:/botfiles/easyds4.jkb","Chiss","0","990","2","0","air","10","1","0","3","256","1","1","163","airborne"
"1874","16","user:void","void","1","bot:/botfiles/easyds4.jkb","Chiss","0","2310","3","0","range","10","2","0","2","256","1","1","-159",""
"1875","16","user:void","void","1","bot:/botfiles/easyds4.jkb","Chiss","0","2673","4","0","range","10","1","0","1","320","1","1","177",""
"1876","16","user:void","void","1","bot:/botfiles/easyds4.jkb","Chiss","0","3036","5","0","range","10","2","0","2","320","156","1","61",""
"1877","16","user:void","void","1","bot:/botfiles/easyds4.jkb","Chiss","0","3597","6","0","air","10","0","0","2","256","1","1","167","landed"
"1878","16","user:void","void","1","bot:/botfiles/easyds4.jkb","Chiss","0","4290","7","0","range","10","3","0","3","320","0","1","159",""
"1879","16","user:void","void","1","bot:/botfiles/easyds4.jkb","Chiss","0","5181","8","0","air","10","1","0","3","256","1","1","168","airborne"
"1880","16","user:void","void","1","bot:/botfiles/easyds4.jkb","Chiss","0","5643","9","0","range","10","2","0","2","256","1","1","155",""
"1881","16","user:void","void","1","bot:/botfiles/easyds4.jkb","Chiss","0","6039","10","0","force","9","31","2","2","320","1","1","-170",""
"1882","16","user:void","void","1","bot:/botfiles/easyds4.jkb","Chiss","0","6171","11","1","force","9","1","2","2","320","1","1","-170",""
"1883","16","user:void","void","1","bot:/botfiles/easyds4.jkb","Chiss","0","6237","12","1","range","10","1","2","1","320","1","1","-172",""
"1884","16","user:void","void","1","bot:/botfiles/easyds4.jkb","Chiss","0","6270","13","1","air","10","0","2","1","320","1","1","-173","landed"
"1885","16","user:void","void","1","bot:/botfiles/easyds4.jkb","Chiss","0","6303","14","1","force","9","1","2","1","320","1","1","-173",""
"1886","16","user:void","void","1","bot:/botfiles/easyds4.jkb","Chiss","0","6369","15","1","force","9","6","2","1","320","1","1","-175",""
"1887","16","user:void","void","1","bot:/botfiles/easyds4.jkb","Chiss","0","6369","16","1","air","10","1","2","1","320","1","1","-175","airborne"
"1888","16","user:void","void","1","bot:/botfiles/easyds4.jkb","Chiss","0","6435","17","1","force","9","1","2","1","320","1","1","-172",""
"1889","16","user:void","void","1","bot:/botfiles/easyds4.jkb","Chiss","0","6567","18","1","force","9","1","2","2","320","1","1","148",""
"1890","16","user:void","void","1","bot:/botfiles/easyds4.jkb","Chiss","0","6567","19","1","range","10","2","2","2","320","1","1","148",""
"1891","16","user:void","void","1","bot:/botfiles/easyds4.jkb","Chiss","0","6633","20","1","regen","10","1","2","2","320","1","1","105",""
"1892","16","user:void","void","1","bot:/botfiles/easyds4.jkb","Chiss","0","6666","21","1","regen","10","1","2","2","320","1","1","96",""
"1893","16","user:void","void","1","bot:/botfiles/easyds4.jkb","Chiss","0","6699","22","1","regen","10","1","2","2","320","1","1","90",""
"1894","16","user:void","void","1","bot:/botfiles/easyds4.jkb","Chiss","0","6732","23","1","regen","10","1","2","2","320","1","1","88",""
"1895","16","user:void","void","1","bot:/botfiles/easyds4.jkb","Chiss","0","6765","24","1","regen","10","1","2","2","320","1","1","84",""
"1896","16","user:void","void","1","bot:/botfiles/easyds4.jkb","Chiss","0","6798","25","1","regen","10","1","2","2","320","1","1","82",""
"1897","16","user:void","void","1","bot:/botfiles/easyds4.jkb","Chiss","0","6831","26","1","regen","10","1","2","2","320","1","1","82",""
"1898","16","user:void","void","1","bot:/botfiles/easyds4.jkb","Chiss","0","6864","27","1","regen","10","1","2","2","320","1","1","82",""
"1899","16","user:void","void","1","bot:/botfiles/easyds4.jkb","Chiss","0","6897","28","1","regen","10","1","2","2","320","1","1","90",""
"1900","16","user:void","void","1","bot:/botfiles/easyds4.jkb","Chiss","0","6930","29","1","regen","10","1","2","2","320","1","1","111",""
"1901","16","user:void","void","1","bot:/botfiles/easyds4.jkb","Chiss","0","6963","30","1","regen","10","1","2","2","320","1","1","141",""
"1902","16","user:void","void","1","bot:/botfiles/easyds4.jkb","Chiss","0","6996","31","1","regen","10","1","2","2","320","1","1","174",""
"1903","16","user:void","void","1","bot:/botfiles/easyds4.jkb","Chiss","0","7029","32","1","regen","10","1","2","3","320","1","1","-160",""
"1904","16","user:void","void","1","bot:/botfiles/easyds4.jkb","Chiss","0","7029","33","1","range","10","3","2","3","320","1","1","-160",""
"1905","16","user:void","void","1","bot:/botfiles/easyds4.jkb","Chiss","0","7062","34","1","regen","10","1","2","3","320","1","1","-155",""
"1906","16","user:void","void","1","bot:/botfiles/easyds4.jkb","Chiss","0","7095","35","1","regen","10","1","2","3","320","1","1","-152",""
"1907","16","user:void","void","1","bot:/botfiles/easyds4.jkb","Chiss","0","7128","36","1","regen","10","1","2","3","320","1","1","-149",""
"1908","16","user:void","void","1","bot:/botfiles/easyds4.jkb","Chiss","0","7161","37","1","regen","10","1","2","3","320","1","1","-150",""
"1909","16","user:void","void","1","bot:/botfiles/easyds4.jkb","Chiss","0","7194","38","1","regen","10","1","2","3","320","1","1","-155",""
"1910","16","user:void","void","1","bot:/botfiles/easyds4.jkb","Chiss","0","7227","39","1","regen","10","1","2","3","256","1","1","-165",""
"1911","16","user:void","void","1","bot:/botfiles/easyds4.jkb","Chiss","0","7260","40","1","regen","10","1","2","3","256","1","1","-169",""
"1912","16","user:void","void","1","bot:/botfiles/easyds4.jkb","Chiss","0","7293","41","1","regen","10","1","2","3","256","1","1","-176",""
"1913","16","user:void","void","1","bot:/botfiles/easyds4.jkb","Chiss","0","7326","42","1","regen","10","1","0","3","256","1","1","-177",""
"1914","16","user:void","void","1","bot:/botfiles/easyds4.jkb","Chiss","0","7359","43","1","regen","10","1","0","3","256","1","1","-176",""
"1915","16","user:void","void","1","bot:/botfiles/easyds4.jkb","Chiss","0","7392","44","1","regen","10","1","0","3","256","1","1","-176",""
"1916","16","user:void","void","1","bot:/botfiles/easyds4.jkb","Chiss","0","7425","45","1","regen","10","1","0","3","256","1","1","-175",""
"1917","16","user:void","void","1","bot:/botfiles/easyds4.jkb","Chiss","0","7458","46","1","regen","10","1","0","3","256","1","1","-172",""
"1918","16","user:void","void","1","bot:/botfiles/easyds4.jkb","Chiss","0","7491","47","1","regen","10","1","0","3","256","1","1","-171",""
"1919","16","user:void","void","1","bot:/botfiles/easyds4.jkb","Chiss","0","7524","48","1","regen","10","1","0","3","256","1","1","-169",""
"1920","16","user:void","void","1","bot:/botfiles/easyds4.jkb","Chiss","0","7557","49","1","regen","10","1","0","3","256","1","1","-166",""
"1921","16","user:void","void","1","bot:/botfiles/easyds4.jkb","Chiss","0","7590","50","1","regen","10","1","0","3","256","1","1","-165",""
"1922","16","user:void","void","1","bot:/botfiles/easyds4.jkb","Chiss","0","7623","51","1","regen","10","1","0","3","256","1","1","-161",""
"1923","16","user:void","void","1","bot:/botfiles/easyds4.jkb","Chiss","0","7656","52","1","regen","10","1","0","3","256","1","1","-159",""
"1924","16","user:void","void","1","bot:/botfiles/easyds4.jkb","Chiss","0","7689","53","1","regen","10","1","0","3","256","1","1","-159",""
"1925","16","user:void","void","1","bot:/botfiles/easyds4.jkb","Chiss","0","7722","54","1","regen","10","1","0","3","256","1","1","-158",""
"1926","16","user:void","void","1","bot:/botfiles/easyds4.jkb","Chiss","0","7755","55","1","regen","10","1","0","3","256","1","1","-158",""
"1927","16","user:void","void","1","bot:/botfiles/easyds4.jkb","Chiss","0","7788","56","1","regen","10","1","0","3","256","1","1","-158",""
"1928","16","user:void","void","1","bot:/botfiles/easyds4.jkb","Chiss","0","7821","57","1","regen","10","1","0","3","256","1","1","-160",""
"1929","16","user:void","void","1","bot:/botfiles/easyds4.jkb","Chiss","0","7854","58","1","regen","10","1","0","3","256","1","1","-163",""
"1930","16","user:void","void","1","bot:/botfiles/easyds4.jkb","Chiss","0","7854","59","1","air","10","0","0","3","256","1","1","-163","landed"
"1931","16","user:void","void","1","bot:/botfiles/easyds4.jkb","Chiss","0","7887","60","1","regen","10","1","0","3","256","1","1","-166",""
"1932","16","user:void","void","1","bot:/botfiles/easyds4.jkb","Chiss","0","7920","61","1","regen","10","1","0","3","256","1","1","-169",""
"1933","16","user:void","void","1","bot:/botfiles/easyds4.jkb","Chiss","0","7953","62","1","regen","10","1","0","3","256","1","1","-171",""
"1934","16","user:void","void","1","bot:/botfiles/easyds4.jkb","Chiss","0","8118","63","1","force","9","50","2","3","256","1","1","178",""
"1935","16","user:void","void","1","bot:/botfiles/easyds4.jkb","Chiss","0","8151","64","1","force","9","4","2","3","256","1","1","179",""
"1936","16","user:void","void","1","bot:/botfiles/easyds4.jkb","Chiss","0","8184","65","1","force","9","4","2","3","256","1","1","179",""
"1937","16","user:void","void","1","bot:/botfiles/easyds4.jkb","Chiss","0","8250","66","1","force","9","4","2","3","256","1","1","178",""
"1938","16","user:void","void","1","bot:/botfiles/easyds4.jkb","Chiss","0","8283","67","1","force","9","4","2","3","256","1","1","175",""
"1939","16","user:void","void","1","bot:/botfiles/easyds4.jkb","Chiss","0","8316","68","1","range","10","2","2","2","256","1","1","172",""
"1940","16","user:void","void","1","bot:/botfiles/easyds4.jkb","Chiss","0","8349","69","1","force","9","4","2","2","256","1","1","170",""
"1941","16","user:void","void","1","bot:/botfiles/easyds4.jkb","Chiss","0","8382","70","1","force","9","4","2","2","256","1","1","169",""
"1942","16","user:void","void","1","bot:/botfiles/easyds4.jkb","Chiss","0","8448","71","2","attack_start","10","128","3","2","384","1","1","167","alt"
"1943","16","user:void","void","1","bot:/botfiles/easyds4.jkb","Chiss","0","8448","72","2","force_to_saber","10","1","3","2","384","1","1","167","force_to_saber"
"1944","16","user:void","void","1","bot:/botfiles/easyds4.jkb","Chiss","0","8448","73","2","force","9","24","3","2","384","1","1","167",""
"1945","16","user:void","void","1","bot:/botfiles/easyds4.jkb","Chiss","0","8481","74","2","force","9","2","3","2","384","1","1","166",""
"1946","16","user:void","void","1","bot:/botfiles/easyds4.jkb","Chiss","0","8745","75","2","air","10","1","3","2","384","1","1","179","airborne"
"1947","16","user:void","void","1","bot:/botfiles/easyds4.jkb","Chiss","0","8877","76","2","range","10","1","3","1","384","1","1","-161",""
"1948","16","user:void","void","1","bot:/botfiles/easyds4.jkb","Chiss","0","9009","77","2","punish_success","10","20","3","1","384","1","1","-150","punish"
"1949","16","user:void","void","1","bot:/botfiles/easyds4.jkb","Chiss","0","9702","78","2","air","10","0","3","1","256","1","1","-171","landed"
"1950","16","user:void","void","1","bot:/botfiles/easyds4.jkb","Chiss","0","10296","79","2","range","10","2","3","2","256","1","1","-162",""
"1951","16","user:void","void","1","bot:/botfiles/easyds4.jkb","Chiss","0","10329","80","2","attack_start","10","1","3","2","257","66","1","-149","attack"
"1952","16","user:void","void","1","bot:/botfiles/easyds4.jkb","Chiss","0","10329","81","2","force_to_saber","10","66","3","2","257","66","1","-149","force_to_saber"
"1953","16","user:void","void","1","bot:/botfiles/easyds4.jkb","Chiss","0","10560","82","2","attack_chain","10","8","3","2","257","8","1","-68","chain"
"1954","16","user:void","void","1","bot:/botfiles/easyds4.jkb","Chiss","0","10725","83","2","range","10","1","3","1","257","8","1","-60",""
"1955","16","user:void","void","1","bot:/botfiles/easyds4.jkb","Chiss","0","10857","84","2","attack_chain","10","5","3","1","257","5","1","-116","chain"
"1956","16","user:void","void","1","bot:/botfiles/easyds4.jkb","Chiss","0","11121","85","2","range","10","2","3","2","257","5","1","-125",""
"1957","16","user:void","void","1","bot:/botfiles/easyds4.jkb","Chiss","0","11154","86","2","attack_chain","10","8","3","2","257","8","1","-130","chain"
"1958","16","user:void","void","1","bot:/botfiles/easyds4.jkb","Chiss","0","11220","87","2","range","10","1","3","1","257","8","1","-138",""
"1959","16","user:void","void","1","bot:/botfiles/easyds4.jkb","Chiss","0","11550","88","2","damage","10","20","3","1","257","0","146","-148",""
"1960","16","user:void","void","1","bot:/botfiles/easyds4.jkb","Chiss","0","11550","89","2","air","10","1","3","1","257","0","146","-148","airborne"
"1961","16","user:void","void","1","bot:/botfiles/easyds4.jkb","Chiss","0","11550","90","2","knockdown","10","1","3","1","257","0","146","-148","knockdown"
"1962","16","user:void","void","1","bot:/botfiles/easyds4.jkb","Chiss","0","11748","91","2","range","10","2","3","2","257","0","146","-123",""
"1963","16","user:void","void","1","bot:/botfiles/easyds4.jkb","Chiss","0","12078","92","2","air","10","0","3","2","257","0","146","-166","landed"
"1964","16","user:void","void","1","bot:/botfiles/easyds4.jkb","Chiss","0","12309","93","2","air","10","1","3","2","256","0","1","-161","airborne"
"1965","16","user:void","void","1","bot:/botfiles/easyds4.jkb","Chiss","0","12639","94","2","range","10","1","3","1","256","0","1","-166",""
"1966","16","user:void","void","1","bot:/botfiles/easyds4.jkb","Chiss","0","12639","95","2","air","10","0","3","1","256","0","1","-166","landed"
"1967","16","user:void","void","1","bot:/botfiles/easyds4.jkb","Chiss","0","12672","96","2","regen","10","1","3","1","256","0","1","-165",""
"1968","16","user:void","void","1","bot:/botfiles/easyds4.jkb","Chiss","0","12705","97","2","regen","10","1","3","1","256","0","1","-164",""
"1969","16","user:void","void","1","bot:/botfiles/easyds4.jkb","Chiss","0","12738","98","2","regen","10","1","3","1","256","0","1","-164",""
"1970","16","user:void","void","1","bot:/botfiles/easyds4.jkb","Chiss","0","12771","99","2","regen","10","1","3","1","256","0","1","-165",""
"1971","16","user:void","void","1","bot:/botfiles/easyds4.jkb","Chiss","0","12771","100","2","damage","10","20","3","1","256","0","1","-165",""
"1972","16","user:void","void","1","bot:/botfiles/easyds4.jkb","Chiss","0","12771","101","2","air","10","1","3","1","256","0","1","-165","airborne"
"1973","16","user:void","void","1","bot:/botfiles/easyds4.jkb","Chiss","0","12804","102","2","regen","10","1","3","1","256","0","1","-166",""
"1974","16","user:void","void","1","bot:/botfiles/easyds4.jkb","Chiss","0","12837","103","2","regen","10","1","3","1","256","0","1","-166",""
"1975","16","user:void","void","1","bot:/botfiles/easyds4.jkb","Chiss","0","12870","104","2","regen","10","1","3","1","256","0","1","-167",""
"1976","16","user:void","void","1","bot:/botfiles/easyds4.jkb","Chiss","0","12903","105","2","regen","10","1","3","1","256","0","1","-169",""
"1977","16","user:void","void","1","bot:/botfiles/easyds4.jkb","Chiss","0","12936","106","2","regen","10","1","3","2","256","0","1","-170",""
"1978","16","user:void","void","1","bot:/botfiles/easyds4.jkb","Chiss","0","12936","107","2","range","10","2","3","2","256","0","1","-170",""
"1979","16","user:void","void","1","bot:/botfiles/easyds4.jkb","Chiss","0","12969","108","2","regen","10","1","3","2","256","0","1","-170",""
"1980","16","user:void","void","1","bot:/botfiles/easyds4.jkb","Chiss","0","13002","109","2","regen","10","1","3","2","256","0","1","-171",""
"1981","16","user:void","void","1","bot:/botfiles/easyds4.jkb","Chiss","0","13035","110","2","regen","10","1","3","2","256","0","1","-172",""
"1982","16","user:void","void","1","bot:/botfiles/easyds4.jkb","Chiss","0","13068","111","2","regen","10","1","3","2","256","0","1","-174",""
"1983","16","user:void","void","1","bot:/botfiles/easyds4.jkb","Chiss","0","13101","112","2","regen","10","1","3","2","256","0","1","-175",""
"1984","16","user:void","void","1","bot:/botfiles/easyds4.jkb","Chiss","0","13134","113","2","regen","10","1","3","2","256","0","1","-176",""
"1985","16","user:void","void","1","bot:/botfiles/easyds4.jkb","Chiss","0","13167","114","2","regen","10","1","3","2","256","0","1","-177",""
"1986","16","user:void","void","1","bot:/botfiles/easyds4.jkb","Chiss","0","13200","115","2","regen","10","1","3","2","256","0","1","-179",""
"1987","16","user:void","void","1","bot:/botfiles/easyds4.jkb","Chiss","0","13233","116","2","regen","10","1","3","2","256","0","1","177",""
"1988","16","user:void","void","1","bot:/botfiles/easyds4.jkb","Chiss","0","13266","117","2","regen","10","1","3","2","256","0","1","174",""
"1989","16","user:void","void","1","bot:/botfiles/easyds4.jkb","Chiss","0","13299","118","2","regen","10","1","3","2","256","0","1","172",""
"1990","16","user:void","void","1","bot:/botfiles/easyds4.jkb","Chiss","0","13299","119","2","air","10","0","3","2","256","0","1","172","landed"
"1991","16","user:void","void","1","bot:/botfiles/easyds4.jkb","Chiss","0","13332","120","2","regen","10","1","3","2","256","0","1","172",""
"1992","16","user:void","void","1","bot:/botfiles/easyds4.jkb","Chiss","0","13365","121","2","regen","10","1","3","2","256","0","1","170",""
"1993","16","user:void","void","1","bot:/botfiles/easyds4.jkb","Chiss","0","13398","122","2","regen","10","1","3","2","256","0","1","167",""
"1994","16","user:void","void","1","bot:/botfiles/easyds4.jkb","Chiss","0","13431","123","2","regen","10","1","3","2","256","0","1","166",""
"1995","16","user:void","void","1","bot:/botfiles/easyds4.jkb","Chiss","0","13464","124","2","regen","10","1","3","2","256","0","1","165",""
"1996","16","user:void","void","1","bot:/botfiles/easyds4.jkb","Chiss","0","13497","125","2","regen","10","1","2","2","0","0","1","164",""
"1997","16","user:void","void","1","bot:/botfiles/easyds4.jkb","Chiss","0","13497","126","2","reset_success","10","1","2","2","0","0","1","164","reset"
"1998","16","user:void","void","1","bot:/botfiles/easyds4.jkb","Chiss","0","13530","127","2","regen","10","1","2","2","0","0","1","161",""
"1999","16","user:void","void","1","bot:/botfiles/easyds4.jkb","Chiss","0","13563","128","2","force","9","4","3","2","0","0","1","160",""
"2000","17","user:void","void","1","bot:/botfiles/hardds.jkb","Desann","0","264","1","0","air","10","0","0","3","256","0","0","-22","landed"
"2001","17","user:void","void","1","bot:/botfiles/hardds.jkb","Desann","0","1518","2","0","air","10","1","0","3","256","1","1","176","airborne"
"2002","17","user:void","void","1","bot:/botfiles/hardds4.jkb","KyleKatarn","0","3036","3","0","damage","10","1","0","3","256","1","1","70",""
"2003","17","user:void","void","1","bot:/botfiles/hardds4.jkb","KyleKatarn","0","3432","4","0","air","10","0","0","3","256","1","1","9","landed"
"2004","17","user:void","void","1","bot:/botfiles/hardds4.jkb","KyleKatarn","0","4686","5","0","damage","10","2","0","3","256","1","1","-130",""
"2005","17","user:void","void","1","bot:/botfiles/hardds4.jkb","KyleKatarn","0","4719","6","0","damage","10","1","0","3","256","1","1","-131",""
"2006","17","user:void","void","1","bot:/botfiles/hardds4.jkb","KyleKatarn","0","5742","7","0","air","10","1","0","3","256","1","1","145","airborne"
"2007","17","user:void","void","1","bot:/botfiles/hardds4.jkb","KyleKatarn","0","6765","8","0","air","10","0","0","3","256","1","1","143","landed"
"2008","17","user:void","void","1","bot:/botfiles/hardds4.jkb","KyleKatarn","0","6963","9","0","air","10","1","0","3","256","1","1","135","airborne"
"2009","17","user:void","void","1","bot:/botfiles/hardds4.jkb","KyleKatarn","0","7095","10","0","air","10","0","0","3","256","1","1","143","landed"
"2010","17","user:void","void","1","bot:/botfiles/hardds4.jkb","KyleKatarn","0","7227","11","0","range","10","2","0","2","256","1","1","158",""
"2011","17","user:void","void","1","bot:/botfiles/hardds4.jkb","KyleKatarn","0","7986","12","1","attack_start","10","128","0","2","384","1","1","177","alt"
"2012","17","user:void","void","1","bot:/botfiles/hardds4.jkb","KyleKatarn","0","7986","13","1","force","9","20","0","2","384","1","1","177",""
"2013","17","user:void","void","1","bot:/botfiles/hardds4.jkb","KyleKatarn","0","8118","14","1","force","9","20","2","2","384","1","1","178",""
"2014","17","user:void","void","1","bot:/botfiles/hardds4.jkb","KyleKatarn","0","8118","15","1","damage","10","30","2","2","384","1","1","178","saberthrow"
"2015","17","user:void","void","1","bot:/botfiles/hardds4.jkb","KyleKatarn","0","8250","16","1","range","10","1","2","1","384","1","1","-178",""
"2016","17","user:void","void","1","bot:/botfiles/hardds4.jkb","KyleKatarn","0","8283","17","1","air","10","1","2","1","384","1","1","-178","airborne"
"2017","17","user:void","void","1","bot:/botfiles/hardds4.jkb","KyleKatarn","0","8316","18","1","force","9","6","2","1","384","1","156","-178",""
"2018","17","user:void","void","1","bot:/botfiles/hardds4.jkb","KyleKatarn","0","8316","19","1","counter_success","10","20","2","1","384","1","156","-178","counter"
"2019","17","user:void","void","1","bot:/botfiles/hardds4.jkb","KyleKatarn","0","8514","20","1","range","10","2","2","2","384","1","156","-161",""
"2020","17","user:void","void","1","bot:/botfiles/hardds4.jkb","KyleKatarn","0","8646","21","1","regen","10","1","2","2","384","1","156","-156",""
"2021","17","user:void","void","1","bot:/botfiles/hardds4.jkb","KyleKatarn","0","8679","22","1","regen","10","1","2","2","384","1","156","-156",""
"2022","17","user:void","void","1","bot:/botfiles/hardds4.jkb","KyleKatarn","0","8712","23","1","regen","10","1","2","2","384","1","156","-156",""
"2023","17","user:void","void","1","bot:/botfiles/hardds4.jkb","KyleKatarn","0","8745","24","1","regen","10","1","2","2","384","1","156","-156",""
"2024","17","user:void","void","1","bot:/botfiles/hardds4.jkb","KyleKatarn","0","8778","25","1","regen","10","1","2","2","384","1","156","-156",""
"2025","17","user:void","void","1","bot:/botfiles/hardds4.jkb","KyleKatarn","0","8811","26","1","regen","10","1","2","2","256","1","156","-159",""
"2026","17","user:void","void","1","bot:/botfiles/hardds4.jkb","KyleKatarn","0","8844","27","1","regen","10","1","2","2","256","1","1","-160",""
"2027","17","user:void","void","1","bot:/botfiles/hardds4.jkb","KyleKatarn","0","8877","28","1","regen","10","1","2","2","256","1","1","-163",""
"2028","17","user:void","void","1","bot:/botfiles/hardds4.jkb","KyleKatarn","0","8910","29","1","force","9","4","2","2","256","1","1","-167",""
"2029","17","user:void","void","1","bot:/botfiles/hardds4.jkb","KyleKatarn","0","8943","30","1","force","9","4","2","2","256","1","1","-168",""
"2030","17","user:void","void","1","bot:/botfiles/hardds4.jkb","KyleKatarn","0","9009","31","1","force","9","4","2","2","256","1","1","-173",""
"2031","17","user:void","void","1","bot:/botfiles/hardds4.jkb","KyleKatarn","0","9042","32","1","force","9","4","2","2","256","1","1","-174",""
"2032","17","user:void","void","1","bot:/botfiles/hardds4.jkb","KyleKatarn","0","9108","33","1","attack_start","10","128","2","2","384","1","1","-174","alt"
"2033","17","user:void","void","1","bot:/botfiles/hardds4.jkb","KyleKatarn","0","9108","34","1","force_to_saber","10","1","2","2","384","1","1","-174","force_to_saber"
"2034","17","user:void","void","1","bot:/botfiles/hardds4.jkb","KyleKatarn","0","9108","35","1","force","9","4","2","2","384","1","1","-174",""
"2035","17","user:void","void","1","bot:/botfiles/hardds4.jkb","KyleKatarn","0","9141","36","1","force","9","24","3","2","384","1","1","-173",""
"2036","17","user:void","void","1","bot:/botfiles/hardds4.jkb","KyleKatarn","0","9207","37","1","force","9","4","3","2","384","1","1","-172",""
"2037","17","user:void","void","1","bot:/botfiles/hardds4.jkb","KyleKatarn","0","9240","38","1","force","9","4","3","2","384","1","1","-171",""
"2038","17","user:void","void","1","bot:/botfiles/hardds4.jkb","KyleKatarn","0","9306","39","1","force","9","4","3","2","384","1","1","-168",""
"2039","17","user:void","void","1","bot:/botfiles/hardds4.jkb","KyleKatarn","0","9339","40","1","force","9","4","3","2","384","1","1","-167",""
"2040","17","user:void","void","1","bot:/botfiles/hardds4.jkb","KyleKatarn","0","9405","41","1","force","9","2","3","2","384","1","1","-167",""
"2041","17","user:void","void","1","bot:/botfiles/hardds4.jkb","KyleKatarn","0","9471","42","1","air","10","0","3","2","384","1","1","-165","landed"
"2042","17","user:void","void","1","bot:/botfiles/hardds4.jkb","KyleKatarn","0","9570","43","1","air","10","1","3","2","384","1","1","-172","airborne"
"2043","17","user:void","void","1","bot:/botfiles/hardds4.jkb","KyleKatarn","0","9768","44","1","range","10","1","3","1","384","1","1","-169",""
"2044","17","user:void","void","1","bot:/botfiles/hardds4.jkb","KyleKatarn","0","9933","45","1","damage","10","1","3","1","384","1","1","-68",""
"2045","17","user:void","void","1","bot:/botfiles/hardds4.jkb","KyleKatarn","0","9966","46","1","counter_success","10","2","3","1","384","1","1","-45","counter"
"2046","17","user:void","void","1","bot:/botfiles/hardds4.jkb","KyleKatarn","0","10197","47","1","regen","10","1","3","2","256","1","1","12",""
"2047","17","user:void","void","1","bot:/botfiles/hardds4.jkb","KyleKatarn","0","10197","48","1","damage","10","1","3","2","256","1","1","12",""
"2048","17","user:void","void","1","bot:/botfiles/hardds4.jkb","KyleKatarn","0","10197","49","1","range","10","2","3","2","256","1","1","12",""
"2049","17","user:void","void","1","bot:/botfiles/hardds4.jkb","KyleKatarn","0","10263","50","1","regen","10","1","3","2","256","1","1","60",""
"2050","17","user:void","void","1","bot:/botfiles/hardds4.jkb","KyleKatarn","0","10263","51","1","damage","10","2","3","2","256","1","1","60",""
"2051","17","user:void","void","1","bot:/botfiles/hardds4.jkb","KyleKatarn","0","10296","52","1","regen","10","1","3","2","256","1","1","116",""
"2052","17","user:void","void","1","bot:/botfiles/hardds4.jkb","KyleKatarn","0","10296","53","1","damage","10","2","3","2","256","1","1","116",""
"2053","17","user:void","void","1","bot:/botfiles/hardds4.jkb","KyleKatarn","0","10362","54","1","regen","10","1","3","2","256","1","1","152",""
"2054","17","user:void","void","1","bot:/botfiles/hardds4.jkb","KyleKatarn","0","10362","55","1","damage","10","2","3","2","256","1","1","152",""
"2055","17","user:void","void","1","bot:/botfiles/hardds4.jkb","KyleKatarn","0","10395","56","1","regen","10","1","3","2","256","1","1","155",""
"2056","17","user:void","void","1","bot:/botfiles/hardds4.jkb","KyleKatarn","0","10395","57","1","damage","10","1","3","2","256","1","1","155",""
"2057","17","user:void","void","1","bot:/botfiles/hardds4.jkb","KyleKatarn","0","10461","58","1","regen","10","1","3","2","256","1","0","150",""
"2058","17","user:void","void","1","bot:/botfiles/hardds4.jkb","KyleKatarn","0","10461","59","1","damage","10","2","3","2","256","1","0","150",""
"2059","17","user:void","void","1","bot:/botfiles/hardds4.jkb","KyleKatarn","0","10494","60","1","regen","10","1","3","2","256","1","0","150",""
"2060","17","user:void","void","1","bot:/botfiles/hardds4.jkb","KyleKatarn","0","10494","61","1","damage","10","2","3","2","256","1","0","150",""
"2061","17","user:void","void","1","bot:/botfiles/hardds4.jkb","KyleKatarn","0","10494","62","1","air","10","0","3","2","256","1","0","150","landed"
"2062","17","user:void","void","1","bot:/botfiles/hardds4.jkb","KyleKatarn","0","10527","63","1","regen","10","1","3","2","256","1","0","158",""
"2063","17","user:void","void","1","bot:/botfiles/hardds4.jkb","KyleKatarn","0","10560","64","1","regen","10","2","3","2","256","1","0","170",""
"2064","17","user:void","void","1","bot:/botfiles/hardds4.jkb","KyleKatarn","0","10560","65","1","damage","10","2","3","2","256","1","0","170",""
"2065","17","user:void","void","1","bot:/botfiles/hardds4.jkb","KyleKatarn","0","10593","66","1","regen","10","1","3","2","256","1","0","-173",""
"2066","17","user:void","void","1","bot:/botfiles/hardds4.jkb","KyleKatarn","0","10626","67","1","regen","10","1","3","2","256","1","0","-164",""
"2067","17","user:void","void","1","bot:/botfiles/hardds4.jkb","KyleKatarn","0","10659","68","1","regen","10","1","3","2","256","1","0","-161",""
"2068","17","user:void","void","1","bot:/botfiles/hardds4.jkb","KyleKatarn","0","10692","69","1","regen","10","1","3","2","256","1","0","-161",""
"2069","17","user:void","void","1","bot:/botfiles/hardds4.jkb","KyleKatarn","0","10725","70","1","regen","10","1","3","2","256","1","0","-163",""
"2070","17","user:void","void","1","bot:/botfiles/hardds4.jkb","KyleKatarn","0","10758","71","1","regen","10","1","3","2","256","1","0","-163",""
"2071","17","user:void","void","1","bot:/botfiles/hardds4.jkb","KyleKatarn","0","10791","72","1","regen","10","1","3","2","256","1","0","-159",""
"2072","17","user:void","void","1","bot:/botfiles/hardds4.jkb","KyleKatarn","0","10824","73","1","regen","10","1","3","2","256","1","0","-154",""
"2073","17","user:void","void","1","bot:/botfiles/hardds4.jkb","KyleKatarn","0","10857","74","1","regen","10","1","3","2","256","1","0","-146",""
"2074","17","user:void","void","1","bot:/botfiles/hardds4.jkb","KyleKatarn","0","10890","75","1","regen","10","1","3","2","256","1","0","-137",""
"2075","17","user:void","void","1","bot:/botfiles/hardds4.jkb","KyleKatarn","0","10923","76","1","regen","10","1","3","2","256","1","0","-129",""
"2076","17","user:void","void","1","bot:/botfiles/hardds4.jkb","KyleKatarn","0","10956","77","1","attack_start","10","1","3","2","257","67","0","-124","attack"
"2077","17","user:void","void","1","bot:/botfiles/hardds4.jkb","KyleKatarn","0","10956","78","1","force_to_saber","10","67","3","2","257","67","0","-124","force_to_saber"
"2078","17","user:void","void","1","bot:/botfiles/hardds4.jkb","KyleKatarn","0","10956","79","1","regen","10","1","3","2","257","67","0","-124",""
"2079","17","user:void","void","1","bot:/botfiles/hardds4.jkb","KyleKatarn","0","10989","80","1","regen","10","1","3","2","257","67","0","-121",""
"2080","17","user:void","void","1","bot:/botfiles/hardds4.jkb","KyleKatarn","0","10989","81","1","counter_success","10","2","3","2","257","67","0","-121","counter"
"2081","17","user:void","void","1","bot:/botfiles/hardds4.jkb","KyleKatarn","0","11022","82","1","regen","10","1","3","2","257","67","0","-125",""
"2082","17","user:void","void","1","bot:/botfiles/hardds4.jkb","KyleKatarn","0","11055","83","1","regen","10","1","3","2","257","67","0","-132",""
"2083","17","user:void","void","1","bot:/botfiles/hardds4.jkb","KyleKatarn","0","11088","84","1","regen","10","2","2","2","257","67","0","-136",""
"2084","17","user:void","void","1","bot:/botfiles/hardds4.jkb","KyleKatarn","0","11088","85","1","reset_success","10","2","2","2","257","67","0","-136","reset"
"2085","17","user:void","void","1","bot:/botfiles/hardds4.jkb","KyleKatarn","0","11088","86","1","damage","10","2","2","2","257","67","0","-136",""
"2086","17","user:void","void","1","bot:/botfiles/hardds4.jkb","KyleKatarn","0","11121","87","1","regen","10","1","2","2","257","67","0","-141",""
"2087","17","user:void","void","1","bot:/botfiles/hardds4.jkb","KyleKatarn","0","11154","88","1","regen","10","2","2","2","257","67","0","-150",""
"2088","17","user:void","void","1","bot:/botfiles/hardds4.jkb","KyleKatarn","0","11154","89","1","damage","10","1","2","2","257","67","0","-150",""
"2089","17","user:void","void","1","bot:/botfiles/hardds4.jkb","KyleKatarn","0","11187","90","1","attack_chain","10","9","2","2","257","9","0","-152","chain"
"2090","17","user:void","void","1","bot:/botfiles/hardds4.jkb","KyleKatarn","0","11187","91","1","regen","10","2","2","2","257","9","0","-152",""
"2091","17","user:void","void","1","bot:/botfiles/hardds4.jkb","KyleKatarn","0","11187","92","1","damage","10","2","2","2","257","9","0","-152",""
"2092","17","user:void","void","1","bot:/botfiles/hardds4.jkb","KyleKatarn","0","11220","93","1","regen","10","1","2","2","257","9","0","-151",""
"2093","17","user:void","void","1","bot:/botfiles/hardds4.jkb","KyleKatarn","0","11253","94","1","regen","10","2","2","2","257","9","0","-150",""
"2094","17","user:void","void","1","bot:/botfiles/hardds4.jkb","KyleKatarn","0","11253","95","1","damage","10","2","2","2","257","9","0","-150",""
"2095","17","user:void","void","1","bot:/botfiles/hardds4.jkb","KyleKatarn","0","11286","96","1","regen","10","1","2","2","257","9","0","-148",""
"2096","17","user:void","void","1","bot:/botfiles/hardds4.jkb","KyleKatarn","0","11319","97","1","regen","10","1","2","2","257","9","0","-146",""
"2097","17","user:void","void","1","bot:/botfiles/hardds4.jkb","KyleKatarn","0","11352","98","1","regen","10","2","2","2","257","9","0","-145",""
"2098","17","user:void","void","1","bot:/botfiles/hardds4.jkb","KyleKatarn","0","11352","99","1","damage","10","1","2","2","257","9","0","-145",""
"2099","17","user:void","void","1","bot:/botfiles/hardds4.jkb","KyleKatarn","0","11385","100","1","regen","10","2","2","2","257","9","0","-147",""
"2100","17","user:void","void","1","bot:/botfiles/hardds4.jkb","KyleKatarn","0","11385","101","1","damage","10","1","2","2","257","9","0","-147",""
"2101","17","user:void","void","1","bot:/botfiles/hardds4.jkb","KyleKatarn","0","11418","102","1","regen","10","1","2","2","257","9","0","-148",""
"2102","17","user:void","void","1","bot:/botfiles/hardds4.jkb","KyleKatarn","0","11451","103","1","regen","10","1","2","2","257","9","0","-149",""
"2103","17","user:void","void","1","bot:/botfiles/hardds4.jkb","KyleKatarn","0","11484","104","1","regen","10","1","2","2","257","9","1","-148",""
"2104","17","user:void","void","1","bot:/botfiles/hardds4.jkb","KyleKatarn","0","11517","105","1","regen","10","1","2","2","257","9","1","-147",""
"2105","17","user:void","void","1","bot:/botfiles/hardds4.jkb","KyleKatarn","0","11550","106","1","regen","10","1","2","2","257","117","1","-146",""
"2106","17","user:void","void","1","bot:/botfiles/hardds4.jkb","KyleKatarn","0","11583","107","1","regen","10","1","2","2","257","117","1","-146",""
"2107","17","user:void","void","1","bot:/botfiles/hardds4.jkb","KyleKatarn","0","11616","108","1","regen","10","1","2","2","257","117","1","-143",""
"2108","17","user:void","void","1","bot:/botfiles/hardds4.jkb","KyleKatarn","0","11649","109","1","regen","10","1","2","2","257","117","1","-142",""
"2109","17","user:void","void","1","bot:/botfiles/hardds4.jkb","KyleKatarn","0","11682","110","1","regen","10","1","2","1","257","117","1","-137",""
"2110","17","user:void","void","1","bot:/botfiles/hardds4.jkb","KyleKatarn","0","11682","111","1","range","10","1","2","1","257","117","1","-137",""
"2111","17","user:void","void","1","bot:/botfiles/hardds4.jkb","KyleKatarn","0","11715","112","1","attack_chain","10","5","2","1","257","5","1","-137","chain"
"2112","17","user:void","void","1","bot:/botfiles/hardds4.jkb","KyleKatarn","0","11715","113","1","regen","10","1","2","1","257","5","1","-137",""
"2113","17","user:void","void","1","bot:/botfiles/hardds4.jkb","KyleKatarn","0","11748","114","1","regen","10","1","2","1","257","5","1","-141",""
"2114","17","user:void","void","1","bot:/botfiles/hardds4.jkb","KyleKatarn","0","11781","115","1","regen","10","1","2","1","257","5","1","-152",""
"2115","17","user:void","void","1","bot:/botfiles/hardds4.jkb","KyleKatarn","0","11814","116","1","regen","10","1","2","1","257","5","1","-169",""
"2116","17","user:void","void","1","bot:/botfiles/hardds4.jkb","KyleKatarn","0","11847","117","1","regen","10","1","2","1","257","5","1","168",""
"2117","17","user:void","void","1","bot:/botfiles/hardds4.jkb","KyleKatarn","0","11880","118","1","regen","10","1","2","1","257","5","144","140",""
"2118","17","user:void","void","1","bot:/botfiles/hardds4.jkb","KyleKatarn","0","11913","119","1","regen","10","1","2","1","257","5","144","124",""
"2119","17","user:void","void","1","bot:/botfiles/hardds4.jkb","KyleKatarn","0","11913","120","1","counter_success","10","30","2","1","257","5","144","124","counter"
"2120","17","user:void","void","1","bot:/botfiles/hardds4.jkb","KyleKatarn","0","11946","121","1","regen","10","1","2","1","257","154","144","117",""
"2121","17","user:void","void","1","bot:/botfiles/hardds4.jkb","KyleKatarn","0","11979","122","1","regen","10","1","2","1","257","154","144","114",""
"2122","17","user:void","void","1","bot:/botfiles/hardds4.jkb","KyleKatarn","0","12012","123","1","regen","10","1","2","1","257","154","144","126",""
"2123","17","user:void","void","1","bot:/botfiles/hardds4.jkb","KyleKatarn","0","12012","124","1","damage","10","20","2","1","257","154","144","126",""
"2124","17","user:void","void","1","bot:/botfiles/hardds4.jkb","KyleKatarn","0","12012","125","1","air","10","1","2","1","257","154","144","126","airborne"
"2125","17","user:void","void","1","bot:/botfiles/hardds4.jkb","KyleKatarn","0","12045","126","1","regen","10","1","2","1","257","154","144","148",""
"2126","17","user:void","void","1","bot:/botfiles/hardds4.jkb","KyleKatarn","0","12078","127","1","regen","10","1","2","1","257","154","144","-175",""
"2127","17","user:void","void","1","bot:/botfiles/hardds4.jkb","KyleKatarn","0","12111","128","1","regen","10","1","2","1","257","154","144","-133",""
"2128","18","user:void","void","1","bot:/botfiles/jan.jkb","jan","0","462","1","0","air","10","0","0","3","256","0","0","-62","landed"
"2129","18","user:void","void","1","bot:/botfiles/jan.jkb","jan","0","18414","2","0","air","10","1","0","3","256","1","1","-120","airborne"
"2130","18","user:void","void","1","bot:/botfiles/jan.jkb","jan","0","19536","3","0","air","10","0","0","3","256","1","1","-108","landed"
"2131","18","user:void","void","1","bot:/botfiles/jan.jkb","jan","0","20163","4","0","air","10","1","0","3","256","1","1","-63","airborne"
"2132","18","user:void","void","1","bot:/botfiles/jan.jkb","jan","0","20856","5","0","range","10","2","0","2","256","1","1","-90",""
"2133","18","user:void","void","1","bot:/botfiles/jan.jkb","jan","0","21219","6","0","air","10","0","0","2","256","1","1","-69","landed"
"2134","18","user:void","void","1","bot:/botfiles/jan.jkb","jan","0","21615","7","0","force","9","31","2","2","320","1","1","-8",""
"2135","18","user:void","void","1","bot:/botfiles/jan.jkb","jan","0","21747","8","1","force","9","1","2","2","320","1","1","-8",""
"2136","18","user:void","void","1","bot:/botfiles/jan.jkb","jan","0","21780","9","1","range","10","1","2","1","320","1","1","-10",""
"2137","18","user:void","void","1","bot:/botfiles/jan.jkb","jan","0","21846","10","1","regen","10","1","2","1","320","1","1","-17",""
"2138","18","user:void","void","1","bot:/botfiles/jan.jkb","jan","0","21879","11","1","regen","10","1","0","1","320","1","1","-22",""
"2139","18","user:void","void","1","bot:/botfiles/jan.jkb","jan","0","21912","12","1","regen","10","1","0","1","320","1","1","-26",""
"2140","18","user:void","void","1","bot:/botfiles/jan.jkb","jan","0","21945","13","1","regen","10","1","0","1","320","1","1","-32",""
"2141","18","user:void","void","1","bot:/botfiles/jan.jkb","jan","0","21978","14","1","regen","10","1","0","1","320","1","1","-39",""
"2142","18","user:void","void","1","bot:/botfiles/jan.jkb","jan","0","22011","15","1","regen","10","1","0","1","320","1","1","-43",""
"2143","18","user:void","void","1","bot:/botfiles/jan.jkb","jan","0","22044","16","1","regen","10","1","0","1","320","1","1","-49",""
"2144","18","user:void","void","1","bot:/botfiles/jan.jkb","jan","0","22077","17","1","force","9","5","0","1","320","1","1","-52",""
"2145","18","user:void","void","1","bot:/botfiles/jan.jkb","jan","0","22077","18","1","air","10","1","0","1","320","1","1","-52","airborne"
"2146","18","user:void","void","1","bot:/botfiles/jan.jkb","jan","0","22110","19","1","regen","10","1","0","1","320","1","1","-57",""
"2147","18","user:void","void","1","bot:/botfiles/jan.jkb","jan","0","22143","20","1","regen","10","1","0","1","320","1","1","-64",""
"2148","18","user:void","void","1","bot:/botfiles/jan.jkb","jan","0","22176","21","1","regen","10","1","0","1","320","1","1","-72",""
"2149","18","user:void","void","1","bot:/botfiles/jan.jkb","jan","0","22209","22","1","regen","10","1","0","1","320","1","1","-79",""
"2150","18","user:void","void","1","bot:/botfiles/jan.jkb","jan","0","22242","23","1","regen","10","1","0","1","320","1","1","-91",""
"2151","18","user:void","void","1","bot:/botfiles/jan.jkb","jan","0","22275","24","1","regen","10","1","0","1","320","1","1","-104",""
"2152","18","user:void","void","1","bot:/botfiles/jan.jkb","jan","0","22308","25","1","regen","10","1","0","2","320","1","1","-116",""
"2153","18","user:void","void","1","bot:/botfiles/jan.jkb","jan","0","22308","26","1","range","10","2","0","2","320","1","1","-116",""
"2154","18","user:void","void","1","bot:/botfiles/jan.jkb","jan","0","22341","27","1","regen","10","1","0","2","320","1","1","-125",""
"2155","18","user:void","void","1","bot:/botfiles/jan.jkb","jan","0","22374","28","1","regen","10","1","0","2","320","1","1","-135",""
"2156","18","user:void","void","1","bot:/botfiles/jan.jkb","jan","0","22407","29","1","regen","10","1","0","2","320","1","1","-142",""
"2157","18","user:void","void","1","bot:/botfiles/jan.jkb","jan","0","22440","30","1","regen","10","1","0","2","320","1","1","-147",""
"2158","18","user:void","void","1","bot:/botfiles/jan.jkb","jan","0","22473","31","1","regen","10","1","0","2","320","1","1","-151",""
"2159","18","user:void","void","1","bot:/botfiles/jan.jkb","jan","0","22506","32","1","regen","10","1","0","2","320","1","1","-150",""
"2160","18","user:void","void","1","bot:/botfiles/jan.jkb","jan","0","22539","33","1","regen","10","1","0","2","320","1","1","-144",""
"2161","18","user:void","void","1","bot:/botfiles/jan.jkb","jan","0","22572","34","1","regen","10","1","0","2","320","1","1","-131",""
"2162","18","user:void","void","1","bot:/botfiles/jan.jkb","jan","0","22605","35","1","regen","10","1","0","2","320","1","1","-132",""
"2163","18","user:void","void","1","bot:/botfiles/jan.jkb","jan","0","22638","36","1","regen","10","1","0","2","320","1","1","-137",""
"2164","18","user:void","void","1","bot:/botfiles/jan.jkb","jan","0","22671","37","1","regen","10","1","0","2","320","1","1","-141",""
"2165","18","user:void","void","1","bot:/botfiles/jan.jkb","jan","0","22704","38","1","regen","10","1","0","2","320","1","1","-145",""
"2166","18","user:void","void","1","bot:/botfiles/jan.jkb","jan","0","22737","39","1","regen","10","1","0","2","320","1","1","-149",""
"2167","18","user:void","void","1","bot:/botfiles/jan.jkb","jan","0","22770","40","1","regen","10","1","0","2","256","1","1","-149",""
"2168","18","user:void","void","1","bot:/botfiles/jan.jkb","jan","0","22803","41","1","regen","10","1","0","2","256","1","1","-150",""
"2169","18","user:void","void","1","bot:/botfiles/jan.jkb","jan","0","22836","42","1","regen","10","1","0","2","256","1","1","-149",""
"2170","18","user:void","void","1","bot:/botfiles/jan.jkb","jan","0","22869","43","1","regen","10","1","0","2","256","1","1","-151",""
"2171","18","user:void","void","1","bot:/botfiles/jan.jkb","jan","0","22902","44","1","regen","10","1","4","2","256","1","1","-153",""
"2172","18","user:void","void","1","bot:/botfiles/jan.jkb","jan","0","22935","45","1","attack_start","10","128","4","2","384","1","1","-157","alt"
"2173","18","user:void","void","1","bot:/botfiles/jan.jkb","jan","0","22935","46","1","force_to_saber","10","1","4","2","384","1","1","-157","force_to_saber"
"2174","18","user:void","void","1","bot:/botfiles/jan.jkb","jan","0","22935","47","1","force","9","20","4","2","384","1","1","-157",""
"2175","18","user:void","void","1","bot:/botfiles/jan.jkb","jan","0","23199","48","1","damage","10","30","4","2","384","1","1","-174","saberthrow"
"2176","18","user:void","void","1","bot:/botfiles/jan.jkb","jan","0","23232","49","1","counter_success","10","30","4","2","384","1","1","-175","counter"
"2177","18","user:void","void","1","bot:/botfiles/jan.jkb","jan","0","23232","50","1","saber_return_punish","10","30","4","2","384","1","1","-175","return"
"2178","18","user:void","void","1","bot:/botfiles/jan.jkb","jan","0","23298","51","1","force","9","20","0","2","384","1","1","-177",""
"2179","18","user:void","void","1","bot:/botfiles/jan.jkb","jan","0","23331","52","1","range","10","1","0","1","384","1","1","-174",""
"2180","18","user:void","void","1","bot:/botfiles/jan.jkb","jan","0","23364","53","1","air","10","0","0","1","384","1","1","-172","landed"
"2181","18","user:void","void","1","bot:/botfiles/jan.jkb","jan","0","23463","54","1","regen","10","1","0","1","384","1","1","-152",""
"2182","18","user:void","void","1","bot:/botfiles/jan.jkb","jan","0","23496","55","1","regen","10","1","0","1","384","1","1","-148",""
"2183","18","user:void","void","1","bot:/botfiles/jan.jkb","jan","0","23529","56","1","regen","10","1","0","1","384","1","1","-144",""
"2184","18","user:void","void","1","bot:/botfiles/jan.jkb","jan","0","23562","57","1","regen","10","1","0","1","384","1","1","-146",""
"2185","18","user:void","void","1","bot:/botfiles/jan.jkb","jan","0","23562","58","1","air","10","1","0","1","384","1","1","-146","airborne"
"2186","18","user:void","void","1","bot:/botfiles/jan.jkb","jan","0","23595","59","1","regen","10","1","0","1","384","1","1","-153",""
"2187","18","user:void","void","1","bot:/botfiles/jan.jkb","jan","0","23628","60","1","regen","10","1","0","1","384","1","1","-159",""
"2188","18","user:void","void","1","bot:/botfiles/jan.jkb","jan","0","23661","61","1","regen","10","1","0","1","384","1","1","164",""
"2189","18","user:void","void","1","bot:/botfiles/jan.jkb","jan","0","23694","62","1","force","9","5","1","1","384","1","1","151",""
"2190","18","user:void","void","1","bot:/botfiles/jan.jkb","jan","0","23694","63","1","counter_success","10","20","1","1","384","1","1","151","counter"
"2191","18","user:void","void","1","bot:/botfiles/jan.jkb","jan","0","23727","64","1","regen","10","1","1","1","384","1","1","151",""
"2192","18","user:void","void","1","bot:/botfiles/jan.jkb","jan","0","23760","65","1","regen","10","1","1","1","384","1","1","148",""
"2193","18","user:void","void","1","bot:/botfiles/jan.jkb","jan","0","23793","66","1","regen","10","1","1","1","384","1","1","141",""
"2194","18","user:void","void","1","bot:/botfiles/jan.jkb","jan","0","23826","67","1","regen","10","1","1","1","384","1","1","140",""
"2195","18","user:void","void","1","bot:/botfiles/jan.jkb","jan","0","23859","68","1","regen","10","1","1","2","384","1","1","140",""
"2196","18","user:void","void","1","bot:/botfiles/jan.jkb","jan","0","23859","69","1","range","10","2","1","2","384","1","1","140",""
"2197","18","user:void","void","1","bot:/botfiles/jan.jkb","jan","0","23892","70","1","regen","10","1","1","2","384","1","1","130",""
"2198","18","user:void","void","1","bot:/botfiles/jan.jkb","jan","0","23925","71","1","regen","10","1","1","2","384","1","1","123",""
"2199","18","user:void","void","1","bot:/botfiles/jan.jkb","jan","0","23958","72","1","regen","10","1","1","2","384","1","1","124",""
"2200","18","user:void","void","1","bot:/botfiles/jan.jkb","jan","0","23991","73","1","regen","10","1","1","2","384","1","1","125",""
"2201","18","user:void","void","1","bot:/botfiles/jan.jkb","jan","0","24024","74","1","regen","10","1","1","2","384","1","1","129",""
"2202","18","user:void","void","1","bot:/botfiles/jan.jkb","jan","0","24057","75","1","regen","10","1","1","2","384","1","1","153",""
"2203","18","user:void","void","1","bot:/botfiles/jan.jkb","jan","0","24090","76","1","regen","10","1","1","2","384","1","1","175",""
"2204","18","user:void","void","1","bot:/botfiles/jan.jkb","jan","0","24123","77","1","regen","10","1","1","2","384","1","1","-177",""
"2205","18","user:void","void","1","bot:/botfiles/jan.jkb","jan","0","24156","78","1","regen","10","1","1","2","384","1","1","-157",""
"2206","18","user:void","void","1","bot:/botfiles/jan.jkb","jan","0","24189","79","1","regen","10","1","1","2","384","1","1","-148",""
"2207","18","user:void","void","1","bot:/botfiles/jan.jkb","jan","0","24222","80","1","regen","10","1","1","2","384","1","1","-141",""
"2208","18","user:void","void","1","bot:/botfiles/jan.jkb","jan","0","24255","81","1","regen","10","1","1","2","384","1","1","-138",""
"2209","18","user:void","void","1","bot:/botfiles/jan.jkb","jan","0","24288","82","1","regen","10","1","4","2","384","1","1","-135",""
"2210","18","user:void","void","1","bot:/botfiles/jan.jkb","jan","0","24321","83","1","regen","10","1","4","2","384","1","1","-135",""
"2211","18","user:void","void","1","bot:/botfiles/jan.jkb","jan","0","24354","84","1","regen","10","1","4","1","384","1","1","-137",""
"2212","18","user:void","void","1","bot:/botfiles/jan.jkb","jan","0","24354","85","1","range","10","1","4","1","384","1","1","-137",""
"2213","18","user:void","void","1","bot:/botfiles/jan.jkb","jan","0","24387","86","1","regen","10","1","4","1","384","1","1","-140",""
"2214","18","user:void","void","1","bot:/botfiles/jan.jkb","jan","0","24420","87","1","regen","10","1","4","1","384","1","1","-143",""
"2215","18","user:void","void","1","bot:/botfiles/jan.jkb","jan","0","24453","88","1","force","9","20","4","1","384","1","1","-146",""
"2216","18","user:void","void","1","bot:/botfiles/jan.jkb","jan","0","24519","89","1","air","10","0","4","1","384","1","1","-148","landed"
"2217","18","user:void","void","1","bot:/botfiles/jan.jkb","jan","0","24552","90","1","force","9","20","4","1","384","1","1","-150",""
"2218","18","user:void","void","1","bot:/botfiles/jan.jkb","jan","0","24783","91","1","regen","10","1","4","1","384","1","1","-161",""
"2219","18","user:void","void","1","bot:/botfiles/jan.jkb","jan","0","24816","92","1","regen","10","1","4","1","384","1","1","-151",""
"2220","18","user:void","void","1","bot:/botfiles/jan.jkb","jan","0","24849","93","1","regen","10","1","4","1","384","1","1","-136",""
"2221","18","user:void","void","1","bot:/botfiles/jan.jkb","jan","0","24882","94","1","regen","10","1","4","1","384","1","1","-125",""
"2222","18","user:void","void","1","bot:/botfiles/jan.jkb","jan","0","24915","95","1","regen","10","1","4","1","384","1","1","-122",""
"2223","18","user:void","void","1","bot:/botfiles/jan.jkb","jan","0","24948","96","1","regen","10","1","4","1","384","1","1","-128",""
"2224","18","user:void","void","1","bot:/botfiles/jan.jkb","jan","0","24981","97","1","regen","10","1","4","1","384","1","1","-131",""
"2225","18","user:void","void","1","bot:/botfiles/jan.jkb","jan","0","25014","98","1","regen","10","1","4","1","384","1","1","-130",""
"2226","18","user:void","void","1","bot:/botfiles/jan.jkb","jan","0","25047","99","1","regen","10","1","4","1","384","1","1","-128",""
"2227","18","user:void","void","1","bot:/botfiles/jan.jkb","jan","0","25080","100","1","regen","10","1","4","1","384","1","1","-121",""
"2228","18","user:void","void","1","bot:/botfiles/jan.jkb","jan","0","25113","101","1","regen","10","1","4","1","384","1","1","-108",""
"2229","18","user:void","void","1","bot:/botfiles/jan.jkb","jan","0","25146","102","1","regen","10","1","4","1","384","1","1","-86",""
"2230","18","user:void","void","1","bot:/botfiles/jan.jkb","jan","0","25179","103","1","regen","10","1","4","1","384","1","1","-80",""
"2231","18","user:void","void","1","bot:/botfiles/jan.jkb","jan","0","25212","104","1","regen","10","1","4","1","384","1","1","-72",""
"2232","18","user:void","void","1","bot:/botfiles/jan.jkb","jan","0","25245","105","1","regen","10","1","4","1","384","1","1","-74",""
"2233","18","user:void","void","1","bot:/botfiles/jan.jkb","jan","0","25278","106","1","force","9","19","0","1","384","1","1","-73",""
"2234","18","user:void","void","1","bot:/botfiles/jan.jkb","jan","0","25311","107","1","force","9","5","0","1","384","1","1","-82",""
"2235","18","user:void","void","1","bot:/botfiles/jan.jkb","jan","0","25311","108","2","air","10","1","0","1","384","1","1","-82","airborne"
"2236","18","user:void","void","1","bot:/botfiles/jan.jkb","jan","0","25344","109","2","regen","10","1","0","1","384","1","1","-96",""
"2237","18","user:void","void","1","bot:/botfiles/jan.jkb","jan","0","25377","110","2","regen","10","1","0","1","384","1","1","-106",""
"2238","18","user:void","void","1","bot:/botfiles/jan.jkb","jan","0","25410","111","2","regen","10","1","0","1","384","1","1","-113",""
"2239","18","user:void","void","1","bot:/botfiles/jan.jkb","jan","0","25443","112","2","regen","10","1","0","1","384","1","1","-122",""
"2240","18","user:void","void","1","bot:/botfiles/jan.jkb","jan","0","25476","113","2","regen","10","1","0","1","384","1","1","-132",""
"2241","18","user:void","void","1","bot:/botfiles/jan.jkb","jan","0","25509","114","2","regen","10","1","0","1","384","1","1","-141",""
"2242","18","user:void","void","1","bot:/botfiles/jan.jkb","jan","0","25542","115","2","regen","10","1","0","2","384","1","1","-147",""
"2243","18","user:void","void","1","bot:/botfiles/jan.jkb","jan","0","25542","116","2","range","10","2","0","2","384","1","1","-147",""
"2244","18","user:void","void","1","bot:/botfiles/jan.jkb","jan","0","25575","117","2","regen","10","1","0","2","384","1","1","-153",""
"2245","18","user:void","void","1","bot:/botfiles/jan.jkb","jan","0","25608","118","2","regen","10","1","0","2","384","1","1","-159",""
"2246","18","user:void","void","1","bot:/botfiles/jan.jkb","jan","0","25641","119","2","regen","10","1","0","2","384","1","1","-164",""
"2247","18","user:void","void","1","bot:/botfiles/jan.jkb","jan","0","25674","120","2","regen","10","1","0","2","384","1","1","-166",""
"2248","18","user:void","void","1","bot:/botfiles/jan.jkb","jan","0","25707","121","2","regen","10","1","0","2","384","1","1","-169",""
"2249","18","user:void","void","1","bot:/botfiles/jan.jkb","jan","0","25740","122","2","regen","10","1","0","2","384","1","1","-169",""
"2250","18","user:void","void","1","bot:/botfiles/jan.jkb","jan","0","25773","123","2","regen","10","1","0","2","384","1","1","-172",""
"2251","18","user:void","void","1","bot:/botfiles/jan.jkb","jan","0","25806","124","2","regen","10","1","0","2","384","1","1","-170",""
"2252","18","user:void","void","1","bot:/botfiles/jan.jkb","jan","0","25839","125","2","regen","10","1","0","2","384","1","1","-173",""
"2253","18","user:void","void","1","bot:/botfiles/jan.jkb","jan","0","25872","126","2","regen","10","1","0","2","384","1","1","-175",""
"2254","18","user:void","void","1","bot:/botfiles/jan.jkb","jan","0","25905","127","2","regen","10","1","0","2","384","1","1","-178",""
"2255","18","user:void","void","1","bot:/botfiles/jan.jkb","jan","0","25938","128","2","regen","10","1","1","2","384","1","1","178",""
"2256","19","user:void","void","1","bot:/botfiles/easyds2.jkb","Snowtrooper","0","165","1","0","range","10","2","0","2","256","0","0","69",""
"2257","19","user:void","void","1","bot:/botfiles/easyds2.jkb","Snowtrooper","0","231","2","0","air","10","0","0","2","256","0","0","74","landed"
"2258","19","user:void","void","1","bot:/botfiles/easyds2.jkb","Snowtrooper","0","792","3","0","range","10","3","0","3","256","1","1","90",""
"2259","19","user:void","void","1","bot:/botfiles/easyds2.jkb","Snowtrooper","0","891","4","0","air","10","1","0","3","256","1","1","82","airborne"
"2260","19","user:void","void","1","bot:/botfiles/easyds2.jkb","Snowtrooper","0","1023","5","0","force","9","6","0","3","256","1","1","66",""
"2261","19","user:void","void","1","bot:/botfiles/easyds2.jkb","Snowtrooper","0","1320","6","0","force","9","2","0","3","256","1","1","39",""
"2262","19","user:void","void","1","bot:/botfiles/easyds2.jkb","Snowtrooper","0","1980","7","0","regen","10","1","0","3","256","1","1","-16",""
"2263","19","user:void","void","1","bot:/botfiles/easyds2.jkb","Snowtrooper","0","2013","8","0","regen","10","1","0","3","256","1","1","-19",""
"2264","19","user:void","void","1","bot:/botfiles/easyds2.jkb","Snowtrooper","0","2046","9","0","regen","10","1","0","3","256","1","1","-21",""
"2265","19","user:void","void","1","bot:/botfiles/easyds2.jkb","Snowtrooper","0","2079","10","0","regen","10","1","0","3","256","1","1","-24",""
"2266","19","user:void","void","1","bot:/botfiles/easyds2.jkb","Snowtrooper","0","2079","11","0","air","10","0","0","3","256","1","1","-24","landed"
"2267","19","user:void","void","1","bot:/botfiles/easyds2.jkb","Snowtrooper","0","2112","12","0","regen","10","1","0","3","256","1","1","-26",""
"2268","19","user:void","void","1","bot:/botfiles/easyds2.jkb","Snowtrooper","0","2112","13","0","air","10","1","0","3","256","1","1","-26","airborne"
"2269","19","user:void","void","1","bot:/botfiles/easyds2.jkb","Snowtrooper","0","2145","14","0","regen","10","1","0","3","256","1","1","-27",""
"2270","19","user:void","void","1","bot:/botfiles/easyds2.jkb","Snowtrooper","0","2178","15","0","regen","10","1","0","3","256","1","1","-29",""
"2271","19","user:void","void","1","bot:/botfiles/easyds2.jkb","Snowtrooper","0","2211","16","0","regen","10","1","0","3","256","1","1","-30",""
"2272","19","user:void","void","1","bot:/botfiles/easyds2.jkb","Snowtrooper","0","3036","17","0","air","10","0","0","3","256","1","1","19","landed"
"2273","19","user:void","void","1","bot:/botfiles/easyds2.jkb","Snowtrooper","0","3894","18","0","air","10","1","0","3","256","1","1","-7","airborne"
"2274","19","user:void","void","1","bot:/botfiles/easyds2.jkb","Snowtrooper","0","3993","19","0","force","9","6","0","3","256","1","1","-12",""
"2275","19","user:void","void","1","bot:/botfiles/easyds2.jkb","Snowtrooper","0","4323","20","0","force","9","6","0","3","256","1","1","90",""
"2276","19","user:void","void","1","bot:/botfiles/easyds2.jkb","Snowtrooper","0","4620","21","0","force","9","6","0","3","256","1","1","101",""
"2277","19","user:void","void","1","bot:/botfiles/easyds2.jkb","Snowtrooper","0","4917","22","0","force","9","5","0","3","256","1","1","158",""
"2278","19","user:void","void","1","bot:/botfiles/easyds2.jkb","Snowtrooper","0","5214","23","0","force","9","5","0","3","256","1","1","179",""
"2279","19","user:void","void","1","bot:/botfiles/easyds2.jkb","Snowtrooper","0","6369","24","0","regen","10","1","0","3","256","1","1","160",""
"2280","19","user:void","void","1","bot:/botfiles/easyds2.jkb","Snowtrooper","0","6402","25","0","regen","10","1","0","3","256","1","1","157",""
"2281","19","user:void","void","1","bot:/botfiles/easyds2.jkb","Snowtrooper","0","6435","26","0","regen","10","1","0","3","256","1","1","155",""
"2282","19","user:void","void","1","bot:/botfiles/easyds2.jkb","Snowtrooper","0","6468","27","0","regen","10","1","0","3","256","1","1","152",""
"2283","19","user:void","void","1","bot:/botfiles/easyds2.jkb","Snowtrooper","0","6501","28","0","force","9","50","2","3","256","1","1","149",""
"2284","19","user:void","void","1","bot:/botfiles/easyds2.jkb","Snowtrooper","0","6666","29","0","air","10","0","2","3","256","1","1","143","landed"
"2285","19","user:void","void","1","bot:/botfiles/easyds2.jkb","Snowtrooper","0","7029","30","0","air","10","1","2","3","256","1","1","139","airborne"
"2286","19","user:void","void","1","bot:/botfiles/easyds2.jkb","Snowtrooper","0","7293","31","0","air","10","0","2","3","256","1","1","134","landed"
"2287","19","user:void","void","1","bot:/botfiles/easyds2.jkb","Snowtrooper","0","7425","32","0","air","10","1","2","3","256","1","1","143","airborne"
"2288","19","user:void","void","1","bot:/botfiles/easyds2.jkb","Snowtrooper","0","8811","33","0","regen","10","1","2","3","256","1","1","-139",""
"2289","19","user:void","void","1","bot:/botfiles/easyds2.jkb","Snowtrooper","0","8811","34","0","damage","10","2","2","3","256","1","1","-139",""
"2290","19","user:void","void","1","bot:/botfiles/easyds2.jkb","Snowtrooper","0","8844","35","0","regen","10","1","2","3","256","1","1","-143",""
"2291","19","user:void","void","1","bot:/botfiles/easyds2.jkb","Snowtrooper","0","8844","36","0","damage","10","2","2","3","256","1","1","-143",""
"2292","19","user:void","void","1","bot:/botfiles/easyds2.jkb","Snowtrooper","0","9306","37","0","regen","10","1","2","3","256","1","1","-177",""
"2293","19","user:void","void","1","bot:/botfiles/easyds2.jkb","Snowtrooper","0","9339","38","0","regen","10","1","2","3","256","1","1","-176",""
"2294","19","user:void","void","1","bot:/botfiles/easyds2.jkb","Snowtrooper","0","9372","39","0","regen","10","1","2","3","256","1","1","-175",""
"2295","19","user:void","void","1","bot:/botfiles/easyds2.jkb","Snowtrooper","0","9405","40","0","regen","10","1","2","3","256","1","1","-175",""
"2296","19","user:void","void","1","bot:/botfiles/easyds2.jkb","Snowtrooper","0","9405","41","0","air","10","0","2","3","256","1","1","-175","landed"
"2297","19","user:void","void","1","bot:/botfiles/easyds2.jkb","Snowtrooper","0","9438","42","0","regen","10","1","2","3","256","1","1","-174",""
"2298","19","user:void","void","1","bot:/botfiles/easyds2.jkb","Snowtrooper","0","9471","43","0","regen","10","1","2","3","256","1","1","-173",""
"2299","19","user:void","void","1","bot:/botfiles/easyds2.jkb","Snowtrooper","0","9504","44","0","regen","10","1","2","3","256","1","1","-172",""
"2300","19","user:void","void","1","bot:/botfiles/easyds2.jkb","Snowtrooper","0","9537","45","0","regen","10","1","2","3","256","1","1","-171",""
"2301","19","user:void","void","1","bot:/botfiles/easyds2.jkb","Snowtrooper","0","9570","46","0","regen","10","1","2","3","256","1","1","-170",""
"2302","19","user:void","void","1","bot:/botfiles/easyds2.jkb","Snowtrooper","0","9603","47","0","regen","10","1","2","3","256","1","1","-169",""
"2303","19","user:void","void","1","bot:/botfiles/easyds2.jkb","Snowtrooper","0","9636","48","0","regen","10","1","2","3","256","1","1","-168",""
"2304","19","user:void","void","1","bot:/botfiles/easyds2.jkb","Snowtrooper","0","9669","49","0","regen","10","1","2","3","256","1","1","-167",""
"2305","19","user:void","void","1","bot:/botfiles/easyds2.jkb","Snowtrooper","0","9702","50","0","regen","10","1","2","3","256","1","1","-166",""
"2306","19","user:void","void","1","bot:/botfiles/easyds2.jkb","Snowtrooper","0","9702","51","0","air","10","1","2","3","256","1","1","-166","airborne"
"2307","19","user:void","void","1","bot:/botfiles/easyds2.jkb","Snowtrooper","0","9735","52","0","regen","10","1","2","3","256","1","1","-164",""
"2308","19","user:void","void","1","bot:/botfiles/easyds2.jkb","Snowtrooper","0","9768","53","0","regen","10","1","2","3","256","1","1","-163",""
"2309","19","user:void","void","1","bot:/botfiles/easyds2.jkb","Snowtrooper","0","9801","54","0","regen","10","1","2","3","256","1","1","-161",""
"2310","19","user:void","void","1","bot:/botfiles/easyds2.jkb","Snowtrooper","0","9834","55","0","regen","10","1","2","3","256","1","1","-159",""
"2311","19","user:void","void","1","bot:/botfiles/easyds2.jkb","Snowtrooper","0","9834","56","0","air","10","0","2","3","256","1","1","-159","landed"
"2312","19","user:void","void","1","bot:/botfiles/easyds2.jkb","Snowtrooper","0","9867","57","0","regen","10","1","2","2","256","1","1","-158",""
"2313","19","user:void","void","1","bot:/botfiles/easyds2.jkb","Snowtrooper","0","9867","58","0","range","10","2","2","2","256","1","1","-158",""
"2314","19","user:void","void","1","bot:/botfiles/easyds2.jkb","Snowtrooper","0","9900","59","0","regen","10","1","2","2","256","1","1","-156",""
"2315","19","user:void","void","1","bot:/botfiles/easyds2.jkb","Snowtrooper","0","9933","60","0","regen","10","1","2","2","256","1","1","-155",""
"2316","19","user:void","void","1","bot:/botfiles/easyds2.jkb","Snowtrooper","0","9966","61","0","regen","10","1","2","2","256","1","1","-153",""
"2317","19","user:void","void","1","bot:/botfiles/easyds2.jkb","Snowtrooper","0","9999","62","0","regen","10","1","2","2","256","1","1","-152",""
"2318","19","user:void","void","1","bot:/botfiles/easyds2.jkb","Snowtrooper","0","10032","63","0","regen","10","1","2","2","256","1","1","-149",""
"2319","19","user:void","void","1","bot:/botfiles/easyds2.jkb","Snowtrooper","0","10065","64","0","regen","10","1","2","2","256","1","1","-147",""
"2320","19","user:void","void","1","bot:/botfiles/easyds2.jkb","Snowtrooper","0","10098","65","0","regen","10","1","2","2","256","1","1","-146",""
"2321","19","user:void","void","1","bot:/botfiles/easyds2.jkb","Snowtrooper","0","10131","66","1","attack_start","10","1","2","2","257","63","1","-145","attack"
"2322","19","user:void","void","1","bot:/botfiles/easyds2.jkb","Snowtrooper","0","10131","67","1","regen","10","1","2","2","257","63","1","-145",""
"2323","19","user:void","void","1","bot:/botfiles/easyds2.jkb","Snowtrooper","0","10164","68","1","regen","10","1","2","2","257","63","1","-144",""
"2324","19","user:void","void","1","bot:/botfiles/easyds2.jkb","Snowtrooper","0","10197","69","1","regen","10","1","2","2","257","63","1","-144",""
"2325","19","user:void","void","1","bot:/botfiles/easyds2.jkb","Snowtrooper","0","10230","70","1","regen","10","1","2","2","257","63","1","-143",""
"2326","19","user:void","void","1","bot:/botfiles/easyds2.jkb","Snowtrooper","0","10263","71","1","regen","10","1","2","2","257","63","1","-143",""
"2327","19","user:void","void","1","bot:/botfiles/easyds2.jkb","Snowtrooper","0","10296","72","1","regen","10","1","2","2","257","63","1","-144",""
"2328","19","user:void","void","1","bot:/botfiles/easyds2.jkb","Snowtrooper","0","10329","73","1","regen","10","1","2","2","257","63","1","-147",""
"2329","19","user:void","void","1","bot:/botfiles/easyds2.jkb","Snowtrooper","0","10362","74","1","regen","10","1","2","2","257","63","1","-149",""
"2330","19","user:void","void","1","bot:/botfiles/easyds2.jkb","Snowtrooper","0","10395","75","1","attack_chain","10","5","2","2","257","5","1","-155","chain"
"2331","19","user:void","void","1","bot:/botfiles/easyds2.jkb","Snowtrooper","0","10395","76","1","regen","10","1","2","2","257","5","1","-155",""
"2332","19","user:void","void","1","bot:/botfiles/easyds2.jkb","Snowtrooper","0","10428","77","1","regen","10","1","2","2","257","5","1","-166",""
"2333","19","user:void","void","1","bot:/botfiles/easyds2.jkb","Snowtrooper","0","10461","78","1","regen","10","1","0","2","257","5","1","-176",""
"2334","19","user:void","void","1","bot:/botfiles/easyds2.jkb","Snowtrooper","0","10494","79","1","regen","10","1","0","2","257","5","1","177",""
"2335","19","user:void","void","1","bot:/botfiles/easyds2.jkb","Snowtrooper","0","10527","80","1","regen","10","1","0","2","257","5","1","171",""
"2336","19","user:void","void","1","bot:/botfiles/easyds2.jkb","Snowtrooper","0","10560","81","1","regen","10","1","0","2","257","5","1","161",""
"2337","19","user:void","void","1","bot:/botfiles/easyds2.jkb","Snowtrooper","0","10593","82","1","regen","10","1","0","2","257","5","1","158",""
"2338","19","user:void","void","1","bot:/botfiles/easyds2.jkb","Snowtrooper","0","10626","83","1","regen","10","1","0","2","257","5","1","156",""
"2339","19","user:void","void","1","bot:/botfiles/easyds2.jkb","Snowtrooper","0","10659","84","1","regen","10","1","0","2","257","5","1","156",""
"2340","19","user:void","void","1","bot:/botfiles/easyds2.jkb","Snowtrooper","0","10692","85","1","attack_chain","10","8","0","2","257","8","1","155","chain"
"2341","19","user:void","void","1","bot:/botfiles/easyds2.jkb","Snowtrooper","0","10692","86","1","regen","10","1","0","2","257","8","1","155",""
"2342","19","user:void","void","1","bot:/botfiles/easyds2.jkb","Snowtrooper","0","10725","87","1","regen","10","1","0","2","257","8","1","158",""
"2343","19","user:void","void","1","bot:/botfiles/easyds2.jkb","Snowtrooper","0","10758","88","1","regen","10","1","0","2","257","8","1","165",""
"2344","19","user:void","void","1","bot:/botfiles/easyds2.jkb","Snowtrooper","0","10791","89","1","regen","10","1","0","2","257","8","1","174",""
"2345","19","user:void","void","1","bot:/botfiles/easyds2.jkb","Snowtrooper","0","10824","90","1","regen","10","1","0","2","257","8","1","-178",""
"2346","19","user:void","void","1","bot:/botfiles/easyds2.jkb","Snowtrooper","0","10857","91","1","regen","10","1","0","2","257","8","1","-167",""
"2347","19","user:void","void","1","bot:/botfiles/easyds2.jkb","Snowtrooper","0","10890","92","1","regen","10","1","2","2","257","8","1","-164",""
"2348","19","user:void","void","1","bot:/botfiles/easyds2.jkb","Snowtrooper","0","10890","93","1","damage","10","30","2","2","257","8","1","-164","saberthrow"
"2349","19","user:void","void","1","bot:/botfiles/easyds2.jkb","Snowtrooper","0","10923","94","1","regen","10","1","2","2","257","8","1","-165",""
"2350","19","user:void","void","1","bot:/botfiles/easyds2.jkb","Snowtrooper","0","10956","95","1","regen","10","1","2","2","256","8","1","-165",""
"2351","19","user:void","void","1","bot:/botfiles/easyds2.jkb","Snowtrooper","0","10989","96","1","regen","10","1","2","2","256","73","1","-169",""
"2352","19","user:void","void","1","bot:/botfiles/easyds2.jkb","Snowtrooper","0","11022","97","1","regen","10","1","2","2","256","73","1","-172",""
"2353","19","user:void","void","1","bot:/botfiles/easyds2.jkb","Snowtrooper","0","11055","98","1","regen","10","1","2","2","256","73","1","-174",""
"2354","19","user:void","void","1","bot:/botfiles/easyds2.jkb","Snowtrooper","0","11088","99","1","regen","10","1","2","2","256","73","1","-174",""
"2355","19","user:void","void","1","bot:/botfiles/easyds2.jkb","Snowtrooper","0","11121","100","1","regen","10","1","2","2","256","73","1","-173",""
"2356","19","user:void","void","1","bot:/botfiles/easyds2.jkb","Snowtrooper","0","11154","101","1","regen","10","1","2","2","256","73","1","-169",""
"2357","19","user:void","void","1","bot:/botfiles/easyds2.jkb","Snowtrooper","0","11187","102","1","regen","10","1","2","2","256","73","1","-165",""
"2358","19","user:void","void","1","bot:/botfiles/easyds2.jkb","Snowtrooper","0","11220","103","1","regen","10","1","2","2","256","73","1","-162",""
"2359","19","user:void","void","1","bot:/botfiles/easyds2.jkb","Snowtrooper","0","11253","104","1","regen","10","1","2","2","256","73","1","-159",""
"2360","19","user:void","void","1","bot:/botfiles/easyds2.jkb","Snowtrooper","0","11286","105","1","regen","10","1","2","2","256","73","1","-159",""
"2361","19","user:void","void","1","bot:/botfiles/easyds2.jkb","Snowtrooper","0","11319","106","1","regen","10","1","2","2","256","73","1","-157",""
"2362","19","user:void","void","1","bot:/botfiles/easyds2.jkb","Snowtrooper","0","11352","107","1","regen","10","1","2","2","256","73","1","-155",""
"2363","19","user:void","void","1","bot:/botfiles/easyds2.jkb","Snowtrooper","0","11385","108","1","regen","10","1","2","2","256","1","1","-155",""
"2364","19","user:void","void","1","bot:/botfiles/easyds2.jkb","Snowtrooper","0","11418","109","1","regen","10","1","2","2","256","1","1","-152",""
"2365","19","user:void","void","1","bot:/botfiles/easyds2.jkb","Snowtrooper","0","11451","110","1","attack_start","10","128","2","2","384","1","1","-144","alt"
"2366","19","user:void","void","1","bot:/botfiles/easyds2.jkb","Snowtrooper","0","11451","111","1","force","9","20","2","2","384","1","1","-144",""
"2367","19","user:void","void","1","bot:/botfiles/easyds2.jkb","Snowtrooper","0","11583","112","1","force","9","20","2","1","384","1","1","-136",""
"2368","19","user:void","void","1","bot:/botfiles/easyds2.jkb","Snowtrooper","0","11583","113","1","range","10","1","2","1","384","1","1","-136",""
"2369","19","user:void","void","1","bot:/botfiles/easyds2.jkb","Snowtrooper","0","11715","114","1","air","10","1","2","1","384","1","1","-132","airborne"
"2370","19","user:void","void","1","bot:/botfiles/easyds2.jkb","Snowtrooper","0","11781","115","1","force","9","6","2","1","384","1","1","-140",""
"2371","19","user:void","void","1","bot:/botfiles/easyds2.jkb","Snowtrooper","0","11781","116","1","counter_success","10","20","2","1","384","1","1","-140","counter"
"2372","19","user:void","void","1","bot:/botfiles/easyds2.jkb","Snowtrooper","0","11946","117","1","regen","10","1","2","2","384","1","1","-156",""
"2373","19","user:void","void","1","bot:/botfiles/easyds2.jkb","Snowtrooper","0","11946","118","1","range","10","2","2","2","384","1","1","-156",""
"2374","19","user:void","void","1","bot:/botfiles/easyds2.jkb","Snowtrooper","0","11979","119","1","regen","10","1","2","2","384","1","1","-159",""
"2375","19","user:void","void","1","bot:/botfiles/easyds2.jkb","Snowtrooper","0","12012","120","1","regen","10","1","2","2","384","1","1","-162",""
"2376","19","user:void","void","1","bot:/botfiles/easyds2.jkb","Snowtrooper","0","12045","121","1","regen","10","1","2","2","384","1","1","-163",""
"2377","19","user:void","void","1","bot:/botfiles/easyds2.jkb","Snowtrooper","0","12078","122","1","regen","10","1","2","2","384","1","1","-165",""
"2378","19","user:void","void","1","bot:/botfiles/easyds2.jkb","Snowtrooper","0","12111","123","1","regen","10","1","2","2","384","1","1","-168",""
"2379","19","user:void","void","1","bot:/botfiles/easyds2.jkb","Snowtrooper","0","12144","124","1","regen","10","1","2","2","384","1","1","-170",""
"2380","19","user:void","void","1","bot:/botfiles/easyds2.jkb","Snowtrooper","0","12177","125","1","regen","10","1","2","2","256","1","1","-173",""
"2381","19","user:void","void","1","bot:/botfiles/easyds2.jkb","Snowtrooper","0","12210","126","1","regen","10","1","2","2","256","1","1","-175",""
"2382","19","user:void","void","1","bot:/botfiles/easyds2.jkb","Snowtrooper","0","12243","127","1","regen","10","1","2","2","256","1","1","-177",""
"2383","19","user:void","void","1","bot:/botfiles/easyds2.jkb","Snowtrooper","0","12276","128","1","force","9","4","2","2","256","1","1","-178",""
"2384","20","user:void","void","1","bot:/botfiles/easyds2.jkb","Rax","0","1419","1","0","air","10","0","0","3","256","1","1","-38","landed"
"2385","20","user:void","void","1","bot:/botfiles/easyds2.jkb","Rax","0","1650","2","0","air","10","1","0","3","256","1","1","-52","airborne"
"2386","20","user:void","void","1","bot:/botfiles/easyds2.jkb","Rax","0","4125","3","0","air","10","0","0","3","256","1","1","163","landed"
"2387","20","user:void","void","1","bot:/botfiles/easyds2.jkb","Rax","0","4917","4","0","air","10","1","0","3","256","1","1","165","airborne"
"2388","20","user:void","void","1","bot:/botfiles/easyds2.jkb","Rax","0","5379","5","1","attack_start","10","128","2","3","384","1","1","-178","alt"
"2389","20","user:void","void","1","bot:/botfiles/easyds2.jkb","Rax","0","5379","6","1","force","9","20","2","3","384","1","1","-178",""
"2390","20","user:void","void","1","bot:/botfiles/easyds2.jkb","Rax","0","5610","7","1","range","10","2","2","2","384","1","1","178",""
"2391","20","user:void","void","1","bot:/botfiles/easyds2.jkb","Rax","0","6105","8","1","air","10","0","2","2","384","1","1","171","landed"
"2392","20","user:void","void","1","bot:/botfiles/easyds2.jkb","Rax","0","6138","9","1","force","9","20","2","2","384","1","1","170",""
"2393","20","user:void","void","1","bot:/botfiles/easyds2.jkb","Rax","0","6237","10","1","range","10","1","2","1","384","1","156","169",""
"2394","20","user:void","void","1","bot:/botfiles/easyds2.jkb","Rax","0","6336","11","1","damage","10","1","2","1","384","1","156","172",""
"2395","20","user:void","void","1","bot:/botfiles/easyds2.jkb","Rax","0","6369","12","1","air","10","1","2","1","384","1","156","170","airborne"
"2396","20","user:void","void","1","bot:/botfiles/easyds2.jkb","Rax","0","6402","13","1","force","9","6","2","1","384","1","156","163",""
"2397","20","user:void","void","1","bot:/botfiles/easyds2.jkb","Rax","0","6402","14","1","counter_success","10","20","2","1","384","1","156","163","counter"
"2398","20","user:void","void","1","bot:/botfiles/easyds2.jkb","Rax","0","6633","15","1","regen","10","1","2","1","384","1","156","123",""
"2399","20","user:void","void","1","bot:/botfiles/easyds2.jkb","Rax","0","6666","16","1","regen","10","1","2","1","384","1","156","121",""
"2400","20","user:void","void","1","bot:/botfiles/easyds2.jkb","Rax","0","6699","17","1","regen","10","1","2","2","384","1","156","119",""
"2401","20","user:void","void","1","bot:/botfiles/easyds2.jkb","Rax","0","6699","18","1","range","10","2","2","2","384","1","156","119",""
"2402","20","user:void","void","1","bot:/botfiles/easyds2.jkb","Rax","0","6732","19","1","regen","10","1","2","2","384","1","156","119",""
"2403","20","user:void","void","1","bot:/botfiles/easyds2.jkb","Rax","0","6765","20","1","regen","10","1","2","2","384","1","1","123",""
"2404","20","user:void","void","1","bot:/botfiles/easyds2.jkb","Rax","0","6798","21","1","regen","10","1","2","2","384","1","1","124",""
"2405","20","user:void","void","1","bot:/botfiles/easyds2.jkb","Rax","0","6831","22","1","force","9","4","2","2","384","1","1","125",""
"2406","20","user:void","void","1","bot:/botfiles/easyds2.jkb","Rax","0","6864","23","1","force","9","4","2","2","384","1","1","127",""
"2407","20","user:void","void","1","bot:/botfiles/easyds2.jkb","Rax","0","6930","24","1","force","9","4","2","2","384","1","1","132",""
"2408","20","user:void","void","1","bot:/botfiles/easyds2.jkb","Rax","0","6963","25","1","force","9","4","2","2","384","1","1","136",""
"2409","20","user:void","void","1","bot:/botfiles/easyds2.jkb","Rax","0","7029","26","1","force","9","4","2","2","384","1","1","142",""
"2410","20","user:void","void","1","bot:/botfiles/easyds2.jkb","Rax","0","7062","27","1","force","9","4","2","2","384","1","1","147",""
"2411","20","user:void","void","1","bot:/botfiles/easyds2.jkb","Rax","0","7128","28","1","force","9","4","2","2","384","1","1","156",""
"2412","20","user:void","void","1","bot:/botfiles/easyds2.jkb","Rax","0","7161","29","1","force","9","4","2","2","384","1","1","161",""
"2413","20","user:void","void","1","bot:/botfiles/easyds2.jkb","Rax","0","7194","30","1","force","9","20","3","2","384","1","1","166",""
"2414","20","user:void","void","1","bot:/botfiles/easyds2.jkb","Rax","0","7227","31","1","force","9","4","3","2","384","1","1","170",""
"2415","20","user:void","void","1","bot:/botfiles/easyds2.jkb","Rax","0","7260","32","1","force","9","4","3","2","384","1","1","174",""
"2416","20","user:void","void","1","bot:/botfiles/easyds2.jkb","Rax","0","7656","33","1","air","10","0","3","2","384","1","1","-165","landed"
"2417","20","user:void","void","1","bot:/botfiles/easyds2.jkb","Rax","0","7689","34","1","range","10","1","3","1","384","1","1","-166",""
"2418","20","user:void","void","1","bot:/botfiles/easyds2.jkb","Rax","0","7689","35","1","air","10","1","3","1","384","1","1","-166","airborne"
"2419","20","user:void","void","1","bot:/botfiles/easyds2.jkb","Rax","0","7821","36","1","regen","10","1","3","1","384","1","0","-179",""
"2420","20","user:void","void","1","bot:/botfiles/easyds2.jkb","Rax","0","7854","37","1","regen","10","1","3","1","384","1","0","178",""
"2421","20","user:void","void","1","bot:/botfiles/easyds2.jkb","Rax","0","7887","38","1","regen","10","1","3","1","384","1","0","178",""
"2422","20","user:void","void","1","bot:/botfiles/easyds2.jkb","Rax","0","7920","39","1","regen","10","1","3","1","384","1","0","175",""
"2423","20","user:void","void","1","bot:/botfiles/easyds2.jkb","Rax","0","7953","40","1","force","9","3","3","1","384","1","0","125",""
"2424","20","user:void","void","1","bot:/botfiles/easyds2.jkb","Rax","0","7986","41","1","regen","10","1","3","1","384","1","0","122",""
"2425","20","user:void","void","1","bot:/botfiles/easyds2.jkb","Rax","0","8019","42","1","regen","10","1","3","1","384","1","0","118",""
"2426","20","user:void","void","1","bot:/botfiles/easyds2.jkb","Rax","0","8052","43","1","regen","10","1","3","1","384","1","0","114",""
"2427","20","user:void","void","1","bot:/botfiles/easyds2.jkb","Rax","0","8085","44","1","regen","10","1","3","1","384","1","0","110",""
"2428","20","user:void","void","1","bot:/botfiles/easyds2.jkb","Rax","0","8118","45","1","regen","10","1","3","1","384","1","0","106",""
"2429","20","user:void","void","1","bot:/botfiles/easyds2.jkb","Rax","0","8151","46","1","regen","10","1","3","1","384","1","0","101",""
"2430","20","user:void","void","1","bot:/botfiles/easyds2.jkb","Rax","0","8184","47","1","regen","10","1","3","1","384","1","0","96",""
"2431","20","user:void","void","1","bot:/botfiles/easyds2.jkb","Rax","0","8217","48","1","regen","10","1","3","2","384","1","0","89",""
"2432","20","user:void","void","1","bot:/botfiles/easyds2.jkb","Rax","0","8217","49","1","range","10","2","3","2","384","1","0","89",""
"2433","20","user:void","void","1","bot:/botfiles/easyds2.jkb","Rax","0","8250","50","1","regen","10","1","3","2","384","1","0","82",""
"2434","20","user:void","void","1","bot:/botfiles/easyds2.jkb","Rax","0","8283","51","1","regen","10","1","3","2","384","1","0","74",""
"2435","20","user:void","void","1","bot:/botfiles/easyds2.jkb","Rax","0","8316","52","1","regen","10","1","3","2","384","1","0","66",""
"2436","20","user:void","void","1","bot:/botfiles/easyds2.jkb","Rax","0","8349","53","1","regen","10","1","3","2","256","1","0","58",""
"2437","20","user:void","void","1","bot:/botfiles/easyds2.jkb","Rax","0","8382","54","1","regen","10","1","3","2","0","1","0","49",""
"2438","20","user:void","void","1","bot:/botfiles/easyds2.jkb","Rax","0","8415","55","1","regen","10","1","3","2","0","1","0","40",""
"2439","20","user:void","void","1","bot:/botfiles/easyds2.jkb","Rax","0","8448","56","1","regen","10","1","3","2","0","1","0","30",""
"2440","20","user:void","void","1","bot:/botfiles/easyds2.jkb","Rax","0","8481","57","1","regen","10","1","3","2","0","1","0","20",""
"2441","20","user:void","void","1","bot:/botfiles/easyds2.jkb","Rax","0","8514","58","1","regen","10","1","3","2","0","1","0","9",""
"2442","20","user:void","void","1","bot:/botfiles/easyds2.jkb","Rax","0","8547","59","1","regen","10","1","3","2","0","1","0","-2",""
"2443","20","user:void","void","1","bot:/botfiles/easyds2.jkb","Rax","0","8580","60","1","regen","10","1","3","2","256","1","0","-16",""
"2444","20","user:void","void","1","bot:/botfiles/easyds2.jkb","Rax","0","8613","61","1","regen","10","1","3","2","256","1","0","-29",""
"2445","20","user:void","void","1","bot:/botfiles/easyds2.jkb","Rax","0","8646","62","1","regen","10","1","3","2","256","1","0","-42",""
"2446","20","user:void","void","1","bot:/botfiles/easyds2.jkb","Rax","0","8679","63","1","regen","10","1","3","2","256","1","0","-56",""
"2447","20","user:void","void","1","bot:/botfiles/easyds2.jkb","Rax","0","8712","64","1","regen","10","1","3","2","256","1","0","-69",""
"2448","20","user:void","void","1","bot:/botfiles/easyds2.jkb","Rax","0","8745","65","1","regen","10","1","3","2","256","1","0","-79",""
"2449","20","user:void","void","1","bot:/botfiles/easyds2.jkb","Rax","0","8778","66","1","regen","10","1","2","2","256","1","0","-90",""
"2450","20","user:void","void","1","bot:/botfiles/easyds2.jkb","Rax","0","8778","67","1","reset_success","10","1","2","2","256","1","0","-90","reset"
"2451","20","user:void","void","1","bot:/botfiles/easyds2.jkb","Rax","0","8811","68","1","regen","10","1","2","2","256","1","0","-99",""
"2452","20","user:void","void","1","bot:/botfiles/easyds2.jkb","Rax","0","8844","69","1","regen","10","1","2","2","256","1","1","-107",""
"2453","20","user:void","void","1","bot:/botfiles/easyds2.jkb","Rax","0","8877","70","1","regen","10","1","2","2","256","1","1","-114",""
"2454","20","user:void","void","1","bot:/botfiles/easyds2.jkb","Rax","0","8910","71","1","regen","10","1","2","2","256","1","1","-121",""
"2455","20","user:void","void","1","bot:/botfiles/easyds2.jkb","Rax","0","8943","72","1","force","9","4","2","2","256","1","1","-129",""
"2456","20","user:void","void","1","bot:/botfiles/easyds2.jkb","Rax","0","8976","73","1","force","9","4","3","2","256","1","1","-134",""
"2457","20","user:void","void","1","bot:/botfiles/easyds2.jkb","Rax","0","9042","74","1","attack_start","10","128","3","2","384","1","1","-143","alt"
"2458","20","user:void","void","1","bot:/botfiles/easyds2.jkb","Rax","0","9042","75","1","force_to_saber","10","1","3","2","384","1","1","-143","force_to_saber"
"2459","20","user:void","void","1","bot:/botfiles/easyds2.jkb","Rax","0","9042","76","1","force","9","4","3","2","384","1","1","-143",""
"2460","20","user:void","void","1","bot:/botfiles/easyds2.jkb","Rax","0","9075","77","1","force","9","4","3","2","384","1","1","-147",""
"2461","20","user:void","void","1","bot:/botfiles/easyds2.jkb","Rax","0","9141","78","1","force","9","4","3","2","384","1","1","-149",""
"2462","20","user:void","void","1","bot:/botfiles/easyds2.jkb","Rax","0","9174","79","1","force","9","4","3","2","384","1","1","-150",""
"2463","20","user:void","void","1","bot:/botfiles/easyds2.jkb","Rax","0","9339","80","1","air","10","0","3","2","384","1","1","-155","landed"
"2464","20","user:void","void","1","bot:/botfiles/easyds2.jkb","Rax","0","9471","81","1","range","10","1","3","1","2304","1","1","-161",""
"2465","20","user:void","void","1","bot:/botfiles/easyds2.jkb","Rax","0","9735","82","1","force","9","6","3","1","256","1","1","-125",""
"2466","20","user:void","void","1","bot:/botfiles/easyds2.jkb","Rax","0","9735","83","1","punish_success","10","20","3","1","256","1","1","-125","punish"
"2467","20","user:void","void","1","bot:/botfiles/easyds2.jkb","Rax","0","9735","84","1","air","10","1","3","1","256","1","1","-125","airborne"
"2468","20","user:void","void","1","bot:/botfiles/easyds2.jkb","Rax","0","9966","85","1","regen","10","1","3","2","256","1","1","-155",""
"2469","20","user:void","void","1","bot:/botfiles/easyds2.jkb","Rax","0","9966","86","1","range","10","2","3","2","256","1","1","-155",""
"2470","20","user:void","void","1","bot:/botfiles/easyds2.jkb","Rax","0","9999","87","1","regen","10","1","3","2","256","1","1","-144",""
"2471","20","user:void","void","1","bot:/botfiles/easyds2.jkb","Rax","0","10032","88","1","regen","10","1","3","2","256","1","1","-129",""
"2472","20","user:void","void","1","bot:/botfiles/easyds2.jkb","Rax","0","10065","89","1","regen","10","1","3","2","256","1","1","-115",""
"2473","20","user:void","void","1","bot:/botfiles/easyds2.jkb","Rax","0","10098","90","1","regen","10","1","3","2","256","1","1","-113",""
"2474","20","user:void","void","1","bot:/botfiles/easyds2.jkb","Rax","0","10131","91","1","regen","10","1","3","2","256","1","1","-118",""
"2475","20","user:void","void","1","bot:/botfiles/easyds2.jkb","Rax","0","10164","92","1","regen","10","1","3","2","256","1","1","-123",""
"2476","20","user:void","void","1","bot:/botfiles/easyds2.jkb","Rax","0","10197","93","1","regen","10","1","3","2","256","1","1","-132",""
"2477","20","user:void","void","1","bot:/botfiles/easyds2.jkb","Rax","0","10230","94","1","regen","10","1","3","2","256","1","1","-142",""
"2478","20","user:void","void","1","bot:/botfiles/easyds2.jkb","Rax","0","10263","95","1","regen","10","1","3","2","256","1","1","-153",""
"2479","20","user:void","void","1","bot:/botfiles/easyds2.jkb","Rax","0","10296","96","1","regen","10","1","3","1","256","1","1","-164",""
"2480","20","user:void","void","1","bot:/botfiles/easyds2.jkb","Rax","0","10296","97","1","range","10","1","3","1","256","1","1","-164",""
"2481","20","user:void","void","1","bot:/botfiles/easyds2.jkb","Rax","0","10329","98","1","regen","10","1","3","1","256","1","1","-171",""
"2482","20","user:void","void","1","bot:/botfiles/easyds2.jkb","Rax","0","10362","99","1","attack_start","10","128","3","1","384","1","1","179","alt"
"2483","20","user:void","void","1","bot:/botfiles/easyds2.jkb","Rax","0","10362","100","1","force_to_saber","10","1","3","1","384","1","1","179","force_to_saber"
"2484","20","user:void","void","1","bot:/botfiles/easyds2.jkb","Rax","0","10362","101","1","regen","10","1","3","1","384","1","1","179",""
"2485","20","user:void","void","1","bot:/botfiles/easyds2.jkb","Rax","0","10395","102","1","regen","10","1","3","1","384","1","1","176",""
"2486","20","user:void","void","1","bot:/botfiles/easyds2.jkb","Rax","0","10428","103","1","regen","10","1","3","1","384","1","1","173",""
"2487","20","user:void","void","1","bot:/botfiles/easyds2.jkb","Rax","0","10428","104","1","air","10","0","3","1","384","1","1","173","landed"
"2488","20","user:void","void","1","bot:/botfiles/easyds2.jkb","Rax","0","10461","105","1","regen","10","1","3","1","384","1","1","166",""
"2489","20","user:void","void","1","bot:/botfiles/easyds2.jkb","Rax","0","10494","106","1","regen","10","1","3","1","384","1","1","161",""
"2490","20","user:void","void","1","bot:/botfiles/easyds2.jkb","Rax","0","10527","107","1","regen","10","1","3","1","384","1","1","163",""
"2491","20","user:void","void","1","bot:/botfiles/easyds2.jkb","Rax","0","10527","108","1","damage","10","1","3","1","384","1","1","163",""
"2492","20","user:void","void","1","bot:/botfiles/easyds2.jkb","Rax","0","10560","109","1","regen","10","1","3","1","384","1","1","173",""
"2493","20","user:void","void","1","bot:/botfiles/easyds2.jkb","Rax","0","10560","110","1","air","10","1","3","1","384","1","1","173","airborne"
"2494","20","user:void","void","1","bot:/botfiles/easyds2.jkb","Rax","0","10593","111","1","regen","10","1","3","1","384","1","1","-170",""
"2495","20","user:void","void","1","bot:/botfiles/easyds2.jkb","Rax","0","10626","112","1","regen","10","1","3","1","384","1","1","-135",""
"2496","20","user:void","void","1","bot:/botfiles/easyds2.jkb","Rax","0","10659","113","1","force","9","20","3","1","384","1","1","-96",""
"2497","20","user:void","void","1","bot:/botfiles/easyds2.jkb","Rax","0","10956","114","1","air","10","0","3","1","256","1","1","-60","landed"
"2498","20","user:void","void","1","bot:/botfiles/easyds2.jkb","Rax","0","10989","115","1","regen","10","1","3","1","256","1","1","-90",""
"2499","20","user:void","void","1","bot:/botfiles/easyds2.jkb","Rax","0","11022","116","1","regen","10","1","3","1","256","1","1","-122",""
"2500","20","user:void","void","1","bot:/botfiles/easyds2.jkb","Rax","0","11055","117","1","regen","10","1","3","1","256","1","1","-144",""
"2501","20","user:void","void","1","bot:/botfiles/easyds2.jkb","Rax","0","11088","118","1","regen","10","1","3","1","256","1","1","-179",""
"2502","20","user:void","void","1","bot:/botfiles/easyds2.jkb","Rax","0","11121","119","1","regen","10","1","3","1","256","1","1","177",""
"2503","20","user:void","void","1","bot:/botfiles/easyds2.jkb","Rax","0","11154","120","1","regen","10","1","3","1","256","1","1","-177",""
"2504","20","user:void","void","1","bot:/botfiles/easyds2.jkb","Rax","0","11187","121","1","regen","10","1","3","1","256","1","1","-170",""
"2505","20","user:void","void","1","bot:/botfiles/easyds2.jkb","Rax","0","11220","122","1","regen","10","1","3","2","256","1","1","-163",""
"2506","20","user:void","void","1","bot:/botfiles/easyds2.jkb","Rax","0","11220","123","1","range","10","2","3","2","256","1","1","-163",""
"2507","20","user:void","void","1","bot:/botfiles/easyds2.jkb","Rax","0","11253","124","1","regen","10","1","3","2","256","1","1","-156",""
"2508","20","user:void","void","1","bot:/botfiles/easyds2.jkb","Rax","0","11286","125","1","regen","10","1","3","2","256","1","1","-150",""
"2509","20","user:void","void","1","bot:/botfiles/easyds2.jkb","Rax","0","11319","126","1","regen","10","1","3","2","256","1","1","-144",""
"2510","20","user:void","void","1","bot:/botfiles/easyds2.jkb","Rax","0","11352","127","1","regen","10","1","3","2","256","1","1","-140",""
"2511","20","user:void","void","1","bot:/botfiles/easyds2.jkb","Rax","0","11385","128","1","regen","10","1","3","2","256","1","1","-136",""
"2512","21","user:void","void","1","bot:/botfiles/mediumds2.jkb","BobaFett","0","33","1","0","air","10","0","0","3","256","0","0","62","landed"
"2513","21","user:void","void","1","bot:/botfiles/mediumds2.jkb","BobaFett","0","891","2","0","air","10","1","0","3","256","1","1","145","airborne"
"2514","21","user:void","void","1","bot:/botfiles/mediumds2.jkb","BobaFett","0","990","3","0","force","9","6","0","3","256","1","1","132",""
"2515","21","user:void","void","1","bot:/botfiles/mediumds2.jkb","BobaFett","0","1287","4","0","force","9","2","0","3","256","1","1","101",""
"2516","21","user:void","void","1","bot:/botfiles/mediumds2.jkb","BobaFett","0","1947","5","0","regen","10","1","0","3","256","1","1","82",""
"2517","21","user:void","void","1","bot:/botfiles/mediumds2.jkb","BobaFett","0","1947","6","0","air","10","0","0","3","256","1","1","82","landed"
"2518","21","user:void","void","1","bot:/botfiles/mediumds2.jkb","BobaFett","0","1980","7","0","regen","10","1","0","3","256","1","1","81",""
"2519","21","user:void","void","1","bot:/botfiles/mediumds2.jkb","BobaFett","0","2013","8","0","regen","10","1","0","3","256","1","1","80",""
"2520","21","user:void","void","1","bot:/botfiles/mediumds2.jkb","BobaFett","0","2046","9","0","regen","10","1","0","3","256","1","1","79",""
"2521","21","user:void","void","1","bot:/botfiles/mediumds2.jkb","BobaFett","0","2079","10","0","regen","10","1","0","3","256","1","1","78",""
"2522","21","user:void","void","1","bot:/botfiles/mediumds2.jkb","BobaFett","0","2112","11","0","regen","10","1","0","3","256","1","1","77",""
"2523","21","user:void","void","1","bot:/botfiles/mediumds2.jkb","BobaFett","0","2145","12","0","regen","10","1","0","3","256","1","1","75",""
"2524","21","user:void","void","1","bot:/botfiles/mediumds2.jkb","BobaFett","0","2178","13","0","regen","10","1","0","3","256","1","1","75",""
"2525","21","user:void","void","1","bot:/botfiles/mediumds2.jkb","BobaFett","0","2409","14","0","air","10","1","0","3","256","1","1","99","airborne"
"2526","21","user:void","void","1","bot:/botfiles/jeditrainer.jkb","JediTrainer","0","4323","15","0","air","10","0","0","3","256","1","1","160","landed"
"2527","21","user:void","void","1","bot:/botfiles/jeditrainer.jkb","JediTrainer","0","4389","16","0","range","10","2","0","2","256","1","1","155",""
"2528","21","user:void","void","1","bot:/botfiles/jeditrainer.jkb","JediTrainer","0","4950","17","0","range","10","1","0","1","320","0","1","160",""
"2529","21","user:void","void","1","bot:/botfiles/jeditrainer.jkb","JediTrainer","0","4950","18","0","air","10","1","0","1","320","0","1","160","airborne"
"2530","21","user:void","void","1","bot:/botfiles/jeditrainer.jkb","JediTrainer","0","5247","19","0","air","10","0","0","1","320","0","1","-165","landed"
"2531","21","user:void","void","1","bot:/botfiles/jeditrainer.jkb","JediTrainer","0","5280","20","0","range","10","2","0","2","320","0","1","-154",""
"2532","21","user:void","void","1","bot:/botfiles/jeditrainer.jkb","JediTrainer","0","6072","21","0","force","9","31","0","2","320","1","1","162",""
"2533","21","user:void","void","1","bot:/botfiles/jeditrainer.jkb","JediTrainer","0","6072","22","1","saber_return_punish","10","2","0","2","320","1","1","162","return"
"2534","21","user:void","void","1","bot:/botfiles/jeditrainer.jkb","JediTrainer","0","6204","23","1","force","9","1","0","2","320","1","1","-176",""
"2535","21","user:void","void","1","bot:/botfiles/jeditrainer.jkb","JediTrainer","0","6270","24","1","regen","10","1","0","2","320","1","1","-171",""
"2536","21","user:void","void","1","bot:/botfiles/jeditrainer.jkb","JediTrainer","0","6303","25","1","regen","10","1","0","2","320","1","1","-176",""
"2537","21","user:void","void","1","bot:/botfiles/jeditrainer.jkb","JediTrainer","0","6336","26","1","regen","10","1","0","2","320","1","1","176",""
"2538","21","user:void","void","1","bot:/botfiles/jeditrainer.jkb","JediTrainer","0","6369","27","1","regen","10","1","0","2","320","1","1","160",""
"2539","21","user:void","void","1","bot:/botfiles/jeditrainer.jkb","JediTrainer","0","6402","28","1","regen","10","1","0","2","320","1","1","150",""
"2540","21","user:void","void","1","bot:/botfiles/jeditrainer.jkb","JediTrainer","0","6435","29","1","regen","10","1","0","2","320","1","1","151",""
"2541","21","user:void","void","1","bot:/botfiles/jeditrainer.jkb","JediTrainer","0","6468","30","1","regen","10","1","0","2","320","1","1","152",""
"2542","21","user:void","void","1","bot:/botfiles/jeditrainer.jkb","JediTrainer","0","6501","31","1","regen","10","1","0","2","320","1","1","152",""
"2543","21","user:void","void","1","bot:/botfiles/jeditrainer.jkb","JediTrainer","0","6534","32","1","regen","10","1","0","2","320","1","1","155",""
"2544","21","user:void","void","1","bot:/botfiles/jeditrainer.jkb","JediTrainer","0","6567","33","1","regen","10","1","0","1","320","1","1","156",""
"2545","21","user:void","void","1","bot:/botfiles/jeditrainer.jkb","JediTrainer","0","6567","34","1","range","10","1","0","1","320","1","1","156",""
"2546","21","user:void","void","1","bot:/botfiles/jeditrainer.jkb","JediTrainer","0","6600","35","1","regen","10","1","0","1","320","1","1","156",""
"2547","21","user:void","void","1","bot:/botfiles/jeditrainer.jkb","JediTrainer","0","6633","36","1","regen","10","1","0","1","320","1","1","152",""
"2548","21","user:void","void","1","bot:/botfiles/jeditrainer.jkb","JediTrainer","0","6666","37","1","regen","10","1","0","1","320","1","1","135",""
"2549","21","user:void","void","1","bot:/botfiles/jeditrainer.jkb","JediTrainer","0","6699","38","1","regen","10","1","0","1","320","1","1","120",""
"2550","21","user:void","void","1","bot:/botfiles/jeditrainer.jkb","JediTrainer","0","6732","39","1","regen","10","1","0","1","320","1","1","97",""
"2551","21","user:void","void","1","bot:/botfiles/jeditrainer.jkb","JediTrainer","0","6765","40","1","regen","10","1","0","1","320","1","1","85",""
"2552","21","user:void","void","1","bot:/botfiles/jeditrainer.jkb","JediTrainer","0","6798","41","1","regen","10","1","0","1","320","1","1","81",""
"2553","21","user:void","void","1","bot:/botfiles/jeditrainer.jkb","JediTrainer","0","6831","42","1","regen","10","1","0","1","320","1","1","83",""
"2554","21","user:void","void","1","bot:/botfiles/jeditrainer.jkb","JediTrainer","0","6864","43","1","regen","10","1","0","1","320","1","1","86",""
"2555","21","user:void","void","1","bot:/botfiles/jeditrainer.jkb","JediTrainer","0","6897","44","1","regen","10","1","0","1","320","1","1","90",""
"2556","21","user:void","void","1","bot:/botfiles/jeditrainer.jkb","JediTrainer","0","6930","45","1","regen","10","1","0","1","320","1","1","93",""
"2557","21","user:void","void","1","bot:/botfiles/jeditrainer.jkb","JediTrainer","0","6963","46","1","regen","10","1","0","1","320","1","1","98",""
"2558","21","user:void","void","1","bot:/botfiles/jeditrainer.jkb","JediTrainer","0","6996","47","1","regen","10","1","0","1","320","1","1","101",""
"2559","21","user:void","void","1","bot:/botfiles/jeditrainer.jkb","JediTrainer","0","7029","48","1","regen","10","1","0","1","320","1","1","106",""
"2560","21","user:void","void","1","bot:/botfiles/jeditrainer.jkb","JediTrainer","0","7062","49","1","regen","10","1","0","1","320","1","1","115",""
"2561","21","user:void","void","1","bot:/botfiles/jeditrainer.jkb","JediTrainer","0","7095","50","1","regen","10","1","0","1","256","1","1","137",""
"2562","21","user:void","void","1","bot:/botfiles/jeditrainer.jkb","JediTrainer","0","7128","51","1","regen","10","1","0","1","256","1","1","168",""
"2563","21","user:void","void","1","bot:/botfiles/jeditrainer.jkb","JediTrainer","0","7161","52","1","regen","10","1","0","1","256","1","1","-163",""
"2564","21","user:void","void","1","bot:/botfiles/jeditrainer.jkb","JediTrainer","0","7194","53","1","regen","10","1","0","1","256","1","1","-155",""
"2565","21","user:void","void","1","bot:/botfiles/jeditrainer.jkb","JediTrainer","0","7227","54","1","regen","10","1","0","1","256","1","1","-145",""
"2566","21","user:void","void","1","bot:/botfiles/jeditrainer.jkb","JediTrainer","0","7260","55","1","regen","10","1","0","1","256","1","1","-143",""
"2567","21","user:void","void","1","bot:/botfiles/jeditrainer.jkb","JediTrainer","0","7293","56","1","regen","10","1","0","1","256","1","1","-127",""
"2568","21","user:void","void","1","bot:/botfiles/jeditrainer.jkb","JediTrainer","0","7524","57","1","force","9","5","1","1","256","1","1","-113",""
"2569","21","user:void","void","1","bot:/botfiles/jeditrainer.jkb","JediTrainer","0","7524","58","1","air","10","1","1","1","256","1","1","-113","airborne"
"2570","21","user:void","void","1","bot:/botfiles/jeditrainer.jkb","JediTrainer","0","7557","59","1","regen","10","1","1","1","256","1","1","-120",""
"2571","21","user:void","void","1","bot:/botfiles/jeditrainer.jkb","JediTrainer","0","7590","60","1","regen","10","1","1","1","256","1","1","-123",""
"2572","21","user:void","void","1","bot:/botfiles/jeditrainer.jkb","JediTrainer","0","7623","61","1","regen","10","1","1","1","256","1","1","-118",""
"2573","21","user:void","void","1","bot:/botfiles/jeditrainer.jkb","JediTrainer","0","7656","62","1","regen","10","1","1","1","256","1","1","-118",""
"2574","21","user:void","void","1","bot:/botfiles/jeditrainer.jkb","JediTrainer","0","7689","63","1","regen","10","1","1","1","256","1","1","-125",""
"2575","21","user:void","void","1","bot:/botfiles/jeditrainer.jkb","JediTrainer","0","7755","64","1","range","10","2","1","2","256","1","1","-136",""
"2576","21","user:void","void","1","bot:/botfiles/jeditrainer.jkb","JediTrainer","0","8316","65","1","attack_start","10","128","1","2","384","1","1","158","alt"
"2577","21","user:void","void","1","bot:/botfiles/jeditrainer.jkb","JediTrainer","0","8316","66","1","force_to_saber","10","1","1","2","384","1","1","158","force_to_saber"
"2578","21","user:void","void","1","bot:/botfiles/jeditrainer.jkb","JediTrainer","0","8316","67","1","force","9","20","1","2","384","1","1","158",""
"2579","21","user:void","void","1","bot:/botfiles/jeditrainer.jkb","JediTrainer","0","8778","68","1","air","10","0","1","2","384","1","1","-177","landed"
"2580","21","user:void","void","1","bot:/botfiles/jeditrainer.jkb","JediTrainer","0","8844","69","1","punish_success","10","1","1","2","384","1","1","-177","punish"
"2581","21","user:void","void","1","bot:/botfiles/jeditrainer.jkb","JediTrainer","0","8943","70","1","range","10","1","1","1","384","1","1","-160",""
"2582","21","user:void","void","1","bot:/botfiles/jeditrainer.jkb","JediTrainer","0","9042","71","1","regen","10","1","1","1","384","1","1","-159",""
"2583","21","user:void","void","1","bot:/botfiles/jeditrainer.jkb","JediTrainer","0","9075","72","1","regen","10","1","1","1","384","1","1","-157",""
"2584","21","user:void","void","1","bot:/botfiles/jeditrainer.jkb","JediTrainer","0","9108","73","1","regen","10","1","1","1","384","1","1","-157",""
"2585","21","user:void","void","1","bot:/botfiles/jeditrainer.jkb","JediTrainer","0","9141","74","1","regen","10","1","1","1","384","1","1","-157",""
"2586","21","user:void","void","1","bot:/botfiles/jeditrainer.jkb","JediTrainer","0","9174","75","1","regen","10","1","1","1","384","1","1","-156",""
"2587","21","user:void","void","1","bot:/botfiles/jeditrainer.jkb","JediTrainer","0","9207","76","1","force","9","5","1","1","384","1","1","-160",""
"2588","21","user:void","void","1","bot:/botfiles/jeditrainer.jkb","JediTrainer","0","9207","77","1","punish_success","10","20","1","1","384","1","1","-160","punish"
"2589","21","user:void","void","1","bot:/botfiles/jeditrainer.jkb","JediTrainer","0","9207","78","1","air","10","1","1","1","384","1","1","-160","airborne"
"2590","21","user:void","void","1","bot:/botfiles/jeditrainer.jkb","JediTrainer","0","9240","79","1","regen","10","1","1","1","384","1","0","-167",""
"2591","21","user:void","void","1","bot:/botfiles/jeditrainer.jkb","JediTrainer","0","9273","80","1","regen","10","1","1","1","384","1","0","-170",""
"2592","21","user:void","void","1","bot:/botfiles/jeditrainer.jkb","JediTrainer","0","9306","81","1","regen","10","1","1","1","384","1","0","-158",""
"2593","21","user:void","void","1","bot:/botfiles/jeditrainer.jkb","JediTrainer","0","9339","82","1","regen","10","1","1","1","384","1","0","-135",""
"2594","21","user:void","void","1","bot:/botfiles/jeditrainer.jkb","JediTrainer","0","9372","83","1","regen","10","1","1","1","384","1","0","-106",""
"2595","21","user:void","void","1","bot:/botfiles/jeditrainer.jkb","JediTrainer","0","9405","84","1","regen","10","1","1","1","384","1","0","-88",""
"2596","21","user:void","void","1","bot:/botfiles/jeditrainer.jkb","JediTrainer","0","9438","85","1","regen","10","1","1","2","384","1","0","-82",""
"2597","21","user:void","void","1","bot:/botfiles/jeditrainer.jkb","JediTrainer","0","9438","86","1","range","10","2","1","2","384","1","0","-82",""
"2598","21","user:void","void","1","bot:/botfiles/jeditrainer.jkb","JediTrainer","0","9471","87","1","regen","10","1","1","2","384","1","0","-82",""
"2599","21","user:void","void","1","bot:/botfiles/jeditrainer.jkb","JediTrainer","0","9504","88","1","regen","10","1","1","2","384","1","0","-85",""
"2600","21","user:void","void","1","bot:/botfiles/jeditrainer.jkb","JediTrainer","0","9537","89","1","regen","10","1","1","2","384","1","0","-91",""
"2601","21","user:void","void","1","bot:/botfiles/jeditrainer.jkb","JediTrainer","0","9570","90","1","regen","10","1","1","2","384","1","0","-97",""
"2602","21","user:void","void","1","bot:/botfiles/jeditrainer.jkb","JediTrainer","0","9603","91","1","regen","10","1","1","2","384","1","0","-106",""
"2603","21","user:void","void","1","bot:/botfiles/jeditrainer.jkb","JediTrainer","0","9636","92","1","regen","10","1","1","2","384","1","0","-150",""
"2604","21","user:void","void","1","bot:/botfiles/jeditrainer.jkb","JediTrainer","0","9669","93","1","regen","10","1","1","2","384","1","0","-171",""
"2605","21","user:void","void","1","bot:/botfiles/jeditrainer.jkb","JediTrainer","0","9702","94","1","regen","10","1","1","2","384","1","0","-176",""
"2606","21","user:void","void","1","bot:/botfiles/jeditrainer.jkb","JediTrainer","0","9735","95","1","regen","10","1","1","2","384","1","0","-178",""
"2607","21","user:void","void","1","bot:/botfiles/jeditrainer.jkb","JediTrainer","0","9768","96","1","regen","10","1","1","2","384","1","0","177",""
"2608","21","user:void","void","1","bot:/botfiles/jeditrainer.jkb","JediTrainer","0","9801","97","1","regen","10","1","1","2","384","1","0","174",""
"2609","21","user:void","void","1","bot:/botfiles/jeditrainer.jkb","JediTrainer","0","9834","98","1","regen","10","1","1","2","384","1","0","172",""
"2610","21","user:void","void","1","bot:/botfiles/jeditrainer.jkb","JediTrainer","0","9867","99","1","regen","10","1","1","2","384","1","0","170",""
"2611","21","user:void","void","1","bot:/botfiles/jeditrainer.jkb","JediTrainer","0","9966","100","1","force","9","20","1","2","384","1","0","166",""
"2612","21","user:void","void","1","bot:/botfiles/jeditrainer.jkb","JediTrainer","0","10461","101","1","range","10","3","4","3","384","1","0","165",""
"2613","21","user:void","void","1","bot:/botfiles/jeditrainer.jkb","JediTrainer","0","10791","102","2","knockdown_followup","10","30","4","3","384","1","0","171","followup"
"2614","21","user:void","void","1","bot:/botfiles/jeditrainer.jkb","JediTrainer","0","10857","103","2","air","10","0","4","3","384","1","0","163","landed"
"2615","21","user:void","void","1","bot:/botfiles/jeditrainer.jkb","JediTrainer","0","11187","104","2","air","10","1","4","3","256","1","1","150","airborne"
"2616","21","user:void","void","1","bot:/botfiles/jeditrainer.jkb","JediTrainer","0","11253","105","2","air","10","0","4","3","256","1","1","146","landed"
"2617","21","user:void","void","1","bot:/botfiles/jeditrainer.jkb","JediTrainer","0","11352","106","2","air","10","1","4","3","256","1","1","156","airborne"
"2618","21","user:void","void","1","bot:/botfiles/jeditrainer.jkb","JediTrainer","0","11583","107","2","regen","10","1","4","2","256","1","1","177",""
"2619","21","user:void","void","1","bot:/botfiles/jeditrainer.jkb","JediTrainer","0","11583","108","2","range","10","2","4","2","256","1","1","177",""
"2620","21","user:void","void","1","bot:/botfiles/jeditrainer.jkb","JediTrainer","0","11616","109","2","regen","10","1","4","2","256","1","1","-179",""
"2621","21","user:void","void","1","bot:/botfiles/jeditrainer.jkb","JediTrainer","0","11649","110","2","regen","10","1","4","2","256","1","1","-176",""
"2622","21","user:void","void","1","bot:/botfiles/jeditrainer.jkb","JediTrainer","0","11682","111","2","regen","10","1","4","2","256","1","1","-175",""
"2623","21","user:void","void","1","bot:/botfiles/jeditrainer.jkb","JediTrainer","0","11715","112","2","regen","10","1","4","2","256","1","1","-174",""
"2624","21","user:void","void","1","bot:/botfiles/jeditrainer.jkb","JediTrainer","0","11748","113","2","regen","10","1","4","2","256","1","1","-174",""
"2625","21","user:void","void","1","bot:/botfiles/jeditrainer.jkb","JediTrainer","0","11781","114","2","regen","10","1","4","2","256","1","1","-176",""
"2626","21","user:void","void","1","bot:/botfiles/jeditrainer.jkb","JediTrainer","0","11814","115","2","regen","10","1","4","2","256","1","1","-179",""
"2627","21","user:void","void","1","bot:/botfiles/jeditrainer.jkb","JediTrainer","0","11847","116","2","regen","10","1","4","2","256","1","1","177",""
"2628","21","user:void","void","1","bot:/botfiles/jeditrainer.jkb","JediTrainer","0","11880","117","2","regen","10","1","4","2","256","1","1","175",""
"2629","21","user:void","void","1","bot:/botfiles/jeditrainer.jkb","JediTrainer","0","11913","118","2","attack_start","10","128","4","2","384","1","1","173","alt"
"2630","21","user:void","void","1","bot:/botfiles/jeditrainer.jkb","JediTrainer","0","11913","119","2","force","9","20","4","2","384","1","1","173",""
"2631","21","user:void","void","1","bot:/botfiles/jeditrainer.jkb","JediTrainer","0","12111","120","2","range","10","1","4","1","384","1","1","174",""
"2632","21","user:void","void","1","bot:/botfiles/jeditrainer.jkb","JediTrainer","0","12210","121","2","damage","10","20","4","1","384","1","1","163",""
"2633","21","user:void","void","1","bot:/botfiles/jeditrainer.jkb","JediTrainer","0","12342","122","2","range","10","2","4","2","384","1","1","146",""
"2634","21","user:void","void","1","bot:/botfiles/jeditrainer.jkb","JediTrainer","0","12540","123","2","regen","10","1","4","2","256","1","1","141",""
"2635","21","user:void","void","1","bot:/botfiles/jeditrainer.jkb","JediTrainer","0","12573","124","2","regen","10","1","4","2","256","1","1","149",""
"2636","21","user:void","void","1","bot:/botfiles/jeditrainer.jkb","JediTrainer","0","12606","125","2","regen","10","1","4","2","256","1","1","158",""
"2637","21","user:void","void","1","bot:/botfiles/jeditrainer.jkb","JediTrainer","0","12639","126","2","regen","10","1","4","2","256","1","1","159",""
"2638","21","user:void","void","1","bot:/botfiles/jeditrainer.jkb","JediTrainer","0","12672","127","2","regen","10","1","4","2","256","1","1","160",""
"2639","21","user:void","void","1","bot:/botfiles/jeditrainer.jkb","JediTrainer","0","12705","128","2","regen","10","1","4","2","256","1","1","164",""
"2640","22","user:void","void","1","bot:/botfiles/hardds4.jkb","New_Reborn","0","462","1","0","air","10","0","0","3","0","0","0","-175","landed"
"2641","22","user:void","void","1","bot:/botfiles/hardds4.jkb","New_Reborn","0","1386","2","0","air","10","1","0","3","256","1","1","-107","airborne"
"2642","22","user:void","void","1","bot:/botfiles/hardds4.jkb","New_Reborn","0","1716","3","1","attack_start","10","1","0","3","257","62","1","-139","attack"
"2643","22","user:void","void","1","bot:/botfiles/hardds4.jkb","New_Reborn","0","2244","4","1","attack_start","10","1","0","3","257","4","1","-142","attack"
"2644","22","user:void","void","1","bot:/botfiles/hardds4.jkb","New_Reborn","0","2541","5","1","air","10","0","0","3","0","8","1","-124","landed"
"2645","22","user:void","void","1","bot:/botfiles/hardds4.jkb","New_Reborn","0","2607","6","1","attack_start","10","1","0","3","257","8","1","-90","attack"
"2646","22","user:void","void","1","bot:/botfiles/hardds4.jkb","New_Reborn","0","3498","7","1","air","10","1","0","3","256","1","1","-162","airborne"
"2647","22","user:void","void","1","bot:/botfiles/hardds4.jkb","New_Reborn","0","3630","8","1","force","9","6","0","3","256","1","1","-159",""
"2648","22","user:void","void","1","bot:/botfiles/hardds4.jkb","New_Reborn","0","3927","9","1","force","9","2","0","3","256","1","1","169",""
"2649","22","user:void","void","1","bot:/botfiles/hardds4.jkb","New_Reborn","0","4554","10","1","regen","10","1","0","3","256","1","1","179",""
"2650","22","user:void","void","1","bot:/botfiles/hardds4.jkb","New_Reborn","0","4587","11","1","regen","10","1","0","3","256","1","1","179",""
"2651","22","user:void","void","1","bot:/botfiles/hardds4.jkb","New_Reborn","0","4620","12","1","regen","10","1","0","3","256","1","1","179",""
"2652","22","user:void","void","1","bot:/botfiles/hardds4.jkb","New_Reborn","0","4851","13","1","force","9","5","0","3","256","1","1","-177",""
"2653","22","user:void","void","1","bot:/botfiles/hardds4.jkb","New_Reborn","0","5412","14","1","air","10","0","0","3","256","1","1","172","landed"
"2654","22","user:void","void","1","bot:/botfiles/hardds4.jkb","New_Reborn","0","5445","15","1","regen","10","1","0","3","256","1","1","173",""
"2655","22","user:void","void","1","bot:/botfiles/hardds4.jkb","New_Reborn","0","5478","16","1","regen","10","1","0","3","256","1","1","174",""
"2656","22","user:void","void","1","bot:/botfiles/hardds4.jkb","New_Reborn","0","5511","17","1","regen","10","1","0","2","256","1","1","174",""
"2657","22","user:void","void","1","bot:/botfiles/hardds4.jkb","New_Reborn","0","5511","18","1","range","10","2","0","2","256","1","1","174",""
"2658","22","user:void","void","1","bot:/botfiles/hardds4.jkb","New_Reborn","0","5544","19","1","regen","10","1","0","2","256","1","1","174",""
"2659","22","user:void","void","1","bot:/botfiles/hardds4.jkb","New_Reborn","0","5577","20","1","regen","10","1","0","2","256","1","1","173",""
"2660","22","user:void","void","1","bot:/botfiles/hardds4.jkb","New_Reborn","0","5610","21","1","regen","10","1","0","2","256","1","1","173",""
"2661","22","user:void","void","1","bot:/botfiles/hardds4.jkb","New_Reborn","0","5643","22","2","attack_start","10","128","2","2","384","1","1","174","alt"
"2662","22","user:void","void","1","bot:/botfiles/hardds4.jkb","New_Reborn","0","5643","23","2","force_to_saber","10","1","2","2","384","1","1","174","force_to_saber"
"2663","22","user:void","void","1","bot:/botfiles/hardds4.jkb","New_Reborn","0","5643","24","2","force","9","20","2","2","384","1","1","174",""
"2664","22","user:void","void","1","bot:/botfiles/hardds4.jkb","New_Reborn","0","5775","25","2","air","10","1","2","2","384","1","1","175","airborne"
"2665","22","user:void","void","1","bot:/botfiles/hardds4.jkb","New_Reborn","0","5841","26","2","force","9","20","2","2","384","1","1","-177",""
"2666","22","user:void","void","1","bot:/botfiles/hardds4.jkb","New_Reborn","0","5907","27","2","air","10","0","2","2","384","1","1","-176","landed"
"2667","22","user:void","void","1","bot:/botfiles/hardds4.jkb","New_Reborn","0","6171","28","2","punish_success","10","1","2","2","384","1","1","-172","punish"
"2668","22","user:void","void","1","bot:/botfiles/hardds4.jkb","New_Reborn","0","6204","29","2","air","10","1","2","2","384","1","1","-175","airborne"
"2669","22","user:void","void","1","bot:/botfiles/hardds4.jkb","New_Reborn","0","6303","30","2","range","10","1","2","1","384","1","1","174",""
"2670","22","user:void","void","1","bot:/botfiles/hardds4.jkb","New_Reborn","0","6369","31","2","punish_success","10","30","2","1","384","1","1","169","punish"
"2671","22","user:void","void","1","bot:/botfiles/hardds4.jkb","New_Reborn","0","6468","32","2","regen","10","1","2","1","384","1","1","173",""
"2672","22","user:void","void","1","bot:/botfiles/hardds4.jkb","New_Reborn","0","6501","33","2","regen","10","1","2","1","384","1","1","176",""
"2673","22","user:void","void","1","bot:/botfiles/hardds4.jkb","New_Reborn","0","6534","34","2","regen","10","1","2","1","384","1","1","179",""
"2674","22","user:void","void","1","bot:/botfiles/hardds4.jkb","New_Reborn","0","6567","35","2","regen","10","1","2","1","384","1","1","-176",""
"2675","22","user:void","void","1","bot:/botfiles/hardds4.jkb","New_Reborn","0","6600","36","2","regen","10","1","2","1","384","1","1","-173",""
"2676","22","user:void","void","1","bot:/botfiles/hardds4.jkb","New_Reborn","0","6633","37","2","regen","10","1","2","1","384","1","1","-171",""
"2677","22","user:void","void","1","bot:/botfiles/hardds4.jkb","New_Reborn","0","6666","38","2","regen","10","1","2","1","384","1","1","-167",""
"2678","22","user:void","void","1","bot:/botfiles/hardds4.jkb","New_Reborn","0","6699","39","2","regen","10","1","2","1","384","1","1","-164",""
"2679","22","user:void","void","1","bot:/botfiles/hardds4.jkb","New_Reborn","0","6732","40","2","regen","10","1","2","1","384","1","1","-173",""
"2680","22","user:void","void","1","bot:/botfiles/hardds4.jkb","New_Reborn","0","6765","41","2","regen","10","1","2","1","384","1","1","168",""
"2681","22","user:void","void","1","bot:/botfiles/hardds4.jkb","New_Reborn","0","6798","42","2","regen","10","1","2","1","384","1","1","147",""
"2682","22","user:void","void","1","bot:/botfiles/hardds4.jkb","New_Reborn","0","6831","43","2","force","9","20","2","1","384","1","1","132",""
"2683","22","user:void","void","1","bot:/botfiles/hardds4.jkb","New_Reborn","0","6897","44","2","force","9","4","2","1","384","1","1","122",""
"2684","22","user:void","void","1","bot:/botfiles/hardds4.jkb","New_Reborn","0","7029","45","2","air","10","0","2","1","384","1","1","141","landed"
"2685","22","user:void","void","1","bot:/botfiles/hardds4.jkb","New_Reborn","0","7095","46","2","force","9","6","2","1","384","1","1","141",""
"2686","22","user:void","void","1","bot:/botfiles/hardds4.jkb","New_Reborn","0","7095","47","2","air","10","1","2","1","384","1","1","141","airborne"
"2687","22","user:void","void","1","bot:/botfiles/hardds4.jkb","New_Reborn","0","7260","48","2","knockdown_followup","10","30","2","1","384","1","0","113","followup"
"2688","22","user:void","void","1","bot:/botfiles/hardds4.jkb","New_Reborn","0","7293","49","2","range","10","2","2","2","384","1","0","99",""
"2689","22","user:void","void","1","bot:/botfiles/hardds4.jkb","New_Reborn","0","7689","50","2","regen","10","1","2","2","384","1","0","128",""
"2690","22","user:void","void","1","bot:/botfiles/hardds4.jkb","New_Reborn","0","7722","51","2","regen","10","1","2","2","384","1","0","150",""
"2691","22","user:void","void","1","bot:/botfiles/hardds4.jkb","New_Reborn","0","7755","52","2","regen","10","1","2","2","384","1","0","169",""
"2692","22","user:void","void","1","bot:/botfiles/hardds4.jkb","New_Reborn","0","7788","53","2","regen","10","1","2","2","384","1","0","-174",""
"2693","22","user:void","void","1","bot:/botfiles/hardds4.jkb","New_Reborn","0","7821","54","2","regen","10","1","2","2","384","1","0","-161",""
"2694","22","user:void","void","1","bot:/botfiles/hardds4.jkb","New_Reborn","0","7854","55","2","regen","10","1","2","2","384","1","0","-151",""
"2695","22","user:void","void","1","bot:/botfiles/hardds4.jkb","New_Reborn","0","7887","56","2","regen","10","1","2","2","384","1","0","-142",""
"2696","22","user:void","void","1","bot:/botfiles/hardds4.jkb","New_Reborn","0","7920","57","2","regen","10","1","2","2","384","1","0","-136",""
"2697","22","user:void","void","1","bot:/botfiles/hardds4.jkb","New_Reborn","0","7953","58","2","regen","10","1","2","2","384","1","0","-132",""
"2698","22","user:void","void","1","bot:/botfiles/hardds4.jkb","New_Reborn","0","7986","59","2","regen","10","1","2","2","384","1","0","-132",""
"2699","22","user:void","void","1","bot:/botfiles/hardds4.jkb","New_Reborn","0","8019","60","2","regen","10","1","2","2","384","1","0","-133",""
"2700","22","user:void","void","1","bot:/botfiles/hardds4.jkb","New_Reborn","0","8052","61","2","regen","10","1","2","2","384","1","0","-136",""
"2701","22","user:void","void","1","bot:/botfiles/hardds4.jkb","New_Reborn","0","8085","62","2","regen","10","1","2","2","384","1","0","-140",""
"2702","22","user:void","void","1","bot:/botfiles/hardds4.jkb","New_Reborn","0","8118","63","2","regen","10","1","2","2","384","1","0","-145",""
"2703","22","user:void","void","1","bot:/botfiles/hardds4.jkb","New_Reborn","0","8151","64","2","regen","10","1","2","2","384","1","0","-151",""
"2704","22","user:void","void","1","bot:/botfiles/hardds4.jkb","New_Reborn","0","8184","65","2","regen","10","1","2","2","384","1","0","-157",""
"2705","22","user:void","void","1","bot:/botfiles/hardds4.jkb","New_Reborn","0","8217","66","2","regen","10","1","2","2","384","1","0","-163",""
"2706","22","user:void","void","1","bot:/botfiles/hardds4.jkb","New_Reborn","0","8250","67","2","regen","10","1","2","2","384","1","0","-170",""
"2707","22","user:void","void","1","bot:/botfiles/hardds4.jkb","New_Reborn","0","8283","68","2","regen","10","1","2","2","384","1","0","-175",""
"2708","22","user:void","void","1","bot:/botfiles/hardds4.jkb","New_Reborn","0","8316","69","2","regen","10","1","2","2","384","1","0","-179",""
"2709","22","user:void","void","1","bot:/botfiles/hardds4.jkb","New_Reborn","0","8349","70","2","regen","10","1","2","2","384","1","0","178",""
"2710","22","user:void","void","1","bot:/botfiles/hardds4.jkb","New_Reborn","0","8382","71","2","regen","10","1","2","2","384","1","0","176",""
"2711","22","user:void","void","1","bot:/botfiles/hardds4.jkb","New_Reborn","0","8415","72","2","force","9","20","2","2","384","1","0","176",""
"2712","22","user:void","void","1","bot:/botfiles/hardds4.jkb","New_Reborn","0","8613","73","2","range","10","3","2","3","384","1","0","178",""
"2713","22","user:void","void","1","bot:/botfiles/hardds4.jkb","New_Reborn","0","8811","74","2","air","10","0","2","3","384","1","0","175","landed"
"2714","22","user:void","void","1","bot:/botfiles/hardds4.jkb","New_Reborn","0","9042","75","2","force","9","4","2","3","384","1","1","175",""
"2715","22","user:void","void","1","bot:/botfiles/hardds4.jkb","New_Reborn","0","9075","76","2","force","9","4","2","3","384","1","1","175",""
"2716","22","user:void","void","1","bot:/botfiles/hardds4.jkb","New_Reborn","0","9141","77","3","force","9","4","2","3","384","1","1","179",""
"2717","22","user:void","void","1","bot:/botfiles/hardds4.jkb","New_Reborn","0","9174","78","3","force","9","4","3","3","384","1","1","-173",""
"2718","22","user:void","void","1","bot:/botfiles/hardds4.jkb","New_Reborn","0","9240","79","3","force","9","4","3","3","384","1","1","-155",""
"2719","22","user:void","void","1","bot:/botfiles/hardds4.jkb","New_Reborn","0","9273","80","3","force","9","4","3","3","384","1","1","-143",""
"2720","22","user:void","void","1","bot:/botfiles/hardds4.jkb","New_Reborn","0","9438","81","3","range","10","2","3","2","256","1","1","-126",""
"2721","22","user:void","void","1","bot:/botfiles/hardds4.jkb","New_Reborn","0","9636","82","3","force","9","4","3","2","256","1","1","-168",""
"2722","22","user:void","void","1","bot:/botfiles/hardds4.jkb","New_Reborn","0","9636","83","3","air","10","1","3","2","256","1","1","-168","airborne"
"2723","22","user:void","void","1","bot:/botfiles/hardds4.jkb","New_Reborn","0","9669","84","3","force","9","4","3","2","256","1","1","-176",""
"2724","22","user:void","void","1","bot:/botfiles/hardds4.jkb","New_Reborn","0","9735","85","3","attack_start","10","1","3","2","257","66","1","171","attack"
"2725","22","user:void","void","1","bot:/botfiles/hardds4.jkb","New_Reborn","0","9735","86","3","force_to_saber","10","66","3","2","257","66","1","171","force_to_saber"
"2726","22","user:void","void","1","bot:/botfiles/hardds4.jkb","New_Reborn","0","9735","87","3","force","9","4","3","2","257","66","1","171",""
"2727","22","user:void","void","1","bot:/botfiles/hardds4.jkb","New_Reborn","0","9768","88","3","force","9","3","3","2","257","66","1","166",""
"2728","22","user:void","void","1","bot:/botfiles/hardds4.jkb","New_Reborn","0","9999","89","3","attack_chain","10","8","3","2","257","8","1","161","chain"
"2729","22","user:void","void","1","bot:/botfiles/hardds4.jkb","New_Reborn","0","10197","90","3","range","10","1","3","1","257","8","1","-162",""
"2730","22","user:void","void","1","bot:/botfiles/hardds4.jkb","New_Reborn","0","10296","91","3","attack_chain","10","5","3","1","257","5","1","-150","chain"
"2731","22","user:void","void","1","bot:/botfiles/hardds4.jkb","New_Reborn","0","10362","92","3","air","10","0","3","1","257","5","1","-168","landed"
"2732","22","user:void","void","1","bot:/botfiles/hardds4.jkb","New_Reborn","0","10527","93","3","range","10","2","3","2","256","5","1","114",""
"2733","22","user:void","void","1","bot:/botfiles/hardds4.jkb","New_Reborn","0","10560","94","3","regen","10","1","3","2","256","5","1","133",""
"2734","22","user:void","void","1","bot:/botfiles/hardds4.jkb","New_Reborn","0","10593","95","3","regen","10","1","3","2","256","70","1","157",""
"2735","22","user:void","void","1","bot:/botfiles/hardds4.jkb","New_Reborn","0","10626","96","3","regen","10","1","3","2","256","70","1","178",""
"2736","22","user:void","void","1","bot:/botfiles/hardds4.jkb","New_Reborn","0","10659","97","3","regen","10","1","3","2","256","70","1","-157",""
"2737","22","user:void","void","1","bot:/botfiles/hardds4.jkb","New_Reborn","0","10692","98","3","regen","10","1","3","2","256","70","1","-135",""
"2738","22","user:void","void","1","bot:/botfiles/hardds4.jkb","New_Reborn","0","10725","99","3","regen","10","1","3","2","256","70","1","-121",""
"2739","22","user:void","void","1","bot:/botfiles/hardds4.jkb","New_Reborn","0","10758","100","3","regen","10","1","3","2","256","70","1","-115",""
"2740","22","user:void","void","1","bot:/botfiles/hardds4.jkb","New_Reborn","0","10791","101","3","regen","10","1","3","2","256","70","1","-114",""
"2741","22","user:void","void","1","bot:/botfiles/hardds4.jkb","New_Reborn","0","10824","102","3","regen","10","1","3","2","256","70","1","-117",""
"2742","22","user:void","void","1","bot:/botfiles/hardds4.jkb","New_Reborn","0","10857","103","3","regen","10","1","3","2","256","70","1","-122",""
"2743","22","user:void","void","1","bot:/botfiles/hardds4.jkb","New_Reborn","0","10890","104","3","regen","10","1","3","2","256","70","1","-122",""
"2744","22","user:void","void","1","bot:/botfiles/hardds4.jkb","New_Reborn","0","10923","105","3","regen","10","1","3","2","256","70","1","-127",""
"2745","22","user:void","void","1","bot:/botfiles/hardds4.jkb","New_Reborn","0","10956","106","3","regen","10","1","3","2","320","1","1","-138",""
"2746","22","user:void","void","1","bot:/botfiles/hardds4.jkb","New_Reborn","0","10989","107","3","regen","10","1","3","2","320","1","1","-144",""
"2747","22","user:void","void","1","bot:/botfiles/hardds4.jkb","New_Reborn","0","10989","108","3","air","10","1","3","2","320","1","1","-144","airborne"
"2748","22","user:void","void","1","bot:/botfiles/hardds4.jkb","New_Reborn","0","11022","109","3","regen","10","1","3","2","320","1","1","-153",""
"2749","22","user:void","void","1","bot:/botfiles/hardds4.jkb","New_Reborn","0","11055","110","3","regen","10","1","3","2","320","1","1","-162",""
"2750","22","user:void","void","1","bot:/botfiles/hardds4.jkb","New_Reborn","0","11088","111","3","regen","10","1","3","1","320","1","1","-172",""
"2751","22","user:void","void","1","bot:/botfiles/hardds4.jkb","New_Reborn","0","11088","112","3","range","10","1","3","1","320","1","1","-172",""
"2752","22","user:void","void","1","bot:/botfiles/hardds4.jkb","New_Reborn","0","11121","113","3","regen","10","1","3","1","320","1","1","178",""
"2753","22","user:void","void","1","bot:/botfiles/hardds4.jkb","New_Reborn","0","11154","114","3","regen","10","1","3","1","320","1","1","172",""
"2754","22","user:void","void","1","bot:/botfiles/hardds4.jkb","New_Reborn","0","11187","115","3","regen","10","1","3","1","320","1","1","168",""
"2755","22","user:void","void","1","bot:/botfiles/hardds4.jkb","New_Reborn","0","11220","116","3","regen","10","1","3","1","320","0","1","168",""
"2756","22","user:void","void","1","bot:/botfiles/hardds4.jkb","New_Reborn","0","11220","117","3","damage","10","20","3","1","320","0","1","168",""
"2757","22","user:void","void","1","bot:/botfiles/hardds4.jkb","New_Reborn","0","11220","118","3","knockdown","10","1","3","1","320","0","1","168","knockdown"
"2758","22","user:void","void","1","bot:/botfiles/hardds4.jkb","New_Reborn","0","11253","119","3","regen","10","1","3","1","320","0","1","171",""
"2759","22","user:void","void","1","bot:/botfiles/hardds4.jkb","New_Reborn","0","11286","120","3","regen","10","1","3","1","320","0","1","-174",""
"2760","22","user:void","void","1","bot:/botfiles/hardds4.jkb","New_Reborn","0","11319","121","3","regen","10","1","3","1","256","0","1","-171",""
"2761","22","user:void","void","1","bot:/botfiles/hardds4.jkb","New_Reborn","0","11352","122","3","regen","10","1","3","1","256","0","1","-169",""
"2762","22","user:void","void","1","bot:/botfiles/hardds4.jkb","New_Reborn","0","11385","123","3","regen","10","1","4","1","256","0","1","-170",""
"2763","22","user:void","void","1","bot:/botfiles/hardds4.jkb","New_Reborn","0","11385","124","3","reset_success","10","1","4","1","256","0","1","-170","reset"
"2764","22","user:void","void","1","bot:/botfiles/hardds4.jkb","New_Reborn","0","11418","125","3","regen","10","1","4","2","256","0","1","-171",""
"2765","22","user:void","void","1","bot:/botfiles/hardds4.jkb","New_Reborn","0","11418","126","3","range","10","2","4","2","256","0","1","-171",""
"2766","22","user:void","void","1","bot:/botfiles/hardds4.jkb","New_Reborn","0","11451","127","3","regen","10","1","4","2","256","0","1","-171",""
"2767","22","user:void","void","1","bot:/botfiles/hardds4.jkb","New_Reborn","0","11484","128","3","regen","10","1","4","2","256","0","1","-171",""
"2768","23","user:void","void","1","bot:/botfiles/jedi.jkb","Jedi","0","429","1","0","air","10","0","0","3","256","0","0","113","landed"
"2769","23","user:void","void","1","bot:/botfiles/jedi.jkb","Jedi","0","1320","2","0","air","10","1","0","3","256","1","1","44","airborne"
"2770","23","user:void","void","1","bot:/botfiles/jedi.jkb","Jedi","0","2343","3","0","air","10","0","0","3","256","1","1","-40","landed"
"2771","23","user:void","void","1","bot:/botfiles/jedi.jkb","Jedi","0","3597","4","0","air","10","1","0","3","256","1","1","-126","airborne"
"2772","23","user:void","void","1","bot:/botfiles/jedi.jkb","Jedi","0","3696","5","0","air","10","0","0","3","256","1","1","-125","landed"
"2773","23","user:void","void","1","bot:/botfiles/jedi.jkb","Jedi","0","5115","6","0","air","10","1","0","3","256","1","1","-125","airborne"
"2774","23","user:void","void","1","bot:/botfiles/jedi.jkb","Jedi","0","5346","7","0","air","10","0","0","3","256","1","1","-125","landed"
"2775","23","user:void","void","1","bot:/botfiles/jedi.jkb","Jedi","0","6435","8","0","air","10","1","0","3","256","1","1","-126","airborne"
"2776","23","user:void","void","1","bot:/botfiles/jedi.jkb","Jedi","0","6567","9","0","force","9","6","0","3","256","1","1","-124",""
"2777","23","user:void","void","1","bot:/botfiles/jedi.jkb","Jedi","0","6864","10","0","force","9","2","0","2","256","1","1","158",""
"2778","23","user:void","void","1","bot:/botfiles/jedi.jkb","Jedi","0","6864","11","0","range","10","2","0","2","256","1","1","158",""
"2779","23","user:void","void","1","bot:/botfiles/jedi.jkb","Jedi","0","7227","12","0","air","10","0","0","2","320","1","1","159","landed"
"2780","23","user:void","void","1","bot:/botfiles/jedi.jkb","Jedi","0","7260","13","0","regen","10","1","0","2","320","1","1","162",""
"2781","23","user:void","void","1","bot:/botfiles/jedi.jkb","Jedi","0","7293","14","0","regen","10","1","0","2","320","1","1","163",""
"2782","23","user:void","void","1","bot:/botfiles/jedi.jkb","Jedi","0","7293","15","0","air","10","1","0","2","320","1","1","163","airborne"
"2783","23","user:void","void","1","bot:/botfiles/jedi.jkb","Jedi","0","7326","16","0","regen","10","1","0","2","320","1","1","163",""
"2784","23","user:void","void","1","bot:/botfiles/jedi.jkb","Jedi","0","7359","17","0","regen","10","1","0","2","320","1","1","162",""
"2785","23","user:void","void","1","bot:/botfiles/jedi.jkb","Jedi","0","7392","18","0","regen","10","1","0","2","320","1","1","162",""
"2786","23","user:void","void","1","bot:/botfiles/jedi.jkb","Jedi","0","7425","19","0","regen","10","1","0","2","320","1","1","163",""
"2787","23","user:void","void","1","bot:/botfiles/jedi.jkb","Jedi","0","7458","20","0","regen","10","1","0","2","320","1","1","164",""
"2788","23","user:void","void","1","bot:/botfiles/jedi.jkb","Jedi","0","7458","21","0","air","10","0","0","2","320","1","1","164","landed"
"2789","23","user:void","void","1","bot:/botfiles/jedi.jkb","Jedi","0","7491","22","0","regen","10","1","0","1","320","1","1","164",""
"2790","23","user:void","void","1","bot:/botfiles/jedi.jkb","Jedi","0","7491","23","0","range","10","1","0","1","320","1","1","164",""
"2791","23","user:void","void","1","bot:/botfiles/jedi.jkb","Jedi","0","7821","24","1","damage","10","20","0","1","320","156","1","-147",""
"2792","23","user:void","void","1","bot:/botfiles/jedi.jkb","Jedi","0","7821","25","1","air","10","1","0","1","320","156","1","-147","airborne"
"2793","23","user:void","void","1","bot:/botfiles/jedi.jkb","Jedi","0","8052","26","1","range","10","2","0","2","320","1","1","-155",""
"2794","23","user:void","void","1","bot:/botfiles/jedi.jkb","Jedi","0","8349","27","1","air","10","0","0","2","320","1","1","179","landed"
"2795","23","user:void","void","1","bot:/botfiles/jedi.jkb","Jedi","0","8547","28","1","attack_start","10","128","0","2","384","1","1","154","alt"
"2796","23","user:void","void","1","bot:/botfiles/jedi.jkb","Jedi","0","8547","29","1","force","9","20","0","2","384","1","1","154",""
"2797","23","user:void","void","1","bot:/botfiles/jedi.jkb","Jedi","0","8712","30","1","force","9","20","2","2","384","1","1","160",""
"2798","23","user:void","void","1","bot:/botfiles/jedi.jkb","Jedi","0","8745","31","1","range","10","1","2","1","384","1","1","163",""
"2799","23","user:void","void","1","bot:/botfiles/jedi.jkb","Jedi","0","8877","32","1","force","9","6","2","1","384","1","1","170",""
"2800","23","user:void","void","1","bot:/botfiles/jedi.jkb","Jedi","0","8877","33","1","counter_success","10","20","2","1","384","1","1","170","counter"
"2801","23","user:void","void","1","bot:/botfiles/jedi.jkb","Jedi","0","8877","34","1","air","10","1","2","1","384","1","1","170","airborne"
"2802","23","user:void","void","1","bot:/botfiles/jedi.jkb","Jedi","0","9108","35","1","regen","10","1","2","1","384","1","1","161",""
"2803","23","user:void","void","1","bot:/botfiles/jedi.jkb","Jedi","0","9141","36","1","regen","10","1","2","2","384","1","1","160",""
"2804","23","user:void","void","1","bot:/botfiles/jedi.jkb","Jedi","0","9141","37","1","range","10","2","2","2","384","1","1","160",""
"2805","23","user:void","void","1","bot:/botfiles/jedi.jkb","Jedi","0","9174","38","1","regen","10","1","2","2","384","1","1","159",""
"2806","23","user:void","void","1","bot:/botfiles/jedi.jkb","Jedi","0","9207","39","1","regen","10","1","2","2","384","1","1","158",""
"2807","23","user:void","void","1","bot:/botfiles/jedi.jkb","Jedi","0","9240","40","1","regen","10","1","2","2","384","1","1","155",""
"2808","23","user:void","void","1","bot:/botfiles/jedi.jkb","Jedi","0","9273","41","1","regen","10","1","2","2","384","1","1","154",""
"2809","23","user:void","void","1","bot:/botfiles/jedi.jkb","Jedi","0","9306","42","1","regen","10","1","2","2","384","1","1","154",""
"2810","23","user:void","void","1","bot:/botfiles/jedi.jkb","Jedi","0","9339","43","1","regen","10","1","2","2","384","1","1","155",""
"2811","23","user:void","void","1","bot:/botfiles/jedi.jkb","Jedi","0","9372","44","1","regen","10","1","2","2","384","1","1","158",""
"2812","23","user:void","void","1","bot:/botfiles/jedi.jkb","Jedi","0","9405","45","1","regen","10","1","2","2","384","1","1","161",""
"2813","23","user:void","void","1","bot:/botfiles/jedi.jkb","Jedi","0","9438","46","1","regen","10","1","2","2","384","1","1","164",""
"2814","23","user:void","void","1","bot:/botfiles/jedi.jkb","Jedi","0","9471","47","1","regen","10","1","0","2","384","1","1","169",""
"2815","23","user:void","void","1","bot:/botfiles/jedi.jkb","Jedi","0","9504","48","1","regen","10","1","0","2","384","1","1","172",""
"2816","23","user:void","void","1","bot:/botfiles/jedi.jkb","Jedi","0","9537","49","1","regen","10","1","0","2","384","1","1","174",""
"2817","23","user:void","void","1","bot:/botfiles/jedi.jkb","Jedi","0","9570","50","1","regen","10","1","0","2","384","1","1","176",""
"2818","23","user:void","void","1","bot:/botfiles/jedi.jkb","Jedi","0","9603","51","1","regen","10","1","0","1","384","1","1","178",""
"2819","23","user:void","void","1","bot:/botfiles/jedi.jkb","Jedi","0","9603","52","1","range","10","1","0","1","384","1","1","178",""
"2820","23","user:void","void","1","bot:/botfiles/jedi.jkb","Jedi","0","9636","53","1","force","9","20","2","1","384","1","1","177",""
"2821","23","user:void","void","1","bot:/botfiles/jedi.jkb","Jedi","0","9735","54","1","force","9","20","2","1","384","1","1","171",""
"2822","23","user:void","void","1","bot:/botfiles/jedi.jkb","Jedi","0","9735","55","1","air","10","0","2","1","384","1","1","171","landed"
"2823","23","user:void","void","1","bot:/botfiles/jedi.jkb","Jedi","0","9801","56","1","air","10","1","2","1","384","1","1","171","airborne"
"2824","23","user:void","void","1","bot:/botfiles/jedi.jkb","Jedi","0","9966","57","1","range","10","2","2","2","384","1","1","156",""
"2825","23","user:void","void","1","bot:/botfiles/jedi.jkb","Jedi","0","10230","58","1","regen","10","1","2","2","384","1","1","89",""
"2826","23","user:void","void","1","bot:/botfiles/jedi.jkb","Jedi","0","10263","59","1","regen","10","1","2","2","384","1","1","94",""
"2827","23","user:void","void","1","bot:/botfiles/jedi.jkb","Jedi","0","10296","60","1","regen","10","1","2","2","384","1","1","100",""
"2828","23","user:void","void","1","bot:/botfiles/jedi.jkb","Jedi","0","10329","61","1","regen","10","1","2","2","384","1","1","105",""
"2829","23","user:void","void","1","bot:/botfiles/jedi.jkb","Jedi","0","10362","62","1","regen","10","1","2","2","384","1","1","111",""
"2830","23","user:void","void","1","bot:/botfiles/jedi.jkb","Jedi","0","10395","63","1","regen","10","1","2","3","384","1","1","118",""
"2831","23","user:void","void","1","bot:/botfiles/jedi.jkb","Jedi","0","10395","64","1","range","10","3","2","3","384","1","1","118",""
"2832","23","user:void","void","1","bot:/botfiles/jedi.jkb","Jedi","0","10428","65","1","regen","10","1","2","3","384","1","1","126",""
"2833","23","user:void","void","1","bot:/botfiles/jedi.jkb","Jedi","0","10461","66","1","regen","10","1","2","2","384","1","1","133",""
"2834","23","user:void","void","1","bot:/botfiles/jedi.jkb","Jedi","0","10461","67","1","range","10","2","2","2","384","1","1","133",""
"2835","23","user:void","void","1","bot:/botfiles/jedi.jkb","Jedi","0","10494","68","1","regen","10","1","2","2","384","1","1","142",""
"2836","23","user:void","void","1","bot:/botfiles/jedi.jkb","Jedi","0","10527","69","1","regen","10","1","2","2","384","1","1","149",""
"2837","23","user:void","void","1","bot:/botfiles/jedi.jkb","Jedi","0","10560","70","1","force","9","20","3","2","384","1","1","156",""
"2838","23","user:void","void","1","bot:/botfiles/jedi.jkb","Jedi","0","10725","71","1","air","10","0","3","2","384","1","1","-177","landed"
"2839","23","user:void","void","1","bot:/botfiles/jedi.jkb","Jedi","0","11022","72","1","force","9","20","3","2","384","1","1","-148",""
"2840","23","user:void","void","1","bot:/botfiles/jedi.jkb","Jedi","0","11088","73","1","range","10","1","3","1","384","1","1","-145",""
"2841","23","user:void","void","1","bot:/botfiles/jedi.jkb","Jedi","0","11088","74","1","air","10","1","3","1","384","1","1","-145","airborne"
"2842","23","user:void","void","1","bot:/botfiles/jedi.jkb","Jedi","0","11121","75","2","saber_return_punish","10","30","3","1","384","1","1","-146","return"
"2843","23","user:void","void","1","bot:/botfiles/jedi.jkb","Jedi","0","11154","76","2","saber_return_punish","10","20","3","1","384","1","1","-148","return"
"2844","23","user:void","void","1","bot:/botfiles/jedi.jkb","Jedi","0","11352","77","2","range","10","2","3","2","384","1","1","-172",""
"2845","23","user:void","void","1","bot:/botfiles/jedi.jkb","Jedi","0","11484","78","2","regen","10","1","3","2","384","1","1","173",""
"2846","23","user:void","void","1","bot:/botfiles/jedi.jkb","Jedi","0","11517","79","2","regen","10","1","3","2","384","1","1","174",""
"2847","23","user:void","void","1","bot:/botfiles/jedi.jkb","Jedi","0","11550","80","2","regen","10","1","3","2","384","1","1","173",""
"2848","23","user:void","void","1","bot:/botfiles/jedi.jkb","Jedi","0","11583","81","2","regen","10","1","3","2","384","1","1","173",""
"2849","23","user:void","void","1","bot:/botfiles/jedi.jkb","Jedi","0","11616","82","2","regen","10","1","3","1","384","1","1","172",""
"2850","23","user:void","void","1","bot:/botfiles/jedi.jkb","Jedi","0","11616","83","2","range","10","1","3","1","384","1","1","172",""
"2851","23","user:void","void","1","bot:/botfiles/jedi.jkb","Jedi","0","11649","84","2","regen","10","1","3","1","384","1","1","175",""
"2852","23","user:void","void","1","bot:/botfiles/jedi.jkb","Jedi","0","11682","85","2","regen","10","1","3","1","384","1","1","176",""
"2853","23","user:void","void","1","bot:/botfiles/jedi.jkb","Jedi","0","11715","86","2","regen","10","1","3","1","384","1","1","177",""
"2854","23","user:void","void","1","bot:/botfiles/jedi.jkb","Jedi","0","11748","87","2","regen","10","1","3","1","384","1","1","176",""
"2855","23","user:void","void","1","bot:/botfiles/jedi.jkb","Jedi","0","11781","88","2","regen","10","1","3","1","384","1","1","175",""
"2856","23","user:void","void","1","bot:/botfiles/jedi.jkb","Jedi","0","11781","89","2","air","10","0","3","1","384","1","1","175","landed"
"2857","23","user:void","void","1","bot:/botfiles/jedi.jkb","Jedi","0","11814","90","2","regen","10","1","3","1","384","0","1","174",""
"2858","23","user:void","void","1","bot:/botfiles/jedi.jkb","Jedi","0","11814","91","2","damage","10","20","3","1","384","0","1","174",""
"2859","23","user:void","void","1","bot:/botfiles/jedi.jkb","Jedi","0","11814","92","2","air","10","1","3","1","384","0","1","174","airborne"
"2860","23","user:void","void","1","bot:/botfiles/jedi.jkb","Jedi","0","11814","93","2","knockdown","10","1","3","1","384","0","1","174","knockdown"
"2861","23","user:void","void","1","bot:/botfiles/jedi.jkb","Jedi","0","11847","94","2","regen","10","1","3","1","384","0","1","175",""
"2862","23","user:void","void","1","bot:/botfiles/jedi.jkb","Jedi","0","11880","95","2","regen","10","1","3","1","384","0","1","179",""
"2863","23","user:void","void","1","bot:/botfiles/jedi.jkb","Jedi","0","11913","96","2","regen","10","1","3","1","384","0","1","-174",""
"2864","23","user:void","void","1","bot:/botfiles/jedi.jkb","Jedi","0","11946","97","2","regen","10","1","3","1","384","0","1","-171",""
"2865","23","user:void","void","1","bot:/botfiles/jedi.jkb","Jedi","0","11979","98","2","regen","10","1","3","2","384","0","1","-165",""
"2866","23","user:void","void","1","bot:/botfiles/jedi.jkb","Jedi","0","11979","99","2","range","10","2","3","2","384","0","1","-165",""
"2867","23","user:void","void","1","bot:/botfiles/jedi.jkb","Jedi","0","12012","100","2","regen","10","1","3","2","384","0","1","-160",""
"2868","23","user:void","void","1","bot:/botfiles/jedi.jkb","Jedi","0","12045","101","2","regen","10","1","3","2","384","0","1","-160",""
"2869","23","user:void","void","1","bot:/botfiles/jedi.jkb","Jedi","0","12078","102","2","regen","10","1","3","2","384","0","1","-159",""
"2870","23","user:void","void","1","bot:/botfiles/jedi.jkb","Jedi","0","12111","103","2","regen","10","1","3","2","384","0","1","-164",""
"2871","23","user:void","void","1","bot:/botfiles/jedi.jkb","Jedi","0","12144","104","2","regen","10","1","3","2","384","0","1","-168",""
"2872","23","user:void","void","1","bot:/botfiles/jedi.jkb","Jedi","0","12177","105","2","regen","10","1","3","2","384","0","1","-172",""
"2873","23","user:void","void","1","bot:/botfiles/jedi.jkb","Jedi","0","12210","106","2","regen","10","1","3","2","384","0","1","-174",""
"2874","23","user:void","void","1","bot:/botfiles/jedi.jkb","Jedi","0","12243","107","2","regen","10","1","3","2","384","0","1","-175",""
"2875","23","user:void","void","1","bot:/botfiles/jedi.jkb","Jedi","0","12276","108","2","regen","10","1","3","2","384","0","1","-177",""
"2876","23","user:void","void","1","bot:/botfiles/jedi.jkb","Jedi","0","12309","109","2","regen","10","1","2","2","384","0","1","-179",""
"2877","23","user:void","void","1","bot:/botfiles/jedi.jkb","Jedi","0","12309","110","2","reset_success","10","1","2","2","384","0","1","-179","reset"
"2878","23","user:void","void","1","bot:/botfiles/jedi.jkb","Jedi","0","12309","111","2","air","10","0","2","2","384","0","1","-179","landed"
"2879","23","user:void","void","1","bot:/botfiles/jedi.jkb","Jedi","0","12342","112","2","regen","10","1","2","2","384","0","1","179",""
"2880","23","user:void","void","1","bot:/botfiles/jedi.jkb","Jedi","0","12375","113","2","regen","10","1","2","2","384","0","1","179",""
"2881","23","user:void","void","1","bot:/botfiles/jedi.jkb","Jedi","0","12408","114","2","regen","10","1","2","2","384","0","1","178",""
"2882","23","user:void","void","1","bot:/botfiles/jedi.jkb","Jedi","0","12441","115","2","regen","10","1","2","2","0","0","1","178",""
"2883","23","user:void","void","1","bot:/botfiles/jedi.jkb","Jedi","0","12474","116","2","regen","10","1","2","2","0","0","1","178",""
"2884","23","user:void","void","1","bot:/botfiles/jedi.jkb","Jedi","0","12507","117","2","regen","10","1","2","2","0","0","1","178",""
"2885","23","user:void","void","1","bot:/botfiles/jedi.jkb","Jedi","0","12540","118","2","regen","10","1","2","2","0","0","1","178",""
"2886","23","user:void","void","1","bot:/botfiles/jedi.jkb","Jedi","0","12573","119","2","regen","10","1","2","2","0","0","1","177",""
"2887","23","user:void","void","1","bot:/botfiles/jedi.jkb","Jedi","0","12606","120","2","regen","10","1","2","2","0","0","1","175",""
"2888","23","user:void","void","1","bot:/botfiles/jedi.jkb","Jedi","0","12639","121","2","regen","10","1","2","2","0","0","1","174",""
"2889","23","user:void","void","1","bot:/botfiles/jedi.jkb","Jedi","0","12672","122","2","regen","10","1","2","2","2304","0","1","172",""
"2890","23","user:void","void","1","bot:/botfiles/jedi.jkb","Jedi","0","12705","123","2","regen","10","1","2","2","2304","0","1","172",""
"2891","23","user:void","void","1","bot:/botfiles/jedi.jkb","Jedi","0","12738","124","2","regen","10","1","2","2","2304","0","1","172",""
"2892","23","user:void","void","1","bot:/botfiles/jedi.jkb","Jedi","0","12771","125","2","regen","10","1","2","2","2304","0","1","172",""
"2893","23","user:void","void","1","bot:/botfiles/jedi.jkb","Jedi","0","12804","126","2","regen","10","1","2","2","2304","0","1","173",""
"2894","23","user:void","void","1","bot:/botfiles/jedi.jkb","Jedi","0","12837","127","2","regen","10","1","2","2","2304","0","1","173",""
"2895","23","user:void","void","1","bot:/botfiles/jedi.jkb","Jedi","0","12870","128","2","regen","10","1","2","2","2304","0","1","173",""
"2896","24","user:void","void","1","bot:/botfiles/easyds2.jkb","Swamptrooper","0","33","1","0","air","10","0","0","3","256","0","0","-29","landed"
"2897","24","user:void","void","1","bot:/botfiles/easyds2.jkb","Swamptrooper","0","495","2","0","air","10","1","0","3","256","0","0","-6","airborne"
"2898","24","user:void","void","1","bot:/botfiles/easyds2.jkb","Swamptrooper","0","1551","3","0","air","10","0","0","3","256","1","1","-56","landed"
"2899","24","user:void","void","1","bot:/botfiles/easyds2.jkb","Swamptrooper","0","1716","4","0","air","10","1","0","3","256","1","1","-75","airborne"
"2900","24","user:void","void","1","bot:/botfiles/easyds2.jkb","Swamptrooper","0","2706","5","0","air","10","0","0","3","256","1","1","144","landed"
"2901","24","user:void","void","1","bot:/botfiles/easyds2.jkb","Swamptrooper","0","3597","6","0","air","10","1","0","3","256","1","1","136","airborne"
"2902","24","user:void","void","1","bot:/botfiles/easyds2.jkb","Swamptrooper","0","3927","7","0","air","10","0","0","3","256","1","1","155","landed"
"2903","24","user:void","void","1","bot:/botfiles/easyds2.jkb","Swamptrooper","0","4521","8","0","range","10","2","0","2","256","1","1","158",""
"2904","24","user:void","void","1","bot:/botfiles/easyds2.jkb","Swamptrooper","0","4587","9","0","air","10","1","0","2","256","1","1","169","airborne"
"2905","24","user:void","void","1","bot:/botfiles/easyds2.jkb","Swamptrooper","0","4950","10","0","air","10","0","0","2","256","1","1","-149","landed"
"2906","24","user:void","void","1","bot:/botfiles/easyds2.jkb","Swamptrooper","0","5115","11","0","damage","10","30","2","2","320","1","1","-156","saberthrow"
"2907","24","user:void","void","1","bot:/botfiles/easyds2.jkb","Swamptrooper","0","6204","12","0","force","9","31","2","2","320","1","1","-121",""
"2908","24","user:void","void","1","bot:/botfiles/easyds2.jkb","Swamptrooper","0","6204","13","1","counter_success","10","2","2","2","320","1","1","-121","counter"
"2909","24","user:void","void","1","bot:/botfiles/easyds2.jkb","Swamptrooper","0","6204","14","1","saber_return_punish","10","2","2","2","320","1","1","-121","return"
"2910","24","user:void","void","1","bot:/botfiles/easyds2.jkb","Swamptrooper","0","6336","15","1","force","9","1","2","2","320","1","1","-119",""
"2911","24","user:void","void","1","bot:/botfiles/easyds2.jkb","Swamptrooper","0","6369","16","1","range","10","1","2","1","320","1","1","-121",""
"2912","24","user:void","void","1","bot:/botfiles/easyds2.jkb","Swamptrooper","0","6468","17","1","force","9","1","2","1","320","1","1","-131",""
"2913","24","user:void","void","1","bot:/botfiles/easyds2.jkb","Swamptrooper","0","6600","18","1","force","9","1","2","1","320","1","1","-142",""
"2914","24","user:void","void","1","bot:/botfiles/easyds2.jkb","Swamptrooper","0","6732","19","1","force","9","1","2","1","320","1","1","-150",""
"2915","24","user:void","void","1","bot:/botfiles/easyds2.jkb","Swamptrooper","0","6798","20","1","air","10","1","2","1","320","1","1","-156","airborne"
"2916","24","user:void","void","1","bot:/botfiles/easyds2.jkb","Swamptrooper","0","6831","21","1","regen","10","1","2","1","320","1","1","-154",""
"2917","24","user:void","void","1","bot:/botfiles/easyds2.jkb","Swamptrooper","0","6864","22","1","regen","10","1","2","1","320","1","1","-153",""
"2918","24","user:void","void","1","bot:/botfiles/easyds2.jkb","Swamptrooper","0","6897","23","1","regen","10","1","2","1","320","1","1","-150",""
"2919","24","user:void","void","1","bot:/botfiles/easyds2.jkb","Swamptrooper","0","6897","24","1","air","10","0","2","1","320","1","1","-150","landed"
"2920","24","user:void","void","1","bot:/botfiles/easyds2.jkb","Swamptrooper","0","6930","25","1","regen","10","1","2","1","320","1","1","-160",""
"2921","24","user:void","void","1","bot:/botfiles/easyds2.jkb","Swamptrooper","0","6963","26","1","regen","10","1","2","1","320","1","1","-168",""
"2922","24","user:void","void","1","bot:/botfiles/easyds2.jkb","Swamptrooper","0","6963","27","1","damage","10","20","2","1","320","1","1","-168",""
"2923","24","user:void","void","1","bot:/botfiles/easyds2.jkb","Swamptrooper","0","6963","28","1","air","10","1","2","1","320","1","1","-168","airborne"
"2924","24","user:void","void","1","bot:/botfiles/easyds2.jkb","Swamptrooper","0","6996","29","1","regen","10","1","2","1","320","1","1","-177",""
"2925","24","user:void","void","1","bot:/botfiles/easyds2.jkb","Swamptrooper","0","7029","30","1","regen","10","1","2","1","320","1","1","173",""
"2926","24","user:void","void","1","bot:/botfiles/easyds2.jkb","Swamptrooper","0","7062","31","1","regen","10","1","2","1","320","1","1","170",""
"2927","24","user:void","void","1","bot:/botfiles/easyds2.jkb","Swamptrooper","0","7095","32","1","regen","10","1","2","1","320","1","1","168",""
"2928","24","user:void","void","1","bot:/botfiles/easyds2.jkb","Swamptrooper","0","7128","33","1","regen","10","1","2","1","320","1","1","167",""
"2929","24","user:void","void","1","bot:/botfiles/easyds2.jkb","Swamptrooper","0","7161","34","1","regen","10","1","2","1","320","1","1","167",""
"2930","24","user:void","void","1","bot:/botfiles/easyds2.jkb","Swamptrooper","0","7194","35","1","regen","10","1","2","2","320","1","1","167",""
"2931","24","user:void","void","1","bot:/botfiles/easyds2.jkb","Swamptrooper","0","7194","36","1","range","10","2","2","2","320","1","1","167",""
"2932","24","user:void","void","1","bot:/botfiles/easyds2.jkb","Swamptrooper","0","7227","37","1","regen","10","1","2","2","320","1","1","168",""
"2933","24","user:void","void","1","bot:/botfiles/easyds2.jkb","Swamptrooper","0","7260","38","1","regen","10","1","2","2","320","1","1","169",""
"2934","24","user:void","void","1","bot:/botfiles/easyds2.jkb","Swamptrooper","0","7293","39","1","regen","10","1","2","2","320","1","1","174",""
"2935","24","user:void","void","1","bot:/botfiles/easyds2.jkb","Swamptrooper","0","7326","40","1","regen","10","1","2","2","320","1","1","177",""
"2936","24","user:void","void","1","bot:/botfiles/easyds2.jkb","Swamptrooper","0","7359","41","1","regen","10","1","2","2","320","1","1","-175",""
"2937","24","user:void","void","1","bot:/botfiles/easyds2.jkb","Swamptrooper","0","7392","42","1","regen","10","1","2","2","320","1","1","-174",""
"2938","24","user:void","void","1","bot:/botfiles/easyds2.jkb","Swamptrooper","0","7425","43","1","regen","10","1","2","2","320","1","1","-174",""
"2939","24","user:void","void","1","bot:/botfiles/easyds2.jkb","Swamptrooper","0","7458","44","1","regen","10","1","2","2","320","1","1","-175",""
"2940","24","user:void","void","1","bot:/botfiles/easyds2.jkb","Swamptrooper","0","7458","45","1","air","10","0","2","2","320","1","1","-175","landed"
"2941","24","user:void","void","1","bot:/botfiles/easyds2.jkb","Swamptrooper","0","7491","46","1","regen","10","1","2","2","0","1","1","-175",""
"2942","24","user:void","void","1","bot:/botfiles/easyds2.jkb","Swamptrooper","0","7524","47","1","regen","10","1","2","2","0","1","1","-174",""
"2943","24","user:void","void","1","bot:/botfiles/easyds2.jkb","Swamptrooper","0","7557","48","1","regen","10","1","2","2","256","1","1","-174",""
"2944","24","user:void","void","1","bot:/botfiles/easyds2.jkb","Swamptrooper","0","7590","49","1","regen","10","1","2","2","256","1","1","-173",""
"2945","24","user:void","void","1","bot:/botfiles/easyds2.jkb","Swamptrooper","0","7623","50","1","regen","10","1","2","2","256","1","1","-172",""
"2946","24","user:void","void","1","bot:/botfiles/easyds2.jkb","Swamptrooper","0","7656","51","1","regen","10","1","2","2","256","1","1","-171",""
"2947","24","user:void","void","1","bot:/botfiles/easyds2.jkb","Swamptrooper","0","7689","52","1","regen","10","1","2","2","256","1","1","-170",""
"2948","24","user:void","void","1","bot:/botfiles/easyds2.jkb","Swamptrooper","0","7722","53","1","regen","10","1","2","2","256","1","1","-171",""
"2949","24","user:void","void","1","bot:/botfiles/easyds2.jkb","Swamptrooper","0","7755","54","1","regen","10","1","2","2","256","1","1","-170",""
"2950","24","user:void","void","1","bot:/botfiles/easyds2.jkb","Swamptrooper","0","7788","55","1","regen","10","1","2","2","256","1","1","-171",""
"2951","24","user:void","void","1","bot:/botfiles/easyds2.jkb","Swamptrooper","0","7821","56","1","regen","10","1","2","2","256","1","1","-176",""
"2952","24","user:void","void","1","bot:/botfiles/easyds2.jkb","Swamptrooper","0","7854","57","1","regen","10","1","2","2","256","1","1","178",""
"2953","24","user:void","void","1","bot:/botfiles/easyds2.jkb","Swamptrooper","0","7887","58","1","force","9","5","2","2","2304","1","1","170",""
"2954","24","user:void","void","1","bot:/botfiles/easyds2.jkb","Swamptrooper","0","7920","59","1","force","9","5","4","2","2304","1","1","167",""
"2955","24","user:void","void","1","bot:/botfiles/easyds2.jkb","Swamptrooper","0","7986","60","1","force","9","5","4","2","2304","1","1","167",""
"2956","24","user:void","void","1","bot:/botfiles/easyds2.jkb","Swamptrooper","0","8019","61","1","force","9","5","4","2","2304","1","1","170",""
"2957","24","user:void","void","1","bot:/botfiles/easyds2.jkb","Swamptrooper","0","8085","62","1","range","10","1","4","1","256","1","1","175",""
"2958","24","user:void","void","1","bot:/botfiles/easyds2.jkb","Swamptrooper","0","8514","63","2","attack_start","10","128","4","1","384","1","63","159","alt"
"2959","24","user:void","void","1","bot:/botfiles/easyds2.jkb","Swamptrooper","0","8514","64","2","force_to_saber","10","1","4","1","384","1","63","159","force_to_saber"
"2960","24","user:void","void","1","bot:/botfiles/easyds2.jkb","Swamptrooper","0","8514","65","2","force","9","20","4","1","384","1","63","159",""
"2961","24","user:void","void","1","bot:/botfiles/easyds2.jkb","Swamptrooper","0","8613","66","2","force","9","20","4","1","384","1","63","165",""
"2962","24","user:void","void","1","bot:/botfiles/easyds2.jkb","Swamptrooper","0","8646","67","2","force","9","6","4","1","384","1","63","165",""
"2963","24","user:void","void","1","bot:/botfiles/easyds2.jkb","Swamptrooper","0","8646","68","2","punish_success","10","20","4","1","384","1","63","165","punish"
"2964","24","user:void","void","1","bot:/botfiles/easyds2.jkb","Swamptrooper","0","8646","69","2","air","10","1","4","1","384","1","63","165","airborne"
"2965","24","user:void","void","1","bot:/botfiles/easyds2.jkb","Swamptrooper","0","8910","70","2","range","10","2","0","2","384","1","5","167",""
"2966","24","user:void","void","1","bot:/botfiles/easyds2.jkb","Swamptrooper","0","8943","71","2","punish_success","10","30","0","2","384","1","5","164","punish"
"2967","24","user:void","void","1","bot:/botfiles/easyds2.jkb","Swamptrooper","0","9372","72","2","regen","10","1","0","2","384","1","70","121",""
"2968","24","user:void","void","1","bot:/botfiles/easyds2.jkb","Swamptrooper","0","9405","73","2","regen","10","1","0","2","384","1","70","121",""
"2969","24","user:void","void","1","bot:/botfiles/easyds2.jkb","Swamptrooper","0","9438","74","2","regen","10","1","0","2","384","1","1","122",""
"2970","24","user:void","void","1","bot:/botfiles/easyds2.jkb","Swamptrooper","0","9471","75","2","regen","10","1","0","2","384","1","1","122",""
"2971","24","user:void","void","1","bot:/botfiles/easyds2.jkb","Swamptrooper","0","9504","76","2","regen","10","1","0","2","384","1","1","124",""
"2972","24","user:void","void","1","bot:/botfiles/easyds2.jkb","Swamptrooper","0","9537","77","2","regen","10","1","0","2","384","1","1","125",""
"2973","24","user:void","void","1","bot:/botfiles/easyds2.jkb","Swamptrooper","0","9570","78","2","regen","10","1","0","2","384","1","1","130",""
"2974","24","user:void","void","1","bot:/botfiles/easyds2.jkb","Swamptrooper","0","9603","79","2","regen","10","1","0","2","384","1","1","134",""
"2975","24","user:void","void","1","bot:/botfiles/easyds2.jkb","Swamptrooper","0","9636","80","2","regen","10","1","0","2","384","1","1","136",""
"2976","24","user:void","void","1","bot:/botfiles/easyds2.jkb","Swamptrooper","0","9669","81","2","regen","10","1","0","2","384","1","1","141",""
"2977","24","user:void","void","1","bot:/botfiles/easyds2.jkb","Swamptrooper","0","9702","82","2","regen","10","1","0","2","384","1","1","145",""
"2978","24","user:void","void","1","bot:/botfiles/easyds2.jkb","Swamptrooper","0","9735","83","2","force","9","20","3","2","384","1","1","146",""
"2979","24","user:void","void","1","bot:/botfiles/easyds2.jkb","Swamptrooper","0","9867","84","2","air","10","0","3","2","384","1","1","151","landed"
"2980","24","user:void","void","1","bot:/botfiles/easyds2.jkb","Swamptrooper","0","9999","85","2","force","9","20","3","2","384","1","1","126",""
"2981","24","user:void","void","1","bot:/botfiles/easyds2.jkb","Swamptrooper","0","10032","86","2","range","10","1","3","1","384","1","1","128",""
"2982","24","user:void","void","1","bot:/botfiles/easyds2.jkb","Swamptrooper","0","10131","87","2","force","9","2","3","1","384","1","1","140",""
"2983","24","user:void","void","1","bot:/botfiles/easyds2.jkb","Swamptrooper","0","10131","88","2","air","10","1","3","1","384","1","1","140","airborne"
"2984","24","user:void","void","1","bot:/botfiles/easyds2.jkb","Swamptrooper","0","10527","89","2","air","10","0","3","1","384","1","1","-154","landed"
"2985","24","user:void","void","1","bot:/botfiles/easyds2.jkb","Swamptrooper","0","10560","90","2","regen","10","1","3","1","384","1","1","-148",""
"2986","24","user:void","void","1","bot:/botfiles/easyds2.jkb","Swamptrooper","0","10593","91","2","regen","10","1","3","1","384","1","1","-143",""
"2987","24","user:void","void","1","bot:/botfiles/easyds2.jkb","Swamptrooper","0","10626","92","2","regen","10","1","3","1","384","1","1","-139",""
"2988","24","user:void","void","1","bot:/botfiles/easyds2.jkb","Swamptrooper","0","10659","93","2","regen","10","1","3","1","384","1","1","-135",""
"2989","24","user:void","void","1","bot:/botfiles/easyds2.jkb","Swamptrooper","0","10692","94","2","regen","10","1","3","1","384","1","1","-131",""
"2990","24","user:void","void","1","bot:/botfiles/easyds2.jkb","Swamptrooper","0","10725","95","2","regen","10","1","3","1","384","1","1","-128",""
"2991","24","user:void","void","1","bot:/botfiles/easyds2.jkb","Swamptrooper","0","10758","96","2","regen","10","1","3","1","384","1","1","-126",""
"2992","24","user:void","void","1","bot:/botfiles/easyds2.jkb","Swamptrooper","0","10791","97","2","regen","10","1","3","1","384","1","1","-126",""
"2993","24","user:void","void","1","bot:/botfiles/easyds2.jkb","Swamptrooper","0","10824","98","2","regen","10","1","3","1","256","1","1","-125",""
"2994","24","user:void","void","1","bot:/botfiles/easyds2.jkb","Swamptrooper","0","10857","99","2","regen","10","1","3","1","256","1","1","-134",""
"2995","24","user:void","void","1","bot:/botfiles/easyds2.jkb","Swamptrooper","0","10890","100","2","regen","10","1","3","1","256","1","1","-157",""
"2996","24","user:void","void","1","bot:/botfiles/easyds2.jkb","Swamptrooper","0","10890","101","2","damage","10","20","3","1","256","1","1","-157",""
"2997","24","user:void","void","1","bot:/botfiles/easyds2.jkb","Swamptrooper","0","10890","102","2","air","10","1","3","1","256","1","1","-157","airborne"
"2998","24","user:void","void","1","bot:/botfiles/easyds2.jkb","Swamptrooper","0","10923","103","2","regen","10","1","3","1","256","1","1","-165",""
"2999","24","user:void","void","1","bot:/botfiles/easyds2.jkb","Swamptrooper","0","10956","104","2","regen","10","1","3","1","256","1","1","177",""
"3000","24","user:void","void","1","bot:/botfiles/easyds2.jkb","Swamptrooper","0","10989","105","2","regen","10","1","3","1","256","1","1","168",""
"3001","24","user:void","void","1","bot:/botfiles/easyds2.jkb","Swamptrooper","0","11022","106","2","regen","10","1","3","1","256","1","1","160",""
"3002","24","user:void","void","1","bot:/botfiles/easyds2.jkb","Swamptrooper","0","11055","107","2","regen","10","1","3","2","256","1","1","140",""
"3003","24","user:void","void","1","bot:/botfiles/easyds2.jkb","Swamptrooper","0","11055","108","2","range","10","2","3","2","256","1","1","140",""
"3004","24","user:void","void","1","bot:/botfiles/easyds2.jkb","Swamptrooper","0","11088","109","2","regen","10","1","3","2","256","1","1","136",""
"3005","24","user:void","void","1","bot:/botfiles/easyds2.jkb","Swamptrooper","0","11121","110","2","regen","10","1","3","2","256","1","1","138",""
"3006","24","user:void","void","1","bot:/botfiles/easyds2.jkb","Swamptrooper","0","11154","111","2","regen","10","1","3","2","256","1","1","140",""
"3007","24","user:void","void","1","bot:/botfiles/easyds2.jkb","Swamptrooper","0","11187","112","2","regen","10","1","3","2","256","1","1","143",""
"3008","24","user:void","void","1","bot:/botfiles/easyds2.jkb","Swamptrooper","0","11220","113","2","regen","10","1","3","2","256","1","1","151",""
"3009","24","user:void","void","1","bot:/botfiles/easyds2.jkb","Swamptrooper","0","11253","114","2","regen","10","1","3","2","256","1","1","157",""
"3010","24","user:void","void","1","bot:/botfiles/easyds2.jkb","Swamptrooper","0","11286","115","2","regen","10","1","3","2","256","1","1","177",""
"3011","24","user:void","void","1","bot:/botfiles/easyds2.jkb","Swamptrooper","0","11319","116","2","regen","10","1","3","2","256","1","1","-172",""
"3012","24","user:void","void","1","bot:/botfiles/easyds2.jkb","Swamptrooper","0","11352","117","2","regen","10","1","3","2","256","1","1","-157",""
"3013","24","user:void","void","1","bot:/botfiles/easyds2.jkb","Swamptrooper","0","11385","118","2","regen","10","1","2","2","256","1","1","-156",""
"3014","24","user:void","void","1","bot:/botfiles/easyds2.jkb","Swamptrooper","0","11385","119","2","reset_success","10","1","2","2","256","1","1","-156","reset"
"3015","24","user:void","void","1","bot:/botfiles/easyds2.jkb","Swamptrooper","0","11418","120","2","regen","10","1","2","2","256","1","1","-157",""
"3016","24","user:void","void","1","bot:/botfiles/easyds2.jkb","Swamptrooper","0","11418","121","2","air","10","0","2","2","256","1","1","-157","landed"
"3017","24","user:void","void","1","bot:/botfiles/easyds2.jkb","Swamptrooper","0","11451","122","2","force","9","5","3","2","2304","1","1","-160",""
"3018","24","user:void","void","1","bot:/botfiles/easyds2.jkb","Swamptrooper","0","11649","123","2","force","9","4","3","2","256","1","1","177",""
"3019","24","user:void","void","1","bot:/botfiles/easyds2.jkb","Swamptrooper","0","11682","124","2","force","9","4","3","2","256","1","1","175",""
"3020","24","user:void","void","1","bot:/botfiles/easyds2.jkb","Swamptrooper","0","11748","125","2","force","9","4","3","2","256","1","1","166",""
"3021","24","user:void","void","1","bot:/botfiles/easyds2.jkb","Swamptrooper","0","11781","126","2","force","9","4","3","2","256","1","1","164",""
"3022","24","user:void","void","1","bot:/botfiles/easyds2.jkb","Swamptrooper","0","11847","127","2","force","9","4","3","2","256","1","1","161",""
"3023","24","user:void","void","1","bot:/botfiles/easyds2.jkb","Swamptrooper","0","11880","128","2","force","9","2","3","2","256","1","1","160",""
"3024","25","user:void","void","1","bot:/botfiles/easyds3.jkb","MonMothma","0","33","1","0","air","10","0","0","3","256","0","0","58","landed"
"3025","25","user:void","void","1","bot:/botfiles/easyds3.jkb","MonMothma","0","3762","2","0","range","10","2","0","2","256","1","1","177",""
"3026","25","user:void","void","1","bot:/botfiles/easyds3.jkb","MonMothma","0","3861","3","1","attack_start","10","1","0","2","257","66","1","166","attack"
"3027","25","user:void","void","1","bot:/botfiles/easyds3.jkb","MonMothma","0","4092","4","1","attack_chain","10","8","0","2","257","8","1","177","chain"
"3028","25","user:void","void","1","bot:/botfiles/easyds3.jkb","MonMothma","0","4092","5","1","air","10","1","0","2","257","8","1","177","airborne"
"3029","25","user:void","void","1","bot:/botfiles/easyds3.jkb","MonMothma","0","4191","6","1","damage","10","30","2","2","257","8","1","-166","saberthrow"
"3030","25","user:void","void","1","bot:/botfiles/easyds3.jkb","MonMothma","0","4224","7","1","counter_success","10","30","0","1","257","8","1","-154","counter"
"3031","25","user:void","void","1","bot:/botfiles/easyds3.jkb","MonMothma","0","4224","8","1","saber_return_punish","10","30","0","1","257","8","1","-154","return"
"3032","25","user:void","void","1","bot:/botfiles/easyds3.jkb","MonMothma","0","4224","9","1","range","10","1","0","1","257","8","1","-154",""
"3033","25","user:void","void","1","bot:/botfiles/easyds3.jkb","MonMothma","0","4389","10","1","attack_chain","10","5","0","1","257","5","1","-139","chain"
"3034","25","user:void","void","1","bot:/botfiles/easyds3.jkb","MonMothma","0","4455","11","1","air","10","0","0","1","257","5","1","-176","landed"
"3035","25","user:void","void","1","bot:/botfiles/easyds3.jkb","MonMothma","0","4620","12","1","range","10","2","0","2","256","5","1","94",""
"3036","25","user:void","void","1","bot:/botfiles/easyds3.jkb","MonMothma","0","4818","13","1","range","10","1","0","1","256","70","1","164",""
"3037","25","user:void","void","1","bot:/botfiles/easyds3.jkb","MonMothma","0","5247","14","1","range","10","2","0","2","0","1","1","-159",""
"3038","25","user:void","void","1","bot:/botfiles/easyds3.jkb","MonMothma","0","5412","15","1","attack_start","10","128","0","2","384","1","1","128","alt"
"3039","25","user:void","void","1","bot:/botfiles/easyds3.jkb","MonMothma","0","5412","16","1","force","9","20","0","2","384","1","1","128",""
"3040","25","user:void","void","1","bot:/botfiles/easyds3.jkb","MonMothma","0","5610","17","1","force","9","20","0","2","384","1","1","166",""
"3041","25","user:void","void","1","bot:/botfiles/easyds3.jkb","MonMothma","0","5676","18","1","air","10","1","0","2","384","1","1","178","airborne"
"3042","25","user:void","void","1","bot:/botfiles/easyds3.jkb","MonMothma","0","5709","19","1","punish_success","10","30","0","1","384","1","1","179","punish"
"3043","25","user:void","void","1","bot:/botfiles/easyds3.jkb","MonMothma","0","5709","20","1","saber_return_punish","10","30","0","1","384","1","1","179","return"
"3044","25","user:void","void","1","bot:/botfiles/easyds3.jkb","MonMothma","0","5709","21","1","range","10","1","0","1","384","1","1","179",""
"3045","25","user:void","void","1","bot:/botfiles/easyds3.jkb","MonMothma","0","5775","22","1","force","9","6","0","1","384","1","1","-178",""
"3046","25","user:void","void","1","bot:/botfiles/easyds3.jkb","MonMothma","0","5775","23","1","punish_success","10","20","0","1","384","1","1","-178","punish"
"3047","25","user:void","void","1","bot:/botfiles/easyds3.jkb","MonMothma","0","5775","24","1","saber_return_punish","10","20","0","1","384","1","1","-178","return"
"3048","25","user:void","void","1","bot:/botfiles/easyds3.jkb","MonMothma","0","5907","25","1","range","10","2","0","2","384","1","0","-175",""
"3049","25","user:void","void","1","bot:/botfiles/easyds3.jkb","MonMothma","0","6072","26","1","regen","10","1","0","2","384","1","0","-170",""
"3050","25","user:void","void","1","bot:/botfiles/easyds3.jkb","MonMothma","0","6105","27","1","regen","10","1","0","2","384","1","0","-168",""
"3051","25","user:void","void","1","bot:/botfiles/easyds3.jkb","MonMothma","0","6138","28","1","regen","10","1","0","2","384","1","0","-166",""
"3052","25","user:void","void","1","bot:/botfiles/easyds3.jkb","MonMothma","0","6171","29","1","regen","10","1","0","2","384","1","0","-164",""
"3053","25","user:void","void","1","bot:/botfiles/easyds3.jkb","MonMothma","0","6204","30","1","regen","10","1","0","2","384","1","0","-161",""
"3054","25","user:void","void","1","bot:/botfiles/easyds3.jkb","MonMothma","0","6237","31","1","regen","10","1","0","2","384","1","0","-161",""
"3055","25","user:void","void","1","bot:/botfiles/easyds3.jkb","MonMothma","0","6270","32","1","regen","10","1","0","2","384","1","0","-157",""
"3056","25","user:void","void","1","bot:/botfiles/easyds3.jkb","MonMothma","0","6303","33","1","regen","10","1","0","2","384","1","0","-158",""
"3057","25","user:void","void","1","bot:/botfiles/easyds3.jkb","MonMothma","0","6336","34","1","regen","10","1","0","2","256","1","0","-158",""
"3058","25","user:void","void","1","bot:/botfiles/easyds3.jkb","MonMothma","0","6369","35","1","regen","10","1","0","2","256","1","0","-159",""
"3059","25","user:void","void","1","bot:/botfiles/easyds3.jkb","MonMothma","0","6402","36","1","regen","10","1","0","2","256","1","0","-159",""
"3060","25","user:void","void","1","bot:/botfiles/easyds3.jkb","MonMothma","0","6435","37","1","regen","10","1","0","2","256","1","0","-160",""
"3061","25","user:void","void","1","bot:/botfiles/easyds3.jkb","MonMothma","0","6468","38","1","regen","10","1","0","2","256","1","0","-162",""
"3062","25","user:void","void","1","bot:/botfiles/easyds3.jkb","MonMothma","0","6501","39","1","regen","10","1","0","2","256","1","0","-163",""
"3063","25","user:void","void","1","bot:/botfiles/easyds3.jkb","MonMothma","0","6534","40","1","attack_start","10","128","2","2","384","1","0","-164","alt"
"3064","25","user:void","void","1","bot:/botfiles/easyds3.jkb","MonMothma","0","6534","41","1","force_to_saber","10","1","2","2","384","1","0","-164","force_to_saber"
"3065","25","user:void","void","1","bot:/botfiles/easyds3.jkb","MonMothma","0","6534","42","1","force","9","20","2","2","384","1","0","-164",""
"3066","25","user:void","void","1","bot:/botfiles/easyds3.jkb","MonMothma","0","6765","43","1","force","9","20","2","2","384","1","0","-172",""
"3067","25","user:void","void","1","bot:/botfiles/easyds3.jkb","MonMothma","0","6864","44","1","air","10","0","2","2","384","1","0","177","landed"
"3068","25","user:void","void","1","bot:/botfiles/easyds3.jkb","MonMothma","0","6963","45","1","punish_success","10","30","2","2","384","1","0","173","punish"
"3069","25","user:void","void","1","bot:/botfiles/easyds3.jkb","MonMothma","0","6963","46","1","knockdown_followup","10","30","2","2","384","1","0","173","followup"
"3070","25","user:void","void","1","bot:/botfiles/easyds3.jkb","MonMothma","0","6963","47","1","air","10","1","2","2","384","1","0","173","airborne"
"3071","25","user:void","void","1","bot:/botfiles/easyds3.jkb","MonMothma","0","7293","48","1","air","10","0","2","2","384","1","0","129","landed"
"3072","25","user:void","void","1","bot:/botfiles/easyds3.jkb","MonMothma","0","7524","49","1","regen","10","1","2","2","256","1","0","119",""
"3073","25","user:void","void","1","bot:/botfiles/easyds3.jkb","MonMothma","0","7557","50","1","regen","10","1","2","2","256","1","0","119",""
"3074","25","user:void","void","1","bot:/botfiles/easyds3.jkb","MonMothma","0","7590","51","1","regen","10","1","2","2","256","1","0","122",""
"3075","25","user:void","void","1","bot:/botfiles/easyds3.jkb","MonMothma","0","7623","52","1","regen","10","1","2","2","256","1","0","124",""
"3076","25","user:void","void","1","bot:/botfiles/easyds3.jkb","MonMothma","0","7656","53","1","regen","10","1","2","2","256","1","0","129",""
"3077","25","user:void","void","1","bot:/botfiles/easyds3.jkb","MonMothma","0","7689","54","1","regen","10","1","2","2","256","1","1","133",""
"3078","25","user:void","void","1","bot:/botfiles/easyds3.jkb","MonMothma","0","7722","55","1","regen","10","1","2","2","256","1","1","135",""
"3079","25","user:void","void","1","bot:/botfiles/easyds3.jkb","MonMothma","0","7722","56","1","air","10","1","2","2","256","1","1","135","airborne"
"3080","25","user:void","void","1","bot:/botfiles/easyds3.jkb","MonMothma","0","7755","57","1","regen","10","1","2","2","256","1","1","135",""
"3081","25","user:void","void","1","bot:/botfiles/easyds3.jkb","MonMothma","0","7788","58","1","regen","10","1","2","1","256","1","1","135",""
"3082","25","user:void","void","1","bot:/botfiles/easyds3.jkb","MonMothma","0","7788","59","1","range","10","1","2","1","256","1","1","135",""
"3083","25","user:void","void","1","bot:/botfiles/easyds3.jkb","MonMothma","0","7821","60","1","regen","10","1","2","1","256","1","1","138",""
"3084","25","user:void","void","1","bot:/botfiles/easyds3.jkb","MonMothma","0","7854","61","1","regen","10","1","2","1","256","1","1","145",""
"3085","25","user:void","void","1","bot:/botfiles/easyds3.jkb","MonMothma","0","7887","62","1","regen","10","1","2","1","256","1","1","151",""
"3086","25","user:void","void","1","bot:/botfiles/easyds3.jkb","MonMothma","0","7920","63","1","regen","10","1","2","1","256","1","1","155",""
"3087","25","user:void","void","1","bot:/botfiles/easyds3.jkb","MonMothma","0","7953","64","1","regen","10","1","2","1","256","1","1","159",""
"3088","25","user:void","void","1","bot:/botfiles/easyds3.jkb","MonMothma","0","7986","65","1","regen","10","1","2","1","256","1","1","162",""
"3089","25","user:void","void","1","bot:/botfiles/easyds3.jkb","MonMothma","0","8019","66","1","regen","10","1","2","1","256","1","1","165",""
"3090","25","user:void","void","1","bot:/botfiles/easyds3.jkb","MonMothma","0","8052","67","1","force","9","4","2","1","256","1","1","168",""
"3091","25","user:void","void","1","bot:/botfiles/easyds3.jkb","MonMothma","0","8085","68","1","force","9","4","2","1","256","1","1","174",""
"3092","25","user:void","void","1","bot:/botfiles/easyds3.jkb","MonMothma","0","8250","69","1","attack_start","10","128","3","1","384","1","1","-56","alt"
"3093","25","user:void","void","1","bot:/botfiles/easyds3.jkb","MonMothma","0","8250","70","1","force_to_saber","10","1","3","1","384","1","1","-56","force_to_saber"
"3094","25","user:void","void","1","bot:/botfiles/easyds3.jkb","MonMothma","0","8250","71","1","force","9","20","3","1","384","1","1","-56",""
"3095","25","user:void","void","1","bot:/botfiles/easyds3.jkb","MonMothma","0","8613","72","1","air","10","0","3","1","384","1","1","122","landed"
"3096","25","user:void","void","1","bot:/botfiles/easyds3.jkb","MonMothma","0","8646","73","1","range","10","2","3","2","384","1","1","125",""
"3097","25","user:void","void","1","bot:/botfiles/easyds3.jkb","MonMothma","0","8745","74","1","range","10","1","3","1","384","1","1","108",""
"3098","25","user:void","void","1","bot:/botfiles/easyds3.jkb","MonMothma","0","9042","75","1","air","10","1","3","1","384","1","1","-24","airborne"
"3099","25","user:void","void","1","bot:/botfiles/easyds3.jkb","MonMothma","0","9240","76","1","regen","10","1","3","1","384","1","0","-72",""
"3100","25","user:void","void","1","bot:/botfiles/easyds3.jkb","MonMothma","0","9273","77","1","regen","10","1","3","1","384","1","0","-81",""
"3101","25","user:void","void","1","bot:/botfiles/easyds3.jkb","MonMothma","0","9306","78","1","regen","10","1","3","1","384","1","0","-88",""
"3102","25","user:void","void","1","bot:/botfiles/easyds3.jkb","MonMothma","0","9339","79","1","regen","10","1","3","1","384","1","0","-98",""
"3103","25","user:void","void","1","bot:/botfiles/easyds3.jkb","MonMothma","0","9372","80","1","regen","10","1","3","1","384","1","0","-108",""
"3104","25","user:void","void","1","bot:/botfiles/easyds3.jkb","MonMothma","0","9405","81","1","regen","10","1","3","1","384","1","0","-120",""
"3105","25","user:void","void","1","bot:/botfiles/easyds3.jkb","MonMothma","0","9438","82","1","regen","10","1","3","1","384","1","0","-134",""
"3106","25","user:void","void","1","bot:/botfiles/easyds3.jkb","MonMothma","0","9471","83","1","regen","10","1","3","2","384","1","0","-148",""
"3107","25","user:void","void","1","bot:/botfiles/easyds3.jkb","MonMothma","0","9471","84","1","range","10","2","3","2","384","1","0","-148",""
"3108","25","user:void","void","1","bot:/botfiles/easyds3.jkb","MonMothma","0","9504","85","1","regen","10","1","3","2","384","1","0","-159",""
"3109","25","user:void","void","1","bot:/botfiles/easyds3.jkb","MonMothma","0","9537","86","1","regen","10","1","4","2","384","1","0","-170",""
"3110","25","user:void","void","1","bot:/botfiles/easyds3.jkb","MonMothma","0","9537","87","1","reset_success","10","1","4","2","384","1","0","-170","reset"
"3111","25","user:void","void","1","bot:/botfiles/easyds3.jkb","MonMothma","0","9570","88","1","force","9","20","3","2","384","1","0","179",""
"3112","25","user:void","void","1","bot:/botfiles/easyds3.jkb","MonMothma","0","9900","89","1","air","10","0","3","2","384","1","0","-125","landed"
"3113","25","user:void","void","1","bot:/botfiles/easyds3.jkb","MonMothma","0","10164","90","1","air","10","1","3","2","384","1","0","-156","airborne"
"3114","25","user:void","void","1","bot:/botfiles/easyds3.jkb","MonMothma","0","10296","91","1","range","10","1","3","1","384","1","0","-151",""
"3115","25","user:void","void","1","bot:/botfiles/easyds3.jkb","MonMothma","0","10461","92","1","damage","10","20","3","1","384","1","0","-150",""
"3116","25","user:void","void","1","bot:/botfiles/easyds3.jkb","MonMothma","0","10527","93","2","counter_success","10","30","3","1","384","1","0","-146","counter"
"3117","25","user:void","void","1","bot:/botfiles/easyds3.jkb","MonMothma","0","10659","94","2","range","10","2","3","2","384","1","0","-166",""
"3118","25","user:void","void","1","bot:/botfiles/easyds3.jkb","MonMothma","0","10890","95","2","regen","10","1","3","2","384","1","0","156",""
"3119","25","user:void","void","1","bot:/botfiles/easyds3.jkb","MonMothma","0","10923","96","2","regen","10","1","3","2","384","1","0","142",""
"3120","25","user:void","void","1","bot:/botfiles/easyds3.jkb","MonMothma","0","10956","97","2","regen","10","1","3","2","384","1","0","121",""
"3121","25","user:void","void","1","bot:/botfiles/easyds3.jkb","MonMothma","0","10989","98","2","regen","10","1","3","2","256","1","0","119",""
"3122","25","user:void","void","1","bot:/botfiles/easyds3.jkb","MonMothma","0","10989","99","2","air","10","0","3","2","256","1","0","119","landed"
"3123","25","user:void","void","1","bot:/botfiles/easyds3.jkb","MonMothma","0","11022","100","2","regen","10","1","3","2","256","1","0","122",""
"3124","25","user:void","void","1","bot:/botfiles/easyds3.jkb","MonMothma","0","11055","101","2","regen","10","1","3","2","256","1","0","125",""
"3125","25","user:void","void","1","bot:/botfiles/easyds3.jkb","MonMothma","0","11088","102","2","regen","10","1","3","2","256","1","0","128",""
"3126","25","user:void","void","1","bot:/botfiles/easyds3.jkb","MonMothma","0","11121","103","2","regen","10","1","3","2","256","1","0","132",""
"3127","25","user:void","void","1","bot:/botfiles/easyds3.jkb","MonMothma","0","11154","104","2","regen","10","1","3","2","256","1","0","136",""
"3128","25","user:void","void","1","bot:/botfiles/easyds3.jkb","MonMothma","0","11187","105","2","regen","10","1","3","2","256","1","1","140",""
"3129","25","user:void","void","1","bot:/botfiles/easyds3.jkb","MonMothma","0","11220","106","2","attack_start","10","1","3","2","257","66","1","145","attack"
"3130","25","user:void","void","1","bot:/botfiles/easyds3.jkb","MonMothma","0","11220","107","2","force_to_saber","10","66","3","2","257","66","1","145","force_to_saber"
"3131","25","user:void","void","1","bot:/botfiles/easyds3.jkb","MonMothma","0","11220","108","2","regen","10","1","3","2","257","66","1","145",""
"3132","25","user:void","void","1","bot:/botfiles/easyds3.jkb","MonMothma","0","11220","109","2","air","10","1","3","2","257","66","1","145","airborne"
"3133","25","user:void","void","1","bot:/botfiles/easyds3.jkb","MonMothma","0","11253","110","2","regen","10","1","3","2","257","66","1","151",""
"3134","25","user:void","void","1","bot:/botfiles/easyds3.jkb","MonMothma","0","11286","111","2","regen","10","1","3","2","257","66","1","157",""
"3135","25","user:void","void","1","bot:/botfiles/easyds3.jkb","MonMothma","0","11319","112","2","regen","10","1","3","2","257","66","1","165",""
"3136","25","user:void","void","1","bot:/botfiles/easyds3.jkb","MonMothma","0","11352","113","2","regen","10","1","3","2","257","66","1","171",""
"3137","25","user:void","void","1","bot:/botfiles/easyds3.jkb","MonMothma","0","11385","114","2","regen","10","1","3","1","257","66","1","176",""
"3138","25","user:void","void","1","bot:/botfiles/easyds3.jkb","MonMothma","0","11385","115","2","range","10","1","3","1","257","66","1","176",""
"3139","25","user:void","void","1","bot:/botfiles/easyds3.jkb","MonMothma","0","11418","116","2","regen","10","1","3","1","257","66","1","-179",""
"3140","25","user:void","void","1","bot:/botfiles/easyds3.jkb","MonMothma","0","11451","117","2","regen","10","1","3","1","257","66","1","-176",""
"3141","25","user:void","void","1","bot:/botfiles/easyds3.jkb","MonMothma","0","11484","118","2","attack_chain","10","8","3","1","257","8","1","-176","chain"
"3142","25","user:void","void","1","bot:/botfiles/easyds3.jkb","MonMothma","0","11484","119","2","regen","10","1","3","1","257","8","1","-176",""
"3143","25","user:void","void","1","bot:/botfiles/easyds3.jkb","MonMothma","0","11517","120","2","regen","10","1","4","1","257","8","1","-170",""
"3144","25","user:void","void","1","bot:/botfiles/easyds3.jkb","MonMothma","0","11517","121","2","reset_success","10","1","4","1","257","8","1","-170","reset"
"3145","25","user:void","void","1","bot:/botfiles/easyds3.jkb","MonMothma","0","11550","122","2","regen","10","1","4","1","257","8","1","-161",""
"3146","25","user:void","void","1","bot:/botfiles/easyds3.jkb","MonMothma","0","11583","123","2","regen","10","1","4","1","257","8","1","-146",""
"3147","25","user:void","void","1","bot:/botfiles/easyds3.jkb","MonMothma","0","11616","124","2","regen","10","1","4","1","257","8","1","-138",""
"3148","25","user:void","void","1","bot:/botfiles/easyds3.jkb","MonMothma","0","11616","125","2","damage","10","20","4","1","257","8","1","-138",""
"3149","25","user:void","void","1","bot:/botfiles/easyds3.jkb","MonMothma","0","11649","126","2","regen","10","1","4","1","257","8","1","-133",""
"3150","25","user:void","void","1","bot:/botfiles/easyds3.jkb","MonMothma","0","11682","127","2","regen","10","1","4","1","257","8","1","-131",""
"3151","25","user:void","void","1","bot:/botfiles/easyds3.jkb","MonMothma","0","11715","128","2","regen","10","1","4","1","257","8","1","-137",""
"3152","26","user:void","void","1","bot:/botfiles/luke.jkb","RebelPilot","0","297","1","1","attack_start","10","1","0","3","257","0","0","-5","attack"
"3153","26","user:void","void","1","bot:/botfiles/luke.jkb","RebelPilot","0","297","2","1","air","10","0","0","3","257","0","0","-5","landed"
"3154","26","user:void","void","1","bot:/botfiles/luke.jkb","RebelPilot","0","891","3","1","air","10","1","0","3","256","1","1","34","airborne"
"3155","26","user:void","void","1","bot:/botfiles/easyds3.jkb","MonMothma","0","2871","4","1","air","10","0","0","3","256","1","1","-103","landed"
"3156","26","user:void","void","1","bot:/botfiles/easyds3.jkb","MonMothma","0","3729","5","1","air","10","1","0","3","256","1","1","150","airborne"
"3157","26","user:void","void","1","bot:/botfiles/easyds3.jkb","MonMothma","0","3894","6","1","air","10","0","0","3","256","1","1","162","landed"
"3158","26","user:void","void","1","bot:/botfiles/easyds3.jkb","MonMothma","0","4191","7","1","range","10","2","0","2","256","1","1","165",""
"3159","26","user:void","void","1","bot:/botfiles/easyds3.jkb","MonMothma","0","4620","8","1","air","10","1","0","2","320","0","1","150","airborne"
"3160","26","user:void","void","1","bot:/botfiles/easyds3.jkb","MonMothma","0","4785","9","1","range","10","1","0","1","320","0","1","142",""
"3161","26","user:void","void","1","bot:/botfiles/easyds3.jkb","MonMothma","0","4884","10","1","force","9","31","0","1","320","0","1","140",""
"3162","26","user:void","void","1","bot:/botfiles/easyds3.jkb","MonMothma","0","4884","11","2","saber_return_punish","10","2","0","1","320","0","1","140","return"
"3163","26","user:void","void","1","bot:/botfiles/easyds3.jkb","MonMothma","0","4950","12","2","air","10","0","0","1","320","0","1","146","landed"
"3164","26","user:void","void","1","bot:/botfiles/easyds3.jkb","MonMothma","0","5016","13","2","force","9","1","0","1","320","0","1","167",""
"3165","26","user:void","void","1","bot:/botfiles/easyds3.jkb","MonMothma","0","5148","14","2","force","9","1","0","1","320","0","1","-142",""
"3166","26","user:void","void","1","bot:/botfiles/easyds3.jkb","MonMothma","0","5214","15","2","range","10","2","0","2","320","0","1","-71",""
"3167","26","user:void","void","1","bot:/botfiles/easyds3.jkb","MonMothma","0","5247","16","2","range","10","1","0","1","320","0","1","-58",""
"3168","26","user:void","void","1","bot:/botfiles/easyds3.jkb","MonMothma","0","5280","17","2","force","9","1","0","1","320","0","1","-43",""
"3169","26","user:void","void","1","bot:/botfiles/easyds3.jkb","MonMothma","0","5412","18","2","force","9","1","0","1","320","0","1","64",""
"3170","26","user:void","void","1","bot:/botfiles/easyds3.jkb","MonMothma","0","5544","19","2","force","9","1","0","1","320","0","1","91",""
"3171","26","user:void","void","1","bot:/botfiles/easyds3.jkb","MonMothma","0","5676","20","2","force","9","1","0","1","320","0","1","93",""
"3172","26","user:void","void","1","bot:/botfiles/easyds3.jkb","MonMothma","0","5808","21","2","force","9","1","0","1","320","0","1","80",""
"3173","26","user:void","void","1","bot:/botfiles/easyds3.jkb","MonMothma","0","5874","22","2","range","10","2","0","2","320","0","1","66",""
"3174","26","user:void","void","1","bot:/botfiles/easyds3.jkb","MonMothma","0","5907","23","2","range","10","1","0","1","320","0","1","58",""
"3175","26","user:void","void","1","bot:/botfiles/easyds3.jkb","MonMothma","0","5940","24","2","force","9","1","0","1","320","0","1","49",""
"3176","26","user:void","void","1","bot:/botfiles/easyds3.jkb","MonMothma","0","6072","25","2","force","9","1","0","1","320","0","1","-21",""
"3177","26","user:void","void","1","bot:/botfiles/easyds3.jkb","MonMothma","0","6138","26","2","force","9","6","0","1","320","0","1","-104",""
"3178","26","user:void","void","1","bot:/botfiles/easyds3.jkb","MonMothma","0","6138","27","2","air","10","1","0","1","320","0","1","-104","airborne"
"3179","26","user:void","void","1","bot:/botfiles/easyds3.jkb","MonMothma","0","6204","28","2","force","9","1","0","1","320","0","1","-163",""
"3180","26","user:void","void","1","bot:/botfiles/easyds3.jkb","MonMothma","0","6336","29","2","force","9","1","2","1","320","0","1","-138",""
"3181","26","user:void","void","1","bot:/botfiles/easyds3.jkb","MonMothma","0","6402","30","2","range","10","2","2","2","320","0","1","-115",""
"3182","26","user:void","void","1","bot:/botfiles/easyds3.jkb","MonMothma","0","6468","31","2","force","9","1","2","2","320","0","1","-118",""
"3183","26","user:void","void","1","bot:/botfiles/easyds3.jkb","MonMothma","0","6600","32","2","force","9","1","2","2","320","0","1","-118",""
"3184","26","user:void","void","1","bot:/botfiles/easyds3.jkb","MonMothma","0","6732","33","2","force","9","1","2","2","320","0","1","-85",""
"3185","26","user:void","void","1","bot:/botfiles/easyds3.jkb","MonMothma","0","6798","34","2","range","10","1","2","1","320","0","1","-84",""
"3186","26","user:void","void","1","bot:/botfiles/easyds3.jkb","MonMothma","0","6864","35","2","force","9","1","2","1","320","0","1","-84",""
"3187","26","user:void","void","1","bot:/botfiles/easyds3.jkb","MonMothma","0","6996","36","2","force","9","1","2","1","320","0","1","-89",""
"3188","26","user:void","void","1","bot:/botfiles/easyds3.jkb","MonMothma","0","7128","37","2","force","9","1","2","1","320","0","1","-102",""
"3189","26","user:void","void","1","bot:/botfiles/easyds3.jkb","MonMothma","0","7260","38","2","force","9","1","2","1","320","0","1","-117",""
"3190","26","user:void","void","1","bot:/botfiles/easyds3.jkb","MonMothma","0","7392","39","2","force","9","1","2","1","320","0","1","-134",""
"3191","26","user:void","void","1","bot:/botfiles/easyds3.jkb","MonMothma","0","7425","40","2","force","9","6","2","1","320","0","1","-136",""
"3192","26","user:void","void","1","bot:/botfiles/easyds3.jkb","MonMothma","0","7524","41","2","force","9","1","2","1","320","0","1","173",""
"3193","26","user:void","void","1","bot:/botfiles/easyds3.jkb","MonMothma","0","7656","42","2","force","9","1","2","2","320","0","1","71",""
"3194","26","user:void","void","1","bot:/botfiles/easyds3.jkb","MonMothma","0","7656","43","2","range","10","2","2","2","320","0","1","71",""
"3195","26","user:void","void","1","bot:/botfiles/easyds3.jkb","MonMothma","0","7788","44","2","force","9","1","2","2","320","0","1","56",""
"3196","26","user:void","void","1","bot:/botfiles/easyds3.jkb","MonMothma","0","7920","45","2","force","9","1","4","2","320","0","1","49",""
"3197","26","user:void","void","1","bot:/botfiles/easyds3.jkb","MonMothma","0","7986","46","2","range","10","1","4","1","320","0","1","49",""
"3198","26","user:void","void","1","bot:/botfiles/easyds3.jkb","MonMothma","0","8052","47","2","force","9","1","4","1","320","0","1","50",""
"3199","26","user:void","void","1","bot:/botfiles/easyds3.jkb","MonMothma","0","8184","48","2","force","9","1","4","1","320","0","1","65",""
"3200","26","user:void","void","1","bot:/botfiles/easyds3.jkb","MonMothma","0","8316","49","2","force","9","1","4","1","320","0","1","87",""
"3201","26","user:void","void","1","bot:/botfiles/easyds3.jkb","MonMothma","0","8448","50","2","force","9","1","4","1","320","0","1","114",""
"3202","26","user:void","void","1","bot:/botfiles/easyds3.jkb","MonMothma","0","8580","51","2","force","9","1","4","1","320","0","1","140",""
"3203","26","user:void","void","1","bot:/botfiles/luke.jkb","RebelPilot","0","8646","52","2","force","9","5","3","3","320","0","1","42",""
"3204","26","user:void","void","1","bot:/botfiles/luke.jkb","RebelPilot","0","8646","53","2","range","10","3","3","3","320","0","1","42",""
"3205","26","user:void","void","1","bot:/botfiles/luke.jkb","RebelPilot","0","8679","54","2","regen","10","1","3","3","320","0","1","50",""
"3206","26","user:void","void","1","bot:/botfiles/luke.jkb","RebelPilot","0","8712","55","2","regen","10","1","2","3","320","155","1","60",""
"3207","26","user:void","void","1","bot:/botfiles/luke.jkb","RebelPilot","0","8712","56","2","reset_success","10","1","2","3","320","155","1","60","reset"
"3208","26","user:void","void","1","bot:/botfiles/luke.jkb","RebelPilot","0","8745","57","2","regen","10","1","2","3","320","155","1","65",""
"3209","26","user:void","void","1","bot:/botfiles/luke.jkb","RebelPilot","0","8778","58","2","regen","10","1","2","3","320","155","1","65",""
"3210","26","user:void","void","1","bot:/botfiles/luke.jkb","RebelPilot","0","8811","59","2","regen","10","1","2","3","320","155","1","66",""
"3211","26","user:void","void","1","bot:/botfiles/luke.jkb","RebelPilot","0","8844","60","2","regen","10","1","2","3","320","155","1","67",""
"3212","26","user:void","void","1","bot:/botfiles/luke.jkb","RebelPilot","0","8877","61","2","regen","10","1","2","3","320","155","1","65",""
"3213","26","user:void","void","1","bot:/botfiles/luke.jkb","RebelPilot","0","8910","62","2","regen","10","1","2","3","320","155","1","64",""
"3214","26","user:void","void","1","bot:/botfiles/luke.jkb","RebelPilot","0","8943","63","2","regen","10","1","2","3","320","155","1","62",""
"3215","26","user:void","void","1","bot:/botfiles/luke.jkb","RebelPilot","0","8976","64","2","regen","10","1","2","3","320","155","1","62",""
"3216","26","user:void","void","1","bot:/botfiles/luke.jkb","RebelPilot","0","9009","65","2","regen","10","1","2","3","320","155","1","62",""
"3217","26","user:void","void","1","bot:/botfiles/luke.jkb","RebelPilot","0","9042","66","2","regen","10","1","2","3","320","155","1","61",""
"3218","26","user:void","void","1","bot:/botfiles/luke.jkb","RebelPilot","0","9075","67","2","regen","10","1","2","3","320","155","1","60",""
"3219","26","user:void","void","1","bot:/botfiles/luke.jkb","RebelPilot","0","9108","68","2","regen","10","1","2","3","320","155","1","58",""
"3220","26","user:void","void","1","bot:/botfiles/luke.jkb","RebelPilot","0","9141","69","2","regen","10","1","2","3","320","155","1","58",""
"3221","26","user:void","void","1","bot:/botfiles/luke.jkb","RebelPilot","0","9174","70","2","regen","10","1","2","3","320","155","1","57",""
"3222","26","user:void","void","1","bot:/botfiles/luke.jkb","RebelPilot","0","9207","71","2","regen","10","1","2","3","320","155","1","57",""
"3223","26","user:void","void","1","bot:/botfiles/luke.jkb","RebelPilot","0","9240","72","2","regen","10","1","2","3","320","155","1","58",""
"3224","26","user:void","void","1","bot:/botfiles/luke.jkb","RebelPilot","0","9273","73","2","regen","10","1","2","3","320","155","1","61",""
"3225","26","user:void","void","1","bot:/botfiles/luke.jkb","RebelPilot","0","9306","74","2","regen","10","1","2","3","320","155","1","64",""
"3226","26","user:void","void","1","bot:/botfiles/luke.jkb","RebelPilot","0","9339","75","2","regen","10","1","2","3","320","155","1","67",""
"3227","26","user:void","void","1","bot:/botfiles/luke.jkb","RebelPilot","0","9372","76","2","regen","10","1","2","3","320","155","1","70",""
"3228","26","user:void","void","1","bot:/botfiles/luke.jkb","RebelPilot","0","9405","77","2","regen","10","1","2","3","256","1","1","73",""
"3229","26","user:void","void","1","bot:/botfiles/luke.jkb","RebelPilot","0","9438","78","2","regen","10","1","2","3","256","1","1","75",""
"3230","26","user:void","void","1","bot:/botfiles/luke.jkb","RebelPilot","0","9471","79","2","regen","10","1","2","3","256","1","1","77",""
"3231","26","user:void","void","1","bot:/botfiles/luke.jkb","RebelPilot","0","9504","80","2","regen","10","1","2","3","256","1","1","79",""
"3232","26","user:void","void","1","bot:/botfiles/luke.jkb","RebelPilot","0","9537","81","2","regen","10","1","2","3","256","1","1","81",""
"3233","26","user:void","void","1","bot:/botfiles/luke.jkb","RebelPilot","0","9570","82","2","regen","10","1","2","3","256","1","1","80",""
"3234","26","user:void","void","1","bot:/botfiles/luke.jkb","RebelPilot","0","9603","83","2","regen","10","1","2","3","256","1","1","80",""
"3235","26","user:void","void","1","bot:/botfiles/luke.jkb","RebelPilot","0","9636","84","2","regen","10","1","2","3","256","1","1","82",""
"3236","26","user:void","void","1","bot:/botfiles/luke.jkb","RebelPilot","0","9669","85","2","regen","10","1","2","3","256","1","1","86",""
"3237","26","user:void","void","1","bot:/botfiles/luke.jkb","RebelPilot","0","9702","86","2","regen","10","1","2","3","256","1","1","87",""
"3238","26","user:void","void","1","bot:/botfiles/luke.jkb","RebelPilot","0","9735","87","2","regen","10","1","2","3","256","1","1","94",""
"3239","26","user:void","void","1","bot:/botfiles/luke.jkb","RebelPilot","0","9768","88","2","regen","10","1","2","3","256","1","1","106",""
"3240","26","user:void","void","1","bot:/botfiles/luke.jkb","RebelPilot","0","9801","89","2","regen","10","1","2","3","256","1","1","109",""
"3241","26","user:void","void","1","bot:/botfiles/luke.jkb","RebelPilot","0","9834","90","2","regen","10","1","2","3","256","1","1","113",""
"3242","26","user:void","void","1","bot:/botfiles/luke.jkb","RebelPilot","0","9867","91","2","regen","10","1","2","3","256","1","1","117",""
"3243","26","user:void","void","1","bot:/botfiles/luke.jkb","RebelPilot","0","9900","92","2","regen","10","1","2","3","256","1","1","118",""
"3244","26","user:void","void","1","bot:/botfiles/luke.jkb","RebelPilot","0","9900","93","2","air","10","0","2","3","256","1","1","118","landed"
"3245","26","user:void","void","1","bot:/botfiles/luke.jkb","RebelPilot","0","9933","94","2","regen","10","1","2","3","256","1","1","119",""
"3246","26","user:void","void","1","bot:/botfiles/luke.jkb","RebelPilot","0","9966","95","2","regen","10","1","2","3","256","1","1","118",""
"3247","26","user:void","void","1","bot:/botfiles/luke.jkb","RebelPilot","0","9999","96","2","regen","10","1","2","3","256","1","1","117",""
"3248","26","user:void","void","1","bot:/botfiles/luke.jkb","RebelPilot","0","10032","97","2","regen","10","1","2","3","256","1","1","116",""
"3249","26","user:void","void","1","bot:/botfiles/luke.jkb","RebelPilot","0","10065","98","2","regen","10","1","2","3","256","1","1","114",""
"3250","26","user:void","void","1","bot:/botfiles/luke.jkb","RebelPilot","0","10098","99","2","regen","10","1","2","3","256","1","1","113",""
"3251","26","user:void","void","1","bot:/botfiles/luke.jkb","RebelPilot","0","10131","100","2","regen","10","1","2","3","256","1","1","111",""
"3252","26","user:void","void","1","bot:/botfiles/luke.jkb","RebelPilot","0","10164","101","2","regen","10","1","2","3","256","1","1","109",""
"3253","26","user:void","void","1","bot:/botfiles/luke.jkb","RebelPilot","0","10197","102","2","regen","10","1","2","3","256","1","1","107",""
"3254","26","user:void","void","1","bot:/botfiles/luke.jkb","RebelPilot","0","10230","103","2","regen","10","1","2","3","256","1","1","105",""
"3255","26","user:void","void","1","bot:/botfiles/luke.jkb","RebelPilot","0","10263","104","2","regen","10","1","2","3","256","1","1","103",""
"3256","26","user:void","void","1","bot:/botfiles/luke.jkb","RebelPilot","0","10296","105","2","regen","10","1","2","3","256","1","1","101",""
"3257","26","user:void","void","1","bot:/botfiles/luke.jkb","RebelPilot","0","10329","106","2","regen","10","1","2","3","256","1","1","99",""
"3258","26","user:void","void","1","bot:/botfiles/luke.jkb","RebelPilot","0","10362","107","2","regen","10","1","2","3","256","1","1","96",""
"3259","26","user:void","void","1","bot:/botfiles/luke.jkb","RebelPilot","0","10395","108","2","regen","10","1","2","3","256","1","1","97",""
"3260","26","user:void","void","1","bot:/botfiles/luke.jkb","RebelPilot","0","10428","109","2","regen","10","1","2","3","256","1","1","102",""
"3261","26","user:void","void","1","bot:/botfiles/luke.jkb","RebelPilot","0","10461","110","2","regen","10","1","2","3","256","1","1","105",""
"3262","26","user:void","void","1","bot:/botfiles/luke.jkb","RebelPilot","0","10461","111","2","air","10","1","2","3","256","1","1","105","airborne"
"3263","26","user:void","void","1","bot:/botfiles/luke.jkb","RebelPilot","0","10494","112","2","regen","10","1","2","3","256","1","1","109",""
"3264","26","user:void","void","1","bot:/botfiles/luke.jkb","RebelPilot","0","10527","113","2","regen","10","1","0","3","256","1","1","109",""
"3265","26","user:void","void","1","bot:/botfiles/luke.jkb","RebelPilot","0","10560","114","2","regen","10","1","0","3","256","1","1","111",""
"3266","26","user:void","void","1","bot:/botfiles/luke.jkb","RebelPilot","0","10593","115","2","regen","10","1","0","3","256","1","1","111",""
"3267","26","user:void","void","1","bot:/botfiles/luke.jkb","RebelPilot","0","10626","116","2","regen","10","1","0","3","256","1","1","112",""
"3268","26","user:void","void","1","bot:/botfiles/luke.jkb","RebelPilot","0","10659","117","2","regen","10","1","0","3","256","1","1","114",""
"3269","26","user:void","void","1","bot:/botfiles/luke.jkb","RebelPilot","0","10692","118","2","regen","10","1","0","3","256","1","1","116",""
"3270","26","user:void","void","1","bot:/botfiles/luke.jkb","RebelPilot","0","10725","119","2","regen","10","1","0","3","256","1","1","117",""
"3271","26","user:void","void","1","bot:/botfiles/luke.jkb","RebelPilot","0","10758","120","2","regen","10","1","0","3","256","1","1","120",""
"3272","26","user:void","void","1","bot:/botfiles/luke.jkb","RebelPilot","0","10791","121","2","regen","10","1","0","3","256","1","1","119",""
"3273","26","user:void","void","1","bot:/botfiles/luke.jkb","RebelPilot","0","10824","122","2","regen","10","1","0","3","256","1","1","119",""
"3274","26","user:void","void","1","bot:/botfiles/luke.jkb","RebelPilot","0","10857","123","2","regen","10","1","0","3","256","1","1","117",""
"3275","26","user:void","void","1","bot:/botfiles/luke.jkb","RebelPilot","0","10890","124","2","regen","10","1","0","3","256","1","1","115",""
"3276","26","user:void","void","1","bot:/botfiles/luke.jkb","RebelPilot","0","10923","125","2","regen","10","1","0","3","256","1","1","114",""
"3277","26","user:void","void","1","bot:/botfiles/luke.jkb","RebelPilot","0","10956","126","2","regen","10","1","0","3","256","1","1","112",""
"3278","26","user:void","void","1","bot:/botfiles/luke.jkb","RebelPilot","0","10989","127","2","regen","10","1","0","3","256","1","1","111",""
"3279","26","user:void","void","1","bot:/botfiles/luke.jkb","RebelPilot","0","11022","128","2","regen","10","1","0","3","256","1","1","110",""
"3280","27","iphash:2667391d","^0-=^3'/^7o^3!^0d^0=-^6","2","bot:/botfiles/mediumds.jkb","Gran","0","165","1","0","air","10","0","0","3","256","0","0","12","landed"
"3281","27","iphash:2667391d","^0-=^3'/^7o^3!^0d^0=-^6","2","bot:/botfiles/mediumds.jkb","Gran","0","924","2","0","range","10","2","0","2","256","1","1","157",""
"3282","27","iphash:2667391d","^0-=^3'/^7o^3!^0d^0=-^6","2","bot:/botfiles/mediumds.jkb","Gran","0","1716","3","0","range","10","1","0","1","256","1","1","148",""
"3283","27","iphash:2667391d","^0-=^3'/^7o^3!^0d^0=-^6","2","bot:/botfiles/mediumds.jkb","Gran","0","1749","4","0","air","10","1","0","1","256","1","1","148","airborne"
"3284","27","iphash:2667391d","^0-=^3'/^7o^3!^0d^0=-^6","2","bot:/botfiles/mediumds.jkb","Gran","0","2112","5","0","air","10","0","0","1","256","1","1","-179","landed"
"3285","27","iphash:2667391d","^0-=^3'/^7o^3!^0d^0=-^6","2","bot:/botfiles/mediumds.jkb","Gran","0","3069","6","0","range","10","2","0","2","320","1","1","-89",""
"3286","27","iphash:2667391d","^0-=^3'/^7o^3!^0d^0=-^6","2","bot:/botfiles/mediumds.jkb","Gran","0","3333","7","0","force","9","31","2","2","320","1","1","146",""
"3287","27","iphash:2667391d","^0-=^3'/^7o^3!^0d^0=-^6","2","bot:/botfiles/mediumds.jkb","Gran","0","3465","8","1","force","9","1","2","2","320","0","1","114",""
"3288","27","iphash:2667391d","^0-=^3'/^7o^3!^0d^0=-^6","2","bot:/botfiles/mediumds.jkb","Gran","0","3531","9","1","regen","10","1","0","1","320","0","1","116",""
"3289","27","iphash:2667391d","^0-=^3'/^7o^3!^0d^0=-^6","2","bot:/botfiles/mediumds.jkb","Gran","0","3531","10","1","range","10","1","0","1","320","0","1","116",""
"3290","27","iphash:2667391d","^0-=^3'/^7o^3!^0d^0=-^6","2","bot:/botfiles/mediumds.jkb","Gran","0","3531","11","1","air","10","1","0","1","320","0","1","116","airborne"
"3291","27","iphash:2667391d","^0-=^3'/^7o^3!^0d^0=-^6","2","bot:/botfiles/mediumds.jkb","Gran","0","3564","12","1","regen","10","1","0","1","320","0","1","118",""
"3292","27","iphash:2667391d","^0-=^3'/^7o^3!^0d^0=-^6","2","bot:/botfiles/mediumds.jkb","Gran","0","3597","13","1","regen","10","1","0","1","320","0","1","122",""
"3293","27","iphash:2667391d","^0-=^3'/^7o^3!^0d^0=-^6","2","bot:/botfiles/mediumds.jkb","Gran","0","3630","14","1","regen","10","1","0","1","320","0","1","125",""
"3294","27","iphash:2667391d","^0-=^3'/^7o^3!^0d^0=-^6","2","bot:/botfiles/mediumds.jkb","Gran","0","3663","15","1","regen","10","1","0","1","320","0","1","130",""
"3295","27","iphash:2667391d","^0-=^3'/^7o^3!^0d^0=-^6","2","bot:/botfiles/mediumds.jkb","Gran","0","3696","16","1","regen","10","1","0","1","320","0","1","130",""
"3296","27","iphash:2667391d","^0-=^3'/^7o^3!^0d^0=-^6","2","bot:/botfiles/mediumds.jkb","Gran","0","3729","17","1","regen","10","1","0","1","320","0","1","128",""
"3297","27","iphash:2667391d","^0-=^3'/^7o^3!^0d^0=-^6","2","bot:/botfiles/mediumds.jkb","Gran","0","3762","18","1","regen","10","1","0","1","320","0","1","97",""
"3298","27","iphash:2667391d","^0-=^3'/^7o^3!^0d^0=-^6","2","bot:/botfiles/mediumds.jkb","Gran","0","3795","19","1","regen","10","1","0","1","320","0","1","70",""
"3299","27","iphash:2667391d","^0-=^3'/^7o^3!^0d^0=-^6","2","bot:/botfiles/mediumds.jkb","Gran","0","3828","20","1","regen","10","1","0","1","320","0","1","50",""
"3300","27","iphash:2667391d","^0-=^3'/^7o^3!^0d^0=-^6","2","bot:/botfiles/mediumds.jkb","Gran","0","3861","21","1","regen","10","1","0","1","320","0","1","28",""
"3301","27","iphash:2667391d","^0-=^3'/^7o^3!^0d^0=-^6","2","bot:/botfiles/mediumds.jkb","Gran","0","3894","22","1","regen","10","1","0","1","320","0","1","20",""
"3302","27","iphash:2667391d","^0-=^3'/^7o^3!^0d^0=-^6","2","bot:/botfiles/mediumds.jkb","Gran","0","3927","23","1","regen","10","1","0","2","320","0","1","18",""
"3303","27","iphash:2667391d","^0-=^3'/^7o^3!^0d^0=-^6","2","bot:/botfiles/mediumds.jkb","Gran","0","3927","24","1","range","10","2","0","2","320","0","1","18",""
"3304","27","iphash:2667391d","^0-=^3'/^7o^3!^0d^0=-^6","2","bot:/botfiles/mediumds.jkb","Gran","0","3960","25","1","regen","10","1","0","2","320","0","1","20",""
"3305","27","iphash:2667391d","^0-=^3'/^7o^3!^0d^0=-^6","2","bot:/botfiles/mediumds.jkb","Gran","0","3993","26","1","regen","10","1","0","2","320","0","1","23",""
"3306","27","iphash:2667391d","^0-=^3'/^7o^3!^0d^0=-^6","2","bot:/botfiles/mediumds.jkb","Gran","0","4026","27","1","regen","10","1","0","2","320","0","1","27",""
"3307","27","iphash:2667391d","^0-=^3'/^7o^3!^0d^0=-^6","2","bot:/botfiles/mediumds.jkb","Gran","0","4059","28","1","regen","10","1","0","2","320","0","1","34",""
"3308","27","iphash:2667391d","^0-=^3'/^7o^3!^0d^0=-^6","2","bot:/botfiles/mediumds.jkb","Gran","0","4092","29","1","regen","10","1","0","2","320","0","1","46",""
"3309","27","iphash:2667391d","^0-=^3'/^7o^3!^0d^0=-^6","2","bot:/botfiles/mediumds.jkb","Gran","0","4125","30","1","regen","10","1","0","2","256","0","1","50",""
"3310","27","iphash:2667391d","^0-=^3'/^7o^3!^0d^0=-^6","2","bot:/botfiles/mediumds.jkb","Gran","0","4158","31","1","regen","10","1","0","2","256","0","1","48",""
"3311","27","iphash:2667391d","^0-=^3'/^7o^3!^0d^0=-^6","2","bot:/botfiles/mediumds.jkb","Gran","0","4191","32","1","regen","10","1","0","2","256","0","1","44",""
"3312","27","iphash:2667391d","^0-=^3'/^7o^3!^0d^0=-^6","2","bot:/botfiles/mediumds.jkb","Gran","0","4224","33","1","regen","10","1","0","2","256","0","1","39",""
"3313","27","iphash:2667391d","^0-=^3'/^7o^3!^0d^0=-^6","2","bot:/botfiles/mediumds.jkb","Gran","0","4257","34","1","regen","10","1","0","2","256","0","1","32",""
"3314","27","iphash:2667391d","^0-=^3'/^7o^3!^0d^0=-^6","2","bot:/botfiles/mediumds.jkb","Gran","0","4290","35","1","regen","10","1","0","2","256","0","1","24",""
"3315","27","iphash:2667391d","^0-=^3'/^7o^3!^0d^0=-^6","2","bot:/botfiles/mediumds.jkb","Gran","0","4323","36","1","regen","10","1","0","2","256","0","1","16",""
"3316","27","iphash:2667391d","^0-=^3'/^7o^3!^0d^0=-^6","2","bot:/botfiles/mediumds.jkb","Gran","0","4356","37","1","regen","10","1","0","2","256","1","1","6",""
"3317","27","iphash:2667391d","^0-=^3'/^7o^3!^0d^0=-^6","2","bot:/botfiles/mediumds.jkb","Gran","0","4389","38","1","regen","10","1","0","2","256","1","1","-3",""
"3318","27","iphash:2667391d","^0-=^3'/^7o^3!^0d^0=-^6","2","bot:/botfiles/mediumds.jkb","Gran","0","4422","39","1","regen","10","1","0","2","256","1","1","-15",""
"3319","27","iphash:2667391d","^0-=^3'/^7o^3!^0d^0=-^6","2","bot:/botfiles/mediumds.jkb","Gran","0","4455","40","1","regen","10","1","0","2","256","1","1","-29",""
"3320","27","iphash:2667391d","^0-=^3'/^7o^3!^0d^0=-^6","2","bot:/botfiles/mediumds.jkb","Gran","0","4488","41","1","regen","10","1","0","2","256","1","1","-45",""
"3321","27","iphash:2667391d","^0-=^3'/^7o^3!^0d^0=-^6","2","bot:/botfiles/mediumds.jkb","Gran","0","4521","42","1","attack_start","10","1","0","2","257","66","1","-69","attack"
"3322","27","iphash:2667391d","^0-=^3'/^7o^3!^0d^0=-^6","2","bot:/botfiles/mediumds.jkb","Gran","0","4521","43","1","regen","10","1","0","2","257","66","1","-69",""
"3323","27","iphash:2667391d","^0-=^3'/^7o^3!^0d^0=-^6","2","bot:/botfiles/mediumds.jkb","Gran","0","4554","44","1","regen","10","1","0","2","257","66","1","-89",""
"3324","27","iphash:2667391d","^0-=^3'/^7o^3!^0d^0=-^6","2","bot:/botfiles/mediumds.jkb","Gran","0","4785","45","1","attack_chain","10","8","0","2","257","8","1","-158","chain"
"3325","27","iphash:2667391d","^0-=^3'/^7o^3!^0d^0=-^6","2","bot:/botfiles/mediumds.jkb","Gran","0","4983","46","1","range","10","1","0","1","257","8","1","-174",""
"3326","27","iphash:2667391d","^0-=^3'/^7o^3!^0d^0=-^6","2","bot:/botfiles/mediumds.jkb","Gran","0","5082","47","1","air","10","0","0","1","257","110","1","-174","landed"
"3327","27","iphash:2667391d","^0-=^3'/^7o^3!^0d^0=-^6","2","bot:/botfiles/mediumds.jkb","Gran","0","5214","48","1","attack_chain","10","4","0","1","257","4","1","-175","chain"
"3328","27","iphash:2667391d","^0-=^3'/^7o^3!^0d^0=-^6","2","bot:/botfiles/mediumds.jkb","Gran","0","5610","49","1","attack_chain","10","8","0","1","257","8","1","-171","chain"
"3329","27","iphash:2667391d","^0-=^3'/^7o^3!^0d^0=-^6","2","bot:/botfiles/mediumds.jkb","Gran","0","5907","50","1","attack_chain","10","5","0","1","257","5","1","-70","chain"
"3330","27","iphash:2667391d","^0-=^3'/^7o^3!^0d^0=-^6","2","bot:/botfiles/mediumds.jkb","Gran","0","6897","51","1","range","10","2","0","2","320","71","152","-72",""
"3331","27","iphash:2667391d","^0-=^3'/^7o^3!^0d^0=-^6","2","bot:/botfiles/mediumds.jkb","Gran","0","6897","52","1","air","10","1","0","2","320","71","152","-72","airborne"
"3332","27","iphash:2667391d","^0-=^3'/^7o^3!^0d^0=-^6","2","bot:/botfiles/mediumds.jkb","Gran","0","7260","53","1","force","9","5","0","2","2304","1","1","174",""
"3333","27","iphash:2667391d","^0-=^3'/^7o^3!^0d^0=-^6","2","bot:/botfiles/mediumds.jkb","Gran","0","7293","54","1","force","9","5","0","2","2304","1","1","168",""
"3334","27","iphash:2667391d","^0-=^3'/^7o^3!^0d^0=-^6","2","bot:/botfiles/mediumds.jkb","Gran","0","7293","55","1","air","10","0","0","2","2304","1","1","168","landed"
"3335","27","iphash:2667391d","^0-=^3'/^7o^3!^0d^0=-^6","2","bot:/botfiles/mediumds.jkb","Gran","0","7359","56","1","force","9","5","0","2","2304","1","1","160",""
"3336","27","iphash:2667391d","^0-=^3'/^7o^3!^0d^0=-^6","2","bot:/botfiles/mediumds.jkb","Gran","0","7392","57","1","force","9","5","0","2","2304","1","1","158",""
"3337","27","iphash:2667391d","^0-=^3'/^7o^3!^0d^0=-^6","2","bot:/botfiles/mediumds.jkb","Gran","0","7458","58","1","force","9","5","0","2","2304","1","1","153",""
"3338","27","iphash:2667391d","^0-=^3'/^7o^3!^0d^0=-^6","2","bot:/botfiles/mediumds.jkb","Gran","0","7491","59","1","force","9","5","0","2","2304","1","1","153",""
"3339","27","iphash:2667391d","^0-=^3'/^7o^3!^0d^0=-^6","2","bot:/botfiles/mediumds.jkb","Gran","0","8019","60","1","regen","10","1","0","2","256","1","1","121",""
"3340","27","iphash:2667391d","^0-=^3'/^7o^3!^0d^0=-^6","2","bot:/botfiles/mediumds.jkb","Gran","0","8052","61","1","regen","10","1","0","2","256","1","1","122",""
"3341","27","iphash:2667391d","^0-=^3'/^7o^3!^0d^0=-^6","2","bot:/botfiles/mediumds.jkb","Gran","0","8085","62","1","regen","10","1","0","2","320","1","1","124",""
"3342","27","iphash:2667391d","^0-=^3'/^7o^3!^0d^0=-^6","2","bot:/botfiles/mediumds.jkb","Gran","0","8118","63","1","regen","10","1","0","2","320","1","1","136",""
"3343","27","iphash:2667391d","^0-=^3'/^7o^3!^0d^0=-^6","2","bot:/botfiles/mediumds.jkb","Gran","0","8118","64","1","air","10","1","0","2","320","1","1","136","airborne"
"3344","27","iphash:2667391d","^0-=^3'/^7o^3!^0d^0=-^6","2","bot:/botfiles/mediumds.jkb","Gran","0","8151","65","1","regen","10","1","0","2","320","1","1","157",""
"3345","27","iphash:2667391d","^0-=^3'/^7o^3!^0d^0=-^6","2","bot:/botfiles/mediumds.jkb","Gran","0","8184","66","1","regen","10","1","0","2","320","1","1","-166",""
"3346","27","iphash:2667391d","^0-=^3'/^7o^3!^0d^0=-^6","2","bot:/botfiles/mediumds.jkb","Gran","0","8217","67","1","regen","10","1","0","2","320","1","1","-143",""
"3347","27","iphash:2667391d","^0-=^3'/^7o^3!^0d^0=-^6","2","bot:/botfiles/mediumds.jkb","Gran","0","8250","68","1","regen","10","1","0","2","320","1","1","-132",""
"3348","27","iphash:2667391d","^0-=^3'/^7o^3!^0d^0=-^6","2","bot:/botfiles/mediumds.jkb","Gran","0","8283","69","1","regen","10","1","0","2","320","1","1","-126",""
"3349","27","iphash:2667391d","^0-=^3'/^7o^3!^0d^0=-^6","2","bot:/botfiles/mediumds.jkb","Gran","0","8316","70","1","regen","10","1","0","2","320","1","1","-128",""
"3350","27","iphash:2667391d","^0-=^3'/^7o^3!^0d^0=-^6","2","bot:/botfiles/mediumds.jkb","Gran","0","8349","71","1","regen","10","1","0","2","320","1","1","-132",""
"3351","27","iphash:2667391d","^0-=^3'/^7o^3!^0d^0=-^6","2","bot:/botfiles/mediumds.jkb","Gran","0","8349","72","1","damage","10","1","0","2","320","1","1","-132","saberthrow"
"3352","27","iphash:2667391d","^0-=^3'/^7o^3!^0d^0=-^6","2","bot:/botfiles/mediumds.jkb","Gran","0","8382","73","1","regen","10","1","0","2","320","1","1","-137",""
"3353","27","iphash:2667391d","^0-=^3'/^7o^3!^0d^0=-^6","2","bot:/botfiles/mediumds.jkb","Gran","0","8415","74","1","regen","10","1","0","2","320","1","1","-142",""
"3354","27","iphash:2667391d","^0-=^3'/^7o^3!^0d^0=-^6","2","bot:/botfiles/mediumds.jkb","Gran","0","8448","75","1","regen","10","1","0","1","320","1","1","-156",""
"3355","27","iphash:2667391d","^0-=^3'/^7o^3!^0d^0=-^6","2","bot:/botfiles/mediumds.jkb","Gran","0","8448","76","1","range","10","1","0","1","320","1","1","-156",""
"3356","27","iphash:2667391d","^0-=^3'/^7o^3!^0d^0=-^6","2","bot:/botfiles/mediumds.jkb","Gran","0","8448","77","1","air","10","0","0","1","320","1","1","-156","landed"
"3357","27","iphash:2667391d","^0-=^3'/^7o^3!^0d^0=-^6","2","bot:/botfiles/mediumds.jkb","Gran","0","8481","78","1","regen","10","1","0","1","320","1","1","173",""
"3358","27","iphash:2667391d","^0-=^3'/^7o^3!^0d^0=-^6","2","bot:/botfiles/mediumds.jkb","Gran","0","8514","79","1","regen","10","1","0","1","320","1","1","143",""
"3359","27","iphash:2667391d","^0-=^3'/^7o^3!^0d^0=-^6","2","bot:/botfiles/mediumds.jkb","Gran","0","8547","80","1","regen","10","1","0","1","320","1","1","125",""
"3360","27","iphash:2667391d","^0-=^3'/^7o^3!^0d^0=-^6","2","bot:/botfiles/mediumds.jkb","Gran","0","8580","81","1","regen","10","1","0","1","320","1","1","118",""
"3361","27","iphash:2667391d","^0-=^3'/^7o^3!^0d^0=-^6","2","bot:/botfiles/mediumds.jkb","Gran","0","8613","82","1","regen","10","1","0","1","320","1","1","111",""
"3362","27","iphash:2667391d","^0-=^3'/^7o^3!^0d^0=-^6","2","bot:/botfiles/mediumds.jkb","Gran","0","8646","83","1","regen","10","1","0","1","320","1","1","109",""
"3363","27","iphash:2667391d","^0-=^3'/^7o^3!^0d^0=-^6","2","bot:/botfiles/mediumds.jkb","Gran","0","8679","84","1","regen","10","1","0","1","320","1","1","112",""
"3364","27","iphash:2667391d","^0-=^3'/^7o^3!^0d^0=-^6","2","bot:/botfiles/mediumds.jkb","Gran","0","8712","85","1","regen","10","1","0","1","320","1","1","119",""
"3365","27","iphash:2667391d","^0-=^3'/^7o^3!^0d^0=-^6","2","bot:/botfiles/mediumds.jkb","Gran","0","8745","86","1","regen","10","1","0","1","320","1","1","130",""
"3366","27","iphash:2667391d","^0-=^3'/^7o^3!^0d^0=-^6","2","bot:/botfiles/mediumds.jkb","Gran","0","8778","87","1","regen","10","1","0","1","320","1","1","149",""
"3367","27","iphash:2667391d","^0-=^3'/^7o^3!^0d^0=-^6","2","bot:/botfiles/mediumds.jkb","Gran","0","8778","88","1","damage","10","20","0","1","320","1","1","149",""
"3368","27","iphash:2667391d","^0-=^3'/^7o^3!^0d^0=-^6","2","bot:/botfiles/mediumds.jkb","Gran","0","8778","89","1","air","10","1","0","1","320","1","1","149","airborne"
"3369","27","iphash:2667391d","^0-=^3'/^7o^3!^0d^0=-^6","2","bot:/botfiles/mediumds.jkb","Gran","0","8811","90","1","force","9","31","0","1","320","1","1","179",""
"3370","27","iphash:2667391d","^0-=^3'/^7o^3!^0d^0=-^6","2","bot:/botfiles/mediumds.jkb","Gran","0","8811","91","2","counter_success","10","2","0","1","320","1","1","179","counter"
"3371","27","iphash:2667391d","^0-=^3'/^7o^3!^0d^0=-^6","2","bot:/botfiles/mediumds.jkb","Gran","0","8943","92","2","force","9","1","0","1","320","1","1","-112",""
"3372","27","iphash:2667391d","^0-=^3'/^7o^3!^0d^0=-^6","2","bot:/botfiles/mediumds.jkb","Gran","0","8976","93","2","range","10","2","0","2","320","1","1","-109",""
"3373","27","iphash:2667391d","^0-=^3'/^7o^3!^0d^0=-^6","2","bot:/botfiles/mediumds.jkb","Gran","0","9075","94","2","force","9","1","0","2","320","1","1","-102",""
"3374","27","iphash:2667391d","^0-=^3'/^7o^3!^0d^0=-^6","2","bot:/botfiles/mediumds.jkb","Gran","0","9207","95","2","force","9","1","0","2","320","1","1","167",""
"3375","27","iphash:2667391d","^0-=^3'/^7o^3!^0d^0=-^6","2","bot:/botfiles/mediumds.jkb","Gran","0","9306","96","2","air","10","0","0","2","320","1","1","111","landed"
"3376","27","iphash:2667391d","^0-=^3'/^7o^3!^0d^0=-^6","2","bot:/botfiles/mediumds.jkb","Gran","0","9339","97","2","force","9","1","0","2","320","1","1","97",""
"3377","27","iphash:2667391d","^0-=^3'/^7o^3!^0d^0=-^6","2","bot:/botfiles/mediumds.jkb","Gran","0","9471","98","2","force","9","1","0","2","320","1","1","30",""
"3378","27","iphash:2667391d","^0-=^3'/^7o^3!^0d^0=-^6","2","bot:/botfiles/mediumds.jkb","Gran","0","9537","99","2","range","10","1","0","1","320","1","1","20",""
"3379","27","iphash:2667391d","^0-=^3'/^7o^3!^0d^0=-^6","2","bot:/botfiles/mediumds.jkb","Gran","0","9603","100","2","force","9","1","0","1","320","1","1","9",""
"3380","27","iphash:2667391d","^0-=^3'/^7o^3!^0d^0=-^6","2","bot:/botfiles/mediumds.jkb","Gran","0","9735","101","2","force","9","1","0","1","320","1","1","-50",""
"3381","27","iphash:2667391d","^0-=^3'/^7o^3!^0d^0=-^6","2","bot:/botfiles/mediumds.jkb","Gran","0","9834","102","2","counter_success","10","2","0","1","320","1","1","-85","counter"
"3382","27","iphash:2667391d","^0-=^3'/^7o^3!^0d^0=-^6","2","bot:/botfiles/mediumds.jkb","Gran","0","9867","103","2","force","9","1","0","1","320","1","1","-97",""
"3383","27","iphash:2667391d","^0-=^3'/^7o^3!^0d^0=-^6","2","bot:/botfiles/mediumds.jkb","Gran","0","9999","104","2","force","9","1","0","1","320","1","1","-113",""
"3384","27","iphash:2667391d","^0-=^3'/^7o^3!^0d^0=-^6","2","bot:/botfiles/mediumds.jkb","Gran","0","10032","105","2","range","10","2","0","2","320","1","1","-111",""
"3385","27","iphash:2667391d","^0-=^3'/^7o^3!^0d^0=-^6","2","bot:/botfiles/mediumds.jkb","Gran","0","10131","106","2","force","9","1","2","2","320","1","1","-116",""
"3386","27","iphash:2667391d","^0-=^3'/^7o^3!^0d^0=-^6","2","bot:/botfiles/mediumds.jkb","Gran","0","10164","107","2","range","10","1","2","1","320","1","1","-121",""
"3387","27","iphash:2667391d","^0-=^3'/^7o^3!^0d^0=-^6","2","bot:/botfiles/mediumds.jkb","Gran","0","10197","108","2","regen","10","1","0","1","320","1","1","-127",""
"3388","27","iphash:2667391d","^0-=^3'/^7o^3!^0d^0=-^6","2","bot:/botfiles/mediumds.jkb","Gran","0","10230","109","2","regen","10","1","0","2","320","1","1","-133",""
"3389","27","iphash:2667391d","^0-=^3'/^7o^3!^0d^0=-^6","2","bot:/botfiles/mediumds.jkb","Gran","0","10230","110","2","range","10","2","0","2","320","1","1","-133",""
"3390","27","iphash:2667391d","^0-=^3'/^7o^3!^0d^0=-^6","2","bot:/botfiles/mediumds.jkb","Gran","0","10263","111","2","regen","10","1","0","2","320","1","1","-141",""
"3391","27","iphash:2667391d","^0-=^3'/^7o^3!^0d^0=-^6","2","bot:/botfiles/mediumds.jkb","Gran","0","10296","112","2","regen","10","1","0","1","320","1","1","-147",""
"3392","27","iphash:2667391d","^0-=^3'/^7o^3!^0d^0=-^6","2","bot:/botfiles/mediumds.jkb","Gran","0","10296","113","2","range","10","1","0","1","320","1","1","-147",""
"3393","27","iphash:2667391d","^0-=^3'/^7o^3!^0d^0=-^6","2","bot:/botfiles/mediumds.jkb","Gran","0","10329","114","2","regen","10","1","0","1","320","1","1","-156",""
"3394","27","iphash:2667391d","^0-=^3'/^7o^3!^0d^0=-^6","2","bot:/botfiles/mediumds.jkb","Gran","0","10362","115","2","regen","10","1","0","1","320","1","1","-171",""
"3395","27","iphash:2667391d","^0-=^3'/^7o^3!^0d^0=-^6","2","bot:/botfiles/mediumds.jkb","Gran","0","10362","116","2","air","10","1","0","1","320","1","1","-171","airborne"
"3396","27","iphash:2667391d","^0-=^3'/^7o^3!^0d^0=-^6","2","bot:/botfiles/mediumds.jkb","Gran","0","10395","117","2","regen","10","1","0","1","320","1","1","174",""
"3397","27","iphash:2667391d","^0-=^3'/^7o^3!^0d^0=-^6","2","bot:/botfiles/mediumds.jkb","Gran","0","10428","118","2","regen","10","1","0","1","320","1","1","172",""
"3398","27","iphash:2667391d","^0-=^3'/^7o^3!^0d^0=-^6","2","bot:/botfiles/mediumds.jkb","Gran","0","10461","119","2","regen","10","1","0","1","320","1","1","176",""
"3399","27","iphash:2667391d","^0-=^3'/^7o^3!^0d^0=-^6","2","bot:/botfiles/mediumds.jkb","Gran","0","10494","120","2","regen","10","1","0","1","320","1","1","-175",""
"3400","27","iphash:2667391d","^0-=^3'/^7o^3!^0d^0=-^6","2","bot:/botfiles/mediumds.jkb","Gran","0","10527","121","2","regen","10","1","0","1","320","1","1","-175",""
"3401","27","iphash:2667391d","^0-=^3'/^7o^3!^0d^0=-^6","2","bot:/botfiles/mediumds.jkb","Gran","0","10560","122","2","regen","10","1","0","1","320","1","1","-177",""
"3402","27","iphash:2667391d","^0-=^3'/^7o^3!^0d^0=-^6","2","bot:/botfiles/mediumds.jkb","Gran","0","10593","123","2","regen","10","1","0","1","320","1","1","-177",""
"3403","27","iphash:2667391d","^0-=^3'/^7o^3!^0d^0=-^6","2","bot:/botfiles/mediumds.jkb","Gran","0","10626","124","2","regen","10","1","0","1","320","1","1","-174",""
"3404","27","iphash:2667391d","^0-=^3'/^7o^3!^0d^0=-^6","2","bot:/botfiles/mediumds.jkb","Gran","0","10659","125","2","regen","10","1","0","1","320","1","1","-172",""
"3405","27","iphash:2667391d","^0-=^3'/^7o^3!^0d^0=-^6","2","bot:/botfiles/mediumds.jkb","Gran","0","10692","126","2","regen","10","1","0","1","320","1","1","-172",""
"3406","27","iphash:2667391d","^0-=^3'/^7o^3!^0d^0=-^6","2","bot:/botfiles/mediumds.jkb","Gran","0","10725","127","2","regen","10","1","0","1","320","1","1","-171",""
"3407","27","iphash:2667391d","^0-=^3'/^7o^3!^0d^0=-^6","2","bot:/botfiles/mediumds.jkb","Gran","0","10758","128","2","regen","10","1","0","1","320","1","1","-170",""
"3408","28","iphash:2667391d","^0-=^3'/^7o^3!^0d^0=-^6","2","bot:/botfiles/mediumds.jkb","TuskenRaider","0","33","1","0","air","10","0","0","3","256","0","0","-171","landed"
"3409","28","iphash:2667391d","^0-=^3'/^7o^3!^0d^0=-^6","2","bot:/botfiles/mediumds.jkb","TuskenRaider","0","1947","2","0","air","10","1","0","3","256","1","1","-175","airborne"
"3410","28","iphash:2667391d","^0-=^3'/^7o^3!^0d^0=-^6","2","bot:/botfiles/mediumds.jkb","TuskenRaider","0","2244","3","0","range","10","2","0","2","256","1","1","167",""
"3411","28","iphash:2667391d","^0-=^3'/^7o^3!^0d^0=-^6","2","bot:/botfiles/mediumds.jkb","TuskenRaider","0","2277","4","1","attack_start","10","128","0","2","384","1","1","165","alt"
"3412","28","iphash:2667391d","^0-=^3'/^7o^3!^0d^0=-^6","2","bot:/botfiles/mediumds.jkb","TuskenRaider","0","2277","5","1","force","9","20","0","2","384","1","1","165",""
"3413","28","iphash:2667391d","^0-=^3'/^7o^3!^0d^0=-^6","2","bot:/botfiles/mediumds.jkb","TuskenRaider","0","2574","6","1","force","9","20","2","2","384","1","1","166",""
"3414","28","iphash:2667391d","^0-=^3'/^7o^3!^0d^0=-^6","2","bot:/botfiles/mediumds.jkb","TuskenRaider","0","2706","7","1","punish_success","10","30","2","2","384","1","1","169","punish"
"3415","28","iphash:2667391d","^0-=^3'/^7o^3!^0d^0=-^6","2","bot:/botfiles/mediumds.jkb","TuskenRaider","0","2706","8","1","saber_return_punish","10","30","2","2","384","1","1","169","return"
"3416","28","iphash:2667391d","^0-=^3'/^7o^3!^0d^0=-^6","2","bot:/botfiles/mediumds.jkb","TuskenRaider","0","2706","9","1","air","10","0","2","2","384","1","1","169","landed"
"3417","28","iphash:2667391d","^0-=^3'/^7o^3!^0d^0=-^6","2","bot:/botfiles/mediumds.jkb","TuskenRaider","0","2739","10","1","air","10","1","2","2","384","1","1","170","airborne"
"3418","28","iphash:2667391d","^0-=^3'/^7o^3!^0d^0=-^6","2","bot:/botfiles/mediumds.jkb","TuskenRaider","0","2904","11","1","air","10","0","2","2","384","1","1","158","landed"
"3419","28","iphash:2667391d","^0-=^3'/^7o^3!^0d^0=-^6","2","bot:/botfiles/mediumds.jkb","TuskenRaider","0","2970","12","1","regen","10","1","0","2","384","1","1","159",""
"3420","28","iphash:2667391d","^0-=^3'/^7o^3!^0d^0=-^6","2","bot:/botfiles/mediumds.jkb","TuskenRaider","0","3003","13","1","regen","10","1","0","2","256","1","1","156",""
"3421","28","iphash:2667391d","^0-=^3'/^7o^3!^0d^0=-^6","2","bot:/botfiles/mediumds.jkb","TuskenRaider","0","3036","14","1","regen","10","1","0","2","256","1","1","153",""
"3422","28","iphash:2667391d","^0-=^3'/^7o^3!^0d^0=-^6","2","bot:/botfiles/mediumds.jkb","TuskenRaider","0","3069","15","1","regen","10","1","0","2","256","1","1","152",""
"3423","28","iphash:2667391d","^0-=^3'/^7o^3!^0d^0=-^6","2","bot:/botfiles/mediumds.jkb","TuskenRaider","0","3102","16","1","regen","10","1","0","2","256","1","1","149",""
"3424","28","iphash:2667391d","^0-=^3'/^7o^3!^0d^0=-^6","2","bot:/botfiles/mediumds.jkb","TuskenRaider","0","3135","17","1","regen","10","1","0","2","256","1","1","148",""
"3425","28","iphash:2667391d","^0-=^3'/^7o^3!^0d^0=-^6","2","bot:/botfiles/mediumds.jkb","TuskenRaider","0","3168","18","1","regen","10","1","0","2","0","1","1","146",""
"3426","28","iphash:2667391d","^0-=^3'/^7o^3!^0d^0=-^6","2","bot:/botfiles/mediumds.jkb","TuskenRaider","0","3201","19","1","regen","10","1","0","2","0","1","1","146",""
"3427","28","iphash:2667391d","^0-=^3'/^7o^3!^0d^0=-^6","2","bot:/botfiles/mediumds.jkb","TuskenRaider","0","3234","20","1","regen","10","1","0","2","0","1","1","146",""
"3428","28","iphash:2667391d","^0-=^3'/^7o^3!^0d^0=-^6","2","bot:/botfiles/mediumds.jkb","TuskenRaider","0","3267","21","1","regen","10","1","0","2","256","1","1","147",""
"3429","28","iphash:2667391d","^0-=^3'/^7o^3!^0d^0=-^6","2","bot:/botfiles/mediumds.jkb","TuskenRaider","0","3300","22","1","regen","10","1","0","2","256","1","1","149",""
"3430","28","iphash:2667391d","^0-=^3'/^7o^3!^0d^0=-^6","2","bot:/botfiles/mediumds.jkb","TuskenRaider","0","3333","23","1","regen","10","1","0","2","256","1","1","153",""
"3431","28","iphash:2667391d","^0-=^3'/^7o^3!^0d^0=-^6","2","bot:/botfiles/mediumds.jkb","TuskenRaider","0","3366","24","1","regen","10","1","0","2","256","1","1","158",""
"3432","28","iphash:2667391d","^0-=^3'/^7o^3!^0d^0=-^6","2","bot:/botfiles/mediumds.jkb","TuskenRaider","0","3399","25","1","attack_start","10","1","0","2","257","63","1","165","attack"
"3433","28","iphash:2667391d","^0-=^3'/^7o^3!^0d^0=-^6","2","bot:/botfiles/mediumds.jkb","TuskenRaider","0","3399","26","1","force_to_saber","10","63","0","2","257","63","1","165","force_to_saber"
"3434","28","iphash:2667391d","^0-=^3'/^7o^3!^0d^0=-^6","2","bot:/botfiles/mediumds.jkb","TuskenRaider","0","3399","27","1","regen","10","1","0","2","257","63","1","165",""
"3435","28","iphash:2667391d","^0-=^3'/^7o^3!^0d^0=-^6","2","bot:/botfiles/mediumds.jkb","TuskenRaider","0","3432","28","1","regen","10","1","0","2","257","63","1","170",""
"3436","28","iphash:2667391d","^0-=^3'/^7o^3!^0d^0=-^6","2","bot:/botfiles/mediumds.jkb","TuskenRaider","0","3465","29","1","regen","10","1","0","2","257","63","1","175",""
"3437","28","iphash:2667391d","^0-=^3'/^7o^3!^0d^0=-^6","2","bot:/botfiles/mediumds.jkb","TuskenRaider","0","3498","30","1","regen","10","1","0","2","257","63","1","-178",""
"3438","28","iphash:2667391d","^0-=^3'/^7o^3!^0d^0=-^6","2","bot:/botfiles/mediumds.jkb","TuskenRaider","0","3531","31","1","regen","10","1","0","2","257","63","1","-174",""
"3439","28","iphash:2667391d","^0-=^3'/^7o^3!^0d^0=-^6","2","bot:/botfiles/mediumds.jkb","TuskenRaider","0","3564","32","1","regen","10","1","0","2","257","63","1","-169",""
"3440","28","iphash:2667391d","^0-=^3'/^7o^3!^0d^0=-^6","2","bot:/botfiles/mediumds.jkb","TuskenRaider","0","3597","33","1","regen","10","1","0","1","257","63","1","-168",""
"3441","28","iphash:2667391d","^0-=^3'/^7o^3!^0d^0=-^6","2","bot:/botfiles/mediumds.jkb","TuskenRaider","0","3597","34","1","range","10","1","0","1","257","63","1","-168",""
"3442","28","iphash:2667391d","^0-=^3'/^7o^3!^0d^0=-^6","2","bot:/botfiles/mediumds.jkb","TuskenRaider","0","3630","35","1","regen","10","1","0","1","257","63","1","-166",""
"3443","28","iphash:2667391d","^0-=^3'/^7o^3!^0d^0=-^6","2","bot:/botfiles/mediumds.jkb","TuskenRaider","0","3663","36","1","attack_chain","10","5","0","1","257","5","1","-163","chain"
"3444","28","iphash:2667391d","^0-=^3'/^7o^3!^0d^0=-^6","2","bot:/botfiles/mediumds.jkb","TuskenRaider","0","3663","37","1","regen","10","1","0","1","257","5","1","-163",""
"3445","28","iphash:2667391d","^0-=^3'/^7o^3!^0d^0=-^6","2","bot:/botfiles/mediumds.jkb","TuskenRaider","0","3696","38","1","regen","10","1","0","1","257","5","1","-162",""
"3446","28","iphash:2667391d","^0-=^3'/^7o^3!^0d^0=-^6","2","bot:/botfiles/mediumds.jkb","TuskenRaider","0","3729","39","1","regen","10","1","0","1","257","5","1","-162",""
"3447","28","iphash:2667391d","^0-=^3'/^7o^3!^0d^0=-^6","2","bot:/botfiles/mediumds.jkb","TuskenRaider","0","3762","40","1","regen","10","1","0","1","257","5","1","-162",""
"3448","28","iphash:2667391d","^0-=^3'/^7o^3!^0d^0=-^6","2","bot:/botfiles/mediumds.jkb","TuskenRaider","0","3795","41","1","regen","10","1","0","1","257","5","1","-163",""
"3449","28","iphash:2667391d","^0-=^3'/^7o^3!^0d^0=-^6","2","bot:/botfiles/mediumds.jkb","TuskenRaider","0","3828","42","1","regen","10","1","0","1","257","5","1","-166",""
"3450","28","iphash:2667391d","^0-=^3'/^7o^3!^0d^0=-^6","2","bot:/botfiles/mediumds.jkb","TuskenRaider","0","3861","43","1","regen","10","1","0","1","257","5","1","-168",""
"3451","28","iphash:2667391d","^0-=^3'/^7o^3!^0d^0=-^6","2","bot:/botfiles/mediumds.jkb","TuskenRaider","0","3894","44","1","regen","10","1","0","1","257","5","1","-171",""
"3452","28","iphash:2667391d","^0-=^3'/^7o^3!^0d^0=-^6","2","bot:/botfiles/mediumds.jkb","TuskenRaider","0","3927","45","1","regen","10","1","0","1","257","5","1","-171",""
"3453","28","iphash:2667391d","^0-=^3'/^7o^3!^0d^0=-^6","2","bot:/botfiles/mediumds.jkb","TuskenRaider","0","3960","46","1","attack_chain","10","8","0","1","257","8","1","-158","chain"
"3454","28","iphash:2667391d","^0-=^3'/^7o^3!^0d^0=-^6","2","bot:/botfiles/mediumds.jkb","TuskenRaider","0","3960","47","1","regen","10","1","0","1","257","8","1","-158",""
"3455","28","iphash:2667391d","^0-=^3'/^7o^3!^0d^0=-^6","2","bot:/botfiles/mediumds.jkb","TuskenRaider","0","3993","48","1","regen","10","1","0","1","257","8","1","-145",""
"3456","28","iphash:2667391d","^0-=^3'/^7o^3!^0d^0=-^6","2","bot:/botfiles/mediumds.jkb","TuskenRaider","0","4026","49","1","regen","10","1","0","1","257","8","1","-138",""
"3457","28","iphash:2667391d","^0-=^3'/^7o^3!^0d^0=-^6","2","bot:/botfiles/mediumds.jkb","TuskenRaider","0","4059","50","1","regen","10","1","0","1","257","8","1","-139",""
"3458","28","iphash:2667391d","^0-=^3'/^7o^3!^0d^0=-^6","2","bot:/botfiles/mediumds.jkb","TuskenRaider","0","4092","51","1","regen","10","1","0","1","257","8","1","-139",""
"3459","28","iphash:2667391d","^0-=^3'/^7o^3!^0d^0=-^6","2","bot:/botfiles/mediumds.jkb","TuskenRaider","0","4125","52","1","regen","10","1","0","1","257","8","1","-138",""
"3460","28","iphash:2667391d","^0-=^3'/^7o^3!^0d^0=-^6","2","bot:/botfiles/mediumds.jkb","TuskenRaider","0","4158","53","1","regen","10","1","0","1","257","8","1","-137",""
"3461","28","iphash:2667391d","^0-=^3'/^7o^3!^0d^0=-^6","2","bot:/botfiles/mediumds.jkb","TuskenRaider","0","4191","54","1","regen","10","1","0","1","257","8","1","-140",""
"3462","28","iphash:2667391d","^0-=^3'/^7o^3!^0d^0=-^6","2","bot:/botfiles/mediumds.jkb","TuskenRaider","0","4224","55","1","regen","10","1","0","1","257","8","1","-141",""
"3463","28","iphash:2667391d","^0-=^3'/^7o^3!^0d^0=-^6","2","bot:/botfiles/mediumds.jkb","TuskenRaider","0","4257","56","1","attack_chain","10","5","0","1","257","5","1","-145","chain"
"3464","28","iphash:2667391d","^0-=^3'/^7o^3!^0d^0=-^6","2","bot:/botfiles/mediumds.jkb","TuskenRaider","0","4257","57","1","regen","10","1","0","1","257","5","1","-145",""
"3465","28","iphash:2667391d","^0-=^3'/^7o^3!^0d^0=-^6","2","bot:/botfiles/mediumds.jkb","TuskenRaider","0","4290","58","1","air","10","1","0","1","257","5","1","-151","airborne"
"3466","28","iphash:2667391d","^0-=^3'/^7o^3!^0d^0=-^6","2","bot:/botfiles/mediumds.jkb","TuskenRaider","0","4389","59","1","punish_success","10","30","0","1","257","5","144","-177","punish"
"3467","28","iphash:2667391d","^0-=^3'/^7o^3!^0d^0=-^6","2","bot:/botfiles/mediumds.jkb","TuskenRaider","0","4488","60","1","damage","10","1","0","1","256","5","144","168",""
"3468","28","iphash:2667391d","^0-=^3'/^7o^3!^0d^0=-^6","2","bot:/botfiles/mediumds.jkb","TuskenRaider","0","4719","61","1","air","10","0","0","1","256","70","144","-146","landed"
"3469","28","iphash:2667391d","^0-=^3'/^7o^3!^0d^0=-^6","2","bot:/botfiles/mediumds.jkb","TuskenRaider","0","4752","62","1","force","9","5","0","1","256","70","144","-154",""
"3470","28","iphash:2667391d","^0-=^3'/^7o^3!^0d^0=-^6","2","bot:/botfiles/mediumds.jkb","TuskenRaider","0","4752","63","1","counter_success","10","20","0","1","256","70","144","-154","counter"
"3471","28","iphash:2667391d","^0-=^3'/^7o^3!^0d^0=-^6","2","bot:/botfiles/mediumds.jkb","TuskenRaider","0","4752","64","1","air","10","1","0","1","256","70","144","-154","airborne"
"3472","28","iphash:2667391d","^0-=^3'/^7o^3!^0d^0=-^6","2","bot:/botfiles/mediumds.jkb","TuskenRaider","0","4785","65","1","regen","10","1","0","1","256","70","144","-165",""
"3473","28","iphash:2667391d","^0-=^3'/^7o^3!^0d^0=-^6","2","bot:/botfiles/mediumds.jkb","TuskenRaider","0","4818","66","1","regen","10","1","0","1","256","70","144","-175",""
"3474","28","iphash:2667391d","^0-=^3'/^7o^3!^0d^0=-^6","2","bot:/botfiles/mediumds.jkb","TuskenRaider","0","4851","67","1","regen","10","1","0","1","256","70","144","179",""
"3475","28","iphash:2667391d","^0-=^3'/^7o^3!^0d^0=-^6","2","bot:/botfiles/mediumds.jkb","TuskenRaider","0","4884","68","1","regen","10","1","0","1","256","70","144","173",""
"3476","28","iphash:2667391d","^0-=^3'/^7o^3!^0d^0=-^6","2","bot:/botfiles/mediumds.jkb","TuskenRaider","0","4917","69","1","regen","10","1","0","1","256","70","144","169",""
"3477","28","iphash:2667391d","^0-=^3'/^7o^3!^0d^0=-^6","2","bot:/botfiles/mediumds.jkb","TuskenRaider","0","5115","70","1","range","10","2","0","2","320","70","144","-161",""
"3478","28","iphash:2667391d","^0-=^3'/^7o^3!^0d^0=-^6","2","bot:/botfiles/mediumds.jkb","TuskenRaider","0","5445","71","1","range","10","1","0","1","320","70","144","154",""
"3479","28","iphash:2667391d","^0-=^3'/^7o^3!^0d^0=-^6","2","bot:/botfiles/mediumds.jkb","TuskenRaider","0","5511","72","1","force","9","31","2","1","320","1","144","158",""
"3480","28","iphash:2667391d","^0-=^3'/^7o^3!^0d^0=-^6","2","bot:/botfiles/mediumds.jkb","TuskenRaider","0","5511","73","1","counter_success","10","2","2","1","320","1","144","158","counter"
"3481","28","iphash:2667391d","^0-=^3'/^7o^3!^0d^0=-^6","2","bot:/botfiles/mediumds.jkb","TuskenRaider","0","5643","74","1","force","9","1","2","1","320","1","1","177",""
"3482","28","iphash:2667391d","^0-=^3'/^7o^3!^0d^0=-^6","2","bot:/botfiles/mediumds.jkb","TuskenRaider","0","5775","75","1","force","9","1","2","1","320","1","153","-168",""
"3483","28","iphash:2667391d","^0-=^3'/^7o^3!^0d^0=-^6","2","bot:/botfiles/mediumds.jkb","TuskenRaider","0","5907","76","1","force","9","1","2","1","320","1","153","-174",""
"3484","28","iphash:2667391d","^0-=^3'/^7o^3!^0d^0=-^6","2","bot:/botfiles/mediumds.jkb","TuskenRaider","0","6039","77","1","force","9","7","2","1","320","1","153","170",""
"3485","28","iphash:2667391d","^0-=^3'/^7o^3!^0d^0=-^6","2","bot:/botfiles/mediumds.jkb","TuskenRaider","0","6171","78","1","force","9","1","2","1","320","1","153","-128",""
"3486","28","iphash:2667391d","^0-=^3'/^7o^3!^0d^0=-^6","2","bot:/botfiles/mediumds.jkb","TuskenRaider","0","6303","79","1","force","9","1","2","1","320","1","1","-3",""
"3487","28","iphash:2667391d","^0-=^3'/^7o^3!^0d^0=-^6","2","bot:/botfiles/mediumds.jkb","TuskenRaider","0","6369","80","1","range","10","2","2","2","320","1","1","7",""
"3488","28","iphash:2667391d","^0-=^3'/^7o^3!^0d^0=-^6","2","bot:/botfiles/mediumds.jkb","TuskenRaider","0","6435","81","1","force","9","1","2","2","320","1","1","5",""
"3489","28","iphash:2667391d","^0-=^3'/^7o^3!^0d^0=-^6","2","bot:/botfiles/mediumds.jkb","TuskenRaider","0","6567","82","1","force","9","1","2","2","320","1","1","1",""
"3490","28","iphash:2667391d","^0-=^3'/^7o^3!^0d^0=-^6","2","bot:/botfiles/mediumds.jkb","TuskenRaider","0","6600","83","1","range","10","1","2","1","320","1","1","3",""
"3491","28","iphash:2667391d","^0-=^3'/^7o^3!^0d^0=-^6","2","bot:/botfiles/mediumds.jkb","TuskenRaider","0","6699","84","1","force","9","1","2","1","320","1","1","9",""
"3492","28","iphash:2667391d","^0-=^3'/^7o^3!^0d^0=-^6","2","bot:/botfiles/mediumds.jkb","TuskenRaider","0","6831","85","1","force","9","1","2","1","320","1","1","26",""
"3493","28","iphash:2667391d","^0-=^3'/^7o^3!^0d^0=-^6","2","bot:/botfiles/mediumds.jkb","TuskenRaider","0","6963","86","1","force","9","1","2","1","320","1","1","70",""
"3494","28","iphash:2667391d","^0-=^3'/^7o^3!^0d^0=-^6","2","bot:/botfiles/mediumds.jkb","TuskenRaider","0","7095","87","1","force","9","1","2","1","320","1","1","52",""
"3495","28","iphash:2667391d","^0-=^3'/^7o^3!^0d^0=-^6","2","bot:/botfiles/mediumds.jkb","TuskenRaider","0","7128","88","1","range","10","2","2","2","320","1","1","56",""
"3496","28","iphash:2667391d","^0-=^3'/^7o^3!^0d^0=-^6","2","bot:/botfiles/mediumds.jkb","TuskenRaider","0","7227","89","1","force","9","1","2","2","320","1","1","69",""
"3497","28","iphash:2667391d","^0-=^3'/^7o^3!^0d^0=-^6","2","bot:/botfiles/mediumds.jkb","TuskenRaider","0","7293","90","1","air","10","0","2","2","320","1","1","88","landed"
"3498","28","iphash:2667391d","^0-=^3'/^7o^3!^0d^0=-^6","2","bot:/botfiles/mediumds.jkb","TuskenRaider","0","7359","91","1","force","9","1","2","2","320","1","1","86",""
"3499","28","iphash:2667391d","^0-=^3'/^7o^3!^0d^0=-^6","2","bot:/botfiles/mediumds.jkb","TuskenRaider","0","7491","92","1","force","9","1","2","2","320","1","1","55",""
"3500","28","iphash:2667391d","^0-=^3'/^7o^3!^0d^0=-^6","2","bot:/botfiles/mediumds.jkb","TuskenRaider","0","7623","93","1","force","9","1","2","2","320","1","1","-7",""
"3501","28","iphash:2667391d","^0-=^3'/^7o^3!^0d^0=-^6","2","bot:/botfiles/mediumds.jkb","TuskenRaider","0","7656","94","1","range","10","1","2","1","320","1","1","-26",""
"3502","28","iphash:2667391d","^0-=^3'/^7o^3!^0d^0=-^6","2","bot:/botfiles/mediumds.jkb","TuskenRaider","0","7755","95","1","force","9","1","2","1","320","1","1","-85",""
"3503","28","iphash:2667391d","^0-=^3'/^7o^3!^0d^0=-^6","2","bot:/botfiles/mediumds.jkb","TuskenRaider","0","7854","96","1","air","10","1","2","1","320","1","1","-118","airborne"
"3504","28","iphash:2667391d","^0-=^3'/^7o^3!^0d^0=-^6","2","bot:/botfiles/mediumds.jkb","TuskenRaider","0","7887","97","1","force","9","7","2","1","320","1","1","-128",""
"3505","28","iphash:2667391d","^0-=^3'/^7o^3!^0d^0=-^6","2","bot:/botfiles/mediumds.jkb","TuskenRaider","0","8019","98","1","force","9","1","2","1","320","1","1","-151",""
"3506","28","iphash:2667391d","^0-=^3'/^7o^3!^0d^0=-^6","2","bot:/botfiles/mediumds.jkb","TuskenRaider","0","8118","99","1","range","10","2","2","2","320","1","1","-75",""
"3507","28","iphash:2667391d","^0-=^3'/^7o^3!^0d^0=-^6","2","bot:/botfiles/mediumds.jkb","TuskenRaider","0","8151","100","1","force","9","1","2","2","320","1","1","-68",""
"3508","28","iphash:2667391d","^0-=^3'/^7o^3!^0d^0=-^6","2","bot:/botfiles/mediumds.jkb","TuskenRaider","0","8217","101","1","range","10","1","2","1","320","1","1","-65",""
"3509","28","iphash:2667391d","^0-=^3'/^7o^3!^0d^0=-^6","2","bot:/botfiles/mediumds.jkb","TuskenRaider","0","8283","102","1","force","9","1","2","1","320","1","1","-67",""
"3510","28","iphash:2667391d","^0-=^3'/^7o^3!^0d^0=-^6","2","bot:/botfiles/mediumds.jkb","TuskenRaider","0","8415","103","1","force","9","1","2","1","320","1","1","-156",""
"3511","28","iphash:2667391d","^0-=^3'/^7o^3!^0d^0=-^6","2","bot:/botfiles/mediumds.jkb","TuskenRaider","0","8481","104","1","range","10","2","2","2","320","1","1","118",""
"3512","28","iphash:2667391d","^0-=^3'/^7o^3!^0d^0=-^6","2","","","0","8514","105","1","range","10","0","0","0","320","1","0","0","no_target"
"3513","29","iphash:2667391d","^0-=^3'/^7o^3!^0d^0=-^6","2","bot:/botfiles/mediumds4.jkb","Rodian","0","33","1","0","air","10","0","0","2","256","0","0","-23","landed"
"3514","29","iphash:2667391d","^0-=^3'/^7o^3!^0d^0=-^6","2","bot:/botfiles/mediumds4.jkb","Rodian","0","2145","2","0","range","10","1","0","1","256","0","1","98",""
"3515","29","iphash:2667391d","^0-=^3'/^7o^3!^0d^0=-^6","2","bot:/botfiles/mediumds4.jkb","Rodian","0","2376","3","0","range","10","2","0","2","256","0","1","174",""
"3516","29","iphash:2667391d","^0-=^3'/^7o^3!^0d^0=-^6","2","bot:/botfiles/mediumds4.jkb","Rodian","0","2970","4","0","force","9","31","0","1","320","1","1","159",""
"3517","29","iphash:2667391d","^0-=^3'/^7o^3!^0d^0=-^6","2","bot:/botfiles/mediumds4.jkb","Rodian","0","2970","5","1","saber_return_punish","10","2","0","1","320","1","1","159","return"
"3518","29","iphash:2667391d","^0-=^3'/^7o^3!^0d^0=-^6","2","bot:/botfiles/mediumds4.jkb","Rodian","0","2970","6","1","range","10","1","0","1","320","1","1","159",""
"3519","29","iphash:2667391d","^0-=^3'/^7o^3!^0d^0=-^6","2","bot:/botfiles/mediumds4.jkb","Rodian","0","3102","7","1","force","9","1","0","1","320","1","1","179",""
"3520","29","iphash:2667391d","^0-=^3'/^7o^3!^0d^0=-^6","2","bot:/botfiles/mediumds4.jkb","Rodian","0","3234","8","1","force","9","1","0","1","320","1","1","-144",""
"3521","29","iphash:2667391d","^0-=^3'/^7o^3!^0d^0=-^6","2","bot:/botfiles/mediumds4.jkb","Rodian","0","3366","9","1","force","9","1","0","1","320","1","1","-112",""
"3522","29","iphash:2667391d","^0-=^3'/^7o^3!^0d^0=-^6","2","bot:/botfiles/mediumds4.jkb","Rodian","0","3498","10","1","force","9","1","0","1","320","1","1","-121",""
"3523","29","iphash:2667391d","^0-=^3'/^7o^3!^0d^0=-^6","2","bot:/botfiles/mediumds4.jkb","Rodian","0","3630","11","1","force","9","1","0","1","320","1","1","156",""
"3524","29","iphash:2667391d","^0-=^3'/^7o^3!^0d^0=-^6","2","bot:/botfiles/mediumds4.jkb","Rodian","0","3762","12","1","force","9","1","0","1","320","1","1","68",""
"3525","29","iphash:2667391d","^0-=^3'/^7o^3!^0d^0=-^6","2","bot:/botfiles/mediumds4.jkb","Rodian","0","3894","13","1","force","9","1","0","1","320","1","1","38",""
"3526","29","iphash:2667391d","^0-=^3'/^7o^3!^0d^0=-^6","2","bot:/botfiles/mediumds4.jkb","Rodian","0","3927","14","1","range","10","2","0","2","320","1","1","39",""
"3527","29","iphash:2667391d","^0-=^3'/^7o^3!^0d^0=-^6","2","bot:/botfiles/mediumds4.jkb","Rodian","0","4026","15","1","force","9","1","0","1","320","1","1","50",""
"3528","29","iphash:2667391d","^0-=^3'/^7o^3!^0d^0=-^6","2","bot:/botfiles/mediumds4.jkb","Rodian","0","4026","16","1","range","10","1","0","1","320","1","1","50",""
"3529","29","iphash:2667391d","^0-=^3'/^7o^3!^0d^0=-^6","2","bot:/botfiles/mediumds4.jkb","Rodian","0","4158","17","1","force","9","1","0","1","320","1","1","82",""
"3530","29","iphash:2667391d","^0-=^3'/^7o^3!^0d^0=-^6","2","bot:/botfiles/mediumds4.jkb","Rodian","0","4290","18","1","force","9","1","2","1","320","1","155","129",""
"3531","29","iphash:2667391d","^0-=^3'/^7o^3!^0d^0=-^6","2","bot:/botfiles/mediumds4.jkb","Rodian","0","4323","19","1","air","10","1","2","1","320","1","155","139","airborne"
"3532","29","iphash:2667391d","^0-=^3'/^7o^3!^0d^0=-^6","2","bot:/botfiles/mediumds4.jkb","Rodian","0","4389","20","1","force","9","6","2","1","320","1","155","159",""
"3533","29","iphash:2667391d","^0-=^3'/^7o^3!^0d^0=-^6","2","bot:/botfiles/mediumds4.jkb","Rodian","0","4422","21","1","force","9","1","2","1","320","1","155","169",""
"3534","29","iphash:2667391d","^0-=^3'/^7o^3!^0d^0=-^6","2","bot:/botfiles/mediumds4.jkb","Rodian","0","4521","22","1","range","10","2","2","2","320","1","155","-159",""
"3535","29","iphash:2667391d","^0-=^3'/^7o^3!^0d^0=-^6","2","bot:/botfiles/mediumds4.jkb","Rodian","0","4554","23","1","force","9","1","2","2","320","1","155","-144",""
"3536","29","iphash:2667391d","^0-=^3'/^7o^3!^0d^0=-^6","2","bot:/botfiles/mediumds4.jkb","Rodian","0","4686","24","1","force","9","1","2","2","320","1","155","-64",""
"3537","29","iphash:2667391d","^0-=^3'/^7o^3!^0d^0=-^6","2","bot:/botfiles/mediumds4.jkb","Rodian","0","4818","25","1","force","9","1","2","2","320","1","1","-42",""
"3538","29","iphash:2667391d","^0-=^3'/^7o^3!^0d^0=-^6","2","bot:/botfiles/mediumds4.jkb","Rodian","0","4950","26","1","force","9","1","2","2","320","1","1","-60",""
"3539","29","iphash:2667391d","^0-=^3'/^7o^3!^0d^0=-^6","2","bot:/botfiles/mediumds4.jkb","Rodian","0","5082","27","1","force","9","1","2","2","320","1","1","-158",""
"3540","29","iphash:2667391d","^0-=^3'/^7o^3!^0d^0=-^6","2","bot:/botfiles/mediumds4.jkb","Rodian","0","5115","28","1","range","10","1","2","1","320","1","1","164",""
"3541","29","iphash:2667391d","^0-=^3'/^7o^3!^0d^0=-^6","2","bot:/botfiles/mediumds4.jkb","Rodian","0","5214","29","1","force","9","1","2","1","320","1","1","125",""
"3542","29","iphash:2667391d","^0-=^3'/^7o^3!^0d^0=-^6","2","bot:/botfiles/mediumds4.jkb","Rodian","0","5346","30","1","force","9","1","2","1","320","1","1","114",""
"3543","29","iphash:2667391d","^0-=^3'/^7o^3!^0d^0=-^6","2","bot:/botfiles/mediumds4.jkb","Rodian","0","5478","31","1","force","9","1","2","1","320","1","1","113",""
"3544","29","iphash:2667391d","^0-=^3'/^7o^3!^0d^0=-^6","2","bot:/botfiles/mediumds4.jkb","Rodian","0","5511","32","1","range","10","2","2","2","320","1","1","114",""
"3545","29","iphash:2667391d","^0-=^3'/^7o^3!^0d^0=-^6","2","bot:/botfiles/mediumds4.jkb","Rodian","0","5544","33","1","air","10","0","2","2","320","1","1","115","landed"
"3546","29","iphash:2667391d","^0-=^3'/^7o^3!^0d^0=-^6","2","bot:/botfiles/mediumds4.jkb","Rodian","0","5610","34","1","force","9","1","2","2","320","1","1","121",""
"3547","29","iphash:2667391d","^0-=^3'/^7o^3!^0d^0=-^6","2","bot:/botfiles/mediumds4.jkb","Rodian","0","5709","35","1","range","10","1","2","1","320","1","1","139",""
"3548","29","iphash:2667391d","^0-=^3'/^7o^3!^0d^0=-^6","2","bot:/botfiles/mediumds4.jkb","Rodian","0","5742","36","1","force","9","1","2","1","320","1","1","146",""
"3549","29","iphash:2667391d","^0-=^3'/^7o^3!^0d^0=-^6","2","bot:/botfiles/mediumds4.jkb","Rodian","0","5841","37","1","force","9","6","2","1","320","1","1","165",""
"3550","29","iphash:2667391d","^0-=^3'/^7o^3!^0d^0=-^6","2","bot:/botfiles/mediumds4.jkb","Rodian","0","5841","38","1","air","10","1","2","1","320","1","1","165","airborne"
"3551","29","iphash:2667391d","^0-=^3'/^7o^3!^0d^0=-^6","2","bot:/botfiles/mediumds4.jkb","Rodian","0","5874","39","1","force","9","1","2","1","320","1","1","173",""
"3552","29","iphash:2667391d","^0-=^3'/^7o^3!^0d^0=-^6","2","bot:/botfiles/mediumds4.jkb","Rodian","0","6006","40","1","force","9","1","4","1","320","1","1","-164",""
"3553","29","iphash:2667391d","^0-=^3'/^7o^3!^0d^0=-^6","2","bot:/botfiles/mediumds4.jkb","Rodian","0","6138","41","1","force","9","1","4","2","320","1","1","-147",""
"3554","29","iphash:2667391d","^0-=^3'/^7o^3!^0d^0=-^6","2","bot:/botfiles/mediumds4.jkb","Rodian","0","6138","42","1","range","10","2","4","2","320","1","1","-147",""
"3555","29","iphash:2667391d","^0-=^3'/^7o^3!^0d^0=-^6","2","bot:/botfiles/mediumds4.jkb","Rodian","0","6270","43","1","force","9","1","4","2","320","1","1","-133",""
"3556","29","iphash:2667391d","^0-=^3'/^7o^3!^0d^0=-^6","2","bot:/botfiles/mediumds4.jkb","Rodian","0","6336","44","1","range","10","1","4","1","320","1","1","-129",""
"3557","29","iphash:2667391d","^0-=^3'/^7o^3!^0d^0=-^6","2","bot:/botfiles/mediumds4.jkb","Rodian","0","6402","45","1","force","9","1","4","1","320","1","1","-129",""
"3558","29","iphash:2667391d","^0-=^3'/^7o^3!^0d^0=-^6","2","bot:/botfiles/mediumds4.jkb","Rodian","0","6534","46","1","force","9","1","4","1","320","1","1","-143",""
"3559","29","iphash:2667391d","^0-=^3'/^7o^3!^0d^0=-^6","2","bot:/botfiles/mediumds4.jkb","Rodian","0","6666","47","1","force","9","1","4","1","320","1","1","-159",""
"3560","29","iphash:2667391d","^0-=^3'/^7o^3!^0d^0=-^6","2","bot:/botfiles/mediumds4.jkb","Rodian","0","6798","48","1","regen","10","1","4","1","256","1","1","-179",""
"3561","29","iphash:2667391d","^0-=^3'/^7o^3!^0d^0=-^6","2","bot:/botfiles/mediumds4.jkb","Rodian","0","6831","49","1","regen","10","1","4","1","256","1","1","176",""
"3562","29","iphash:2667391d","^0-=^3'/^7o^3!^0d^0=-^6","2","bot:/botfiles/mediumds4.jkb","Rodian","0","6864","50","1","regen","10","1","4","1","256","1","1","174",""
"3563","29","iphash:2667391d","^0-=^3'/^7o^3!^0d^0=-^6","2","bot:/botfiles/mediumds4.jkb","Rodian","0","6897","51","1","regen","10","1","4","1","256","1","1","173",""
"3564","29","iphash:2667391d","^0-=^3'/^7o^3!^0d^0=-^6","2","bot:/botfiles/mediumds4.jkb","Rodian","0","6930","52","1","regen","10","1","4","1","256","1","1","174",""
"3565","29","iphash:2667391d","^0-=^3'/^7o^3!^0d^0=-^6","2","bot:/botfiles/mediumds4.jkb","Rodian","0","6963","53","1","regen","10","1","4","1","256","1","1","172",""
"3566","29","iphash:2667391d","^0-=^3'/^7o^3!^0d^0=-^6","2","bot:/botfiles/mediumds4.jkb","Rodian","0","6996","54","1","attack_start","10","1","4","1","257","1","1","170","attack"
"3567","29","iphash:2667391d","^0-=^3'/^7o^3!^0d^0=-^6","2","bot:/botfiles/mediumds4.jkb","Rodian","0","6996","55","1","force_to_saber","10","1","4","1","257","1","1","170","force_to_saber"
"3568","29","iphash:2667391d","^0-=^3'/^7o^3!^0d^0=-^6","2","bot:/botfiles/mediumds4.jkb","Rodian","0","6996","56","1","regen","10","1","4","1","257","1","1","170",""
"3569","29","iphash:2667391d","^0-=^3'/^7o^3!^0d^0=-^6","2","bot:/botfiles/mediumds4.jkb","Rodian","0","7029","57","1","regen","10","1","4","1","257","1","1","168",""
"3570","29","iphash:2667391d","^0-=^3'/^7o^3!^0d^0=-^6","2","bot:/botfiles/mediumds4.jkb","Rodian","0","7029","58","1","air","10","0","4","1","257","1","1","168","landed"
"3571","29","iphash:2667391d","^0-=^3'/^7o^3!^0d^0=-^6","2","bot:/botfiles/mediumds4.jkb","Rodian","0","7062","59","1","regen","10","1","4","1","257","1","1","164",""
"3572","29","iphash:2667391d","^0-=^3'/^7o^3!^0d^0=-^6","2","bot:/botfiles/mediumds4.jkb","Rodian","0","7095","60","1","regen","10","1","4","1","257","66","1","158",""
"3573","29","iphash:2667391d","^0-=^3'/^7o^3!^0d^0=-^6","2","bot:/botfiles/mediumds4.jkb","Rodian","0","7128","61","1","regen","10","1","4","1","257","66","1","154",""
"3574","29","iphash:2667391d","^0-=^3'/^7o^3!^0d^0=-^6","2","bot:/botfiles/mediumds4.jkb","Rodian","0","7161","62","1","regen","10","1","4","1","257","66","1","151",""
"3575","29","iphash:2667391d","^0-=^3'/^7o^3!^0d^0=-^6","2","bot:/botfiles/mediumds4.jkb","Rodian","0","7194","63","1","regen","10","1","4","1","257","66","1","146",""
"3576","29","iphash:2667391d","^0-=^3'/^7o^3!^0d^0=-^6","2","bot:/botfiles/mediumds4.jkb","Rodian","0","7227","64","1","regen","10","1","4","1","257","66","1","145",""
"3577","29","iphash:2667391d","^0-=^3'/^7o^3!^0d^0=-^6","2","bot:/botfiles/mediumds4.jkb","Rodian","0","7260","65","1","regen","10","1","4","1","257","66","1","146",""
"3578","29","iphash:2667391d","^0-=^3'/^7o^3!^0d^0=-^6","2","bot:/botfiles/mediumds4.jkb","Rodian","0","7293","66","1","regen","10","1","4","1","257","66","1","145",""
"3579","29","iphash:2667391d","^0-=^3'/^7o^3!^0d^0=-^6","2","bot:/botfiles/mediumds4.jkb","Rodian","0","7326","67","1","attack_chain","10","8","4","1","257","8","1","141","chain"
"3580","29","iphash:2667391d","^0-=^3'/^7o^3!^0d^0=-^6","2","bot:/botfiles/mediumds4.jkb","Rodian","0","7326","68","1","regen","10","1","4","1","257","8","1","141",""
"3581","29","iphash:2667391d","^0-=^3'/^7o^3!^0d^0=-^6","2","bot:/botfiles/mediumds4.jkb","Rodian","0","7359","69","1","regen","10","1","4","1","257","8","1","137",""
"3582","29","iphash:2667391d","^0-=^3'/^7o^3!^0d^0=-^6","2","bot:/botfiles/mediumds4.jkb","Rodian","0","7392","70","1","regen","10","1","4","1","257","8","1","141",""
"3583","29","iphash:2667391d","^0-=^3'/^7o^3!^0d^0=-^6","2","bot:/botfiles/mediumds4.jkb","Rodian","0","7425","71","1","regen","10","1","4","1","257","8","1","152",""
"3584","29","iphash:2667391d","^0-=^3'/^7o^3!^0d^0=-^6","2","bot:/botfiles/mediumds4.jkb","Rodian","0","7458","72","1","regen","10","1","4","1","257","8","1","177",""
"3585","29","iphash:2667391d","^0-=^3'/^7o^3!^0d^0=-^6","2","bot:/botfiles/mediumds4.jkb","Rodian","0","7458","73","1","punish_success","10","40","4","1","257","8","1","177","punish"
"3586","29","iphash:2667391d","^0-=^3'/^7o^3!^0d^0=-^6","2","bot:/botfiles/mediumds4.jkb","Rodian","0","7491","74","1","regen","10","1","4","1","257","8","1","-129",""
"3587","29","iphash:2667391d","^0-=^3'/^7o^3!^0d^0=-^6","2","bot:/botfiles/mediumds4.jkb","Rodian","0","7524","75","1","regen","10","1","4","1","257","8","1","-86",""
"3588","29","iphash:2667391d","^0-=^3'/^7o^3!^0d^0=-^6","2","bot:/botfiles/mediumds4.jkb","Rodian","0","7557","76","1","regen","10","1","4","1","257","8","1","-75",""
"3589","29","iphash:2667391d","^0-=^3'/^7o^3!^0d^0=-^6","2","bot:/botfiles/mediumds4.jkb","Rodian","0","7590","77","1","regen","10","1","4","1","257","8","1","-94",""
"3590","29","iphash:2667391d","^0-=^3'/^7o^3!^0d^0=-^6","2","bot:/botfiles/mediumds4.jkb","Rodian","0","7623","78","1","regen","10","1","4","1","257","8","1","-133",""
"3591","29","iphash:2667391d","^0-=^3'/^7o^3!^0d^0=-^6","2","bot:/botfiles/mediumds4.jkb","Rodian","0","7656","79","1","attack_chain","10","5","4","1","257","5","1","-170","chain"
"3592","29","iphash:2667391d","^0-=^3'/^7o^3!^0d^0=-^6","2","bot:/botfiles/mediumds4.jkb","Rodian","0","7656","80","1","regen","10","1","4","1","257","5","1","-170",""
"3593","29","iphash:2667391d","^0-=^3'/^7o^3!^0d^0=-^6","2","bot:/botfiles/mediumds4.jkb","Rodian","0","7689","81","1","regen","10","1","4","1","257","5","1","158",""
"3594","29","iphash:2667391d","^0-=^3'/^7o^3!^0d^0=-^6","2","bot:/botfiles/mediumds4.jkb","Rodian","0","7722","82","1","regen","10","1","4","1","257","5","1","169",""
"3595","29","iphash:2667391d","^0-=^3'/^7o^3!^0d^0=-^6","2","bot:/botfiles/mediumds4.jkb","Rodian","0","7755","83","1","regen","10","1","4","1","257","5","1","-150",""
"3596","29","iphash:2667391d","^0-=^3'/^7o^3!^0d^0=-^6","2","bot:/botfiles/mediumds4.jkb","Rodian","0","7788","84","1","regen","10","1","4","1","256","5","1","-106",""
"3597","29","iphash:2667391d","^0-=^3'/^7o^3!^0d^0=-^6","2","bot:/botfiles/mediumds4.jkb","Rodian","0","7821","85","1","regen","10","1","4","1","256","5","1","-56",""
"3598","29","iphash:2667391d","^0-=^3'/^7o^3!^0d^0=-^6","2","bot:/botfiles/mediumds4.jkb","Rodian","0","7854","86","1","regen","10","1","4","1","256","5","1","-32",""
"3599","29","iphash:2667391d","^0-=^3'/^7o^3!^0d^0=-^6","2","bot:/botfiles/mediumds4.jkb","Rodian","0","7887","87","1","regen","10","1","4","1","256","5","1","-27",""
"3600","29","iphash:2667391d","^0-=^3'/^7o^3!^0d^0=-^6","2","bot:/botfiles/mediumds4.jkb","Rodian","0","7920","88","1","regen","10","1","4","1","256","5","1","-32",""
"3601","29","iphash:2667391d","^0-=^3'/^7o^3!^0d^0=-^6","2","bot:/botfiles/mediumds4.jkb","Rodian","0","7920","89","1","air","10","1","4","1","256","5","1","-32","airborne"
"3602","29","iphash:2667391d","^0-=^3'/^7o^3!^0d^0=-^6","2","bot:/botfiles/mediumds4.jkb","Rodian","0","7953","90","1","regen","10","1","4","1","256","70","1","-44",""
"3603","29","iphash:2667391d","^0-=^3'/^7o^3!^0d^0=-^6","2","bot:/botfiles/mediumds4.jkb","Rodian","0","7953","91","1","damage","10","20","4","1","256","70","1","-44",""
"3604","29","iphash:2667391d","^0-=^3'/^7o^3!^0d^0=-^6","2","bot:/botfiles/mediumds4.jkb","Rodian","0","7986","92","1","regen","10","1","4","1","256","70","1","-45",""
"3605","29","iphash:2667391d","^0-=^3'/^7o^3!^0d^0=-^6","2","bot:/botfiles/mediumds4.jkb","Rodian","0","8019","93","1","regen","10","1","4","1","256","70","1","-47",""
"3606","29","iphash:2667391d","^0-=^3'/^7o^3!^0d^0=-^6","2","bot:/botfiles/mediumds4.jkb","Rodian","0","8052","94","1","regen","10","1","4","1","256","70","1","-57",""
"3607","29","iphash:2667391d","^0-=^3'/^7o^3!^0d^0=-^6","2","bot:/botfiles/mediumds4.jkb","Rodian","0","8085","95","1","regen","10","1","4","1","256","70","1","-86",""
"3608","29","iphash:2667391d","^0-=^3'/^7o^3!^0d^0=-^6","2","bot:/botfiles/mediumds4.jkb","Rodian","0","8118","96","1","regen","10","1","4","2","256","70","1","-99",""
"3609","29","iphash:2667391d","^0-=^3'/^7o^3!^0d^0=-^6","2","bot:/botfiles/mediumds4.jkb","Rodian","0","8118","97","1","range","10","2","4","2","256","70","1","-99",""
"3610","29","iphash:2667391d","^0-=^3'/^7o^3!^0d^0=-^6","2","bot:/botfiles/mediumds4.jkb","Rodian","0","8151","98","1","regen","10","1","4","2","256","70","1","-101",""
"3611","29","iphash:2667391d","^0-=^3'/^7o^3!^0d^0=-^6","2","bot:/botfiles/mediumds4.jkb","Rodian","0","8184","99","1","regen","10","1","4","2","256","70","1","-112",""
"3612","29","iphash:2667391d","^0-=^3'/^7o^3!^0d^0=-^6","2","bot:/botfiles/mediumds4.jkb","Rodian","0","8217","100","1","regen","10","1","4","2","256","70","1","-134",""
"3613","29","iphash:2667391d","^0-=^3'/^7o^3!^0d^0=-^6","2","bot:/botfiles/mediumds4.jkb","Rodian","0","8250","101","1","regen","10","1","4","2","256","70","1","-149",""
"3614","29","iphash:2667391d","^0-=^3'/^7o^3!^0d^0=-^6","2","bot:/botfiles/mediumds4.jkb","Rodian","0","8283","102","1","regen","10","1","4","2","256","70","1","-163",""
"3615","29","iphash:2667391d","^0-=^3'/^7o^3!^0d^0=-^6","2","bot:/botfiles/mediumds4.jkb","Rodian","0","8316","103","1","regen","10","1","4","2","256","70","1","-165",""
"3616","29","iphash:2667391d","^0-=^3'/^7o^3!^0d^0=-^6","2","bot:/botfiles/mediumds4.jkb","Rodian","0","8349","104","1","regen","10","1","4","2","256","1","1","-171",""
"3617","29","iphash:2667391d","^0-=^3'/^7o^3!^0d^0=-^6","2","bot:/botfiles/mediumds4.jkb","Rodian","0","8382","105","1","attack_start","10","128","4","2","384","1","1","-173","alt"
"3618","29","iphash:2667391d","^0-=^3'/^7o^3!^0d^0=-^6","2","bot:/botfiles/mediumds4.jkb","Rodian","0","8382","106","1","force","9","20","4","2","384","1","1","-173",""
"3619","29","iphash:2667391d","^0-=^3'/^7o^3!^0d^0=-^6","2","bot:/botfiles/mediumds4.jkb","Rodian","0","8382","107","1","air","10","0","4","2","384","1","1","-173","landed"
"3620","29","iphash:2667391d","^0-=^3'/^7o^3!^0d^0=-^6","2","bot:/botfiles/mediumds4.jkb","Rodian","0","8580","108","1","force","9","20","4","2","384","1","1","-152",""
"3621","29","iphash:2667391d","^0-=^3'/^7o^3!^0d^0=-^6","2","bot:/botfiles/mediumds4.jkb","Rodian","0","8811","109","1","air","10","1","4","2","384","1","1","167","airborne"
"3622","29","iphash:2667391d","^0-=^3'/^7o^3!^0d^0=-^6","2","bot:/botfiles/mediumds4.jkb","Rodian","0","8844","110","1","counter_success","10","1","4","2","384","1","1","167","counter"
"3623","29","iphash:2667391d","^0-=^3'/^7o^3!^0d^0=-^6","2","bot:/botfiles/mediumds4.jkb","Rodian","0","8943","111","1","range","10","1","4","1","384","1","1","157",""
"3624","29","iphash:2667391d","^0-=^3'/^7o^3!^0d^0=-^6","2","bot:/botfiles/mediumds4.jkb","Rodian","0","9405","112","1","regen","10","1","4","1","384","1","1","78",""
"3625","29","iphash:2667391d","^0-=^3'/^7o^3!^0d^0=-^6","2","bot:/botfiles/mediumds4.jkb","Rodian","0","9438","113","1","regen","10","1","4","1","384","1","1","95",""
"3626","29","iphash:2667391d","^0-=^3'/^7o^3!^0d^0=-^6","2","bot:/botfiles/mediumds4.jkb","Rodian","0","9471","114","1","regen","10","1","4","1","384","1","1","114",""
"3627","29","iphash:2667391d","^0-=^3'/^7o^3!^0d^0=-^6","2","bot:/botfiles/mediumds4.jkb","Rodian","0","9504","115","1","regen","10","1","4","1","384","1","1","132",""
"3628","29","iphash:2667391d","^0-=^3'/^7o^3!^0d^0=-^6","2","bot:/botfiles/mediumds4.jkb","Rodian","0","9537","116","1","regen","10","1","4","1","384","1","1","151",""
"3629","29","iphash:2667391d","^0-=^3'/^7o^3!^0d^0=-^6","2","bot:/botfiles/mediumds4.jkb","Rodian","0","9570","117","1","regen","10","1","4","1","384","1","1","171",""
"3630","29","iphash:2667391d","^0-=^3'/^7o^3!^0d^0=-^6","2","bot:/botfiles/mediumds4.jkb","Rodian","0","9603","118","1","regen","10","1","4","1","384","1","1","-171",""
"3631","29","iphash:2667391d","^0-=^3'/^7o^3!^0d^0=-^6","2","bot:/botfiles/mediumds4.jkb","Rodian","0","9636","119","1","regen","10","1","4","1","384","1","1","-161",""
"3632","29","iphash:2667391d","^0-=^3'/^7o^3!^0d^0=-^6","2","bot:/botfiles/mediumds4.jkb","Rodian","0","9669","120","1","regen","10","1","4","2","384","1","1","-167",""
"3633","29","iphash:2667391d","^0-=^3'/^7o^3!^0d^0=-^6","2","bot:/botfiles/mediumds4.jkb","Rodian","0","9669","121","1","range","10","2","4","2","384","1","1","-167",""
"3634","29","iphash:2667391d","^0-=^3'/^7o^3!^0d^0=-^6","2","bot:/botfiles/mediumds4.jkb","Rodian","0","9702","122","1","regen","10","1","4","2","384","1","1","170",""
"3635","29","iphash:2667391d","^0-=^3'/^7o^3!^0d^0=-^6","2","bot:/botfiles/mediumds4.jkb","Rodian","0","9735","123","1","force","9","20","4","2","384","1","1","157",""
"3636","29","iphash:2667391d","^0-=^3'/^7o^3!^0d^0=-^6","2","bot:/botfiles/mediumds4.jkb","Rodian","0","10065","124","1","air","10","0","4","2","384","1","1","-135","landed"
"3637","29","iphash:2667391d","^0-=^3'/^7o^3!^0d^0=-^6","2","bot:/botfiles/mediumds4.jkb","Rodian","0","10395","125","1","air","10","1","4","2","384","1","1","138","airborne"
"3638","29","iphash:2667391d","^0-=^3'/^7o^3!^0d^0=-^6","2","bot:/botfiles/mediumds4.jkb","Rodian","0","10692","126","1","air","10","0","4","2","256","1","1","83","landed"
"3639","29","iphash:2667391d","^0-=^3'/^7o^3!^0d^0=-^6","2","bot:/botfiles/mediumds4.jkb","Rodian","0","10758","127","1","regen","10","1","4","2","256","1","1","92",""
"3640","29","iphash:2667391d","^0-=^3'/^7o^3!^0d^0=-^6","2","bot:/botfiles/mediumds4.jkb","Rodian","0","10791","128","1","regen","10","1","4","2","256","1","1","100",""
"3641","30","iphash:2667391d","^0-=^3'/^7o^3!^0d^0=-^6","2","bot:/botfiles/hardds.jkb","Imperial","0","33","1","0","air","10","0","0","3","0","0","0","1","landed"
"3642","30","iphash:2667391d","^0-=^3'/^7o^3!^0d^0=-^6","2","bot:/botfiles/hardds.jkb","Imperial","0","6171","2","0","range","10","2","0","2","256","1","1","-153",""
"3643","30","iphash:2667391d","^0-=^3'/^7o^3!^0d^0=-^6","2","bot:/botfiles/hardds.jkb","Imperial","0","6732","3","0","damage","10","30","2","2","256","1","1","160","saberthrow"
"3644","30","iphash:2667391d","^0-=^3'/^7o^3!^0d^0=-^6","2","bot:/botfiles/hardds.jkb","Imperial","0","6831","4","0","range","10","1","2","1","256","1","1","159",""
"3645","30","iphash:2667391d","^0-=^3'/^7o^3!^0d^0=-^6","2","bot:/botfiles/hardds.jkb","Imperial","0","7293","5","0","force","9","31","2","1","320","1","1","-174",""
"3646","30","iphash:2667391d","^0-=^3'/^7o^3!^0d^0=-^6","2","bot:/botfiles/hardds.jkb","Imperial","0","7293","6","1","counter_success","10","2","2","1","320","1","1","-174","counter"
"3647","30","iphash:2667391d","^0-=^3'/^7o^3!^0d^0=-^6","2","bot:/botfiles/hardds.jkb","Imperial","0","7425","7","1","force","9","1","2","1","320","1","1","161",""
"3648","30","iphash:2667391d","^0-=^3'/^7o^3!^0d^0=-^6","2","bot:/botfiles/hardds.jkb","Imperial","0","7524","8","1","range","10","2","2","2","320","1","1","-163",""
"3649","30","iphash:2667391d","^0-=^3'/^7o^3!^0d^0=-^6","2","bot:/botfiles/hardds.jkb","Imperial","0","7557","9","1","force","9","1","2","2","320","1","1","-155",""
"3650","30","iphash:2667391d","^0-=^3'/^7o^3!^0d^0=-^6","2","bot:/botfiles/hardds.jkb","Imperial","0","7689","10","1","force","9","1","2","2","320","1","1","-111",""
"3651","30","iphash:2667391d","^0-=^3'/^7o^3!^0d^0=-^6","2","bot:/botfiles/hardds.jkb","Imperial","0","7821","11","1","force","9","1","2","2","320","1","1","-91",""
"3652","30","iphash:2667391d","^0-=^3'/^7o^3!^0d^0=-^6","2","bot:/botfiles/hardds.jkb","Imperial","0","7920","12","1","air","10","1","2","2","320","1","1","179","airborne"
"3653","30","iphash:2667391d","^0-=^3'/^7o^3!^0d^0=-^6","2","bot:/botfiles/hardds.jkb","Imperial","0","7953","13","1","force","9","1","2","2","320","1","1","146",""
"3654","30","iphash:2667391d","^0-=^3'/^7o^3!^0d^0=-^6","2","bot:/botfiles/hardds.jkb","Imperial","0","7986","14","1","air","10","0","2","2","320","1","1","108","landed"
"3655","30","iphash:2667391d","^0-=^3'/^7o^3!^0d^0=-^6","2","bot:/botfiles/hardds.jkb","Imperial","0","8052","15","1","range","10","1","2","1","320","1","1","62",""
"3656","30","iphash:2667391d","^0-=^3'/^7o^3!^0d^0=-^6","2","bot:/botfiles/hardds.jkb","Imperial","0","8085","16","1","force","9","1","2","1","320","1","1","48",""
"3657","30","iphash:2667391d","^0-=^3'/^7o^3!^0d^0=-^6","2","bot:/botfiles/hardds.jkb","Imperial","0","8217","17","1","force","9","1","2","2","320","1","1","46",""
"3658","30","iphash:2667391d","^0-=^3'/^7o^3!^0d^0=-^6","2","bot:/botfiles/hardds.jkb","Imperial","0","8217","18","1","range","10","2","2","2","320","1","1","46",""
"3659","30","iphash:2667391d","^0-=^3'/^7o^3!^0d^0=-^6","2","bot:/botfiles/hardds.jkb","Imperial","0","8349","19","1","force","9","1","2","2","320","1","1","103",""
"3660","30","iphash:2667391d","^0-=^3'/^7o^3!^0d^0=-^6","2","bot:/botfiles/hardds.jkb","Imperial","0","8382","20","1","range","10","1","2","1","320","1","1","134",""
"3661","30","iphash:2667391d","^0-=^3'/^7o^3!^0d^0=-^6","2","bot:/botfiles/hardds.jkb","Imperial","0","8481","21","1","force","9","1","2","2","320","1","1","-134",""
"3662","30","iphash:2667391d","^0-=^3'/^7o^3!^0d^0=-^6","2","bot:/botfiles/hardds.jkb","Imperial","0","8481","22","1","range","10","2","2","2","320","1","1","-134",""
"3663","30","iphash:2667391d","^0-=^3'/^7o^3!^0d^0=-^6","2","bot:/botfiles/hardds.jkb","Imperial","0","8613","23","1","force","9","1","2","2","320","1","1","-48",""
"3664","30","iphash:2667391d","^0-=^3'/^7o^3!^0d^0=-^6","2","bot:/botfiles/hardds.jkb","Imperial","0","8679","24","1","range","10","1","2","1","320","1","1","-23",""
"3665","30","iphash:2667391d","^0-=^3'/^7o^3!^0d^0=-^6","2","bot:/botfiles/hardds.jkb","Imperial","0","8745","25","1","force","9","1","2","1","320","1","1","-8",""
"3666","30","iphash:2667391d","^0-=^3'/^7o^3!^0d^0=-^6","2","bot:/botfiles/hardds.jkb","Imperial","0","8877","26","1","force","9","1","2","1","320","1","1","-9",""
"3667","30","iphash:2667391d","^0-=^3'/^7o^3!^0d^0=-^6","2","bot:/botfiles/hardds.jkb","Imperial","0","9009","27","1","force","9","1","2","1","320","1","1","-73",""
"3668","30","iphash:2667391d","^0-=^3'/^7o^3!^0d^0=-^6","2","bot:/botfiles/hardds.jkb","Imperial","0","9141","28","1","force","9","7","2","1","320","1","1","-156",""
"3669","30","iphash:2667391d","^0-=^3'/^7o^3!^0d^0=-^6","2","bot:/botfiles/hardds.jkb","Imperial","0","9141","29","1","air","10","1","2","1","320","1","1","-156","airborne"
"3670","30","iphash:2667391d","^0-=^3'/^7o^3!^0d^0=-^6","2","bot:/botfiles/hardds.jkb","Imperial","0","9273","30","1","force","9","1","2","1","320","1","1","147",""
"3671","30","iphash:2667391d","^0-=^3'/^7o^3!^0d^0=-^6","2","bot:/botfiles/hardds.jkb","Imperial","0","9405","31","1","force","9","1","2","2","320","1","1","137",""
"3672","30","iphash:2667391d","^0-=^3'/^7o^3!^0d^0=-^6","2","bot:/botfiles/hardds.jkb","Imperial","0","9405","32","1","range","10","2","2","2","320","1","1","137",""
"3673","30","iphash:2667391d","^0-=^3'/^7o^3!^0d^0=-^6","2","bot:/botfiles/hardds.jkb","Imperial","0","9537","33","1","force","9","1","2","2","320","1","1","172",""
"3674","30","iphash:2667391d","^0-=^3'/^7o^3!^0d^0=-^6","2","bot:/botfiles/hardds.jkb","Imperial","0","9603","34","1","regen","10","1","2","2","320","1","1","-171",""
"3675","30","iphash:2667391d","^0-=^3'/^7o^3!^0d^0=-^6","2","bot:/botfiles/hardds.jkb","Imperial","0","9636","35","1","regen","10","1","2","1","320","1","1","-163",""
"3676","30","iphash:2667391d","^0-=^3'/^7o^3!^0d^0=-^6","2","bot:/botfiles/hardds.jkb","Imperial","0","9636","36","1","range","10","1","2","1","320","1","1","-163",""
"3677","30","iphash:2667391d","^0-=^3'/^7o^3!^0d^0=-^6","2","bot:/botfiles/hardds.jkb","Imperial","0","9669","37","1","regen","10","1","2","1","320","1","1","-156",""
"3678","30","iphash:2667391d","^0-=^3'/^7o^3!^0d^0=-^6","2","bot:/botfiles/hardds.jkb","Imperial","0","9669","38","1","air","10","0","2","1","320","1","1","-156","landed"
"3679","30","iphash:2667391d","^0-=^3'/^7o^3!^0d^0=-^6","2","bot:/botfiles/hardds.jkb","Imperial","0","9702","39","1","regen","10","1","2","1","320","1","1","-151",""
"3680","30","iphash:2667391d","^0-=^3'/^7o^3!^0d^0=-^6","2","bot:/botfiles/hardds.jkb","Imperial","0","9735","40","1","regen","10","1","2","1","320","1","1","-145",""
"3681","30","iphash:2667391d","^0-=^3'/^7o^3!^0d^0=-^6","2","bot:/botfiles/hardds.jkb","Imperial","0","9768","41","1","regen","10","1","2","1","320","1","1","-131",""
"3682","30","iphash:2667391d","^0-=^3'/^7o^3!^0d^0=-^6","2","bot:/botfiles/hardds.jkb","Imperial","0","9768","42","1","air","10","1","2","1","320","1","1","-131","airborne"
"3683","30","iphash:2667391d","^0-=^3'/^7o^3!^0d^0=-^6","2","bot:/botfiles/hardds.jkb","Imperial","0","9801","43","1","regen","10","1","2","1","320","1","1","-110",""
"3684","30","iphash:2667391d","^0-=^3'/^7o^3!^0d^0=-^6","2","bot:/botfiles/hardds.jkb","Imperial","0","9834","44","1","regen","10","1","2","1","320","1","1","-86",""
"3685","30","iphash:2667391d","^0-=^3'/^7o^3!^0d^0=-^6","2","bot:/botfiles/hardds.jkb","Imperial","0","9867","45","1","regen","10","1","2","1","320","1","1","-60",""
"3686","30","iphash:2667391d","^0-=^3'/^7o^3!^0d^0=-^6","2","bot:/botfiles/hardds.jkb","Imperial","0","9900","46","1","regen","10","1","2","1","320","1","1","-35",""
"3687","30","iphash:2667391d","^0-=^3'/^7o^3!^0d^0=-^6","2","bot:/botfiles/hardds.jkb","Imperial","0","9933","47","1","regen","10","1","2","1","320","1","1","-10",""
"3688","30","iphash:2667391d","^0-=^3'/^7o^3!^0d^0=-^6","2","bot:/botfiles/hardds.jkb","Imperial","0","9966","48","1","regen","10","1","2","1","320","1","1","13",""
"3689","30","iphash:2667391d","^0-=^3'/^7o^3!^0d^0=-^6","2","bot:/botfiles/hardds.jkb","Imperial","0","9999","49","1","regen","10","1","2","2","320","1","1","35",""
"3690","30","iphash:2667391d","^0-=^3'/^7o^3!^0d^0=-^6","2","bot:/botfiles/hardds.jkb","Imperial","0","9999","50","1","range","10","2","2","2","320","1","1","35",""
"3691","30","iphash:2667391d","^0-=^3'/^7o^3!^0d^0=-^6","2","bot:/botfiles/hardds.jkb","Imperial","0","10032","51","1","regen","10","1","2","2","320","1","1","57",""
"3692","30","iphash:2667391d","^0-=^3'/^7o^3!^0d^0=-^6","2","bot:/botfiles/hardds.jkb","Imperial","0","10065","52","1","regen","10","1","2","2","320","1","1","74",""
"3693","30","iphash:2667391d","^0-=^3'/^7o^3!^0d^0=-^6","2","bot:/botfiles/hardds.jkb","Imperial","0","10098","53","1","regen","10","1","2","2","320","1","1","83",""
"3694","30","iphash:2667391d","^0-=^3'/^7o^3!^0d^0=-^6","2","bot:/botfiles/hardds.jkb","Imperial","0","10131","54","1","regen","10","1","2","2","256","1","1","84",""
"3695","30","iphash:2667391d","^0-=^3'/^7o^3!^0d^0=-^6","2","bot:/botfiles/hardds.jkb","Imperial","0","10164","55","1","regen","10","1","2","2","256","1","1","86",""
"3696","30","iphash:2667391d","^0-=^3'/^7o^3!^0d^0=-^6","2","bot:/botfiles/hardds.jkb","Imperial","0","10197","56","1","regen","10","1","2","2","256","1","1","87",""
"3697","30","iphash:2667391d","^0-=^3'/^7o^3!^0d^0=-^6","2","bot:/botfiles/hardds.jkb","Imperial","0","10197","57","1","air","10","0","2","2","256","1","1","87","landed"
"3698","30","iphash:2667391d","^0-=^3'/^7o^3!^0d^0=-^6","2","bot:/botfiles/hardds.jkb","Imperial","0","10230","58","1","regen","10","1","2","2","256","1","1","94",""
"3699","30","iphash:2667391d","^0-=^3'/^7o^3!^0d^0=-^6","2","bot:/botfiles/hardds.jkb","Imperial","0","10263","59","1","regen","10","1","2","2","256","1","1","106",""
"3700","30","iphash:2667391d","^0-=^3'/^7o^3!^0d^0=-^6","2","bot:/botfiles/hardds.jkb","Imperial","0","10296","60","1","regen","10","1","0","2","256","1","1","133",""
"3701","30","iphash:2667391d","^0-=^3'/^7o^3!^0d^0=-^6","2","bot:/botfiles/hardds.jkb","Imperial","0","10329","61","1","regen","10","1","0","2","256","1","1","155",""
"3702","30","iphash:2667391d","^0-=^3'/^7o^3!^0d^0=-^6","2","bot:/botfiles/hardds.jkb","Imperial","0","10362","62","1","regen","10","1","0","2","256","1","1","162",""
"3703","30","iphash:2667391d","^0-=^3'/^7o^3!^0d^0=-^6","2","bot:/botfiles/hardds.jkb","Imperial","0","10395","63","1","regen","10","1","0","2","256","1","1","157",""
"3704","30","iphash:2667391d","^0-=^3'/^7o^3!^0d^0=-^6","2","bot:/botfiles/hardds.jkb","Imperial","0","10428","64","1","regen","10","1","0","2","256","1","1","150",""
"3705","30","iphash:2667391d","^0-=^3'/^7o^3!^0d^0=-^6","2","bot:/botfiles/hardds.jkb","Imperial","0","10461","65","1","regen","10","1","0","2","256","1","1","144",""
"3706","30","iphash:2667391d","^0-=^3'/^7o^3!^0d^0=-^6","2","bot:/botfiles/hardds.jkb","Imperial","0","10494","66","1","regen","10","1","0","2","256","1","1","139",""
"3707","30","iphash:2667391d","^0-=^3'/^7o^3!^0d^0=-^6","2","bot:/botfiles/hardds.jkb","Imperial","0","10527","67","1","regen","10","1","0","2","256","1","1","132",""
"3708","30","iphash:2667391d","^0-=^3'/^7o^3!^0d^0=-^6","2","bot:/botfiles/hardds.jkb","Imperial","0","10560","68","1","regen","10","1","0","2","256","1","1","128",""
"3709","30","iphash:2667391d","^0-=^3'/^7o^3!^0d^0=-^6","2","bot:/botfiles/hardds.jkb","Imperial","0","10593","69","1","regen","10","1","0","2","256","1","1","130",""
"3710","30","iphash:2667391d","^0-=^3'/^7o^3!^0d^0=-^6","2","bot:/botfiles/hardds.jkb","Imperial","0","10626","70","1","regen","10","1","0","2","256","1","1","135",""
"3711","30","iphash:2667391d","^0-=^3'/^7o^3!^0d^0=-^6","2","bot:/botfiles/hardds.jkb","Imperial","0","10659","71","1","regen","10","1","0","2","256","1","1","136",""
"3712","30","iphash:2667391d","^0-=^3'/^7o^3!^0d^0=-^6","2","bot:/botfiles/hardds.jkb","Imperial","0","10692","72","1","regen","10","1","0","2","256","1","1","137",""
"3713","30","iphash:2667391d","^0-=^3'/^7o^3!^0d^0=-^6","2","bot:/botfiles/hardds.jkb","Imperial","0","10725","73","1","regen","10","1","0","2","256","1","1","139",""
"3714","30","iphash:2667391d","^0-=^3'/^7o^3!^0d^0=-^6","2","bot:/botfiles/hardds.jkb","Imperial","0","10758","74","1","regen","10","1","0","2","256","1","1","141",""
"3715","30","iphash:2667391d","^0-=^3'/^7o^3!^0d^0=-^6","2","bot:/botfiles/hardds.jkb","Imperial","0","10791","75","1","regen","10","1","0","2","256","1","1","143",""
"3716","30","iphash:2667391d","^0-=^3'/^7o^3!^0d^0=-^6","2","bot:/botfiles/hardds.jkb","Imperial","0","10824","76","1","regen","10","1","0","2","256","1","1","148",""
"3717","30","iphash:2667391d","^0-=^3'/^7o^3!^0d^0=-^6","2","bot:/botfiles/hardds.jkb","Imperial","0","10857","77","1","regen","10","1","0","2","256","1","1","151",""
"3718","30","iphash:2667391d","^0-=^3'/^7o^3!^0d^0=-^6","2","bot:/botfiles/hardds.jkb","Imperial","0","10890","78","1","regen","10","1","0","2","256","1","1","154",""
"3719","30","iphash:2667391d","^0-=^3'/^7o^3!^0d^0=-^6","2","bot:/botfiles/hardds.jkb","Imperial","0","10923","79","1","regen","10","1","0","2","256","1","1","156",""
"3720","30","iphash:2667391d","^0-=^3'/^7o^3!^0d^0=-^6","2","bot:/botfiles/hardds.jkb","Imperial","0","10956","80","1","regen","10","1","0","2","256","1","1","156",""
"3721","30","iphash:2667391d","^0-=^3'/^7o^3!^0d^0=-^6","2","bot:/botfiles/hardds.jkb","Imperial","0","10989","81","1","regen","10","1","0","2","256","1","1","157",""
"3722","30","iphash:2667391d","^0-=^3'/^7o^3!^0d^0=-^6","2","bot:/botfiles/hardds.jkb","Imperial","0","11022","82","1","regen","10","1","0","2","320","1","1","157",""
"3723","30","iphash:2667391d","^0-=^3'/^7o^3!^0d^0=-^6","2","bot:/botfiles/hardds.jkb","Imperial","0","11055","83","1","regen","10","1","0","2","320","1","1","155",""
"3724","30","iphash:2667391d","^0-=^3'/^7o^3!^0d^0=-^6","2","bot:/botfiles/hardds.jkb","Imperial","0","11088","84","1","regen","10","1","0","2","320","1","1","153",""
"3725","30","iphash:2667391d","^0-=^3'/^7o^3!^0d^0=-^6","2","bot:/botfiles/hardds.jkb","Imperial","0","11121","85","1","regen","10","1","0","2","320","1","1","154",""
"3726","30","iphash:2667391d","^0-=^3'/^7o^3!^0d^0=-^6","2","bot:/botfiles/hardds.jkb","Imperial","0","11154","86","1","regen","10","1","0","2","320","1","1","156",""
"3727","30","iphash:2667391d","^0-=^3'/^7o^3!^0d^0=-^6","2","bot:/botfiles/hardds.jkb","Imperial","0","11187","87","1","force","9","4","0","2","320","1","1","162",""
"3728","30","iphash:2667391d","^0-=^3'/^7o^3!^0d^0=-^6","2","bot:/botfiles/hardds.jkb","Imperial","0","11220","88","1","force","9","4","0","2","320","1","1","167",""
"3729","30","iphash:2667391d","^0-=^3'/^7o^3!^0d^0=-^6","2","bot:/botfiles/hardds.jkb","Imperial","0","11286","89","1","force","9","4","0","2","320","1","1","-179",""
"3730","30","iphash:2667391d","^0-=^3'/^7o^3!^0d^0=-^6","2","bot:/botfiles/hardds.jkb","Imperial","0","11319","90","1","force","9","4","2","2","320","1","1","-172",""
"3731","30","iphash:2667391d","^0-=^3'/^7o^3!^0d^0=-^6","2","bot:/botfiles/hardds.jkb","Imperial","0","11385","91","1","force","9","4","2","2","256","1","1","-165",""
"3732","30","iphash:2667391d","^0-=^3'/^7o^3!^0d^0=-^6","2","bot:/botfiles/hardds.jkb","Imperial","0","11418","92","1","force","9","4","2","2","256","1","1","-162",""
"3733","30","iphash:2667391d","^0-=^3'/^7o^3!^0d^0=-^6","2","bot:/botfiles/hardds.jkb","Imperial","0","11484","93","1","force","9","4","2","2","256","1","1","-169",""
"3734","30","iphash:2667391d","^0-=^3'/^7o^3!^0d^0=-^6","2","bot:/botfiles/hardds.jkb","Imperial","0","11517","94","1","force","9","4","2","2","256","1","1","178",""
"3735","30","iphash:2667391d","^0-=^3'/^7o^3!^0d^0=-^6","2","bot:/botfiles/hardds.jkb","Imperial","0","11583","95","2","attack_start","10","128","2","2","384","1","1","158","alt"
"3736","30","iphash:2667391d","^0-=^3'/^7o^3!^0d^0=-^6","2","bot:/botfiles/hardds.jkb","Imperial","0","11583","96","2","force_to_saber","10","1","2","2","384","1","1","158","force_to_saber"
"3737","30","iphash:2667391d","^0-=^3'/^7o^3!^0d^0=-^6","2","bot:/botfiles/hardds.jkb","Imperial","0","11583","97","2","force","9","24","2","2","384","1","1","158",""
"3738","30","iphash:2667391d","^0-=^3'/^7o^3!^0d^0=-^6","2","bot:/botfiles/hardds.jkb","Imperial","0","11682","98","2","force","9","20","3","2","384","1","1","177",""
"3739","30","iphash:2667391d","^0-=^3'/^7o^3!^0d^0=-^6","2","bot:/botfiles/hardds.jkb","Imperial","0","11715","99","2","range","10","1","3","1","384","1","1","-167",""
"3740","30","iphash:2667391d","^0-=^3'/^7o^3!^0d^0=-^6","2","bot:/botfiles/hardds.jkb","Imperial","0","11814","100","2","force","9","6","3","1","384","1","1","-157",""
"3741","30","iphash:2667391d","^0-=^3'/^7o^3!^0d^0=-^6","2","bot:/botfiles/hardds.jkb","Imperial","0","11814","101","2","punish_success","10","20","3","1","384","1","1","-157","punish"
"3742","30","iphash:2667391d","^0-=^3'/^7o^3!^0d^0=-^6","2","bot:/botfiles/hardds.jkb","Imperial","0","11814","102","2","air","10","1","3","1","384","1","1","-157","airborne"
"3743","30","iphash:2667391d","^0-=^3'/^7o^3!^0d^0=-^6","2","bot:/botfiles/hardds.jkb","Imperial","0","12045","103","2","air","10","0","3","1","384","1","1","-172","landed"
"3744","30","iphash:2667391d","^0-=^3'/^7o^3!^0d^0=-^6","2","bot:/botfiles/hardds.jkb","Imperial","0","12111","104","2","regen","10","1","3","1","384","1","1","162",""
"3745","30","iphash:2667391d","^0-=^3'/^7o^3!^0d^0=-^6","2","bot:/botfiles/hardds.jkb","Imperial","0","12144","105","2","regen","10","1","3","1","384","1","1","145",""
"3746","30","iphash:2667391d","^0-=^3'/^7o^3!^0d^0=-^6","2","bot:/botfiles/hardds.jkb","Imperial","0","12177","106","2","regen","10","1","3","1","384","1","1","127",""
"3747","30","iphash:2667391d","^0-=^3'/^7o^3!^0d^0=-^6","2","bot:/botfiles/hardds.jkb","Imperial","0","12210","107","2","regen","10","1","3","1","384","1","1","110",""
"3748","30","iphash:2667391d","^0-=^3'/^7o^3!^0d^0=-^6","2","bot:/botfiles/hardds.jkb","Imperial","0","12243","108","2","regen","10","1","3","1","384","1","1","94",""
"3749","30","iphash:2667391d","^0-=^3'/^7o^3!^0d^0=-^6","2","bot:/botfiles/hardds.jkb","Imperial","0","12276","109","2","regen","10","1","3","1","384","1","1","81",""
"3750","30","iphash:2667391d","^0-=^3'/^7o^3!^0d^0=-^6","2","bot:/botfiles/hardds.jkb","Imperial","0","12309","110","2","regen","10","1","3","1","384","1","1","71",""
"3751","30","iphash:2667391d","^0-=^3'/^7o^3!^0d^0=-^6","2","bot:/botfiles/hardds.jkb","Imperial","0","12342","111","2","regen","10","1","3","1","384","1","155","80",""
"3752","30","iphash:2667391d","^0-=^3'/^7o^3!^0d^0=-^6","2","bot:/botfiles/hardds.jkb","Imperial","0","12375","112","2","regen","10","1","3","1","256","1","155","90",""
"3753","30","iphash:2667391d","^0-=^3'/^7o^3!^0d^0=-^6","2","bot:/botfiles/hardds.jkb","Imperial","0","12408","113","2","regen","10","1","3","1","256","1","155","101",""
"3754","30","iphash:2667391d","^0-=^3'/^7o^3!^0d^0=-^6","2","bot:/botfiles/hardds.jkb","Imperial","0","12441","114","2","regen","10","1","3","1","256","1","155","110",""
"3755","30","iphash:2667391d","^0-=^3'/^7o^3!^0d^0=-^6","2","bot:/botfiles/hardds.jkb","Imperial","0","12474","115","2","regen","10","1","3","1","256","1","155","117",""
"3756","30","iphash:2667391d","^0-=^3'/^7o^3!^0d^0=-^6","2","bot:/botfiles/hardds.jkb","Imperial","0","12507","116","2","regen","10","1","3","1","256","1","155","128",""
"3757","30","iphash:2667391d","^0-=^3'/^7o^3!^0d^0=-^6","2","bot:/botfiles/hardds.jkb","Imperial","0","12540","117","2","regen","10","1","0","1","256","1","155","144",""
"3758","30","iphash:2667391d","^0-=^3'/^7o^3!^0d^0=-^6","2","bot:/botfiles/hardds.jkb","Imperial","0","12540","118","2","reset_success","10","1","0","1","256","1","155","144","reset"
"3759","30","iphash:2667391d","^0-=^3'/^7o^3!^0d^0=-^6","2","bot:/botfiles/hardds.jkb","Imperial","0","12573","119","2","regen","10","1","0","1","256","1","155","159",""
"3760","30","iphash:2667391d","^0-=^3'/^7o^3!^0d^0=-^6","2","bot:/botfiles/hardds.jkb","Imperial","0","12606","120","2","regen","10","1","0","1","256","1","155","167",""
"3761","30","iphash:2667391d","^0-=^3'/^7o^3!^0d^0=-^6","2","bot:/botfiles/hardds.jkb","Imperial","0","12639","121","2","regen","10","1","0","1","256","1","155","173",""
"3762","30","iphash:2667391d","^0-=^3'/^7o^3!^0d^0=-^6","2","bot:/botfiles/hardds.jkb","Imperial","0","12672","122","2","regen","10","1","0","1","256","1","155","-179",""
"3763","30","iphash:2667391d","^0-=^3'/^7o^3!^0d^0=-^6","2","bot:/botfiles/hardds.jkb","Imperial","0","12705","123","2","regen","10","1","0","1","256","1","155","-167",""
"3764","30","iphash:2667391d","^0-=^3'/^7o^3!^0d^0=-^6","2","bot:/botfiles/hardds.jkb","Imperial","0","12738","124","2","regen","10","1","0","1","256","1","155","-148",""
"3765","30","iphash:2667391d","^0-=^3'/^7o^3!^0d^0=-^6","2","bot:/botfiles/hardds.jkb","Imperial","0","12771","125","2","regen","10","1","0","1","256","1","155","-128",""
"3766","30","iphash:2667391d","^0-=^3'/^7o^3!^0d^0=-^6","2","bot:/botfiles/hardds.jkb","Imperial","0","12804","126","2","regen","10","1","0","1","256","1","155","-121",""
"3767","30","iphash:2667391d","^0-=^3'/^7o^3!^0d^0=-^6","2","bot:/botfiles/hardds.jkb","Imperial","0","12804","127","2","air","10","1","0","1","256","1","155","-121","airborne"
"3768","30","iphash:2667391d","^0-=^3'/^7o^3!^0d^0=-^6","2","bot:/botfiles/hardds.jkb","Imperial","0","12837","128","2","regen","10","1","0","1","256","1","155","-108",""
"3769","31","user:void","void","1","bot:/botfiles/easyds2.jkb","Rax","0","165","1","0","air","10","0","0","3","256","0","0","172","landed"
"3770","31","user:void","void","1","bot:/botfiles/easyds2.jkb","Rax","0","1782","2","0","air","10","1","0","3","256","1","1","158","airborne"
"3771","31","user:void","void","1","bot:/botfiles/easyds2.jkb","Rax","0","2871","3","0","range","10","2","0","2","256","1","1","168",""
"3772","31","user:void","void","1","bot:/botfiles/easyds2.jkb","Rax","0","3069","4","1","attack_start","10","128","0","2","384","1","1","160","alt"
"3773","31","user:void","void","1","bot:/botfiles/easyds2.jkb","Rax","0","3069","5","1","force","9","20","0","2","384","1","1","160",""
"3774","31","user:void","void","1","bot:/botfiles/easyds2.jkb","Rax","0","3267","6","1","force","9","20","0","1","384","1","1","162",""
"3775","31","user:void","void","1","bot:/botfiles/easyds2.jkb","Rax","0","3267","7","1","range","10","1","0","1","384","1","1","162",""
"3776","31","user:void","void","1","bot:/botfiles/easyds2.jkb","Rax","0","3531","8","1","range","10","2","0","2","384","1","1","174",""
"3777","31","user:void","void","1","bot:/botfiles/easyds2.jkb","Rax","0","3729","9","1","regen","10","1","0","2","384","1","1","110",""
"3778","31","user:void","void","1","bot:/botfiles/easyds2.jkb","Rax","0","3762","10","1","regen","10","1","0","2","256","1","1","111",""
"3779","31","user:void","void","1","bot:/botfiles/easyds2.jkb","Rax","0","3795","11","1","regen","10","1","0","2","256","1","1","113",""
"3780","31","user:void","void","1","bot:/botfiles/easyds2.jkb","Rax","0","3828","12","1","regen","10","1","0","2","256","1","1","115",""
"3781","31","user:void","void","1","bot:/botfiles/easyds2.jkb","Rax","0","3861","13","1","regen","10","1","0","2","256","1","1","119",""
"3782","31","user:void","void","1","bot:/botfiles/easyds2.jkb","Rax","0","3861","14","1","air","10","0","0","2","256","1","1","119","landed"
"3783","31","user:void","void","1","bot:/botfiles/easyds2.jkb","Rax","0","3894","15","1","regen","10","1","0","2","256","1","1","122",""
"3784","31","user:void","void","1","bot:/botfiles/easyds2.jkb","Rax","0","3927","16","1","regen","10","1","0","2","256","1","1","123",""
"3785","31","user:void","void","1","bot:/botfiles/easyds2.jkb","Rax","0","3960","17","1","regen","10","1","0","2","256","1","1","128",""
"3786","31","user:void","void","1","bot:/botfiles/easyds2.jkb","Rax","0","3993","18","1","regen","10","1","0","2","256","1","1","132",""
"3787","31","user:void","void","1","bot:/botfiles/easyds2.jkb","Rax","0","4026","19","1","regen","10","1","0","2","256","1","1","137",""
"3788","31","user:void","void","1","bot:/botfiles/easyds2.jkb","Rax","0","4059","20","1","regen","10","1","0","2","256","1","1","142",""
"3789","31","user:void","void","1","bot:/botfiles/easyds2.jkb","Rax","0","4092","21","1","regen","10","1","0","2","256","1","1","145",""
"3790","31","user:void","void","1","bot:/botfiles/easyds2.jkb","Rax","0","4125","22","1","force","9","5","0","2","2304","1","1","147",""
"3791","31","user:void","void","1","bot:/botfiles/easyds2.jkb","Rax","0","4158","23","1","force","9","5","0","2","2304","1","1","149",""
"3792","31","user:void","void","1","bot:/botfiles/easyds2.jkb","Rax","0","4224","24","1","force","9","5","0","2","2304","1","1","154",""
"3793","31","user:void","void","1","bot:/botfiles/easyds2.jkb","Rax","0","4257","25","1","force","9","5","0","2","2304","1","1","156",""
"3794","31","user:void","void","1","bot:/botfiles/easyds2.jkb","Rax","0","4323","26","1","force","9","5","0","2","2304","1","1","161",""
"3795","31","user:void","void","1","bot:/botfiles/easyds2.jkb","Rax","0","4356","27","1","force","9","5","0","2","2304","1","1","164",""
"3796","31","user:void","void","1","bot:/botfiles/easyds2.jkb","Rax","0","4422","28","1","force","9","5","0","2","2304","1","1","167",""
"3797","31","user:void","void","1","bot:/botfiles/easyds2.jkb","Rax","0","4455","29","1","force","9","5","0","2","2304","1","1","170",""
"3798","31","user:void","void","1","bot:/botfiles/easyds2.jkb","Rax","0","4983","30","1","regen","10","1","0","2","320","1","1","-124",""
"3799","31","user:void","void","1","bot:/botfiles/easyds2.jkb","Rax","0","5016","31","1","regen","10","1","0","2","320","1","1","-121",""
"3800","31","user:void","void","1","bot:/botfiles/easyds2.jkb","Rax","0","5049","32","1","regen","10","1","0","2","320","1","1","-121",""
"3801","31","user:void","void","1","bot:/botfiles/easyds2.jkb","Rax","0","5082","33","1","regen","10","1","0","2","320","1","1","-120",""
"3802","31","user:void","void","1","bot:/botfiles/easyds2.jkb","Rax","0","5115","34","1","regen","10","1","0","2","320","1","1","-120",""
"3803","31","user:void","void","1","bot:/botfiles/easyds2.jkb","Rax","0","5148","35","1","regen","10","1","0","2","320","1","1","-120",""
"3804","31","user:void","void","1","bot:/botfiles/easyds2.jkb","Rax","0","5181","36","1","regen","10","1","0","2","320","1","1","-122",""
"3805","31","user:void","void","1","bot:/botfiles/easyds2.jkb","Rax","0","5214","37","1","regen","10","1","0","2","320","1","1","-126",""
"3806","31","user:void","void","1","bot:/botfiles/easyds2.jkb","Rax","0","5247","38","1","regen","10","1","0","2","320","1","1","-132",""
"3807","31","user:void","void","1","bot:/botfiles/easyds2.jkb","Rax","0","5280","39","1","regen","10","1","0","2","320","1","1","-137",""
"3808","31","user:void","void","1","bot:/botfiles/easyds2.jkb","Rax","0","5313","40","1","regen","10","1","0","2","320","1","1","-143",""
"3809","31","user:void","void","1","bot:/botfiles/easyds2.jkb","Rax","0","5346","41","1","regen","10","1","0","2","320","1","1","-147",""
"3810","31","user:void","void","1","bot:/botfiles/easyds2.jkb","Rax","0","5379","42","1","regen","10","1","0","2","320","1","1","-153",""
"3811","31","user:void","void","1","bot:/botfiles/easyds2.jkb","Rax","0","5412","43","1","regen","10","1","0","2","320","1","1","-162",""
"3812","31","user:void","void","1","bot:/botfiles/easyds2.jkb","Rax","0","5445","44","1","regen","10","1","0","2","320","1","1","-170",""
"3813","31","user:void","void","1","bot:/botfiles/easyds2.jkb","Rax","0","5478","45","1","regen","10","1","0","2","320","1","1","-178",""
"3814","31","user:void","void","1","bot:/botfiles/easyds2.jkb","Rax","0","5511","46","1","regen","10","1","0","1","320","1","1","168",""
"3815","31","user:void","void","1","bot:/botfiles/easyds2.jkb","Rax","0","5511","47","1","range","10","1","0","1","320","1","1","168",""
"3816","31","user:void","void","1","bot:/botfiles/easyds2.jkb","Rax","0","5544","48","1","regen","10","1","0","1","320","1","1","160",""
"3817","31","user:void","void","1","bot:/botfiles/easyds2.jkb","Rax","0","5577","49","1","regen","10","1","0","1","320","1","1","135",""
"3818","31","user:void","void","1","bot:/botfiles/easyds2.jkb","Rax","0","5610","50","1","regen","10","1","0","1","320","1","1","128",""
"3819","31","user:void","void","1","bot:/botfiles/easyds2.jkb","Rax","0","5643","51","1","regen","10","1","0","1","320","1","1","123",""
"3820","31","user:void","void","1","bot:/botfiles/easyds2.jkb","Rax","0","5676","52","1","regen","10","1","0","1","320","1","1","115",""
"3821","31","user:void","void","1","bot:/botfiles/easyds2.jkb","Rax","0","5709","53","1","regen","10","1","0","1","320","1","1","114",""
"3822","31","user:void","void","1","bot:/botfiles/easyds2.jkb","Rax","0","5742","54","1","regen","10","1","0","1","320","1","1","113",""
"3823","31","user:void","void","1","bot:/botfiles/easyds2.jkb","Rax","0","5775","55","1","regen","10","1","0","1","320","1","1","113",""
"3824","31","user:void","void","1","bot:/botfiles/easyds2.jkb","Rax","0","5808","56","1","regen","10","1","0","1","320","1","1","115",""
"3825","31","user:void","void","1","bot:/botfiles/easyds2.jkb","Rax","0","5841","57","1","regen","10","1","0","1","320","1","1","120",""
"3826","31","user:void","void","1","bot:/botfiles/easyds2.jkb","Rax","0","5874","58","1","regen","10","1","0","1","320","1","1","125",""
"3827","31","user:void","void","1","bot:/botfiles/easyds2.jkb","Rax","0","5907","59","1","regen","10","1","0","1","320","1","1","129",""
"3828","31","user:void","void","1","bot:/botfiles/easyds2.jkb","Rax","0","5940","60","1","regen","10","1","0","1","320","1","1","132",""
"3829","31","user:void","void","1","bot:/botfiles/easyds2.jkb","Rax","0","5973","61","1","regen","10","1","0","1","320","1","1","132",""
"3830","31","user:void","void","1","bot:/botfiles/easyds2.jkb","Rax","0","6006","62","1","regen","10","1","0","1","320","1","1","123",""
"3831","31","user:void","void","1","bot:/botfiles/easyds2.jkb","Rax","0","6039","63","1","regen","10","1","0","1","320","1","1","112",""
"3832","31","user:void","void","1","bot:/botfiles/easyds2.jkb","Rax","0","6072","64","1","regen","10","1","0","1","320","1","1","85",""
"3833","31","user:void","void","1","bot:/botfiles/easyds2.jkb","Rax","0","6105","65","1","regen","10","1","0","1","320","1","1","75",""
"3834","31","user:void","void","1","bot:/botfiles/easyds2.jkb","Rax","0","6138","66","1","regen","10","1","0","1","320","1","1","73",""
"3835","31","user:void","void","1","bot:/botfiles/easyds2.jkb","Rax","0","6171","67","1","regen","10","1","0","1","320","1","1","75",""
"3836","31","user:void","void","1","bot:/botfiles/easyds2.jkb","Rax","0","6204","68","1","regen","10","1","0","1","320","1","1","80",""
"3837","31","user:void","void","1","bot:/botfiles/easyds2.jkb","Rax","0","6237","69","1","regen","10","1","0","1","320","1","1","87",""
"3838","31","user:void","void","1","bot:/botfiles/easyds2.jkb","Rax","0","6270","70","1","regen","10","1","0","1","320","1","1","94",""
"3839","31","user:void","void","1","bot:/botfiles/easyds2.jkb","Rax","0","6303","71","1","regen","10","1","0","1","320","1","1","100",""
"3840","31","user:void","void","1","bot:/botfiles/easyds2.jkb","Rax","0","6336","72","1","regen","10","1","0","1","320","1","1","108",""
"3841","31","user:void","void","1","bot:/botfiles/easyds2.jkb","Rax","0","6369","73","1","regen","10","1","0","1","320","1","1","115",""
"3842","31","user:void","void","1","bot:/botfiles/easyds2.jkb","Rax","0","6402","74","1","regen","10","1","0","1","320","1","63","124",""
"3843","31","user:void","void","1","bot:/botfiles/easyds2.jkb","Rax","0","6435","75","1","regen","10","1","0","1","320","1","63","132",""
"3844","31","user:void","void","1","bot:/botfiles/easyds2.jkb","Rax","0","6435","76","1","damage","10","1","0","1","320","1","63","132",""
"3845","31","user:void","void","1","bot:/botfiles/easyds2.jkb","Rax","0","6468","77","1","regen","10","1","0","1","320","1","63","142",""
"3846","31","user:void","void","1","bot:/botfiles/easyds2.jkb","Rax","0","6501","78","1","regen","10","1","0","1","320","1","63","146",""
"3847","31","user:void","void","1","bot:/botfiles/easyds2.jkb","Rax","0","6534","79","1","regen","10","1","0","1","320","1","63","149",""
"3848","31","user:void","void","1","bot:/botfiles/easyds2.jkb","Rax","0","6567","80","1","regen","10","1","0","1","320","1","63","156",""
"3849","31","user:void","void","1","bot:/botfiles/easyds2.jkb","Rax","0","6600","81","1","regen","10","1","0","1","320","1","63","173",""
"3850","31","user:void","void","1","bot:/botfiles/easyds2.jkb","Rax","0","6633","82","1","regen","10","1","0","1","320","1","63","-161",""
"3851","31","user:void","void","1","bot:/botfiles/easyds2.jkb","Rax","0","6666","83","1","regen","10","1","0","1","320","1","5","-131",""
"3852","31","user:void","void","1","bot:/botfiles/easyds2.jkb","Rax","0","6699","84","1","regen","10","1","0","2","320","1","5","-114",""
"3853","31","user:void","void","1","bot:/botfiles/easyds2.jkb","Rax","0","6699","85","1","range","10","2","0","2","320","1","5","-114",""
"3854","31","user:void","void","1","bot:/botfiles/easyds2.jkb","Rax","0","6732","86","1","regen","10","1","0","2","320","1","5","-101",""
"3855","31","user:void","void","1","bot:/botfiles/easyds2.jkb","Rax","0","6765","87","1","regen","10","1","0","2","320","1","5","-86",""
"3856","31","user:void","void","1","bot:/botfiles/easyds2.jkb","Rax","0","6798","88","1","force","9","31","0","2","320","1","5","-86",""
"3857","31","user:void","void","1","bot:/botfiles/easyds2.jkb","Rax","0","6798","89","2","counter_success","10","2","0","2","320","1","5","-86","counter"
"3858","31","user:void","void","1","bot:/botfiles/easyds2.jkb","Rax","0","6897","90","2","range","10","1","0","1","320","1","5","-97",""
"3859","31","user:void","void","1","bot:/botfiles/easyds2.jkb","Rax","0","6930","91","2","force","9","1","0","1","320","1","5","-101",""
"3860","31","user:void","void","1","bot:/botfiles/easyds2.jkb","Rax","0","7062","92","2","force","9","1","0","1","320","1","70","-78",""
"3861","31","user:void","void","1","bot:/botfiles/easyds2.jkb","Rax","0","7194","93","2","force","9","1","0","1","320","1","70","-97",""
"3862","31","user:void","void","1","bot:/botfiles/easyds2.jkb","Rax","0","7326","94","2","force","9","1","0","1","320","1","1","-127",""
"3863","31","user:void","void","1","bot:/botfiles/easyds2.jkb","Rax","0","7392","95","2","force","9","6","0","1","320","1","1","-137",""
"3864","31","user:void","void","1","bot:/botfiles/easyds2.jkb","Rax","0","7392","96","2","counter_success","10","20","0","1","320","1","1","-137","counter"
"3865","31","user:void","void","1","bot:/botfiles/easyds2.jkb","Rax","0","7392","97","2","air","10","1","0","1","320","1","1","-137","airborne"
"3866","31","user:void","void","1","bot:/botfiles/easyds2.jkb","Rax","0","7458","98","2","force","9","1","2","1","320","1","1","-141",""
"3867","31","user:void","void","1","bot:/botfiles/easyds2.jkb","Rax","0","7590","99","2","force","9","1","2","1","320","1","1","-53",""
"3868","31","user:void","void","1","bot:/botfiles/easyds2.jkb","Rax","0","7722","100","2","force","9","1","2","2","320","1","1","-49",""
"3869","31","user:void","void","1","bot:/botfiles/easyds2.jkb","Rax","0","7722","101","2","range","10","2","2","2","320","1","1","-49",""
"3870","31","user:void","void","1","bot:/botfiles/easyds2.jkb","Rax","0","7854","102","2","force","9","1","2","2","320","1","1","-63",""
"3871","31","user:void","void","1","bot:/botfiles/easyds2.jkb","Rax","0","7920","103","2","range","10","1","2","1","320","1","1","-100",""
"3872","31","user:void","void","1","bot:/botfiles/easyds2.jkb","Rax","0","7986","104","2","force","9","1","2","1","320","1","1","-142",""
"3873","31","user:void","void","1","bot:/botfiles/easyds2.jkb","Rax","0","8118","105","2","force","9","1","2","1","320","1","1","-174",""
"3874","31","user:void","void","1","bot:/botfiles/easyds2.jkb","Rax","0","8184","106","2","air","10","0","2","1","320","1","1","173","landed"
"3875","31","user:void","void","1","bot:/botfiles/easyds2.jkb","Rax","0","8217","107","2","air","10","1","2","1","320","1","1","169","airborne"
"3876","31","user:void","void","1","bot:/botfiles/easyds2.jkb","Rax","0","8250","108","2","force","9","1","2","1","320","1","1","163",""
"3877","31","user:void","void","1","bot:/botfiles/easyds2.jkb","Rax","0","8382","109","2","force","9","1","2","1","320","1","1","154",""
"3878","31","user:void","void","1","bot:/botfiles/easyds2.jkb","Rax","0","8514","110","2","force","9","1","2","1","320","1","1","139",""
"3879","31","user:void","void","1","bot:/botfiles/easyds2.jkb","Rax","0","8646","111","2","force","9","1","2","1","320","1","1","129",""
"3880","31","user:void","void","1","bot:/botfiles/easyds2.jkb","Rax","0","8679","112","2","regen","10","1","2","1","256","1","1","132",""
"3881","31","user:void","void","1","bot:/botfiles/easyds2.jkb","Rax","0","8712","113","2","regen","10","1","2","1","256","1","1","134",""
"3882","31","user:void","void","1","bot:/botfiles/easyds2.jkb","Rax","0","8745","114","2","regen","10","1","2","1","256","1","1","133",""
"3883","31","user:void","void","1","bot:/botfiles/easyds2.jkb","Rax","0","8778","115","2","regen","10","1","2","1","256","1","1","137",""
"3884","31","user:void","void","1","bot:/botfiles/easyds2.jkb","Rax","0","8811","116","2","regen","10","1","2","1","256","1","1","144",""
"3885","31","user:void","void","1","bot:/botfiles/easyds2.jkb","Rax","0","8844","117","2","regen","10","1","2","1","256","1","1","146",""
"3886","31","user:void","void","1","bot:/botfiles/easyds2.jkb","Rax","0","8877","118","2","regen","10","1","2","1","256","1","1","151",""
"3887","31","user:void","void","1","bot:/botfiles/easyds2.jkb","Rax","0","8877","119","2","air","10","0","2","1","256","1","1","151","landed"
"3888","31","user:void","void","1","bot:/botfiles/easyds2.jkb","Rax","0","8910","120","2","attack_start","10","1","2","1","257","1","1","160","attack"
"3889","31","user:void","void","1","bot:/botfiles/easyds2.jkb","Rax","0","8910","121","2","force_to_saber","10","1","2","1","257","1","1","160","force_to_saber"
"3890","31","user:void","void","1","bot:/botfiles/easyds2.jkb","Rax","0","8910","122","2","regen","10","1","2","1","257","1","1","160",""
"3891","31","user:void","void","1","bot:/botfiles/easyds2.jkb","Rax","0","8943","123","2","regen","10","1","2","1","257","1","1","161",""
"3892","31","user:void","void","1","bot:/botfiles/easyds2.jkb","Rax","0","8976","124","2","regen","10","1","2","1","257","66","1","159",""
"3893","31","user:void","void","1","bot:/botfiles/easyds2.jkb","Rax","0","9009","125","2","regen","10","1","2","1","257","66","1","158",""
"3894","31","user:void","void","1","bot:/botfiles/easyds2.jkb","Rax","0","9042","126","2","regen","10","1","2","1","257","66","1","166",""
"3895","31","user:void","void","1","bot:/botfiles/easyds2.jkb","Rax","0","9075","127","2","regen","10","1","2","1","257","66","1","172",""
"3896","31","user:void","void","1","bot:/botfiles/easyds2.jkb","Rax","0","9108","128","2","regen","10","1","2","1","257","66","1","-152",""
"3897","32","user:void","void","1","bot:/botfiles/rebel.jkb","Rebel","0","33","1","0","air","10","0","0","3","256","0","0","176","landed"
"3898","32","user:void","void","1","bot:/botfiles/rebel.jkb","Rebel","0","858","2","0","range","10","2","0","2","256","1","1","-80",""
"3899","32","user:void","void","1","bot:/botfiles/rebel.jkb","Rebel","0","1650","3","0","range","10","1","0","1","256","1","1","129",""
"3900","32","user:void","void","1","bot:/botfiles/rebel.jkb","Rebel","0","2013","4","0","air","10","1","0","1","256","1","1","140","airborne"
"3901","32","user:void","void","1","bot:/botfiles/rebel.jkb","Rebel","0","2112","5","0","force","9","31","2","1","320","1","1","179",""
"3902","32","user:void","void","1","bot:/botfiles/rebel.jkb","Rebel","0","2211","6","1","range","10","2","2","2","320","1","1","-144",""
"3903","32","user:void","void","1","bot:/botfiles/rebel.jkb","Rebel","0","2244","7","1","force","9","1","2","2","320","1","1","-132",""
"3904","32","user:void","void","1","bot:/botfiles/rebel.jkb","Rebel","0","2343","8","1","regen","10","1","2","2","320","1","1","-73",""
"3905","32","user:void","void","1","bot:/botfiles/rebel.jkb","Rebel","0","2376","9","1","regen","10","1","0","2","320","1","1","-70",""
"3906","32","user:void","void","1","bot:/botfiles/rebel.jkb","Rebel","0","2409","10","1","regen","10","1","0","2","320","1","1","-84",""
"3907","32","user:void","void","1","bot:/botfiles/rebel.jkb","Rebel","0","2442","11","1","regen","10","1","0","2","320","1","1","-103",""
"3908","32","user:void","void","1","bot:/botfiles/rebel.jkb","Rebel","0","2475","12","1","regen","10","1","0","2","320","1","1","-138",""
"3909","32","user:void","void","1","bot:/botfiles/rebel.jkb","Rebel","0","2508","13","1","regen","10","1","0","2","320","1","1","-161",""
"3910","32","user:void","void","1","bot:/botfiles/rebel.jkb","Rebel","0","2541","14","1","regen","10","1","0","2","320","1","1","-176",""
"3911","32","user:void","void","1","bot:/botfiles/rebel.jkb","Rebel","0","2574","15","1","regen","10","1","0","2","320","1","1","149",""
"3912","32","user:void","void","1","bot:/botfiles/rebel.jkb","Rebel","0","2574","16","1","air","10","0","0","2","320","1","1","149","landed"
"3913","32","user:void","void","1","bot:/botfiles/rebel.jkb","Rebel","0","2607","17","1","regen","10","1","0","2","320","1","1","132",""
"3914","32","user:void","void","1","bot:/botfiles/rebel.jkb","Rebel","0","2640","18","1","regen","10","1","0","2","320","1","1","107",""
"3915","32","user:void","void","1","bot:/botfiles/rebel.jkb","Rebel","0","2673","19","1","regen","10","1","0","2","320","1","1","87",""
"3916","32","user:void","void","1","bot:/botfiles/rebel.jkb","Rebel","0","2706","20","1","regen","10","1","0","2","320","1","1","78",""
"3917","32","user:void","void","1","bot:/botfiles/rebel.jkb","Rebel","0","2739","21","1","regen","10","1","0","2","320","1","1","61",""
"3918","32","user:void","void","1","bot:/botfiles/rebel.jkb","Rebel","0","2772","22","1","regen","10","1","0","2","320","1","1","56",""
"3919","32","user:void","void","1","bot:/botfiles/rebel.jkb","Rebel","0","2805","23","1","regen","10","1","0","2","320","1","1","54",""
"3920","32","user:void","void","1","bot:/botfiles/rebel.jkb","Rebel","0","2838","24","1","regen","10","1","0","2","320","1","1","53",""
"3921","32","user:void","void","1","bot:/botfiles/rebel.jkb","Rebel","0","2871","25","1","regen","10","1","0","2","320","1","1","52",""
"3922","32","user:void","void","1","bot:/botfiles/rebel.jkb","Rebel","0","2904","26","1","regen","10","1","0","2","320","1","1","51",""
"3923","32","user:void","void","1","bot:/botfiles/rebel.jkb","Rebel","0","2937","27","1","regen","10","1","0","2","320","1","1","50",""
"3924","32","user:void","void","1","bot:/botfiles/rebel.jkb","Rebel","0","2970","28","1","regen","10","1","0","2","320","1","1","47",""
"3925","32","user:void","void","1","bot:/botfiles/rebel.jkb","Rebel","0","3003","29","1","regen","10","1","0","2","320","1","1","39",""
"3926","32","user:void","void","1","bot:/botfiles/rebel.jkb","Rebel","0","3036","30","1","regen","10","1","0","2","320","1","1","33",""
"3927","32","user:void","void","1","bot:/botfiles/rebel.jkb","Rebel","0","3069","31","1","regen","10","1","0","2","320","1","1","32",""
"3928","32","user:void","void","1","bot:/botfiles/rebel.jkb","Rebel","0","3102","32","1","regen","10","1","0","2","320","1","1","21",""
"3929","32","user:void","void","1","bot:/botfiles/rebel.jkb","Rebel","0","3135","33","1","regen","10","1","0","2","320","1","1","-8",""
"3930","32","user:void","void","1","bot:/botfiles/rebel.jkb","Rebel","0","3168","34","1","regen","10","1","0","2","320","1","1","-54",""
"3931","32","user:void","void","1","bot:/botfiles/rebel.jkb","Rebel","0","3201","35","1","regen","10","1","0","2","320","1","1","-78",""
"3932","32","user:void","void","1","bot:/botfiles/rebel.jkb","Rebel","0","3234","36","1","regen","10","1","0","2","256","1","1","-97",""
"3933","32","user:void","void","1","bot:/botfiles/rebel.jkb","Rebel","0","3267","37","1","regen","10","1","0","2","256","1","1","-99",""
"3934","32","user:void","void","1","bot:/botfiles/rebel.jkb","Rebel","0","3300","38","1","regen","10","1","0","2","256","1","1","-104",""
"3935","32","user:void","void","1","bot:/botfiles/rebel.jkb","Rebel","0","3333","39","1","regen","10","1","0","2","256","1","1","-109",""
"3936","32","user:void","void","1","bot:/botfiles/rebel.jkb","Rebel","0","3366","40","1","regen","10","1","0","2","256","1","1","-112",""
"3937","32","user:void","void","1","bot:/botfiles/rebel.jkb","Rebel","0","4950","41","1","range","10","1","4","1","320","1","8","146",""
"3938","32","user:void","void","1","bot:/botfiles/rebel.jkb","Rebel","0","5676","42","1","range","10","2","4","2","256","1","8","-155",""
"3939","32","user:void","void","1","bot:/botfiles/rebel.jkb","Rebel","0","5907","43","1","air","10","1","4","2","256","1","73","161","airborne"
"3940","32","user:void","void","1","bot:/botfiles/rebel.jkb","Rebel","0","6138","44","2","attack_start","10","128","4","2","384","1","73","135","alt"
"3941","32","user:void","void","1","bot:/botfiles/rebel.jkb","Rebel","0","6138","45","2","force","9","20","4","2","384","1","73","135",""
"3942","32","user:void","void","1","bot:/botfiles/rebel.jkb","Rebel","0","6798","46","2","range","10","3","4","3","256","1","0","169",""
"3943","32","user:void","void","1","bot:/botfiles/rebel.jkb","Rebel","0","6930","47","2","air","10","0","4","3","256","1","0","-172","landed"
"3944","32","user:void","void","1","bot:/botfiles/rebel.jkb","Rebel","0","7425","48","2","regen","10","1","4","3","256","1","0","-152",""
"3945","32","user:void","void","1","bot:/botfiles/rebel.jkb","Rebel","0","7458","49","2","regen","10","1","4","3","256","1","0","-153",""
"3946","32","user:void","void","1","bot:/botfiles/rebel.jkb","Rebel","0","7491","50","2","regen","10","1","4","3","256","1","0","-156",""
"3947","32","user:void","void","1","bot:/botfiles/rebel.jkb","Rebel","0","7524","51","2","regen","10","1","4","3","256","1","0","-158",""
"3948","32","user:void","void","1","bot:/botfiles/rebel.jkb","Rebel","0","7557","52","2","regen","10","1","4","3","256","1","0","-160",""
"3949","32","user:void","void","1","bot:/botfiles/rebel.jkb","Rebel","0","7590","53","2","regen","10","1","4","3","256","1","0","-162",""
"3950","32","user:void","void","1","bot:/botfiles/rebel.jkb","Rebel","0","7623","54","2","regen","10","1","4","3","256","1","0","-164",""
"3951","32","user:void","void","1","bot:/botfiles/rebel.jkb","Rebel","0","7656","55","2","regen","10","1","4","3","256","1","0","-164",""
"3952","32","user:void","void","1","bot:/botfiles/rebel.jkb","Rebel","0","7689","56","2","regen","10","1","4","3","256","1","0","-166",""
"3953","32","user:void","void","1","bot:/botfiles/rebel.jkb","Rebel","0","7722","57","3","attack_start","10","128","4","3","384","1","0","-168","alt"
"3954","32","user:void","void","1","bot:/botfiles/rebel.jkb","Rebel","0","7722","58","3","regen","10","1","4","3","384","1","0","-168",""
"3955","32","user:void","void","1","bot:/botfiles/rebel.jkb","Rebel","0","7755","59","3","force","9","20","0","3","384","1","0","-166",""
"3956","32","user:void","void","1","bot:/botfiles/rebel.jkb","Rebel","0","9603","60","3","regen","10","1","4","3","0","1","1","-152",""
"3957","32","user:void","void","1","bot:/botfiles/rebel.jkb","Rebel","0","9636","61","3","regen","10","1","4","3","0","1","1","-154",""
"3958","32","user:void","void","1","bot:/botfiles/rebel.jkb","Rebel","0","9669","62","3","regen","10","1","4","3","0","1","1","-155",""
"3959","32","user:void","void","1","bot:/botfiles/rebel.jkb","Rebel","0","9702","63","3","regen","10","1","4","3","0","1","1","-157",""
"3960","32","user:void","void","1","bot:/botfiles/rebel.jkb","Rebel","0","9735","64","3","regen","10","1","4","3","0","1","1","-159",""
"3961","32","user:void","void","1","bot:/botfiles/rebel.jkb","Rebel","0","9768","65","3","regen","10","1","4","3","0","1","1","-161",""
"3962","32","user:void","void","1","bot:/botfiles/rebel.jkb","Rebel","0","9801","66","3","regen","10","1","4","3","0","1","1","-163",""
"3963","32","user:void","void","1","bot:/botfiles/rebel.jkb","Rebel","0","9834","67","3","regen","10","1","4","3","0","1","1","-164",""
"3964","32","user:void","void","1","bot:/botfiles/rebel.jkb","Rebel","0","9867","68","3","regen","10","1","4","3","0","1","1","-166",""
"3965","32","user:void","void","1","bot:/botfiles/rebel.jkb","Rebel","0","9900","69","3","regen","10","1","4","3","0","1","1","-168",""
"3966","32","user:void","void","1","bot:/botfiles/rebel.jkb","Rebel","0","9933","70","3","regen","10","1","4","3","0","1","1","-170",""
"3967","32","user:void","void","1","bot:/botfiles/rebel.jkb","Rebel","0","9966","71","3","regen","10","1","4","3","256","1","1","-172",""
"3968","32","user:void","void","1","bot:/botfiles/rebel.jkb","Rebel","0","9966","72","3","air","10","1","4","3","256","1","1","-172","airborne"
"3969","32","user:void","void","1","bot:/botfiles/rebel.jkb","Rebel","0","9999","73","3","regen","10","1","4","3","256","1","1","-173",""
"3970","32","user:void","void","1","bot:/botfiles/rebel.jkb","Rebel","0","10032","74","3","regen","10","1","4","3","0","1","1","-175",""
"3971","32","user:void","void","1","bot:/botfiles/rebel.jkb","Rebel","0","10065","75","3","regen","10","1","4","3","0","1","1","-176",""
"3972","32","user:void","void","1","bot:/botfiles/rebel.jkb","Rebel","0","10098","76","3","regen","10","1","4","3","0","1","1","-178",""
"3973","32","user:void","void","1","bot:/botfiles/rebel.jkb","Rebel","0","10131","77","3","regen","10","1","4","3","0","1","1","-179",""
"3974","32","user:void","void","1","bot:/botfiles/rebel.jkb","Rebel","0","10164","78","3","regen","10","1","4","3","0","1","1","179",""
"3975","32","user:void","void","1","bot:/botfiles/rebel.jkb","Rebel","0","10197","79","3","regen","10","1","0","3","0","1","1","177",""
"3976","32","user:void","void","1","bot:/botfiles/rebel.jkb","Rebel","0","10230","80","3","regen","10","1","0","3","256","1","1","176",""
"3977","32","user:void","void","1","bot:/botfiles/rebel.jkb","Rebel","0","10263","81","3","regen","10","1","0","3","256","1","1","175",""
"3978","32","user:void","void","1","bot:/botfiles/rebel.jkb","Rebel","0","10296","82","3","regen","10","1","0","3","256","1","1","174",""
"3979","32","user:void","void","1","bot:/botfiles/rebel.jkb","Rebel","0","10329","83","3","regen","10","1","0","3","256","1","1","173",""
"3980","32","user:void","void","1","bot:/botfiles/rebel.jkb","Rebel","0","10362","84","3","regen","10","1","0","3","256","1","1","172",""
"3981","32","user:void","void","1","bot:/botfiles/rebel.jkb","Rebel","0","10395","85","3","regen","10","1","0","3","256","1","1","171",""
"3982","32","user:void","void","1","bot:/botfiles/rebel.jkb","Rebel","0","10428","86","3","regen","10","1","0","3","256","1","1","170",""
"3983","32","user:void","void","1","bot:/botfiles/rebel.jkb","Rebel","0","10461","87","3","regen","10","1","0","3","256","1","1","170",""
"3984","32","user:void","void","1","bot:/botfiles/rebel.jkb","Rebel","0","10494","88","3","regen","10","1","0","3","256","1","1","169",""
"3985","32","user:void","void","1","bot:/botfiles/rebel.jkb","Rebel","0","10527","89","3","regen","10","1","0","3","256","1","1","169",""
"3986","32","user:void","void","1","bot:/botfiles/rebel.jkb","Rebel","0","10560","90","3","regen","10","1","0","3","256","1","1","169",""
"3987","32","user:void","void","1","bot:/botfiles/rebel.jkb","Rebel","0","10626","91","4","attack_start","10","128","0","3","384","1","1","169","alt"
"3988","32","user:void","void","1","bot:/botfiles/rebel.jkb","Rebel","0","10626","92","4","force","9","20","0","3","384","1","1","169",""
"3989","32","user:void","void","1","bot:/botfiles/rebel.jkb","Rebel","0","10989","93","4","air","10","0","0","3","384","1","1","172","landed"
"3990","32","user:void","void","1","bot:/botfiles/rebel.jkb","Rebel","0","11022","94","4","range","10","2","0","2","384","1","1","173",""
"3991","32","user:void","void","1","bot:/botfiles/rebel.jkb","Rebel","0","11253","95","4","force","9","20","0","2","384","1","1","171",""
"3992","32","user:void","void","1","bot:/botfiles/rebel.jkb","Rebel","0","11451","96","4","punish_success","10","30","0","2","384","1","1","167","punish"
"3993","32","user:void","void","1","bot:/botfiles/rebel.jkb","Rebel","0","12012","97","4","regen","10","1","2","2","256","1","1","149",""
"3994","32","user:void","void","1","bot:/botfiles/rebel.jkb","Rebel","0","12045","98","4","regen","10","1","2","2","256","1","1","150",""
"3995","32","user:void","void","1","bot:/botfiles/rebel.jkb","Rebel","0","12078","99","4","regen","10","1","2","2","256","1","1","154",""
"3996","32","user:void","void","1","bot:/botfiles/rebel.jkb","Rebel","0","12111","100","4","regen","10","1","2","2","256","1","1","157",""
"3997","32","user:void","void","1","bot:/botfiles/rebel.jkb","Rebel","0","12144","101","4","regen","10","1","2","2","256","1","1","160",""
"3998","32","user:void","void","1","bot:/botfiles/rebel.jkb","Rebel","0","12177","102","4","regen","10","1","2","2","256","1","1","162",""
"3999","32","user:void","void","1","bot:/botfiles/rebel.jkb","Rebel","0","12177","103","4","air","10","1","2","2","256","1","1","162","airborne"
"4000","32","user:void","void","1","bot:/botfiles/rebel.jkb","Rebel","0","12210","104","4","regen","10","1","2","2","256","1","1","165",""
"4001","32","user:void","void","1","bot:/botfiles/rebel.jkb","Rebel","0","12243","105","4","regen","10","1","2","2","256","1","1","168",""
"4002","32","user:void","void","1","bot:/botfiles/rebel.jkb","Rebel","0","12276","106","4","regen","10","1","2","2","256","1","1","171",""
"4003","32","user:void","void","1","bot:/botfiles/rebel.jkb","Rebel","0","12309","107","4","regen","10","1","2","2","256","1","1","177",""
"4004","32","user:void","void","1","bot:/botfiles/rebel.jkb","Rebel","0","12342","108","4","regen","10","1","2","2","256","1","1","179",""
"4005","32","user:void","void","1","bot:/botfiles/rebel.jkb","Rebel","0","12375","109","4","regen","10","1","2","2","256","1","1","-178",""
"4006","32","user:void","void","1","bot:/botfiles/rebel.jkb","Rebel","0","12408","110","4","regen","10","1","2","2","256","1","1","-174",""
"4007","32","user:void","void","1","bot:/botfiles/rebel.jkb","Rebel","0","12441","111","4","regen","10","1","2","2","256","1","1","-173",""
"4008","32","user:void","void","1","bot:/botfiles/rebel.jkb","Rebel","0","12474","112","4","attack_start","10","128","2","2","384","1","1","-169","alt"
"4009","32","user:void","void","1","bot:/botfiles/rebel.jkb","Rebel","0","12474","113","4","regen","10","1","2","2","384","1","1","-169",""
"4010","32","user:void","void","1","bot:/botfiles/rebel.jkb","Rebel","0","12507","114","4","force","9","20","2","2","384","1","1","-165",""
"4011","32","user:void","void","1","bot:/botfiles/rebel.jkb","Rebel","0","12738","115","4","force","9","20","2","2","384","1","1","-153",""
"4012","32","user:void","void","1","bot:/botfiles/rebel.jkb","Rebel","0","12771","116","4","range","10","3","2","3","384","1","1","-155",""
"4013","32","user:void","void","1","bot:/botfiles/rebel.jkb","Rebel","0","13200","117","4","punish_success","10","30","2","3","384","1","1","179","punish"
"4014","32","user:void","void","1","bot:/botfiles/rebel.jkb","Rebel","0","13200","118","4","air","10","0","2","3","384","1","1","179","landed"
"4015","32","user:void","void","1","bot:/botfiles/rebel.jkb","Rebel","0","13992","119","4","regen","10","1","2","3","0","1","1","167",""
"4016","32","user:void","void","1","bot:/botfiles/rebel.jkb","Rebel","0","14025","120","4","regen","10","1","2","3","0","1","1","169",""
"4017","32","user:void","void","1","bot:/botfiles/rebel.jkb","Rebel","0","14058","121","4","regen","10","1","2","3","256","1","1","172",""
"4018","32","user:void","void","1","bot:/botfiles/rebel.jkb","Rebel","0","14091","122","4","regen","10","1","2","3","256","1","1","176",""
"4019","32","user:void","void","1","bot:/botfiles/rebel.jkb","Rebel","0","14124","123","4","regen","10","1","2","3","256","1","1","179",""
"4020","32","user:void","void","1","bot:/botfiles/rebel.jkb","Rebel","0","14157","124","4","regen","10","1","2","3","256","1","1","-178",""
"4021","32","user:void","void","1","bot:/botfiles/rebel.jkb","Rebel","0","14190","125","4","regen","10","1","2","3","256","1","1","-177",""
"4022","32","user:void","void","1","bot:/botfiles/rebel.jkb","Rebel","0","14223","126","4","regen","10","1","2","3","256","1","1","-177",""
"4023","32","user:void","void","1","bot:/botfiles/rebel.jkb","Rebel","0","14256","127","4","regen","10","1","2","3","256","1","1","-176",""
"4024","32","user:void","void","1","bot:/botfiles/rebel.jkb","Rebel","0","14289","128","4","regen","10","1","2","3","256","1","1","-177",""
"4025","33","user:void","void","1","bot:/botfiles/mediumds2.jkb","BobaFett","0","33","1","0","air","10","0","0","2","256","0","0","24","landed"
"4026","33","user:void","void","1","bot:/botfiles/mediumds2.jkb","BobaFett","0","594","2","0","range","10","3","0","3","256","0","0","99",""
"4027","33","user:void","void","1","bot:/botfiles/mediumds2.jkb","BobaFett","0","2310","3","1","attack_start","10","128","0","3","384","36","1","172","alt"
"4028","33","user:void","void","1","bot:/botfiles/mediumds2.jkb","BobaFett","0","2970","4","1","force","9","20","0","3","384","1","1","-172",""
"4029","33","user:void","void","1","bot:/botfiles/mediumds2.jkb","BobaFett","0","3333","5","1","force","9","20","2","3","384","1","1","-167",""
"4030","33","user:void","void","1","bot:/botfiles/mediumds2.jkb","BobaFett","0","3795","6","1","saber_return_punish","10","30","2","3","384","1","1","165","return"
"4031","33","user:void","void","1","bot:/botfiles/mediumds2.jkb","BobaFett","0","4620","7","1","regen","10","1","0","3","256","1","1","-138",""
"4032","33","user:void","void","1","bot:/botfiles/mediumds2.jkb","BobaFett","0","4653","8","1","regen","10","1","0","3","256","1","1","-138",""
"4033","33","user:void","void","1","bot:/botfiles/mediumds2.jkb","BobaFett","0","4686","9","1","regen","10","1","0","3","256","1","1","-138",""
"4034","33","user:void","void","1","bot:/botfiles/mediumds2.jkb","BobaFett","0","4719","10","1","regen","10","1","0","3","256","1","1","-138",""
"4035","33","user:void","void","1","bot:/botfiles/mediumds2.jkb","BobaFett","0","4752","11","1","regen","10","1","0","3","256","1","1","-141",""
"4036","33","user:void","void","1","bot:/botfiles/mediumds2.jkb","BobaFett","0","4785","12","1","regen","10","1","0","3","256","1","1","-151",""
"4037","33","user:void","void","1","bot:/botfiles/mediumds2.jkb","BobaFett","0","4818","13","1","regen","10","1","0","3","256","1","1","-161",""
"4038","33","user:void","void","1","bot:/botfiles/mediumds2.jkb","BobaFett","0","4851","14","1","regen","10","1","0","3","256","1","1","-177",""
"4039","33","user:void","void","1","bot:/botfiles/mediumds2.jkb","BobaFett","0","4884","15","1","regen","10","1","0","3","256","1","1","175",""
"4040","33","user:void","void","1","bot:/botfiles/mediumds2.jkb","BobaFett","0","4917","16","1","regen","10","1","0","3","256","1","1","171",""
"4041","33","user:void","void","1","bot:/botfiles/mediumds2.jkb","BobaFett","0","4950","17","1","regen","10","1","0","3","256","1","1","170",""
"4042","33","user:void","void","1","bot:/botfiles/mediumds2.jkb","BobaFett","0","4983","18","1","regen","10","1","0","3","256","1","1","170",""
"4043","33","user:void","void","1","bot:/botfiles/mediumds2.jkb","BobaFett","0","5016","19","1","regen","10","1","0","3","256","1","1","170",""
"4044","33","user:void","void","1","bot:/botfiles/mediumds2.jkb","BobaFett","0","5049","20","1","regen","10","1","0","3","256","1","1","171",""
"4045","33","user:void","void","1","bot:/botfiles/mediumds2.jkb","BobaFett","0","5082","21","1","regen","10","1","0","3","256","1","1","171",""
"4046","33","user:void","void","1","bot:/botfiles/mediumds2.jkb","BobaFett","0","5115","22","1","regen","10","1","0","3","256","1","1","171",""
"4047","33","user:void","void","1","bot:/botfiles/mediumds2.jkb","BobaFett","0","5148","23","1","regen","10","1","0","3","256","1","1","171",""
"4048","33","user:void","void","1","bot:/botfiles/mediumds2.jkb","BobaFett","0","5181","24","1","regen","10","1","0","3","256","1","1","171",""
"4049","33","user:void","void","1","bot:/botfiles/mediumds2.jkb","BobaFett","0","5214","25","1","regen","10","1","0","3","256","1","1","171",""
"4050","33","user:void","void","1","bot:/botfiles/mediumds2.jkb","BobaFett","0","5247","26","1","regen","10","1","0","3","256","1","1","173",""
"4051","33","user:void","void","1","bot:/botfiles/mediumds2.jkb","BobaFett","0","5280","27","1","regen","10","1","0","3","256","1","1","175",""
"4052","33","user:void","void","1","bot:/botfiles/mediumds2.jkb","BobaFett","0","5313","28","1","regen","10","1","0","3","256","1","1","177",""
"4053","33","user:void","void","1","bot:/botfiles/mediumds2.jkb","BobaFett","0","5346","29","1","regen","10","1","0","3","256","1","1","-179",""
"4054","33","user:void","void","1","bot:/botfiles/mediumds2.jkb","BobaFett","0","5379","30","1","regen","10","1","0","3","256","1","1","-175",""
"4055","33","user:void","void","1","bot:/botfiles/mediumds2.jkb","BobaFett","0","5412","31","2","attack_start","10","128","2","3","384","1","1","-174","alt"
"4056","33","user:void","void","1","bot:/botfiles/mediumds2.jkb","BobaFett","0","5412","32","2","force","9","20","2","3","384","1","1","-174",""
"4057","33","user:void","void","1","bot:/botfiles/mediumds2.jkb","BobaFett","0","6303","33","2","force","9","20","2","3","384","1","1","-163",""
"4058","33","user:void","void","1","bot:/botfiles/mediumds2.jkb","BobaFett","0","7986","34","2","regen","10","1","2","3","256","1","1","148",""
"4059","33","user:void","void","1","bot:/botfiles/mediumds2.jkb","BobaFett","0","8019","35","2","regen","10","1","2","3","256","1","1","152",""
"4060","33","user:void","void","1","bot:/botfiles/mediumds2.jkb","BobaFett","0","8052","36","2","regen","10","1","2","3","256","1","1","156",""
"4061","33","user:void","void","1","bot:/botfiles/mediumds2.jkb","BobaFett","0","8085","37","2","regen","10","1","2","3","256","1","1","159",""
"4062","33","user:void","void","1","bot:/botfiles/mediumds2.jkb","BobaFett","0","8118","38","2","regen","10","1","2","3","256","1","1","163",""
"4063","33","user:void","void","1","bot:/botfiles/mediumds2.jkb","BobaFett","0","8151","39","2","regen","10","1","2","3","256","1","1","167",""
"4064","33","user:void","void","1","bot:/botfiles/mediumds2.jkb","BobaFett","0","8184","40","2","regen","10","1","2","3","256","1","1","169",""
"4065","33","user:void","void","1","bot:/botfiles/mediumds2.jkb","BobaFett","0","8217","41","2","regen","10","1","2","3","256","1","1","171",""
"4066","33","user:void","void","1","bot:/botfiles/mediumds2.jkb","BobaFett","0","8250","42","2","regen","10","1","2","3","256","1","1","173",""
"4067","33","user:void","void","1","bot:/botfiles/mediumds2.jkb","BobaFett","0","8283","43","2","regen","10","1","2","3","256","1","1","175",""
"4068","33","user:void","void","1","bot:/botfiles/mediumds2.jkb","BobaFett","0","8316","44","2","regen","10","1","2","3","256","1","1","175",""
"4069","33","user:void","void","1","bot:/botfiles/mediumds2.jkb","BobaFett","0","8349","45","2","regen","10","1","2","3","256","1","1","175",""
"4070","33","user:void","void","1","bot:/botfiles/mediumds2.jkb","BobaFett","0","8382","46","3","attack_start","10","128","2","3","384","1","1","174","alt"
"4071","33","user:void","void","1","bot:/botfiles/mediumds2.jkb","BobaFett","0","8382","47","3","force","9","20","2","3","384","1","1","174",""
"4072","33","user:void","void","1","bot:/botfiles/mediumds2.jkb","BobaFett","0","8613","48","3","force","9","4","2","3","384","1","1","-169",""
"4073","33","user:void","void","1","bot:/botfiles/mediumds2.jkb","BobaFett","0","8712","49","3","force","9","20","3","3","384","1","1","-174",""
"4074","33","user:void","void","1","bot:/botfiles/mediumds2.jkb","BobaFett","0","8943","50","3","air","10","1","3","3","384","1","1","-176","airborne"
"4075","33","user:void","void","1","bot:/botfiles/mediumds2.jkb","BobaFett","0","9636","51","3","air","10","0","3","3","384","1","155","173","landed"
"4076","33","user:void","void","1","bot:/botfiles/mediumds2.jkb","BobaFett","0","10329","52","3","regen","10","1","3","3","256","1","0","169",""
"4077","33","user:void","void","1","bot:/botfiles/mediumds2.jkb","BobaFett","0","10362","53","3","regen","10","1","3","3","256","1","0","170",""
"4078","33","user:void","void","1","bot:/botfiles/mediumds2.jkb","BobaFett","0","10395","54","3","regen","10","1","3","3","256","1","0","171",""
"4079","33","user:void","void","1","bot:/botfiles/mediumds2.jkb","BobaFett","0","10428","55","3","regen","10","1","3","3","256","1","0","171",""
"4080","33","user:void","void","1","bot:/botfiles/mediumds2.jkb","BobaFett","0","10461","56","3","regen","10","1","3","3","256","1","0","171",""
"4081","33","user:void","void","1","bot:/botfiles/mediumds2.jkb","BobaFett","0","10461","57","3","air","10","1","3","3","256","1","0","171","airborne"
"4082","33","user:void","void","1","bot:/botfiles/mediumds2.jkb","BobaFett","0","10494","58","3","regen","10","1","3","3","256","1","0","171",""
"4083","33","user:void","void","1","bot:/botfiles/mediumds2.jkb","BobaFett","0","10527","59","3","regen","10","1","3","3","256","1","0","171",""
"4084","33","user:void","void","1","bot:/botfiles/mediumds2.jkb","BobaFett","0","10560","60","3","regen","10","1","3","3","256","1","0","171",""
"4085","33","user:void","void","1","bot:/botfiles/mediumds2.jkb","BobaFett","0","10593","61","3","regen","10","1","3","3","256","1","0","169",""
"4086","33","user:void","void","1","bot:/botfiles/mediumds2.jkb","BobaFett","0","10593","62","3","air","10","0","3","3","256","1","0","169","landed"
"4087","33","user:void","void","1","bot:/botfiles/mediumds2.jkb","BobaFett","0","10626","63","3","regen","10","1","3","3","256","1","0","167",""
"4088","33","user:void","void","1","bot:/botfiles/mediumds2.jkb","BobaFett","0","10659","64","3","regen","10","1","3","3","256","1","0","167",""
"4089","33","user:void","void","1","bot:/botfiles/mediumds2.jkb","BobaFett","0","10692","65","3","regen","10","1","3","3","256","1","0","169",""
"4090","33","user:void","void","1","bot:/botfiles/mediumds2.jkb","BobaFett","0","10725","66","4","attack_start","10","128","3","3","384","1","0","171","alt"
"4091","33","user:void","void","1","bot:/botfiles/mediumds2.jkb","BobaFett","0","10725","67","4","force_to_saber","10","1","3","3","384","1","0","171","force_to_saber"
"4092","33","user:void","void","1","bot:/botfiles/mediumds2.jkb","BobaFett","0","10725","68","4","force","9","20","3","3","384","1","0","171",""
"4093","33","user:void","void","1","bot:/botfiles/mediumds2.jkb","BobaFett","0","10791","69","4","air","10","1","3","3","384","1","1","177","airborne"
"4094","33","user:void","void","1","bot:/botfiles/mediumds2.jkb","BobaFett","0","10956","70","4","range","10","2","3","2","384","1","1","-169",""
"4095","33","user:void","void","1","bot:/botfiles/mediumds2.jkb","BobaFett","0","11418","71","4","air","10","0","3","2","384","1","1","163","landed"
"4096","33","user:void","void","1","bot:/botfiles/mediumds2.jkb","BobaFett","0","11517","72","4","force","9","4","3","2","384","1","1","149",""
"4097","33","user:void","void","1","bot:/botfiles/mediumds2.jkb","BobaFett","0","11583","73","4","range","10","1","3","1","384","1","1","142",""
"4098","33","user:void","void","1","bot:/botfiles/mediumds2.jkb","BobaFett","0","11847","74","4","range","10","2","3","2","384","1","0","124",""
"4099","33","user:void","void","1","bot:/botfiles/mediumds2.jkb","BobaFett","0","12507","75","4","regen","10","1","3","2","256","1","0","168",""
"4100","33","user:void","void","1","bot:/botfiles/mediumds2.jkb","BobaFett","0","12540","76","4","regen","10","1","3","2","256","1","0","167",""
"4101","33","user:void","void","1","bot:/botfiles/mediumds2.jkb","BobaFett","0","12573","77","4","regen","10","1","3","2","256","1","0","165",""
"4102","33","user:void","void","1","bot:/botfiles/mediumds2.jkb","BobaFett","0","12606","78","4","regen","10","1","3","2","256","1","0","160",""
"4103","33","user:void","void","1","bot:/botfiles/mediumds2.jkb","BobaFett","0","12639","79","4","regen","10","1","3","2","256","0","0","148",""
"4104","33","user:void","void","1","bot:/botfiles/mediumds2.jkb","BobaFett","0","12672","80","4","regen","10","1","3","2","256","0","0","138",""
"4105","33","user:void","void","1","bot:/botfiles/mediumds2.jkb","BobaFett","0","12705","81","4","regen","10","1","3","2","256","0","0","121",""
"4106","33","user:void","void","1","bot:/botfiles/mediumds2.jkb","BobaFett","0","12738","82","4","regen","10","1","3","2","256","0","0","102",""
"4107","33","user:void","void","1","bot:/botfiles/mediumds2.jkb","BobaFett","0","12771","83","4","regen","10","1","3","2","256","0","0","92",""
"4108","33","user:void","void","1","bot:/botfiles/mediumds2.jkb","BobaFett","0","12804","84","4","regen","10","1","3","2","256","0","0","95",""
"4109","33","user:void","void","1","bot:/botfiles/mediumds2.jkb","BobaFett","0","12837","85","4","regen","10","1","3","2","256","0","0","108",""
"4110","33","user:void","void","1","bot:/botfiles/mediumds2.jkb","BobaFett","0","12870","86","4","regen","10","1","3","2","256","0","0","124",""
"4111","33","user:void","void","1","bot:/botfiles/mediumds2.jkb","BobaFett","0","12903","87","4","regen","10","1","3","2","256","0","0","144",""
"4112","33","user:void","void","1","bot:/botfiles/mediumds2.jkb","BobaFett","0","12936","88","4","regen","10","1","3","3","256","0","0","155",""
"4113","33","user:void","void","1","bot:/botfiles/mediumds2.jkb","BobaFett","0","12936","89","4","range","10","3","3","3","256","0","0","155",""
"4114","33","user:void","void","1","bot:/botfiles/mediumds2.jkb","BobaFett","0","12969","90","4","regen","10","1","3","3","256","0","0","153",""
"4115","33","user:void","void","1","bot:/botfiles/mediumds2.jkb","BobaFett","0","12969","91","4","air","10","1","3","3","256","0","0","153","airborne"
"4116","33","user:void","void","1","bot:/botfiles/mediumds2.jkb","BobaFett","0","13002","92","4","regen","10","1","3","3","256","0","0","151",""
"4117","33","user:void","void","1","bot:/botfiles/mediumds2.jkb","BobaFett","0","13035","93","4","regen","10","1","3","3","256","0","0","147",""
"4118","33","user:void","void","1","bot:/botfiles/mediumds2.jkb","BobaFett","0","13068","94","4","regen","10","1","3","3","256","0","0","143",""
"4119","33","user:void","void","1","bot:/botfiles/mediumds2.jkb","BobaFett","0","13101","95","4","regen","10","1","3","3","256","0","0","143",""
"4120","33","user:void","void","1","bot:/botfiles/mediumds2.jkb","BobaFett","0","13134","96","4","regen","10","1","3","3","256","0","0","142",""
"4121","33","user:void","void","1","bot:/botfiles/mediumds2.jkb","BobaFett","0","13167","97","4","regen","10","1","3","3","256","0","0","143",""
"4122","33","user:void","void","1","bot:/botfiles/mediumds2.jkb","BobaFett","0","13200","98","4","regen","10","1","3","3","256","0","0","148",""
"4123","33","user:void","void","1","bot:/botfiles/mediumds2.jkb","BobaFett","0","13200","99","4","air","10","0","3","3","256","0","0","148","landed"
"4124","33","user:void","void","1","bot:/botfiles/mediumds2.jkb","BobaFett","0","13233","100","4","regen","10","1","3","3","256","0","0","149",""
"4125","33","user:void","void","1","bot:/botfiles/mediumds2.jkb","BobaFett","0","13266","101","4","regen","10","1","3","3","256","0","0","151",""
"4126","33","user:void","void","1","bot:/botfiles/mediumds2.jkb","BobaFett","0","13299","102","4","regen","10","1","3","3","256","0","1","152",""
"4127","33","user:void","void","1","bot:/botfiles/mediumds2.jkb","BobaFett","0","13332","103","4","regen","10","1","2","3","256","0","1","154",""
"4128","33","user:void","void","1","bot:/botfiles/mediumds2.jkb","BobaFett","0","13332","104","4","reset_success","10","1","2","3","256","0","1","154","reset"
"4129","33","user:void","void","1","bot:/botfiles/mediumds2.jkb","BobaFett","0","13365","105","4","regen","10","1","2","3","256","0","1","155",""
"4130","33","user:void","void","1","bot:/botfiles/mediumds2.jkb","BobaFett","0","13398","106","4","regen","10","1","2","3","256","0","1","157",""
"4131","33","user:void","void","1","bot:/botfiles/mediumds2.jkb","BobaFett","0","13431","107","4","regen","10","1","2","3","256","0","1","159",""
"4132","33","user:void","void","1","bot:/botfiles/mediumds2.jkb","BobaFett","0","13464","108","4","regen","10","1","2","3","256","0","1","162",""
"4133","33","user:void","void","1","bot:/botfiles/mediumds2.jkb","BobaFett","0","13497","109","4","regen","10","1","2","3","256","0","1","165",""
"4134","33","user:void","void","1","bot:/botfiles/mediumds2.jkb","BobaFett","0","13530","110","4","regen","10","1","2","2","256","0","1","168",""
"4135","33","user:void","void","1","bot:/botfiles/mediumds2.jkb","BobaFett","0","13530","111","4","range","10","2","2","2","256","0","1","168",""
"4136","33","user:void","void","1","bot:/botfiles/mediumds2.jkb","BobaFett","0","13563","112","4","regen","10","1","2","2","256","0","1","170",""
"4137","33","user:void","void","1","bot:/botfiles/mediumds2.jkb","BobaFett","0","13596","113","4","regen","10","1","2","2","256","1","1","172",""
"4138","33","user:void","void","1","bot:/botfiles/mediumds2.jkb","BobaFett","0","13629","114","4","regen","10","1","2","2","256","1","1","174",""
"4139","33","user:void","void","1","bot:/botfiles/mediumds2.jkb","BobaFett","0","13662","115","4","regen","10","1","2","2","256","1","1","175",""
"4140","33","user:void","void","1","bot:/botfiles/mediumds2.jkb","BobaFett","0","13695","116","4","regen","10","1","2","2","256","1","1","175",""
"4141","33","user:void","void","1","bot:/botfiles/mediumds2.jkb","BobaFett","0","13728","117","4","regen","10","1","2","2","256","1","1","175",""
"4142","33","user:void","void","1","bot:/botfiles/mediumds2.jkb","BobaFett","0","13761","118","4","regen","10","1","2","2","256","1","1","175",""
"4143","33","user:void","void","1","bot:/botfiles/mediumds2.jkb","BobaFett","0","13794","119","4","regen","10","1","2","2","256","1","1","175",""
"4144","33","user:void","void","1","bot:/botfiles/mediumds2.jkb","BobaFett","0","13827","120","4","regen","10","1","0","2","256","1","1","175",""
"4145","33","user:void","void","1","bot:/botfiles/mediumds2.jkb","BobaFett","0","13860","121","4","regen","10","1","0","2","256","1","1","177",""
"4146","33","user:void","void","1","bot:/botfiles/mediumds2.jkb","BobaFett","0","13893","122","4","regen","10","1","0","2","256","1","1","178",""
"4147","33","user:void","void","1","bot:/botfiles/mediumds2.jkb","BobaFett","0","13926","123","4","regen","10","1","0","2","256","1","1","-179",""
"4148","33","user:void","void","1","bot:/botfiles/mediumds2.jkb","BobaFett","0","13959","124","4","regen","10","1","0","2","256","1","1","-176",""
"4149","33","user:void","void","1","bot:/botfiles/mediumds2.jkb","BobaFett","0","13992","125","4","regen","10","1","0","2","256","1","1","-175",""
"4150","33","user:void","void","1","bot:/botfiles/mediumds2.jkb","BobaFett","0","14025","126","4","regen","10","1","0","2","256","1","1","-172",""
"4151","33","user:void","void","1","bot:/botfiles/mediumds2.jkb","BobaFett","0","14058","127","4","regen","10","1","0","2","256","1","1","-170",""
"4152","33","user:void","void","1","bot:/botfiles/mediumds2.jkb","BobaFett","0","14091","128","4","regen","10","1","0","2","256","1","1","-167",""
"4153","34","user:void","void","1","bot:/botfiles/jan.jkb","jan","0","297","1","0","air","10","0","0","3","256","0","0","-118","landed"
"4154","34","user:void","void","1","bot:/botfiles/jan.jkb","jan","0","528","2","0","range","10","2","0","2","256","0","0","-89",""
"4155","34","user:void","void","1","bot:/botfiles/jan.jkb","jan","0","1485","3","0","range","10","1","0","1","256","1","1","-94",""
"4156","34","user:void","void","1","bot:/botfiles/jan.jkb","jan","0","1947","4","0","air","10","1","0","1","256","1","1","-70","airborne"
"4157","34","user:void","void","1","bot:/botfiles/jan.jkb","jan","0","2310","5","0","air","10","0","0","1","256","1","1","-111","landed"
"4158","34","user:void","void","1","bot:/botfiles/jan.jkb","jan","0","3036","6","0","range","10","2","0","2","256","1","1","-164",""
"4159","34","user:void","void","1","bot:/botfiles/easyds.jkb","Mercenary","0","3729","7","0","air","10","1","0","2","256","1","1","-145","airborne"
"4160","34","user:void","void","1","bot:/botfiles/easyds.jkb","Mercenary","0","3861","8","0","damage","10","1","0","2","256","1","1","-130","saberthrow"
"4161","34","user:void","void","1","bot:/botfiles/easyds.jkb","Mercenary","0","4092","9","0","air","10","0","0","2","256","1","1","-119","landed"
"4162","34","user:void","void","1","bot:/botfiles/easyds.jkb","Mercenary","0","4521","10","1","attack_start","10","1","0","2","257","63","1","-130","attack"
"4163","34","user:void","void","1","bot:/botfiles/jan.jkb","jan","0","4785","11","1","attack_chain","10","5","0","2","257","5","1","-143","chain"
"4164","34","user:void","void","1","bot:/botfiles/jan.jkb","jan","0","4851","12","1","counter_success","10","30","1","1","257","5","1","-158","counter"
"4165","34","user:void","void","1","bot:/botfiles/jan.jkb","jan","0","4851","13","1","saber_return_punish","10","30","1","1","257","5","1","-158","return"
"4166","34","user:void","void","1","bot:/botfiles/jan.jkb","jan","0","4851","14","1","range","10","1","1","1","257","5","1","-158",""
"4167","34","user:void","void","1","bot:/botfiles/jan.jkb","jan","0","5082","15","1","attack_chain","10","8","1","1","257","8","1","114","chain"
"4168","34","user:void","void","1","bot:/botfiles/jan.jkb","jan","0","5181","16","1","range","10","2","1","2","257","8","1","-172",""
"4169","34","user:void","void","1","bot:/botfiles/jan.jkb","jan","0","5379","17","1","attack_chain","10","5","1","2","257","5","1","-168","chain"
"4170","34","user:void","void","1","bot:/botfiles/jan.jkb","jan","0","5478","18","1","range","10","1","1","1","257","5","1","112",""
"4171","34","user:void","void","1","bot:/botfiles/jan.jkb","jan","0","5577","19","1","range","10","2","1","2","257","5","1","13",""
"4172","34","user:void","void","1","bot:/botfiles/jan.jkb","jan","0","5676","20","1","attack_chain","10","8","1","2","257","8","1","-27","chain"
"4173","34","user:void","void","1","bot:/botfiles/easyds.jkb","Mercenary","0","5973","21","1","attack_chain","10","5","0","2","257","5","1","-144","chain"
"4174","34","user:void","void","1","bot:/botfiles/easyds.jkb","Mercenary","0","6270","22","1","attack_chain","10","8","0","2","257","8","1","97","chain"
"4175","34","user:void","void","1","bot:/botfiles/easyds.jkb","Mercenary","0","6567","23","1","attack_chain","10","5","0","2","257","5","1","-172","chain"
"4176","34","user:void","void","1","bot:/botfiles/easyds.jkb","Mercenary","0","6864","24","1","attack_chain","10","8","0","2","257","8","1","163","chain"
"4177","34","user:void","void","1","bot:/botfiles/easyds.jkb","Mercenary","0","7161","25","1","attack_chain","10","5","0","2","257","5","1","-103","chain"
"4178","34","user:void","void","1","bot:/botfiles/easyds.jkb","Mercenary","0","7194","26","1","range","10","1","0","1","257","5","1","-111",""
"4179","34","user:void","void","1","bot:/botfiles/easyds.jkb","Mercenary","0","7491","27","1","attack_chain","10","8","0","1","257","8","62","-171","chain"
"4180","34","user:void","void","1","bot:/botfiles/easyds.jkb","Mercenary","0","7524","28","1","punish_success","10","30","1","1","257","8","62","-155","punish"
"4181","34","user:void","void","1","bot:/botfiles/easyds.jkb","Mercenary","0","7590","29","1","damage","10","20","0","1","257","8","62","-127",""
"4182","34","user:void","void","1","bot:/botfiles/easyds.jkb","Mercenary","0","7590","30","1","air","10","1","0","1","257","8","62","-127","airborne"
"4183","34","user:void","void","1","bot:/botfiles/easyds.jkb","Mercenary","0","7755","31","1","attack_chain","10","5","0","2","257","5","62","-143","chain"
"4184","34","user:void","void","1","bot:/botfiles/easyds.jkb","Mercenary","0","7755","32","1","range","10","2","0","2","257","5","62","-143",""
"4185","34","user:void","void","1","bot:/botfiles/easyds.jkb","Mercenary","0","8151","33","1","air","10","0","0","2","256","70","62","-174","landed"
"4186","34","user:void","void","1","bot:/botfiles/easyds.jkb","Mercenary","0","8415","34","1","attack_start","10","128","0","2","384","70","4","-166","alt"
"4187","34","user:void","void","1","bot:/botfiles/easyds.jkb","Mercenary","0","8448","35","1","force","9","20","0","2","384","1","4","-172",""
"4188","34","user:void","void","1","bot:/botfiles/easyds.jkb","Mercenary","0","8580","36","1","force","9","20","2","2","384","1","4","-159",""
"4189","34","user:void","void","1","bot:/botfiles/easyds.jkb","Mercenary","0","8679","37","1","range","10","1","2","1","384","1","4","-165",""
"4190","34","user:void","void","1","bot:/botfiles/easyds.jkb","Mercenary","0","8778","38","1","force","9","6","2","1","384","1","69","-175",""
"4191","34","user:void","void","1","bot:/botfiles/easyds.jkb","Mercenary","0","8778","39","1","counter_success","10","20","2","1","384","1","69","-175","counter"
"4192","34","user:void","void","1","bot:/botfiles/easyds.jkb","Mercenary","0","8778","40","1","air","10","1","2","1","384","1","69","-175","airborne"
"4193","34","user:void","void","1","bot:/botfiles/easyds.jkb","Mercenary","0","8877","41","1","punish_success","10","30","2","1","384","1","69","174","punish"
"4194","34","user:void","void","1","bot:/botfiles/easyds.jkb","Mercenary","0","9042","42","1","range","10","2","2","2","384","1","69","174",""
"4195","34","user:void","void","1","bot:/botfiles/easyds.jkb","Mercenary","0","9075","43","1","regen","10","1","2","2","384","1","69","176",""
"4196","34","user:void","void","1","bot:/botfiles/easyds.jkb","Mercenary","0","9108","44","1","regen","10","1","2","2","384","1","69","178",""
"4197","34","user:void","void","1","bot:/botfiles/easyds.jkb","Mercenary","0","9141","45","1","regen","10","1","2","2","384","1","69","-179",""
"4198","34","user:void","void","1","bot:/botfiles/easyds.jkb","Mercenary","0","9174","46","1","regen","10","1","2","2","384","1","69","-176",""
"4199","34","user:void","void","1","bot:/botfiles/easyds.jkb","Mercenary","0","9207","47","1","regen","10","1","2","2","384","1","69","-172",""
"4200","34","user:void","void","1","bot:/botfiles/easyds.jkb","Mercenary","0","9240","48","1","regen","10","1","2","2","384","1","69","-169",""
"4201","34","user:void","void","1","bot:/botfiles/easyds.jkb","Mercenary","0","9273","49","1","regen","10","1","2","2","384","1","69","-167",""
"4202","34","user:void","void","1","bot:/botfiles/easyds.jkb","Mercenary","0","9306","50","1","regen","10","1","2","2","384","1","69","-167",""
"4203","34","user:void","void","1","bot:/botfiles/easyds.jkb","Mercenary","0","9339","51","1","regen","10","1","2","2","384","1","69","-165",""
"4204","34","user:void","void","1","bot:/botfiles/easyds.jkb","Mercenary","0","9372","52","1","regen","10","1","2","2","384","1","69","-164",""
"4205","34","user:void","void","1","bot:/botfiles/easyds.jkb","Mercenary","0","9405","53","1","regen","10","1","2","2","384","1","69","-164",""
"4206","34","user:void","void","1","bot:/botfiles/easyds.jkb","Mercenary","0","9438","54","1","regen","10","1","2","2","384","1","69","-164",""
"4207","34","user:void","void","1","bot:/botfiles/easyds.jkb","Mercenary","0","9471","55","1","regen","10","1","2","2","384","1","1","-164",""
"4208","34","user:void","void","1","bot:/botfiles/easyds.jkb","Mercenary","0","9504","56","1","regen","10","1","2","2","384","1","1","-165",""
"4209","34","user:void","void","1","bot:/botfiles/easyds.jkb","Mercenary","0","9537","57","1","force","9","4","2","2","384","1","1","-167",""
"4210","34","user:void","void","1","bot:/botfiles/easyds.jkb","Mercenary","0","9570","58","1","force","9","4","2","2","384","1","1","-170",""
"4211","34","user:void","void","1","bot:/botfiles/easyds.jkb","Mercenary","0","9603","59","1","force","9","20","2","2","384","1","1","-174",""
"4212","34","user:void","void","1","bot:/botfiles/easyds.jkb","Mercenary","0","9636","60","1","force","9","4","2","2","384","1","1","-177",""
"4213","34","user:void","void","1","bot:/botfiles/easyds.jkb","Mercenary","0","9669","61","1","force","9","24","3","2","384","1","1","-178",""
"4214","34","user:void","void","1","bot:/botfiles/easyds.jkb","Mercenary","0","9735","62","1","force","9","4","3","2","384","1","1","175",""
"4215","34","user:void","void","1","bot:/botfiles/easyds.jkb","Mercenary","0","9768","63","1","force","9","4","3","2","384","1","1","175",""
"4216","34","user:void","void","1","bot:/botfiles/easyds.jkb","Mercenary","0","9801","64","1","range","10","1","3","1","384","1","1","174",""
"4217","34","user:void","void","1","bot:/botfiles/easyds.jkb","Mercenary","0","9834","65","1","force","9","4","3","1","384","1","1","174",""
"4218","34","user:void","void","1","bot:/botfiles/easyds.jkb","Mercenary","0","10131","66","1","regen","10","1","3","1","384","1","0","176",""
"4219","34","user:void","void","1","bot:/botfiles/easyds.jkb","Mercenary","0","10164","67","1","regen","10","1","3","1","384","1","0","178",""
"4220","34","user:void","void","1","bot:/botfiles/easyds.jkb","Mercenary","0","10197","68","1","regen","10","1","3","1","384","1","0","-179",""
"4221","34","user:void","void","1","bot:/botfiles/easyds.jkb","Mercenary","0","10230","69","1","regen","10","1","3","1","384","1","0","-179",""
"4222","34","user:void","void","1","bot:/botfiles/easyds.jkb","Mercenary","0","10263","70","1","regen","10","1","3","1","384","1","0","-179",""
"4223","34","user:void","void","1","bot:/botfiles/easyds.jkb","Mercenary","0","10296","71","1","regen","10","1","3","1","384","1","0","-178",""
"4224","34","user:void","void","1","bot:/botfiles/easyds.jkb","Mercenary","0","10329","72","1","regen","10","1","3","1","384","1","0","-160",""
"4225","34","user:void","void","1","bot:/botfiles/easyds.jkb","Mercenary","0","10362","73","1","regen","10","1","3","1","384","1","0","-132",""
"4226","34","user:void","void","1","bot:/botfiles/easyds.jkb","Mercenary","0","10395","74","1","regen","10","1","3","2","384","1","0","-118",""
"4227","34","user:void","void","1","bot:/botfiles/easyds.jkb","Mercenary","0","10395","75","1","range","10","2","3","2","384","1","0","-118",""
"4228","34","user:void","void","1","bot:/botfiles/easyds.jkb","Mercenary","0","10428","76","1","regen","10","1","3","2","384","1","0","-121",""
"4229","34","user:void","void","1","bot:/botfiles/easyds.jkb","Mercenary","0","10461","77","1","regen","10","1","3","2","384","1","0","-124",""
"4230","34","user:void","void","1","bot:/botfiles/easyds.jkb","Mercenary","0","10494","78","1","regen","10","1","3","2","384","1","0","-126",""
"4231","34","user:void","void","1","bot:/botfiles/easyds.jkb","Mercenary","0","10527","79","1","regen","10","1","3","2","384","1","0","-114",""
"4232","34","user:void","void","1","bot:/botfiles/easyds.jkb","Mercenary","0","10560","80","1","regen","10","1","3","2","384","1","0","-112",""
"4233","34","user:void","void","1","bot:/botfiles/easyds.jkb","Mercenary","0","10593","81","1","regen","10","1","3","2","384","1","0","-117",""
"4234","34","user:void","void","1","bot:/botfiles/easyds.jkb","Mercenary","0","10626","82","1","regen","10","1","3","2","384","1","0","-123",""
"4235","34","user:void","void","1","bot:/botfiles/jan.jkb","jan","0","10659","83","1","regen","10","1","3","2","384","1","1","-107",""
"4236","34","user:void","void","1","bot:/botfiles/jan.jkb","jan","0","10692","84","1","regen","10","1","3","2","384","1","1","-99",""
"4237","34","user:void","void","1","bot:/botfiles/jan.jkb","jan","0","10725","85","1","regen","10","1","3","2","384","1","1","-89",""
"4238","34","user:void","void","1","bot:/botfiles/jan.jkb","jan","0","10758","86","1","regen","10","1","3","2","384","1","1","-84",""
"4239","34","user:void","void","1","bot:/botfiles/jan.jkb","jan","0","10791","87","1","force","9","20","3","2","384","1","1","-81",""
"4240","34","user:void","void","1","bot:/botfiles/jan.jkb","jan","0","10791","88","1","air","10","0","3","2","384","1","1","-81","landed"
"4241","34","user:void","void","1","bot:/botfiles/jan.jkb","jan","0","11187","89","1","air","10","1","3","2","384","1","1","-175","airborne"
"4242","34","user:void","void","1","bot:/botfiles/easyds.jkb","Mercenary","0","11550","90","1","air","10","0","3","2","384","1","1","-4","landed"
"4243","34","user:void","void","1","bot:/botfiles/easyds.jkb","Mercenary","0","11583","91","1","range","10","1","3","1","384","1","1","-4",""
"4244","34","user:void","void","1","bot:/botfiles/easyds.jkb","Mercenary","0","11946","92","1","range","10","2","3","2","256","1","1","12",""
"4245","34","user:void","void","1","bot:/botfiles/easyds.jkb","Mercenary","0","11979","93","1","range","10","1","3","1","256","1","1","17",""
"4246","34","user:void","void","1","bot:/botfiles/easyds.jkb","Mercenary","0","11979","94","1","air","10","1","3","1","256","1","1","17","airborne"
"4247","34","user:void","void","1","bot:/botfiles/easyds.jkb","Mercenary","0","12045","95","2","attack_start","10","1","3","1","257","1","1","21","attack"
"4248","34","user:void","void","1","bot:/botfiles/easyds.jkb","Mercenary","0","12045","96","2","force_to_saber","10","1","3","1","257","1","1","21","force_to_saber"
"4249","34","user:void","void","1","bot:/botfiles/easyds.jkb","Mercenary","0","12111","97","2","damage","10","20","3","1","257","1","1","24",""
"4250","34","user:void","void","1","bot:/botfiles/jan.jkb","jan","0","12210","98","2","regen","10","1","3","1","257","66","0","164",""
"4251","34","user:void","void","1","bot:/botfiles/jan.jkb","jan","0","12243","99","2","regen","10","1","3","1","257","66","0","162",""
"4252","34","user:void","void","1","bot:/botfiles/jan.jkb","jan","0","12276","100","2","regen","10","1","3","1","257","66","0","161",""
"4253","34","user:void","void","1","bot:/botfiles/jan.jkb","jan","0","12309","101","2","regen","10","1","3","1","257","66","0","157",""
"4254","34","user:void","void","1","bot:/botfiles/jan.jkb","jan","0","12342","102","2","regen","10","1","3","1","257","66","0","151",""
"4255","34","user:void","void","1","bot:/botfiles/jan.jkb","jan","0","12375","103","2","regen","10","1","3","1","257","66","0","148",""
"4256","34","user:void","void","1","bot:/botfiles/jan.jkb","jan","0","12408","104","2","regen","10","1","3","1","257","66","0","146",""
"4257","34","user:void","void","1","bot:/botfiles/jan.jkb","jan","0","12441","105","2","attack_chain","10","8","3","1","257","8","0","143","chain"
"4258","34","user:void","void","1","bot:/botfiles/jan.jkb","jan","0","12441","106","2","regen","10","1","3","1","257","8","0","143",""
"4259","34","user:void","void","1","bot:/botfiles/jan.jkb","jan","0","12474","107","2","regen","10","1","3","1","257","8","0","145",""
"4260","34","user:void","void","1","bot:/botfiles/jan.jkb","jan","0","12507","108","2","regen","10","1","3","1","257","8","0","149",""
"4261","34","user:void","void","1","bot:/botfiles/jan.jkb","jan","0","12540","109","2","regen","10","1","3","1","257","8","0","176",""
"4262","34","user:void","void","1","bot:/botfiles/jan.jkb","jan","0","12573","110","2","regen","10","1","3","2","257","8","0","-166",""
"4263","34","user:void","void","1","bot:/botfiles/jan.jkb","jan","0","12573","111","2","range","10","2","3","2","257","8","0","-166",""
"4264","34","user:void","void","1","bot:/botfiles/jan.jkb","jan","0","12606","112","2","regen","10","1","3","2","257","8","0","-141",""
"4265","34","user:void","void","1","bot:/botfiles/jan.jkb","jan","0","12639","113","2","regen","10","1","3","2","257","8","0","-125",""
"4266","34","user:void","void","1","bot:/botfiles/jan.jkb","jan","0","12672","114","2","regen","10","1","3","2","257","8","0","-121",""
"4267","34","user:void","void","1","bot:/botfiles/jan.jkb","jan","0","12672","115","2","air","10","0","3","2","257","8","0","-121","landed"
"4268","34","user:void","void","1","bot:/botfiles/jan.jkb","jan","0","12705","116","2","regen","10","1","3","2","257","8","0","-126",""
"4269","34","user:void","void","1","bot:/botfiles/jan.jkb","jan","0","12738","117","2","regen","10","1","3","2","257","8","0","-132",""
"4270","34","user:void","void","1","bot:/botfiles/jan.jkb","jan","0","12771","118","2","attack_chain","10","5","3","2","257","5","0","-138","chain"
"4271","34","user:void","void","1","bot:/botfiles/jan.jkb","jan","0","12771","119","2","regen","10","1","3","2","257","5","0","-138",""
"4272","34","user:void","void","1","bot:/botfiles/jan.jkb","jan","0","12804","120","2","regen","10","1","3","2","257","5","1","-145",""
"4273","34","user:void","void","1","bot:/botfiles/jan.jkb","jan","0","12837","121","2","regen","10","1","3","2","256","5","1","-153",""
"4274","34","user:void","void","1","bot:/botfiles/jan.jkb","jan","0","12837","122","2","air","10","1","3","2","256","5","1","-153","airborne"
"4275","34","user:void","void","1","bot:/botfiles/jan.jkb","jan","0","12870","123","2","regen","10","1","3","2","256","5","1","-161",""
"4276","34","user:void","void","1","bot:/botfiles/jan.jkb","jan","0","12903","124","2","regen","10","1","3","2","256","5","1","-167",""
"4277","34","user:void","void","1","bot:/botfiles/jan.jkb","jan","0","12936","125","2","regen","10","1","3","1","256","5","1","-174",""
"4278","34","user:void","void","1","bot:/botfiles/jan.jkb","jan","0","12936","126","2","range","10","1","3","1","256","5","1","-174",""
"4279","34","user:void","void","1","bot:/botfiles/jan.jkb","jan","0","12969","127","2","regen","10","1","3","1","256","5","1","-179",""
"4280","34","user:void","void","1","bot:/botfiles/jan.jkb","jan","0","13002","128","2","regen","10","1","3","1","256","5","1","178",""
"4281","35","user:void","void","1","bot:/botfiles/mediumds.jkb","Alora","0","33","1","0","air","10","0","0","2","256","0","0","9","landed"
"4282","35","user:void","void","1","bot:/botfiles/mediumds.jkb","Alora","0","363","2","0","range","10","3","0","3","256","0","0","-4",""
"4283","35","user:void","void","1","bot:/botfiles/mediumds.jkb","Alora","0","2508","3","0","force","9","5","0","3","2304","1","1","168",""
"4284","35","user:void","void","1","bot:/botfiles/mediumds.jkb","Alora","0","2541","4","0","force","9","5","0","3","2304","1","1","167",""
"4285","35","user:void","void","1","bot:/botfiles/mediumds.jkb","Alora","0","2574","5","0","air","10","1","0","3","2304","1","1","165","airborne"
"4286","35","user:void","void","1","bot:/botfiles/mediumds.jkb","Alora","0","2607","6","0","force","9","5","0","3","2304","1","1","163",""
"4287","35","user:void","void","1","bot:/botfiles/mediumds.jkb","Alora","0","2640","7","0","force","9","5","0","2","2304","1","1","158",""
"4288","35","user:void","void","1","bot:/botfiles/mediumds.jkb","Alora","0","2640","8","0","range","10","2","0","2","2304","1","1","158",""
"4289","35","user:void","void","1","bot:/botfiles/mediumds.jkb","Alora","0","2706","9","0","force","9","5","0","2","2304","1","1","151",""
"4290","35","user:void","void","1","bot:/botfiles/mediumds.jkb","Alora","0","2739","10","0","force","9","5","0","2","2304","1","1","149",""
"4291","35","user:void","void","1","bot:/botfiles/mediumds.jkb","Alora","0","2805","11","0","force","9","5","0","2","2304","1","1","140",""
"4292","35","user:void","void","1","bot:/botfiles/mediumds.jkb","Alora","0","2937","12","0","air","10","0","0","2","256","1","1","144","landed"
"4293","35","user:void","void","1","bot:/botfiles/mediumds.jkb","Alora","0","3201","13","0","air","10","1","0","2","256","1","1","168","airborne"
"4294","35","user:void","void","1","bot:/botfiles/mediumds.jkb","Alora","0","3333","14","0","regen","10","1","0","2","256","1","1","166",""
"4295","35","user:void","void","1","bot:/botfiles/mediumds.jkb","Alora","0","3366","15","0","regen","10","1","0","2","256","1","1","163",""
"4296","35","user:void","void","1","bot:/botfiles/mediumds.jkb","Alora","0","3399","16","0","regen","10","1","0","2","256","1","1","161",""
"4297","35","user:void","void","1","bot:/botfiles/mediumds.jkb","Alora","0","3432","17","0","regen","10","1","0","2","256","1","1","160",""
"4298","35","user:void","void","1","bot:/botfiles/mediumds.jkb","Alora","0","3465","18","0","regen","10","1","0","2","256","1","1","159",""
"4299","35","user:void","void","1","bot:/botfiles/mediumds.jkb","Alora","0","3498","19","0","regen","10","1","0","2","256","1","1","157",""
"4300","35","user:void","void","1","bot:/botfiles/mediumds.jkb","Alora","0","3531","20","0","regen","10","1","0","2","256","1","1","156",""
"4301","35","user:void","void","1","bot:/botfiles/mediumds.jkb","Alora","0","3564","21","0","regen","10","1","0","2","256","1","1","154",""
"4302","35","user:void","void","1","bot:/botfiles/mediumds.jkb","Alora","0","3597","22","0","regen","10","1","0","2","256","1","1","156",""
"4303","35","user:void","void","1","bot:/botfiles/mediumds.jkb","Alora","0","3630","23","0","regen","10","1","0","2","256","1","1","158",""
"4304","35","user:void","void","1","bot:/botfiles/mediumds.jkb","Alora","0","3663","24","0","regen","10","1","0","2","256","1","1","159",""
"4305","35","user:void","void","1","bot:/botfiles/mediumds.jkb","Alora","0","3696","25","0","regen","10","1","0","2","256","1","1","159",""
"4306","35","user:void","void","1","bot:/botfiles/mediumds.jkb","Alora","0","3729","26","0","regen","10","1","0","2","256","1","1","158",""
"4307","35","user:void","void","1","bot:/botfiles/mediumds.jkb","Alora","0","3762","27","0","regen","10","1","0","2","256","1","1","157",""
"4308","35","user:void","void","1","bot:/botfiles/mediumds.jkb","Alora","0","3795","28","0","regen","10","1","0","2","256","1","1","156",""
"4309","35","user:void","void","1","bot:/botfiles/mediumds.jkb","Alora","0","3828","29","0","regen","10","1","0","2","256","1","1","149",""
"4310","35","user:void","void","1","bot:/botfiles/mediumds.jkb","Alora","0","3861","30","0","regen","10","1","0","2","256","1","1","142",""
"4311","35","user:void","void","1","bot:/botfiles/mediumds.jkb","Alora","0","3894","31","0","regen","10","1","0","2","256","1","1","133",""
"4312","35","user:void","void","1","bot:/botfiles/mediumds.jkb","Alora","0","3927","32","0","regen","10","1","0","2","256","1","1","130",""
"4313","35","user:void","void","1","bot:/botfiles/mediumds.jkb","Alora","0","3960","33","0","regen","10","1","0","2","256","1","1","127",""
"4314","35","user:void","void","1","bot:/botfiles/mediumds.jkb","Alora","0","3993","34","0","regen","10","1","0","2","0","1","1","125",""
"4315","35","user:void","void","1","bot:/botfiles/mediumds.jkb","Alora","0","4026","35","0","regen","10","1","0","2","0","1","1","126",""
"4316","35","user:void","void","1","bot:/botfiles/mediumds.jkb","Alora","0","4059","36","0","regen","10","1","0","2","0","1","1","126",""
"4317","35","user:void","void","1","bot:/botfiles/mediumds.jkb","Alora","0","4092","37","0","regen","10","1","4","2","0","1","1","125",""
"4318","35","user:void","void","1","bot:/botfiles/mediumds.jkb","Alora","0","4125","38","0","regen","10","1","4","2","0","1","1","123",""
"4319","35","user:void","void","1","bot:/botfiles/mediumds.jkb","Alora","0","4158","39","0","regen","10","1","4","2","0","1","1","123",""
"4320","35","user:void","void","1","bot:/botfiles/mediumds.jkb","Alora","0","4158","40","0","air","10","0","4","2","0","1","1","123","landed"
"4321","35","user:void","void","1","bot:/botfiles/mediumds.jkb","Alora","0","4191","41","0","regen","10","1","4","2","0","1","1","123",""
"4322","35","user:void","void","1","bot:/botfiles/mediumds.jkb","Alora","0","4224","42","0","regen","10","1","4","2","0","1","1","125",""
"4323","35","user:void","void","1","bot:/botfiles/mediumds.jkb","Alora","0","4257","43","0","regen","10","1","4","1","256","1","1","128",""
"4324","35","user:void","void","1","bot:/botfiles/mediumds.jkb","Alora","0","4257","44","0","range","10","1","4","1","256","1","1","128",""
"4325","35","user:void","void","1","bot:/botfiles/mediumds.jkb","Alora","0","4257","45","0","air","10","1","4","1","256","1","1","128","airborne"
"4326","35","user:void","void","1","bot:/botfiles/mediumds.jkb","Alora","0","4290","46","0","regen","10","1","4","1","256","1","1","130",""
"4327","35","user:void","void","1","bot:/botfiles/mediumds.jkb","Alora","0","4323","47","0","regen","10","1","4","1","0","1","1","133",""
"4328","35","user:void","void","1","bot:/botfiles/mediumds.jkb","Alora","0","4356","48","0","regen","10","1","4","1","0","1","1","136",""
"4329","35","user:void","void","1","bot:/botfiles/mediumds.jkb","Alora","0","4389","49","0","regen","10","1","4","1","0","1","1","139",""
"4330","35","user:void","void","1","bot:/botfiles/mediumds.jkb","Alora","0","4422","50","0","regen","10","1","4","1","256","1","1","143",""
"4331","35","user:void","void","1","bot:/botfiles/mediumds.jkb","Alora","0","4455","51","0","regen","10","1","4","1","256","1","1","147",""
"4332","35","user:void","void","1","bot:/botfiles/mediumds.jkb","Alora","0","4488","52","0","damage","10","20","4","1","256","1","1","152",""
"4333","35","user:void","void","1","bot:/botfiles/mediumds.jkb","Alora","0","4719","53","0","range","10","2","4","2","256","1","1","179",""
"4334","35","user:void","void","1","bot:/botfiles/mediumds.jkb","Alora","0","5247","54","0","air","10","0","2","2","256","1","1","158","landed"
"4335","35","user:void","void","1","bot:/botfiles/mediumds.jkb","Alora","0","5280","55","0","force","9","5","0","2","2304","1","1","154",""
"4336","35","user:void","void","1","bot:/botfiles/mediumds.jkb","Alora","0","5313","56","0","force","9","5","0","2","2304","1","1","152",""
"4337","35","user:void","void","1","bot:/botfiles/mediumds.jkb","Alora","0","5379","57","0","force","9","5","4","2","2304","1","1","145",""
"4338","35","user:void","void","1","bot:/botfiles/mediumds.jkb","Alora","0","5412","58","0","force","9","5","4","2","2304","1","1","142",""
"4339","35","user:void","void","1","bot:/botfiles/mediumds.jkb","Alora","0","5841","59","1","attack_start","10","1","4","2","257","66","1","132","attack"
"4340","35","user:void","void","1","bot:/botfiles/mediumds.jkb","Alora","0","5841","60","1","force_to_saber","10","66","4","2","257","66","1","132","force_to_saber"
"4341","35","user:void","void","1","bot:/botfiles/mediumds.jkb","Alora","0","5940","61","1","regen","10","1","4","2","257","66","1","128",""
"4342","35","user:void","void","1","bot:/botfiles/mediumds.jkb","Alora","0","5973","62","1","regen","10","1","4","2","257","66","1","129",""
"4343","35","user:void","void","1","bot:/botfiles/mediumds.jkb","Alora","0","6006","63","1","regen","10","1","4","1","257","66","1","133",""
"4344","35","user:void","void","1","bot:/botfiles/mediumds.jkb","Alora","0","6006","64","1","range","10","1","4","1","257","66","1","133",""
"4345","35","user:void","void","1","bot:/botfiles/mediumds.jkb","Alora","0","6039","65","1","regen","10","1","4","1","257","66","1","135",""
"4346","35","user:void","void","1","bot:/botfiles/mediumds.jkb","Alora","0","6072","66","1","attack_chain","10","8","4","1","257","8","1","141","chain"
"4347","35","user:void","void","1","bot:/botfiles/mediumds.jkb","Alora","0","6072","67","1","regen","10","1","4","1","257","8","1","141",""
"4348","35","user:void","void","1","bot:/botfiles/mediumds.jkb","Alora","0","6105","68","1","regen","10","1","4","1","257","8","1","147",""
"4349","35","user:void","void","1","bot:/botfiles/mediumds.jkb","Alora","0","6138","69","1","regen","10","1","4","1","257","8","1","155",""
"4350","35","user:void","void","1","bot:/botfiles/mediumds.jkb","Alora","0","6171","70","1","regen","10","1","4","1","257","8","1","162",""
"4351","35","user:void","void","1","bot:/botfiles/mediumds.jkb","Alora","0","6204","71","1","regen","10","1","4","1","257","8","1","170",""
"4352","35","user:void","void","1","bot:/botfiles/mediumds.jkb","Alora","0","6237","72","1","regen","10","1","4","1","257","8","1","177",""
"4353","35","user:void","void","1","bot:/botfiles/mediumds.jkb","Alora","0","6270","73","1","regen","10","1","4","1","257","8","1","-175",""
"4354","35","user:void","void","1","bot:/botfiles/mediumds.jkb","Alora","0","6303","74","1","regen","10","1","4","1","257","8","1","-168",""
"4355","35","user:void","void","1","bot:/botfiles/mediumds.jkb","Alora","0","6336","75","1","regen","10","1","4","1","257","8","63","-160",""
"4356","35","user:void","void","1","bot:/botfiles/mediumds.jkb","Alora","0","6369","76","1","regen","10","1","4","1","257","8","63","-155",""
"4357","35","user:void","void","1","bot:/botfiles/mediumds.jkb","Alora","0","6402","77","1","attack_chain","10","5","4","1","257","5","63","-162","chain"
"4358","35","user:void","void","1","bot:/botfiles/mediumds.jkb","Alora","0","6402","78","1","regen","10","1","4","1","257","5","63","-162",""
"4359","35","user:void","void","1","bot:/botfiles/mediumds.jkb","Alora","0","6435","79","1","regen","10","1","4","1","257","5","63","-168",""
"4360","35","user:void","void","1","bot:/botfiles/mediumds.jkb","Alora","0","6435","80","1","punish_success","10","30","4","1","257","5","63","-168","punish"
"4361","35","user:void","void","1","bot:/botfiles/mediumds.jkb","Alora","0","6468","81","1","regen","10","1","4","1","257","5","63","172",""
"4362","35","user:void","void","1","bot:/botfiles/mediumds.jkb","Alora","0","6501","82","1","regen","10","1","1","1","257","5","63","166",""
"4363","35","user:void","void","1","bot:/botfiles/mediumds.jkb","Alora","0","6534","83","1","regen","10","1","1","1","257","5","63","162",""
"4364","35","user:void","void","1","bot:/botfiles/mediumds.jkb","Alora","0","6567","84","1","regen","10","1","1","1","257","5","63","151",""
"4365","35","user:void","void","1","bot:/botfiles/mediumds.jkb","Alora","0","6699","85","1","attack_chain","10","8","1","1","257","8","5","92","chain"
"4366","35","user:void","void","1","bot:/botfiles/mediumds.jkb","Alora","0","6732","86","1","range","10","2","1","2","257","8","5","107",""
"4367","35","user:void","void","1","bot:/botfiles/mediumds.jkb","Alora","0","6996","87","1","attack_chain","10","5","1","2","257","5","70","-178","chain"
"4368","35","user:void","void","1","bot:/botfiles/mediumds.jkb","Alora","0","7293","88","1","attack_chain","10","8","1","2","257","8","70","113","chain"
"4369","35","user:void","void","1","bot:/botfiles/mediumds.jkb","Alora","0","7689","89","1","attack_chain","10","4","1","2","257","4","1","-172","chain"
"4370","35","user:void","void","1","bot:/botfiles/mediumds.jkb","Alora","0","7689","90","1","air","10","1","1","2","257","4","1","-172","airborne"
"4371","35","user:void","void","1","bot:/botfiles/mediumds.jkb","Alora","0","8085","91","1","attack_chain","10","8","4","2","257","8","1","-158","chain"
"4372","35","user:void","void","1","bot:/botfiles/mediumds.jkb","Alora","0","8646","92","1","air","10","0","4","2","256","73","1","-173","landed"
"4373","35","user:void","void","1","bot:/botfiles/mediumds.jkb","Alora","0","8877","93","1","air","10","1","1","2","256","1","1","-174","airborne"
"4374","35","user:void","void","1","bot:/botfiles/mediumds.jkb","Alora","0","9108","94","1","force","9","5","4","2","2304","1","1","-169",""
"4375","35","user:void","void","1","bot:/botfiles/mediumds.jkb","Alora","0","9141","95","1","force","9","5","4","2","2304","1","1","-169",""
"4376","35","user:void","void","1","bot:/botfiles/mediumds.jkb","Alora","0","9174","96","1","air","10","0","4","2","2304","1","1","-173","landed"
"4377","35","user:void","void","1","bot:/botfiles/mediumds.jkb","Alora","0","9207","97","1","force","9","5","4","1","2304","1","1","-177",""
"4378","35","user:void","void","1","bot:/botfiles/mediumds.jkb","Alora","0","9207","98","1","range","10","1","4","1","2304","1","1","-177",""
"4379","35","user:void","void","1","bot:/botfiles/mediumds.jkb","Alora","0","9240","99","1","force","9","5","4","1","2304","1","1","179",""
"4380","35","user:void","void","1","bot:/botfiles/mediumds.jkb","Alora","0","9735","100","1","range","10","2","4","2","256","1","1","99",""
"4381","35","user:void","void","1","bot:/botfiles/mediumds.jkb","Alora","0","9768","101","1","regen","10","1","4","2","256","1","1","112",""
"4382","35","user:void","void","1","bot:/botfiles/mediumds.jkb","Alora","0","9801","102","1","regen","10","1","4","2","256","1","1","114",""
"4383","35","user:void","void","1","bot:/botfiles/mediumds.jkb","Alora","0","9834","103","1","regen","10","1","4","2","256","1","1","113",""
"4384","35","user:void","void","1","bot:/botfiles/mediumds.jkb","Alora","0","9867","104","1","regen","10","1","4","2","256","1","1","110",""
"4385","35","user:void","void","1","bot:/botfiles/mediumds.jkb","Alora","0","9900","105","1","regen","10","1","4","2","256","1","1","105",""
"4386","35","user:void","void","1","bot:/botfiles/mediumds.jkb","Alora","0","9933","106","2","attack_start","10","1","4","2","257","66","1","94","attack"
"4387","35","user:void","void","1","bot:/botfiles/mediumds.jkb","Alora","0","9933","107","2","force_to_saber","10","66","4","2","257","66","1","94","force_to_saber"
"4388","35","user:void","void","1","bot:/botfiles/mediumds.jkb","Alora","0","9933","108","2","regen","10","1","4","2","257","66","1","94",""
"4389","35","user:void","void","1","bot:/botfiles/mediumds.jkb","Alora","0","9966","109","2","regen","10","1","4","2","257","66","1","80",""
"4390","35","user:void","void","1","bot:/botfiles/mediumds.jkb","Alora","0","9999","110","2","regen","10","1","4","2","257","66","1","70",""
"4391","35","user:void","void","1","bot:/botfiles/mediumds.jkb","Alora","0","10032","111","2","regen","10","1","4","2","257","66","1","62",""
"4392","35","user:void","void","1","bot:/botfiles/mediumds.jkb","Alora","0","10065","112","2","regen","10","1","4","2","257","66","1","58",""
"4393","35","user:void","void","1","bot:/botfiles/mediumds.jkb","Alora","0","10098","113","2","regen","10","1","4","2","257","66","1","62",""
"4394","35","user:void","void","1","bot:/botfiles/mediumds.jkb","Alora","0","10131","114","2","regen","10","1","4","2","257","66","1","79",""
"4395","35","user:void","void","1","bot:/botfiles/mediumds.jkb","Alora","0","10164","115","2","regen","10","1","4","2","257","66","1","97",""
"4396","35","user:void","void","1","bot:/botfiles/mediumds.jkb","Alora","0","10197","116","2","attack_chain","10","8","4","2","257","8","1","117","chain"
"4397","35","user:void","void","1","bot:/botfiles/mediumds.jkb","Alora","0","10197","117","2","regen","10","1","4","2","257","8","1","117",""
"4398","35","user:void","void","1","bot:/botfiles/mediumds.jkb","Alora","0","10230","118","2","regen","10","1","4","2","257","8","1","138",""
"4399","35","user:void","void","1","bot:/botfiles/mediumds.jkb","Alora","0","10263","119","2","regen","10","1","4","2","257","8","1","156",""
"4400","35","user:void","void","1","bot:/botfiles/mediumds.jkb","Alora","0","10296","120","2","regen","10","1","4","2","257","8","1","171",""
"4401","35","user:void","void","1","bot:/botfiles/mediumds.jkb","Alora","0","10329","121","2","regen","10","1","4","2","257","8","1","152",""
"4402","35","user:void","void","1","bot:/botfiles/mediumds.jkb","Alora","0","10362","122","2","regen","10","1","4","1","257","8","1","166",""
"4403","35","user:void","void","1","bot:/botfiles/mediumds.jkb","Alora","0","10362","123","2","range","10","1","4","1","257","8","1","166",""
"4404","35","user:void","void","1","bot:/botfiles/mediumds.jkb","Alora","0","10395","124","2","regen","10","1","4","1","257","8","1","172",""
"4405","35","user:void","void","1","bot:/botfiles/mediumds.jkb","Alora","0","10494","125","2","attack_chain","10","5","4","1","257","5","1","178","chain"
"4406","35","user:void","void","1","bot:/botfiles/mediumds.jkb","Alora","0","11121","126","2","air","10","1","1","1","257","70","1","26","airborne"
"4407","35","user:void","void","1","bot:/botfiles/mediumds.jkb","Alora","0","11187","127","2","attack_chain","10","8","1","1","257","8","1","-14","chain"
"4408","35","user:void","void","1","bot:/botfiles/mediumds.jkb","Alora","0","11418","128","2","range","10","2","1","2","257","8","1","177",""
"4409","36","user:void","void","1","bot:/botfiles/jedi.jkb","Jedi","0","165","1","0","air","10","0","0","3","2","0","0","-42","landed"
"4410","36","user:void","void","1","bot:/botfiles/jedi.jkb","Jedi","0","3003","2","0","air","10","1","0","3","256","1","1","110","airborne"
"4411","36","user:void","void","1","bot:/botfiles/jedi.jkb","Jedi","0","3135","3","0","force","9","6","0","3","256","1","1","118",""
"4412","36","user:void","void","1","bot:/botfiles/jedi.jkb","Jedi","0","3399","4","0","force","9","2","0","3","256","1","1","153",""
"4413","36","user:void","void","1","bot:/botfiles/jedi.jkb","Jedi","0","4158","5","0","regen","10","1","0","3","256","1","1","177",""
"4414","36","user:void","void","1","bot:/botfiles/jedi.jkb","Jedi","0","4191","6","0","regen","10","1","0","3","256","1","1","178",""
"4415","36","user:void","void","1","bot:/botfiles/jedi.jkb","Jedi","0","4224","7","0","regen","10","1","0","3","256","1","1","178",""
"4416","36","user:void","void","1","bot:/botfiles/jedi.jkb","Jedi","0","4257","8","1","attack_start","10","128","2","3","384","1","1","178","alt"
"4417","36","user:void","void","1","bot:/botfiles/jedi.jkb","Jedi","0","4257","9","1","force_to_saber","10","1","2","3","384","1","1","178","force_to_saber"
"4418","36","user:void","void","1","bot:/botfiles/jedi.jkb","Jedi","0","4257","10","1","force","9","20","2","3","384","1","1","178",""
"4419","36","user:void","void","1","bot:/botfiles/jedi.jkb","Jedi","0","4389","11","1","range","10","2","2","2","384","1","1","-179",""
"4420","36","user:void","void","1","bot:/botfiles/jedi.jkb","Jedi","0","4422","12","1","force","9","20","2","2","384","1","1","-179",""
"4421","36","user:void","void","1","bot:/botfiles/jedi.jkb","Jedi","0","4455","13","1","air","10","0","2","2","384","1","1","-179","landed"
"4422","36","user:void","void","1","bot:/botfiles/jedi.jkb","Jedi","0","4950","14","1","punish_success","10","30","2","2","384","1","1","175","punish"
"4423","36","user:void","void","1","bot:/botfiles/jedi.jkb","Jedi","0","5577","15","1","regen","10","1","2","2","256","1","1","152",""
"4424","36","user:void","void","1","bot:/botfiles/jedi.jkb","Jedi","0","5610","16","1","regen","10","1","2","2","256","1","1","146",""
"4425","36","user:void","void","1","bot:/botfiles/jedi.jkb","Jedi","0","5610","17","1","air","10","1","2","2","256","1","1","146","airborne"
"4426","36","user:void","void","1","bot:/botfiles/jedi.jkb","Jedi","0","5643","18","1","regen","10","1","2","2","256","1","1","147",""
"4427","36","user:void","void","1","bot:/botfiles/jedi.jkb","Jedi","0","5676","19","1","regen","10","1","2","2","256","1","1","146",""
"4428","36","user:void","void","1","bot:/botfiles/jedi.jkb","Jedi","0","5709","20","1","regen","10","1","2","2","256","1","1","145",""
"4429","36","user:void","void","1","bot:/botfiles/jedi.jkb","Jedi","0","5742","21","1","regen","10","1","2","2","256","1","1","145",""
"4430","36","user:void","void","1","bot:/botfiles/jedi.jkb","Jedi","0","5775","22","1","regen","10","1","2","2","256","1","1","146",""
"4431","36","user:void","void","1","bot:/botfiles/jedi.jkb","Jedi","0","5808","23","1","regen","10","1","0","2","256","1","1","143",""
"4432","36","user:void","void","1","bot:/botfiles/jedi.jkb","Jedi","0","5841","24","1","regen","10","1","0","2","256","1","1","140",""
"4433","36","user:void","void","1","bot:/botfiles/jedi.jkb","Jedi","0","5874","25","1","attack_start","10","128","0","2","384","1","1","134","alt"
"4434","36","user:void","void","1","bot:/botfiles/jedi.jkb","Jedi","0","5874","26","1","regen","10","1","0","2","384","1","1","134",""
"4435","36","user:void","void","1","bot:/botfiles/jedi.jkb","Jedi","0","5907","27","1","force","9","20","2","2","384","1","1","134",""
"4436","36","user:void","void","1","bot:/botfiles/jedi.jkb","Jedi","0","6006","28","1","force","9","20","3","2","384","1","1","143",""
"4437","36","user:void","void","1","bot:/botfiles/jedi.jkb","Jedi","0","6072","29","1","air","10","0","3","2","384","1","1","149","landed"
"4438","36","user:void","void","1","bot:/botfiles/jedi.jkb","Jedi","0","6633","30","1","punish_success","10","1","3","2","384","1","1","154","punish"
"4439","36","user:void","void","1","bot:/botfiles/jedi.jkb","Jedi","0","7194","31","1","regen","10","1","2","2","256","1","1","161",""
"4440","36","user:void","void","1","bot:/botfiles/jedi.jkb","Jedi","0","7194","32","1","reset_success","10","1","2","2","256","1","1","161","reset"
"4441","36","user:void","void","1","bot:/botfiles/jedi.jkb","Jedi","0","7227","33","1","regen","10","1","2","2","256","1","1","176",""
"4442","36","user:void","void","1","bot:/botfiles/jedi.jkb","Jedi","0","7260","34","1","regen","10","1","2","2","256","1","1","-178",""
"4443","36","user:void","void","1","bot:/botfiles/jedi.jkb","Jedi","0","7293","35","1","regen","10","1","2","2","256","1","1","-177",""
"4444","36","user:void","void","1","bot:/botfiles/jedi.jkb","Jedi","0","7326","36","1","attack_start","10","128","2","2","384","1","1","-169","alt"
"4445","36","user:void","void","1","bot:/botfiles/jedi.jkb","Jedi","0","7326","37","1","force_to_saber","10","1","2","2","384","1","1","-169","force_to_saber"
"4446","36","user:void","void","1","bot:/botfiles/jedi.jkb","Jedi","0","7326","38","1","regen","10","1","2","2","384","1","1","-169",""
"4447","36","user:void","void","1","bot:/botfiles/jedi.jkb","Jedi","0","7359","39","1","regen","10","1","2","2","384","1","1","-166",""
"4448","36","user:void","void","1","bot:/botfiles/jedi.jkb","Jedi","0","7392","40","1","regen","10","1","2","2","384","1","1","-164",""
"4449","36","user:void","void","1","bot:/botfiles/jedi.jkb","Jedi","0","7425","41","1","regen","10","1","2","2","384","1","1","-164",""
"4450","36","user:void","void","1","bot:/botfiles/jedi.jkb","Jedi","0","7458","42","1","force","9","19","3","2","384","1","1","-163",""
"4451","36","user:void","void","1","bot:/botfiles/jedi.jkb","Jedi","0","7491","43","1","regen","10","1","3","2","384","1","1","-163",""
"4452","36","user:void","void","1","bot:/botfiles/jedi.jkb","Jedi","0","7524","44","1","regen","10","1","3","2","384","1","1","-163",""
"4453","36","user:void","void","1","bot:/botfiles/jedi.jkb","Jedi","0","7557","45","1","regen","10","1","3","2","384","1","1","-163",""
"4454","36","user:void","void","1","bot:/botfiles/jedi.jkb","Jedi","0","7590","46","1","regen","10","1","3","2","384","1","1","-165",""
"4455","36","user:void","void","1","bot:/botfiles/jedi.jkb","Jedi","0","7623","47","1","regen","10","1","3","2","384","1","1","-165",""
"4456","36","user:void","void","1","bot:/botfiles/jedi.jkb","Jedi","0","7656","48","1","regen","10","1","3","2","384","1","1","-167",""
"4457","36","user:void","void","1","bot:/botfiles/jedi.jkb","Jedi","0","7689","49","1","regen","10","1","3","2","384","1","1","-168",""
"4458","36","user:void","void","1","bot:/botfiles/jedi.jkb","Jedi","0","7722","50","1","regen","10","1","3","2","384","1","1","-169",""
"4459","36","user:void","void","1","bot:/botfiles/jedi.jkb","Jedi","0","7755","51","1","regen","10","1","3","2","384","1","1","-171",""
"4460","36","user:void","void","1","bot:/botfiles/jedi.jkb","Jedi","0","7788","52","1","regen","10","1","3","2","384","1","1","-172",""
"4461","36","user:void","void","1","bot:/botfiles/jedi.jkb","Jedi","0","7821","53","1","regen","10","1","3","2","384","1","1","-172",""
"4462","36","user:void","void","1","bot:/botfiles/jedi.jkb","Jedi","0","7854","54","1","regen","10","1","2","2","384","1","1","-170",""
"4463","36","user:void","void","1","bot:/botfiles/jedi.jkb","Jedi","0","7854","55","1","reset_success","10","1","2","2","384","1","1","-170","reset"
"4464","36","user:void","void","1","bot:/botfiles/jedi.jkb","Jedi","0","7887","56","1","regen","10","1","2","2","384","1","1","-173",""
"4465","36","user:void","void","1","bot:/botfiles/jedi.jkb","Jedi","0","7920","57","1","regen","10","1","2","2","384","1","1","-177",""
"4466","36","user:void","void","1","bot:/botfiles/jedi.jkb","Jedi","0","7953","58","1","regen","10","1","2","2","384","1","1","178",""
"4467","36","user:void","void","1","bot:/botfiles/jedi.jkb","Jedi","0","7986","59","1","regen","10","1","2","2","384","1","1","177",""
"4468","36","user:void","void","1","bot:/botfiles/jedi.jkb","Jedi","0","8019","60","1","regen","10","1","2","2","384","1","1","176",""
"4469","36","user:void","void","1","bot:/botfiles/jedi.jkb","Jedi","0","8052","61","1","regen","10","1","2","2","384","1","1","175",""
"4470","36","user:void","void","1","bot:/botfiles/jedi.jkb","Jedi","0","8085","62","1","regen","10","1","2","2","384","1","1","173",""
"4471","36","user:void","void","1","bot:/botfiles/jedi.jkb","Jedi","0","8118","63","1","regen","10","1","2","2","384","1","1","171",""
"4472","36","user:void","void","1","bot:/botfiles/jedi.jkb","Jedi","0","8151","64","1","regen","10","1","2","2","384","1","1","170",""
"4473","36","user:void","void","1","bot:/botfiles/jedi.jkb","Jedi","0","8184","65","1","regen","10","1","2","2","384","1","1","169",""
"4474","36","user:void","void","1","bot:/botfiles/jedi.jkb","Jedi","0","8217","66","1","regen","10","1","2","2","384","1","1","168",""
"4475","36","user:void","void","1","bot:/botfiles/jedi.jkb","Jedi","0","8250","67","1","regen","10","1","2","2","384","1","1","167",""
"4476","36","user:void","void","1","bot:/botfiles/jedi.jkb","Jedi","0","8283","68","1","regen","10","1","2","2","384","1","1","166",""
"4477","36","user:void","void","1","bot:/botfiles/jedi.jkb","Jedi","0","8316","69","1","regen","10","1","2","2","384","1","1","165",""
"4478","36","user:void","void","1","bot:/botfiles/jedi.jkb","Jedi","0","8349","70","1","regen","10","1","2","2","384","1","1","164",""
"4479","36","user:void","void","1","bot:/botfiles/jedi.jkb","Jedi","0","8382","71","1","regen","10","1","2","2","384","1","1","163",""
"4480","36","user:void","void","1","bot:/botfiles/jedi.jkb","Jedi","0","8415","72","1","regen","10","1","2","2","384","1","1","162",""
"4481","36","user:void","void","1","bot:/botfiles/jedi.jkb","Jedi","0","8448","73","1","regen","10","1","2","2","384","1","1","162",""
"4482","36","user:void","void","1","bot:/botfiles/jedi.jkb","Jedi","0","8481","74","1","regen","10","1","2","2","384","1","1","161",""
"4483","36","user:void","void","1","bot:/botfiles/jedi.jkb","Jedi","0","8514","75","1","regen","10","1","2","3","384","1","1","160",""
"4484","36","user:void","void","1","bot:/botfiles/jedi.jkb","Jedi","0","8514","76","1","range","10","3","2","3","384","1","1","160",""
"4485","36","user:void","void","1","bot:/botfiles/jedi.jkb","Jedi","0","8547","77","1","regen","10","1","2","3","384","1","1","158",""
"4486","36","user:void","void","1","bot:/botfiles/jedi.jkb","Jedi","0","8580","78","1","regen","10","1","2","3","384","1","1","158",""
"4487","36","user:void","void","1","bot:/botfiles/jedi.jkb","Jedi","0","8580","79","1","air","10","1","2","3","384","1","1","158","airborne"
"4488","36","user:void","void","1","bot:/botfiles/jedi.jkb","Jedi","0","8613","80","1","regen","10","1","2","3","384","1","1","158",""
"4489","36","user:void","void","1","bot:/botfiles/jedi.jkb","Jedi","0","8646","81","1","regen","10","1","2","3","384","1","1","158",""
"4490","36","user:void","void","1","bot:/botfiles/jedi.jkb","Jedi","0","8679","82","1","regen","10","1","2","3","384","1","1","153",""
"4491","36","user:void","void","1","bot:/botfiles/jedi.jkb","Jedi","0","8712","83","1","force","9","40","3","3","384","1","1","151",""
"4492","36","user:void","void","1","bot:/botfiles/jedi.jkb","Jedi","0","8910","84","1","air","10","0","3","3","384","1","1","151","landed"
"4493","36","user:void","void","1","bot:/botfiles/jedi.jkb","Jedi","0","11022","85","1","regen","10","1","3","3","256","1","1","-151",""
"4494","36","user:void","void","1","bot:/botfiles/jedi.jkb","Jedi","0","11055","86","1","regen","10","1","3","3","256","1","1","-156",""
"4495","36","user:void","void","1","bot:/botfiles/jedi.jkb","Jedi","0","11088","87","1","regen","10","1","3","3","256","1","1","-163",""
"4496","36","user:void","void","1","bot:/botfiles/jedi.jkb","Jedi","0","11121","88","1","regen","10","1","3","3","256","1","1","-169",""
"4497","36","user:void","void","1","bot:/botfiles/jedi.jkb","Jedi","0","11154","89","1","regen","10","1","3","3","256","1","1","-174",""
"4498","36","user:void","void","1","bot:/botfiles/jedi.jkb","Jedi","0","11187","90","1","regen","10","1","3","3","256","1","1","-179",""
"4499","36","user:void","void","1","bot:/botfiles/jedi.jkb","Jedi","0","11220","91","1","regen","10","1","3","3","256","1","1","177",""
"4500","36","user:void","void","1","bot:/botfiles/jedi.jkb","Jedi","0","11253","92","1","regen","10","1","3","3","256","1","1","174",""
"4501","36","user:void","void","1","bot:/botfiles/jedi.jkb","Jedi","0","11286","93","1","regen","10","1","3","3","256","1","1","171",""
"4502","36","user:void","void","1","bot:/botfiles/jedi.jkb","Jedi","0","11319","94","1","regen","10","1","3","3","256","1","1","168",""
"4503","36","user:void","void","1","bot:/botfiles/jedi.jkb","Jedi","0","11352","95","1","regen","10","1","3","3","256","1","1","165",""
"4504","36","user:void","void","1","bot:/botfiles/jedi.jkb","Jedi","0","11385","96","1","regen","10","1","3","3","256","1","1","162",""
"4505","36","user:void","void","1","bot:/botfiles/jedi.jkb","Jedi","0","11418","97","1","regen","10","1","3","3","256","1","1","160",""
"4506","36","user:void","void","1","bot:/botfiles/jedi.jkb","Jedi","0","11451","98","1","regen","10","1","3","3","256","1","1","157",""
"4507","36","user:void","void","1","bot:/botfiles/jedi.jkb","Jedi","0","11484","99","1","regen","10","1","2","3","256","1","1","156",""
"4508","36","user:void","void","1","bot:/botfiles/jedi.jkb","Jedi","0","11484","100","1","reset_success","10","1","2","3","256","1","1","156","reset"
"4509","36","user:void","void","1","bot:/botfiles/jedi.jkb","Jedi","0","11517","101","1","regen","10","1","2","3","256","1","1","154",""
"4510","36","user:void","void","1","bot:/botfiles/jedi.jkb","Jedi","0","11550","102","1","regen","10","1","2","3","256","1","1","153",""
"4511","36","user:void","void","1","bot:/botfiles/jedi.jkb","Jedi","0","11583","103","1","regen","10","1","2","3","256","1","1","152",""
"4512","36","user:void","void","1","bot:/botfiles/jedi.jkb","Jedi","0","11616","104","1","regen","10","1","2","3","256","1","1","151",""
"4513","36","user:void","void","1","bot:/botfiles/jedi.jkb","Jedi","0","11649","105","1","regen","10","1","2","3","256","1","1","151",""
"4514","36","user:void","void","1","bot:/botfiles/jedi.jkb","Jedi","0","11682","106","1","regen","10","1","2","3","256","1","1","151",""
"4515","36","user:void","void","1","bot:/botfiles/jedi.jkb","Jedi","0","11715","107","1","regen","10","1","2","3","256","1","1","151",""
"4516","36","user:void","void","1","bot:/botfiles/jedi.jkb","Jedi","0","11748","108","1","regen","10","1","2","3","256","1","1","152",""
"4517","36","user:void","void","1","bot:/botfiles/jedi.jkb","Jedi","0","11781","109","1","regen","10","1","2","3","256","1","1","153",""
"4518","36","user:void","void","1","bot:/botfiles/jedi.jkb","Jedi","0","11814","110","1","regen","10","1","2","3","256","1","1","156",""
"4519","36","user:void","void","1","bot:/botfiles/jedi.jkb","Jedi","0","11847","111","1","regen","10","1","2","3","256","1","1","157",""
"4520","36","user:void","void","1","bot:/botfiles/jedi.jkb","Jedi","0","11880","112","1","regen","10","1","2","3","256","1","1","158",""
"4521","36","user:void","void","1","bot:/botfiles/jedi.jkb","Jedi","0","11913","113","1","regen","10","1","2","3","256","1","1","159",""
"4522","36","user:void","void","1","bot:/botfiles/jedi.jkb","Jedi","0","11946","114","1","regen","10","1","2","3","256","1","1","163",""
"4523","36","user:void","void","1","bot:/botfiles/jedi.jkb","Jedi","0","11979","115","1","regen","10","1","2","3","256","1","1","166",""
"4524","36","user:void","void","1","bot:/botfiles/jedi.jkb","Jedi","0","12012","116","1","regen","10","1","2","3","256","1","1","167",""
"4525","36","user:void","void","1","bot:/botfiles/jedi.jkb","Jedi","0","12045","117","1","regen","10","1","2","3","256","1","1","169",""
"4526","36","user:void","void","1","bot:/botfiles/jedi.jkb","Jedi","0","12078","118","1","regen","10","1","2","3","256","1","1","172",""
"4527","36","user:void","void","1","bot:/botfiles/jedi.jkb","Jedi","0","12111","119","1","regen","10","1","2","3","256","1","1","175",""
"4528","36","user:void","void","1","bot:/botfiles/jedi.jkb","Jedi","0","12144","120","1","regen","10","1","2","3","256","1","1","-179",""
"4529","36","user:void","void","1","bot:/botfiles/jedi.jkb","Jedi","0","12177","121","1","regen","10","1","2","3","256","1","1","-177",""
"4530","36","user:void","void","1","bot:/botfiles/jedi.jkb","Jedi","0","12210","122","1","regen","10","1","2","3","256","1","1","-174",""
"4531","36","user:void","void","1","bot:/botfiles/jedi.jkb","Jedi","0","12243","123","1","regen","10","1","2","3","256","1","1","-172",""
"4532","36","user:void","void","1","bot:/botfiles/jedi.jkb","Jedi","0","12276","124","1","regen","10","1","2","3","256","1","1","-168",""
"4533","36","user:void","void","1","bot:/botfiles/jedi.jkb","Jedi","0","12309","125","1","regen","10","1","2","3","256","1","1","-166",""
"4534","36","user:void","void","1","bot:/botfiles/jedi.jkb","Jedi","0","12342","126","1","regen","10","1","2","3","256","1","1","-165",""
"4535","36","user:void","void","1","bot:/botfiles/jedi.jkb","Jedi","0","12375","127","1","regen","10","1","2","3","256","1","1","-165",""
"4536","36","user:void","void","1","bot:/botfiles/jedi.jkb","Jedi","0","12408","128","1","regen","10","1","2","3","256","1","1","-165",""
"4537","37","user:void","void","1","bot:/botfiles/luke.jkb","Luke","0","33","1","0","air","10","0","0","3","256","0","0","-92","landed"
"4538","37","user:void","void","1","bot:/botfiles/luke.jkb","Luke","0","297","2","0","range","10","2","0","2","256","0","0","-88",""
"4539","37","user:void","void","1","bot:/botfiles/luke.jkb","Luke","0","1287","3","1","attack_start","10","128","0","2","384","36","1","169","alt"
"4540","37","user:void","void","1","bot:/botfiles/luke.jkb","Luke","0","1947","4","1","force","9","20","0","2","384","1","1","-179",""
"4541","37","user:void","void","1","bot:/botfiles/luke.jkb","Luke","0","2145","5","1","air","10","1","0","2","384","1","1","169","airborne"
"4542","37","user:void","void","1","bot:/botfiles/luke.jkb","Luke","0","2640","6","1","range","10","1","0","1","384","1","1","-150",""
"4543","37","user:void","void","1","bot:/botfiles/luke.jkb","Luke","0","2673","7","1","regen","10","1","0","1","384","1","1","-146",""
"4544","37","user:void","void","1","bot:/botfiles/luke.jkb","Luke","0","2706","8","1","regen","10","1","0","1","384","1","1","-145",""
"4545","37","user:void","void","1","bot:/botfiles/luke.jkb","Luke","0","2739","9","1","regen","10","1","0","1","384","1","1","-144",""
"4546","37","user:void","void","1","bot:/botfiles/luke.jkb","Luke","0","2772","10","1","regen","10","1","0","1","384","1","1","-144",""
"4547","37","user:void","void","1","bot:/botfiles/luke.jkb","Luke","0","2805","11","1","regen","10","1","0","1","384","1","1","-145",""
"4548","37","user:void","void","1","bot:/botfiles/luke.jkb","Luke","0","2838","12","1","regen","10","1","0","1","384","1","1","-142",""
"4549","37","user:void","void","1","bot:/botfiles/luke.jkb","Luke","0","2871","13","1","regen","10","1","0","1","384","1","1","-137",""
"4550","37","user:void","void","1","bot:/botfiles/luke.jkb","Luke","0","2904","14","1","regen","10","1","0","1","384","0","1","-129",""
"4551","37","user:void","void","1","bot:/botfiles/luke.jkb","Luke","0","2904","15","1","damage","10","20","0","1","384","0","1","-129",""
"4552","37","user:void","void","1","bot:/botfiles/luke.jkb","Luke","0","2904","16","1","knockdown","10","1","0","1","384","0","1","-129","knockdown"
"4553","37","user:void","void","1","bot:/botfiles/luke.jkb","Luke","0","2937","17","1","regen","10","1","0","1","384","0","1","-123",""
"4554","37","user:void","void","1","bot:/botfiles/luke.jkb","Luke","0","2970","18","1","regen","10","1","0","1","384","0","1","-119",""
"4555","37","user:void","void","1","bot:/botfiles/luke.jkb","Luke","0","3003","19","1","regen","10","1","0","1","384","0","1","-118",""
"4556","37","user:void","void","1","bot:/botfiles/luke.jkb","Luke","0","3036","20","1","regen","10","1","0","2","384","0","1","-119",""
"4557","37","user:void","void","1","bot:/botfiles/luke.jkb","Luke","0","3036","21","1","range","10","2","0","2","384","0","1","-119",""
"4558","37","user:void","void","1","bot:/botfiles/luke.jkb","Luke","0","3069","22","1","regen","10","1","0","2","384","0","1","-121",""
"4559","37","user:void","void","1","bot:/botfiles/luke.jkb","Luke","0","3102","23","1","regen","10","1","0","2","384","0","1","-125",""
"4560","37","user:void","void","1","bot:/botfiles/luke.jkb","Luke","0","3135","24","1","regen","10","1","0","2","384","0","1","-142",""
"4561","37","user:void","void","1","bot:/botfiles/luke.jkb","Luke","0","3168","25","1","regen","10","1","0","2","384","0","1","-168",""
"4562","37","user:void","void","1","bot:/botfiles/luke.jkb","Luke","0","3201","26","1","regen","10","1","0","2","384","0","1","153",""
"4563","37","user:void","void","1","bot:/botfiles/luke.jkb","Luke","0","3234","27","1","regen","10","1","0","2","384","0","1","139",""
"4564","37","user:void","void","1","bot:/botfiles/luke.jkb","Luke","0","3267","28","1","regen","10","1","0","2","384","0","1","137",""
"4565","37","user:void","void","1","bot:/botfiles/luke.jkb","Luke","0","3300","29","1","regen","10","1","0","2","384","0","1","138",""
"4566","37","user:void","void","1","bot:/botfiles/luke.jkb","Luke","0","3696","30","1","range","10","3","0","3","2304","0","1","176",""
"4567","37","user:void","void","1","bot:/botfiles/luke.jkb","Luke","0","3696","31","1","air","10","0","0","3","2304","0","1","176","landed"
"4568","37","user:void","void","1","bot:/botfiles/luke.jkb","Luke","0","3861","32","1","range","10","2","0","2","2304","0","1","166",""
"4569","37","user:void","void","1","bot:/botfiles/luke.jkb","Luke","0","3861","33","1","air","10","1","0","2","2304","0","1","166","airborne"
"4570","37","user:void","void","1","bot:/botfiles/luke.jkb","Luke","0","3993","34","1","force","9","5","0","2","2304","0","1","178",""
"4571","37","user:void","void","1","bot:/botfiles/luke.jkb","Luke","0","4026","35","1","force","9","5","0","2","2304","0","1","-179",""
"4572","37","user:void","void","1","bot:/botfiles/luke.jkb","Luke","0","4092","36","1","force","9","5","1","2","2304","0","1","-152",""
"4573","37","user:void","void","1","bot:/botfiles/luke.jkb","Luke","0","4125","37","1","force","9","5","1","2","2304","0","1","-152",""
"4574","37","user:void","void","1","bot:/botfiles/luke.jkb","Luke","0","4191","38","1","force","9","5","1","2","2304","0","1","-165",""
"4575","37","user:void","void","1","bot:/botfiles/luke.jkb","Luke","0","4224","39","1","force","9","5","1","2","2304","0","1","-173",""
"4576","37","user:void","void","1","bot:/botfiles/luke.jkb","Luke","0","4224","40","1","air","10","0","1","2","2304","0","1","-173","landed"
"4577","37","user:void","void","1","bot:/botfiles/luke.jkb","Luke","0","4290","41","1","force","9","5","1","2","2304","0","1","167",""
"4578","37","user:void","void","1","bot:/botfiles/luke.jkb","Luke","0","4323","42","1","force","9","5","1","2","2304","0","1","157",""
"4579","37","user:void","void","1","bot:/botfiles/luke.jkb","Luke","0","4389","43","1","force","9","5","4","2","2304","0","1","143",""
"4580","37","user:void","void","1","bot:/botfiles/luke.jkb","Luke","0","4422","44","1","force","9","5","4","2","2304","0","1","134",""
"4581","37","user:void","void","1","bot:/botfiles/luke.jkb","Luke","0","4488","45","1","force","9","5","4","2","2304","0","1","113",""
"4582","37","user:void","void","1","bot:/botfiles/luke.jkb","Luke","0","4521","46","1","force","9","5","4","2","2304","0","1","105",""
"4583","37","user:void","void","1","bot:/botfiles/luke.jkb","Luke","0","4587","47","1","force","9","5","4","2","2304","0","1","103",""
"4584","37","user:void","void","1","bot:/botfiles/luke.jkb","Luke","0","4620","48","1","force","9","5","4","2","2304","0","1","108",""
"4585","37","user:void","void","1","bot:/botfiles/luke.jkb","Luke","0","4950","49","1","range","10","1","4","1","256","0","1","142",""
"4586","37","user:void","void","1","bot:/botfiles/luke.jkb","Luke","0","5016","50","1","damage","10","30","4","1","256","0","1","140","saberthrow"
"4587","37","user:void","void","1","bot:/botfiles/luke.jkb","Luke","0","5148","51","1","regen","10","1","4","1","256","0","1","130",""
"4588","37","user:void","void","1","bot:/botfiles/luke.jkb","Luke","0","5181","52","1","regen","10","1","4","1","256","0","1","138",""
"4589","37","user:void","void","1","bot:/botfiles/luke.jkb","Luke","0","5214","53","1","regen","10","1","4","1","256","0","1","142",""
"4590","37","user:void","void","1","bot:/botfiles/luke.jkb","Luke","0","5247","54","1","regen","10","1","4","1","256","0","1","142",""
"4591","37","user:void","void","1","bot:/botfiles/luke.jkb","Luke","0","5280","55","1","regen","10","1","4","1","256","0","1","142",""
"4592","37","user:void","void","1","bot:/botfiles/luke.jkb","Luke","0","5313","56","1","regen","10","1","4","1","256","1","1","152",""
"4593","37","user:void","void","1","bot:/botfiles/luke.jkb","Luke","0","5346","57","1","force","9","5","4","1","256","1","1","160",""
"4594","37","user:void","void","1","bot:/botfiles/luke.jkb","Luke","0","5346","58","2","counter_success","10","20","4","1","256","1","1","160","counter"
"4595","37","user:void","void","1","bot:/botfiles/luke.jkb","Luke","0","5346","59","2","air","10","1","4","1","256","1","1","160","airborne"
"4596","37","user:void","void","1","bot:/botfiles/luke.jkb","Luke","0","5379","60","2","regen","10","1","4","1","256","1","1","145",""
"4597","37","user:void","void","1","bot:/botfiles/luke.jkb","Luke","0","5412","61","2","regen","10","1","4","1","256","1","1","144",""
"4598","37","user:void","void","1","bot:/botfiles/luke.jkb","Luke","0","5445","62","2","regen","10","1","4","1","256","1","1","177",""
"4599","37","user:void","void","1","bot:/botfiles/luke.jkb","Luke","0","5478","63","2","regen","10","1","4","1","256","1","1","-150",""
"4600","37","user:void","void","1","bot:/botfiles/luke.jkb","Luke","0","5511","64","2","regen","10","1","4","1","256","1","1","-132",""
"4601","37","user:void","void","1","bot:/botfiles/luke.jkb","Luke","0","5544","65","2","regen","10","1","4","1","256","1","1","-127",""
"4602","37","user:void","void","1","bot:/botfiles/luke.jkb","Luke","0","5577","66","2","regen","10","1","4","1","256","1","1","-122",""
"4603","37","user:void","void","1","bot:/botfiles/luke.jkb","Luke","0","5610","67","2","regen","10","1","4","1","256","1","1","-114",""
"4604","37","user:void","void","1","bot:/botfiles/luke.jkb","Luke","0","5643","68","2","regen","10","1","4","1","256","1","1","-107",""
"4605","37","user:void","void","1","bot:/botfiles/luke.jkb","Luke","0","5676","69","2","regen","10","1","4","2","256","1","1","-101",""
"4606","37","user:void","void","1","bot:/botfiles/luke.jkb","Luke","0","5676","70","2","range","10","2","4","2","256","1","1","-101",""
"4607","37","user:void","void","1","bot:/botfiles/luke.jkb","Luke","0","5709","71","2","regen","10","1","4","2","256","1","1","-89",""
"4608","37","user:void","void","1","bot:/botfiles/luke.jkb","Luke","0","5742","72","2","regen","10","1","4","2","256","1","1","-78",""
"4609","37","user:void","void","1","bot:/botfiles/luke.jkb","Luke","0","5775","73","2","regen","10","1","4","2","256","1","1","-72",""
"4610","37","user:void","void","1","bot:/botfiles/luke.jkb","Luke","0","5808","74","2","regen","10","1","4","2","256","1","1","-70",""
"4611","37","user:void","void","1","bot:/botfiles/luke.jkb","Luke","0","5841","75","2","regen","10","1","1","2","256","1","1","-70",""
"4612","37","user:void","void","1","bot:/botfiles/luke.jkb","Luke","0","5874","76","2","regen","10","1","1","2","256","1","1","-82",""
"4613","37","user:void","void","1","bot:/botfiles/luke.jkb","Luke","0","5907","77","2","regen","10","1","1","2","256","1","1","-114",""
"4614","37","user:void","void","1","bot:/botfiles/luke.jkb","Luke","0","5940","78","2","regen","10","1","1","2","256","1","1","-149",""
"4615","37","user:void","void","1","bot:/botfiles/luke.jkb","Luke","0","5973","79","2","regen","10","1","1","2","256","1","1","-156",""
"4616","37","user:void","void","1","bot:/botfiles/luke.jkb","Luke","0","6006","80","2","regen","10","1","1","2","256","1","1","-160",""
"4617","37","user:void","void","1","bot:/botfiles/luke.jkb","Luke","0","6039","81","2","attack_start","10","128","1","2","384","1","1","-166","alt"
"4618","37","user:void","void","1","bot:/botfiles/luke.jkb","Luke","0","6039","82","2","force_to_saber","10","1","1","2","384","1","1","-166","force_to_saber"
"4619","37","user:void","void","1","bot:/botfiles/luke.jkb","Luke","0","6039","83","2","regen","10","1","1","2","384","1","1","-166",""
"4620","37","user:void","void","1","bot:/botfiles/luke.jkb","Luke","0","6072","84","2","regen","10","1","1","2","384","1","1","-167",""
"4621","37","user:void","void","1","bot:/botfiles/luke.jkb","Luke","0","6105","85","2","force","9","20","4","2","384","1","1","-170",""
"4622","37","user:void","void","1","bot:/botfiles/luke.jkb","Luke","0","6303","86","2","range","10","1","4","1","384","1","1","-177",""
"4623","37","user:void","void","1","bot:/botfiles/luke.jkb","Luke","0","6369","87","2","force","9","20","3","1","384","1","1","174",""
"4624","37","user:void","void","1","bot:/botfiles/luke.jkb","Luke","0","6402","88","2","air","10","0","3","1","384","1","1","174","landed"
"4625","37","user:void","void","1","bot:/botfiles/luke.jkb","Luke","0","6435","89","2","punish_success","10","1","3","1","384","1","1","-164","punish"
"4626","37","user:void","void","1","bot:/botfiles/luke.jkb","Luke","0","6501","90","2","air","10","1","3","1","384","1","1","-160","airborne"
"4627","37","user:void","void","1","bot:/botfiles/luke.jkb","Luke","0","6534","91","2","force","9","6","3","1","384","1","1","-171",""
"4628","37","user:void","void","1","bot:/botfiles/luke.jkb","Luke","0","6534","92","2","punish_success","10","20","3","1","384","1","1","-171","punish"
"4629","37","user:void","void","1","bot:/botfiles/luke.jkb","Luke","0","6666","93","2","regen","10","1","3","1","384","1","1","178",""
"4630","37","user:void","void","1","bot:/botfiles/luke.jkb","Luke","0","6699","94","2","regen","10","1","3","1","384","1","1","-178",""
"4631","37","user:void","void","1","bot:/botfiles/luke.jkb","Luke","0","6732","95","2","regen","10","1","3","1","384","1","1","-172",""
"4632","37","user:void","void","1","bot:/botfiles/luke.jkb","Luke","0","6765","96","2","regen","10","1","3","1","384","1","1","-167",""
"4633","37","user:void","void","1","bot:/botfiles/luke.jkb","Luke","0","6798","97","2","regen","10","1","3","2","384","1","1","-164",""
"4634","37","user:void","void","1","bot:/botfiles/luke.jkb","Luke","0","6798","98","2","range","10","2","3","2","384","1","1","-164",""
"4635","37","user:void","void","1","bot:/botfiles/luke.jkb","Luke","0","6831","99","2","regen","10","1","3","2","384","1","1","-161",""
"4636","37","user:void","void","1","bot:/botfiles/luke.jkb","Luke","0","6864","100","2","regen","10","1","3","2","384","1","1","-160",""
"4637","37","user:void","void","1","bot:/botfiles/luke.jkb","Luke","0","6897","101","2","regen","10","1","3","2","384","1","1","-168",""
"4638","37","user:void","void","1","bot:/botfiles/luke.jkb","Luke","0","6930","102","2","regen","10","1","3","1","384","1","1","-175",""
"4639","37","user:void","void","1","bot:/botfiles/luke.jkb","Luke","0","6930","103","2","range","10","1","3","1","384","1","1","-175",""
"4640","37","user:void","void","1","bot:/botfiles/luke.jkb","Luke","0","6963","104","2","regen","10","1","3","1","384","1","1","-179",""
"4641","37","user:void","void","1","bot:/botfiles/luke.jkb","Luke","0","6996","105","2","regen","10","1","3","1","384","1","1","174",""
"4642","37","user:void","void","1","bot:/botfiles/luke.jkb","Luke","0","7029","106","2","regen","10","1","3","1","384","1","1","169",""
"4643","37","user:void","void","1","bot:/botfiles/luke.jkb","Luke","0","7062","107","2","regen","10","1","3","1","384","1","1","146",""
"4644","37","user:void","void","1","bot:/botfiles/luke.jkb","Luke","0","7095","108","2","regen","10","1","3","1","384","0","1","134",""
"4645","37","user:void","void","1","bot:/botfiles/luke.jkb","Luke","0","7095","109","2","damage","10","20","3","1","384","0","1","134",""
"4646","37","user:void","void","1","bot:/botfiles/luke.jkb","Luke","0","7095","110","2","knockdown","10","1","3","1","384","0","1","134","knockdown"
"4647","37","user:void","void","1","bot:/botfiles/luke.jkb","Luke","0","7128","111","2","regen","10","1","3","1","384","0","1","130",""
"4648","37","user:void","void","1","bot:/botfiles/luke.jkb","Luke","0","7161","112","2","regen","10","1","3","1","384","0","1","134",""
"4649","37","user:void","void","1","bot:/botfiles/luke.jkb","Luke","0","7194","113","2","regen","10","1","3","1","384","0","1","141",""
"4650","37","user:void","void","1","bot:/botfiles/luke.jkb","Luke","0","7227","114","2","regen","10","1","3","1","384","0","1","153",""
"4651","37","user:void","void","1","bot:/botfiles/luke.jkb","Luke","0","7260","115","2","regen","10","1","4","1","384","0","1","163",""
"4652","37","user:void","void","1","bot:/botfiles/luke.jkb","Luke","0","7260","116","2","reset_success","10","1","4","1","384","0","1","163","reset"
"4653","37","user:void","void","1","bot:/botfiles/luke.jkb","Luke","0","7293","117","2","regen","10","1","4","2","384","0","1","169",""
"4654","37","user:void","void","1","bot:/botfiles/luke.jkb","Luke","0","7293","118","2","range","10","2","4","2","384","0","1","169",""
"4655","37","user:void","void","1","bot:/botfiles/luke.jkb","Luke","0","7326","119","2","regen","10","1","4","2","384","0","1","171",""
"4656","37","user:void","void","1","bot:/botfiles/luke.jkb","Luke","0","7359","120","2","regen","10","1","0","2","384","0","1","176",""
"4657","37","user:void","void","1","bot:/botfiles/luke.jkb","Luke","0","7392","121","2","regen","10","1","0","2","384","0","1","179",""
"4658","37","user:void","void","1","bot:/botfiles/luke.jkb","Luke","0","7425","122","2","regen","10","1","0","2","384","0","1","-177",""
"4659","37","user:void","void","1","bot:/botfiles/luke.jkb","Luke","0","7458","123","2","regen","10","1","0","2","384","0","1","178",""
"4660","37","user:void","void","1","bot:/botfiles/luke.jkb","Luke","0","7491","124","2","regen","10","1","0","2","384","0","1","169",""
"4661","37","user:void","void","1","bot:/botfiles/luke.jkb","Luke","0","7524","125","2","regen","10","1","0","2","384","0","1","163",""
"4662","37","user:void","void","1","bot:/botfiles/luke.jkb","Luke","0","7557","126","2","regen","10","1","0","2","384","0","1","157",""
"4663","37","user:void","void","1","bot:/botfiles/luke.jkb","Luke","0","7590","127","2","regen","10","1","0","2","384","0","1","156",""
"4664","37","user:void","void","1","bot:/botfiles/luke.jkb","Luke","0","7623","128","2","regen","10","1","0","2","0","0","1","158",""
"4665","38","user:void","void","1","bot:/botfiles/hardds4.jkb","KyleKatarn","0","33","1","0","air","10","0","0","3","256","0","0","-104","landed"
"4666","38","user:void","void","1","bot:/botfiles/hardds4.jkb","KyleKatarn","0","957","2","0","range","10","2","0","2","256","1","1","99",""
"4667","38","user:void","void","1","bot:/botfiles/hardds4.jkb","KyleKatarn","0","1584","3","0","range","10","1","0","1","256","1","1","155",""
"4668","38","user:void","void","1","bot:/botfiles/hardds4.jkb","KyleKatarn","0","1980","4","0","air","10","1","0","1","256","1","1","141","airborne"
"4669","38","user:void","void","1","bot:/botfiles/hardds4.jkb","KyleKatarn","0","2079","5","1","attack_start","10","128","0","1","384","1","1","164","alt"
"4670","38","user:void","void","1","bot:/botfiles/hardds4.jkb","KyleKatarn","0","2343","6","1","air","10","0","0","1","384","1","1","-177","landed"
"4671","38","user:void","void","1","bot:/botfiles/hardds4.jkb","KyleKatarn","0","2673","7","1","air","10","1","0","1","384","0","1","-134","airborne"
"4672","38","user:void","void","1","bot:/botfiles/hardds4.jkb","KyleKatarn","0","2673","8","1","knockdown","10","1","0","1","384","0","1","-134","knockdown"
"4673","38","user:void","void","1","bot:/botfiles/hardds4.jkb","KyleKatarn","0","2937","9","1","range","10","2","0","2","384","0","1","-80",""
"4674","38","user:void","void","1","bot:/botfiles/hardds4.jkb","KyleKatarn","0","3234","10","1","air","10","0","0","2","256","0","1","-91","landed"
"4675","38","user:void","void","1","bot:/botfiles/hardds4.jkb","KyleKatarn","0","3795","11","1","force","9","31","0","2","320","0","1","175",""
"4676","38","user:void","void","1","bot:/botfiles/hardds4.jkb","KyleKatarn","0","3927","12","2","force","9","1","0","2","320","0","1","170",""
"4677","38","user:void","void","1","bot:/botfiles/hardds4.jkb","KyleKatarn","0","4059","13","2","force","9","1","0","2","320","0","1","163",""
"4678","38","user:void","void","1","bot:/botfiles/hardds4.jkb","KyleKatarn","0","4191","14","2","force","9","1","0","2","320","0","1","162",""
"4679","38","user:void","void","1","bot:/botfiles/hardds4.jkb","KyleKatarn","0","4323","15","2","force","9","1","0","2","320","0","1","176",""
"4680","38","user:void","void","1","bot:/botfiles/hardds4.jkb","KyleKatarn","0","4455","16","2","force","9","1","0","2","320","0","1","177",""
"4681","38","user:void","void","1","bot:/botfiles/hardds4.jkb","KyleKatarn","0","4488","17","2","regen","10","1","0","1","320","0","1","178",""
"4682","38","user:void","void","1","bot:/botfiles/hardds4.jkb","KyleKatarn","0","4488","18","2","range","10","1","0","1","320","0","1","178",""
"4683","38","user:void","void","1","bot:/botfiles/hardds4.jkb","KyleKatarn","0","4488","19","2","air","10","1","0","1","320","0","1","178","airborne"
"4684","38","user:void","void","1","bot:/botfiles/hardds4.jkb","KyleKatarn","0","4521","20","2","regen","10","1","0","1","320","0","1","178",""
"4685","38","user:void","void","1","bot:/botfiles/hardds4.jkb","KyleKatarn","0","4554","21","2","regen","10","1","0","1","320","0","1","-177",""
"4686","38","user:void","void","1","bot:/botfiles/hardds4.jkb","KyleKatarn","0","4587","22","2","regen","10","1","0","1","320","0","0","-176",""
"4687","38","user:void","void","1","bot:/botfiles/hardds4.jkb","KyleKatarn","0","4620","23","2","regen","10","1","0","1","320","0","0","-176",""
"4688","38","user:void","void","1","bot:/botfiles/hardds4.jkb","KyleKatarn","0","4653","24","2","regen","10","1","0","1","320","0","0","-174",""
"4689","38","user:void","void","1","bot:/botfiles/hardds4.jkb","KyleKatarn","0","4686","25","2","regen","10","1","0","1","256","0","0","-171",""
"4690","38","user:void","void","1","bot:/botfiles/hardds4.jkb","KyleKatarn","0","4719","26","2","regen","10","1","0","1","256","0","0","-165",""
"4691","38","user:void","void","1","bot:/botfiles/hardds4.jkb","KyleKatarn","0","4752","27","2","regen","10","1","0","1","256","0","0","-156",""
"4692","38","user:void","void","1","bot:/botfiles/hardds4.jkb","KyleKatarn","0","4785","28","2","regen","10","1","0","1","256","0","0","-147",""
"4693","38","user:void","void","1","bot:/botfiles/hardds4.jkb","KyleKatarn","0","4818","29","2","regen","10","1","0","1","256","0","0","-135",""
"4694","38","user:void","void","1","bot:/botfiles/hardds4.jkb","KyleKatarn","0","4851","30","2","regen","10","1","0","1","256","0","0","-125",""
"4695","38","user:void","void","1","bot:/botfiles/hardds4.jkb","KyleKatarn","0","4851","31","2","air","10","0","0","1","256","0","0","-125","landed"
"4696","38","user:void","void","1","bot:/botfiles/hardds4.jkb","KyleKatarn","0","4884","32","2","regen","10","1","0","1","256","0","0","-117",""
"4697","38","user:void","void","1","bot:/botfiles/hardds4.jkb","KyleKatarn","0","4917","33","2","regen","10","1","0","1","256","0","0","-110",""
"4698","38","user:void","void","1","bot:/botfiles/hardds4.jkb","KyleKatarn","0","4950","34","2","regen","10","1","0","1","256","0","0","-108",""
"4699","38","user:void","void","1","bot:/botfiles/hardds4.jkb","KyleKatarn","0","4983","35","2","regen","10","1","0","1","256","0","0","-106",""
"4700","38","user:void","void","1","bot:/botfiles/hardds4.jkb","KyleKatarn","0","5016","36","2","regen","10","1","0","1","256","0","0","-104",""
"4701","38","user:void","void","1","bot:/botfiles/hardds4.jkb","KyleKatarn","0","5049","37","2","regen","10","1","0","1","256","0","0","-111",""
"4702","38","user:void","void","1","bot:/botfiles/hardds4.jkb","KyleKatarn","0","5082","38","2","regen","10","1","0","1","256","1","0","-121",""
"4703","38","user:void","void","1","bot:/botfiles/hardds4.jkb","KyleKatarn","0","5115","39","2","regen","10","1","0","1","256","1","0","-137",""
"4704","38","user:void","void","1","bot:/botfiles/hardds4.jkb","KyleKatarn","0","5148","40","2","regen","10","1","0","1","256","1","0","-149",""
"4705","38","user:void","void","1","bot:/botfiles/hardds4.jkb","KyleKatarn","0","5181","41","2","force","9","5","0","1","2304","1","0","-156",""
"4706","38","user:void","void","1","bot:/botfiles/hardds4.jkb","KyleKatarn","0","5214","42","2","force","9","5","0","1","2304","1","0","-157",""
"4707","38","user:void","void","1","bot:/botfiles/hardds4.jkb","KyleKatarn","0","5280","43","2","force","9","5","0","1","2304","1","0","-161",""
"4708","38","user:void","void","1","bot:/botfiles/hardds4.jkb","KyleKatarn","0","5313","44","2","force","9","5","0","1","2304","1","0","-161",""
"4709","38","user:void","void","1","bot:/botfiles/hardds4.jkb","KyleKatarn","0","5379","45","2","force","9","5","0","1","2304","1","0","-162",""
"4710","38","user:void","void","1","bot:/botfiles/hardds4.jkb","KyleKatarn","0","5379","46","2","air","10","1","0","1","2304","1","0","-162","airborne"
"4711","38","user:void","void","1","bot:/botfiles/hardds4.jkb","KyleKatarn","0","5412","47","2","force","9","5","0","2","2304","1","0","-163",""
"4712","38","user:void","void","1","bot:/botfiles/hardds4.jkb","KyleKatarn","0","5412","48","2","range","10","2","0","2","2304","1","0","-163",""
"4713","38","user:void","void","1","bot:/botfiles/hardds4.jkb","KyleKatarn","0","5742","49","2","air","10","0","0","2","256","1","0","169","landed"
"4714","38","user:void","void","1","bot:/botfiles/hardds4.jkb","KyleKatarn","0","5775","50","2","range","10","3","0","3","256","1","0","169",""
"4715","38","user:void","void","1","bot:/botfiles/hardds4.jkb","KyleKatarn","0","5940","51","2","regen","10","1","0","3","256","1","0","-177",""
"4716","38","user:void","void","1","bot:/botfiles/hardds4.jkb","KyleKatarn","0","5973","52","2","regen","10","1","0","3","256","1","0","-176",""
"4717","38","user:void","void","1","bot:/botfiles/hardds4.jkb","KyleKatarn","0","6006","53","2","regen","10","1","0","3","256","1","0","-175",""
"4718","38","user:void","void","1","bot:/botfiles/hardds4.jkb","KyleKatarn","0","6039","54","2","regen","10","1","0","3","256","1","0","-174",""
"4719","38","user:void","void","1","bot:/botfiles/hardds4.jkb","KyleKatarn","0","6072","55","3","attack_start","10","128","0","2","384","1","0","-175","alt"
"4720","38","user:void","void","1","bot:/botfiles/hardds4.jkb","KyleKatarn","0","6072","56","3","force_to_saber","10","1","0","2","384","1","0","-175","force_to_saber"
"4721","38","user:void","void","1","bot:/botfiles/hardds4.jkb","KyleKatarn","0","6072","57","3","force","9","20","0","2","384","1","0","-175",""
"4722","38","user:void","void","1","bot:/botfiles/hardds4.jkb","KyleKatarn","0","6072","58","3","range","10","2","0","2","384","1","0","-175",""
"4723","38","user:void","void","1","bot:/botfiles/hardds4.jkb","KyleKatarn","0","6138","59","3","force","9","4","0","2","384","1","1","-178",""
"4724","38","user:void","void","1","bot:/botfiles/hardds4.jkb","KyleKatarn","0","6303","60","3","force","9","20","3","2","384","1","1","179",""
"4725","38","user:void","void","1","bot:/botfiles/hardds4.jkb","KyleKatarn","0","6534","61","3","range","10","1","3","1","384","1","1","-134",""
"4726","38","user:void","void","1","bot:/botfiles/hardds4.jkb","KyleKatarn","0","6534","62","3","air","10","1","3","1","384","1","1","-134","airborne"
"4727","38","user:void","void","1","bot:/botfiles/hardds4.jkb","KyleKatarn","0","6633","63","3","regen","10","1","3","1","384","1","1","-138",""
"4728","38","user:void","void","1","bot:/botfiles/hardds4.jkb","KyleKatarn","0","6666","64","3","regen","10","1","3","1","384","1","1","-143",""
"4729","38","user:void","void","1","bot:/botfiles/hardds4.jkb","KyleKatarn","0","6699","65","3","regen","10","1","3","1","384","1","1","-151",""
"4730","38","user:void","void","1","bot:/botfiles/hardds4.jkb","KyleKatarn","0","6732","66","3","regen","10","1","3","1","384","0","1","-155",""
"4731","38","user:void","void","1","bot:/botfiles/hardds4.jkb","KyleKatarn","0","6732","67","3","damage","10","20","3","1","384","0","1","-155",""
"4732","38","user:void","void","1","bot:/botfiles/hardds4.jkb","KyleKatarn","0","6732","68","3","knockdown","10","1","3","1","384","0","1","-155","knockdown"
"4733","38","user:void","void","1","bot:/botfiles/hardds4.jkb","KyleKatarn","0","6765","69","3","regen","10","1","3","1","384","0","1","-157",""
"4734","38","user:void","void","1","bot:/botfiles/hardds4.jkb","KyleKatarn","0","6798","70","3","regen","10","1","3","1","384","0","1","-157",""
"4735","38","user:void","void","1","bot:/botfiles/hardds4.jkb","KyleKatarn","0","6831","71","3","regen","10","1","3","1","384","0","1","-155",""
"4736","38","user:void","void","1","bot:/botfiles/hardds4.jkb","KyleKatarn","0","6864","72","3","regen","10","1","3","1","384","0","1","-147",""
"4737","38","user:void","void","1","bot:/botfiles/hardds4.jkb","KyleKatarn","0","6897","73","3","regen","10","1","3","1","384","0","1","-143",""
"4738","38","user:void","void","1","bot:/botfiles/hardds4.jkb","KyleKatarn","0","6930","74","3","regen","10","1","3","2","384","0","1","-140",""
"4739","38","user:void","void","1","bot:/botfiles/hardds4.jkb","KyleKatarn","0","6930","75","3","range","10","2","3","2","384","0","1","-140",""
"4740","38","user:void","void","1","bot:/botfiles/hardds4.jkb","KyleKatarn","0","6963","76","3","regen","10","1","4","2","384","0","156","-137",""
"4741","38","user:void","void","1","bot:/botfiles/hardds4.jkb","KyleKatarn","0","6963","77","3","reset_success","10","1","4","2","384","0","156","-137","reset"
"4742","38","user:void","void","1","bot:/botfiles/hardds4.jkb","KyleKatarn","0","6996","78","3","regen","10","1","4","2","384","0","156","-137",""
"4743","38","user:void","void","1","bot:/botfiles/hardds4.jkb","KyleKatarn","0","7029","79","3","regen","10","1","4","2","384","0","156","-137",""
"4744","38","user:void","void","1","bot:/botfiles/hardds4.jkb","KyleKatarn","0","7062","80","3","regen","10","1","4","2","384","0","156","-139",""
"4745","38","user:void","void","1","bot:/botfiles/hardds4.jkb","KyleKatarn","0","7095","81","3","regen","10","1","4","2","256","0","156","-141",""
"4746","38","user:void","void","1","bot:/botfiles/hardds4.jkb","KyleKatarn","0","7128","82","3","regen","10","1","4","2","256","0","156","-145",""
"4747","38","user:void","void","1","bot:/botfiles/hardds4.jkb","KyleKatarn","0","7161","83","3","regen","10","1","4","2","256","0","156","-148",""
"4748","38","user:void","void","1","bot:/botfiles/hardds4.jkb","KyleKatarn","0","7194","84","3","regen","10","1","4","2","256","0","156","-151",""
"4749","38","user:void","void","1","bot:/botfiles/hardds4.jkb","KyleKatarn","0","7227","85","3","regen","10","1","4","2","0","0","156","-155",""
"4750","38","user:void","void","1","bot:/botfiles/hardds4.jkb","KyleKatarn","0","7260","86","3","regen","10","1","4","2","0","0","156","-158",""
"4751","38","user:void","void","1","bot:/botfiles/hardds4.jkb","KyleKatarn","0","7293","87","3","regen","10","1","4","2","0","0","156","-161",""
"4752","38","user:void","void","1","bot:/botfiles/hardds4.jkb","KyleKatarn","0","7293","88","3","air","10","0","4","2","0","0","156","-161","landed"
"4753","38","user:void","void","1","bot:/botfiles/hardds4.jkb","KyleKatarn","0","7326","89","3","regen","10","1","0","2","0","0","156","-165",""
"4754","38","user:void","void","1","bot:/botfiles/hardds4.jkb","KyleKatarn","0","7359","90","3","regen","10","1","0","2","0","0","156","-167",""
"4755","38","user:void","void","1","bot:/botfiles/hardds4.jkb","KyleKatarn","0","7392","91","3","regen","10","1","0","2","0","0","156","-170",""
"4756","38","user:void","void","1","bot:/botfiles/hardds4.jkb","KyleKatarn","0","7425","92","3","regen","10","1","0","2","0","0","156","-172",""
"4757","38","user:void","void","1","bot:/botfiles/hardds4.jkb","KyleKatarn","0","7458","93","3","regen","10","1","0","2","0","0","156","-175",""
"4758","38","user:void","void","1","bot:/botfiles/hardds4.jkb","KyleKatarn","0","7491","94","3","regen","10","1","0","2","0","0","1","-176",""
"4759","38","user:void","void","1","bot:/botfiles/hardds4.jkb","KyleKatarn","0","7524","95","3","regen","10","1","0","2","2304","0","1","-179",""
"4760","38","user:void","void","1","bot:/botfiles/hardds4.jkb","KyleKatarn","0","7557","96","3","regen","10","1","0","2","2304","0","1","178",""
"4761","38","user:void","void","1","bot:/botfiles/hardds4.jkb","KyleKatarn","0","7590","97","3","regen","10","1","0","2","2304","0","1","175",""
"4762","38","user:void","void","1","bot:/botfiles/hardds4.jkb","KyleKatarn","0","7623","98","3","regen","10","1","0","2","2304","0","1","173",""
"4763","38","user:void","void","1","bot:/botfiles/hardds4.jkb","KyleKatarn","0","7656","99","3","regen","10","1","0","2","2304","0","1","172",""
"4764","38","user:void","void","1","bot:/botfiles/hardds4.jkb","KyleKatarn","0","7689","100","3","regen","10","1","0","2","2304","0","1","172",""
"4765","38","user:void","void","1","bot:/botfiles/hardds4.jkb","KyleKatarn","0","7722","101","3","regen","10","1","0","2","2304","0","1","172",""
"4766","38","user:void","void","1","bot:/botfiles/hardds4.jkb","KyleKatarn","0","7755","102","3","regen","10","1","0","2","2304","0","1","171",""
"4767","38","user:void","void","1","bot:/botfiles/hardds4.jkb","KyleKatarn","0","7788","103","3","regen","10","1","0","2","2304","0","1","171",""
"4768","38","user:void","void","1","bot:/botfiles/hardds4.jkb","KyleKatarn","0","7821","104","3","force","9","5","0","2","2304","0","1","171",""
"4769","38","user:void","void","1","bot:/botfiles/hardds4.jkb","KyleKatarn","0","7854","105","3","force","9","5","0","2","2304","0","1","171",""
"4770","38","user:void","void","1","bot:/botfiles/hardds4.jkb","KyleKatarn","0","7920","106","3","force","9","5","0","2","2304","0","1","166",""
"4771","38","user:void","void","1","bot:/botfiles/hardds4.jkb","KyleKatarn","0","7953","107","3","force","9","5","4","2","2304","0","1","164",""
"4772","38","user:void","void","1","bot:/botfiles/hardds4.jkb","KyleKatarn","0","8019","108","3","force","9","5","4","2","2304","0","1","161",""
"4773","38","user:void","void","1","bot:/botfiles/hardds4.jkb","KyleKatarn","0","8052","109","3","force","9","5","3","3","2304","0","1","161",""
"4774","38","user:void","void","1","bot:/botfiles/hardds4.jkb","KyleKatarn","0","8052","110","3","range","10","3","3","3","2304","0","1","161",""
"4775","38","user:void","void","1","bot:/botfiles/hardds4.jkb","KyleKatarn","0","8580","111","3","regen","10","1","3","3","256","0","1","171",""
"4776","38","user:void","void","1","bot:/botfiles/hardds4.jkb","KyleKatarn","0","8613","112","3","regen","10","1","3","3","256","0","1","167",""
"4777","38","user:void","void","1","bot:/botfiles/hardds4.jkb","KyleKatarn","0","8646","113","3","regen","10","1","3","3","256","0","1","162",""
"4778","38","user:void","void","1","bot:/botfiles/hardds4.jkb","KyleKatarn","0","8679","114","3","regen","10","1","3","3","256","0","1","160",""
"4779","38","user:void","void","1","bot:/botfiles/hardds4.jkb","KyleKatarn","0","8712","115","3","regen","10","1","4","3","256","0","1","158",""
"4780","38","user:void","void","1","bot:/botfiles/hardds4.jkb","KyleKatarn","0","8712","116","3","reset_success","10","1","4","3","256","0","1","158","reset"
"4781","38","user:void","void","1","bot:/botfiles/hardds4.jkb","KyleKatarn","0","8745","117","3","regen","10","1","4","3","256","0","1","158",""
"4782","38","user:void","void","1","bot:/botfiles/hardds4.jkb","KyleKatarn","0","8778","118","3","regen","10","1","4","3","256","0","1","159",""
"4783","38","user:void","void","1","bot:/botfiles/hardds4.jkb","KyleKatarn","0","8811","119","3","regen","10","1","4","3","256","0","1","160",""
"4784","38","user:void","void","1","bot:/botfiles/hardds4.jkb","KyleKatarn","0","8844","120","3","regen","10","1","4","3","256","0","1","160",""
"4785","38","user:void","void","1","bot:/botfiles/hardds4.jkb","KyleKatarn","0","8877","121","3","regen","10","1","4","3","256","0","1","161",""
"4786","38","user:void","void","1","bot:/botfiles/hardds4.jkb","KyleKatarn","0","8910","122","3","regen","10","1","4","3","256","0","1","162",""
"4787","38","user:void","void","1","bot:/botfiles/hardds4.jkb","KyleKatarn","0","8943","123","3","regen","10","1","4","3","256","0","1","165",""
"4788","38","user:void","void","1","bot:/botfiles/hardds4.jkb","KyleKatarn","0","8976","124","3","regen","10","1","4","3","256","0","1","166",""
"4789","38","user:void","void","1","bot:/botfiles/hardds4.jkb","KyleKatarn","0","9009","125","3","regen","10","1","4","3","256","0","1","168",""
"4790","38","user:void","void","1","bot:/botfiles/hardds4.jkb","KyleKatarn","0","9042","126","3","regen","10","1","4","3","256","0","1","168",""
"4791","38","user:void","void","1","bot:/botfiles/hardds4.jkb","KyleKatarn","0","9075","127","3","regen","10","1","4","3","256","0","1","168",""
"4792","38","user:void","void","1","bot:/botfiles/hardds4.jkb","KyleKatarn","0","9108","128","3","regen","10","1","4","3","256","0","1","169",""
"4793","39","user:void","void","1","bot:/botfiles/easyds3.jkb","Reelo","0","33","1","0","air","10","0","0","3","0","0","0","47","landed"
"4794","39","user:void","void","1","bot:/botfiles/easyds3.jkb","Reelo","0","4092","2","0","air","10","1","0","3","256","1","1","74","airborne"
"4795","39","user:void","void","1","bot:/botfiles/easyds3.jkb","Reelo","0","4851","3","0","range","10","2","0","2","256","1","1","-173",""
"4796","39","user:void","void","1","bot:/botfiles/easyds3.jkb","Reelo","0","4917","4","0","air","10","0","0","2","256","1","1","-172","landed"
"4797","39","user:void","void","1","bot:/botfiles/easyds3.jkb","Reelo","0","5181","5","1","attack_start","10","128","0","2","384","1","1","-178","alt"
"4798","39","user:void","void","1","bot:/botfiles/easyds3.jkb","Reelo","0","5181","6","1","force","9","20","0","2","384","1","1","-178",""
"4799","39","user:void","void","1","bot:/botfiles/easyds3.jkb","Reelo","0","5346","7","1","force","9","20","2","2","384","1","1","-179",""
"4800","39","user:void","void","1","bot:/botfiles/easyds3.jkb","Reelo","0","5478","8","1","punish_success","10","30","2","2","384","1","1","-165","punish"
"4801","39","user:void","void","1","bot:/botfiles/easyds3.jkb","Reelo","0","5478","9","1","air","10","1","2","2","384","1","1","-165","airborne"
"4802","39","user:void","void","1","bot:/botfiles/easyds3.jkb","Reelo","0","5511","10","1","range","10","1","2","1","384","1","1","-166",""
"4803","39","user:void","void","1","bot:/botfiles/easyds3.jkb","Reelo","0","5577","11","1","force","9","6","2","1","384","1","1","-167",""
"4804","39","user:void","void","1","bot:/botfiles/easyds3.jkb","Reelo","0","5577","12","1","punish_success","10","20","2","1","384","1","1","-167","punish"
"4805","39","user:void","void","1","bot:/botfiles/easyds3.jkb","Reelo","0","5610","13","1","force","9","4","2","1","384","1","1","-171",""
"4806","39","user:void","void","1","bot:/botfiles/easyds3.jkb","Reelo","0","5643","14","1","force","9","4","2","1","384","1","1","-174",""
"4807","39","user:void","void","1","bot:/botfiles/easyds3.jkb","Reelo","0","5709","15","1","force","9","4","2","1","384","1","1","175",""
"4808","39","user:void","void","1","bot:/botfiles/easyds3.jkb","Reelo","0","5742","16","1","force","9","4","2","2","384","1","1","170",""
"4809","39","user:void","void","1","bot:/botfiles/easyds3.jkb","Reelo","0","5742","17","1","range","10","2","2","2","384","1","1","170",""
"4810","39","user:void","void","1","bot:/botfiles/easyds3.jkb","Reelo","0","5808","18","1","force","9","4","2","2","384","1","1","167",""
"4811","39","user:void","void","1","bot:/botfiles/easyds3.jkb","Reelo","0","5841","19","1","force","9","4","2","2","384","1","1","166",""
"4812","39","user:void","void","1","bot:/botfiles/easyds3.jkb","Reelo","0","5907","20","1","force","9","4","2","2","384","1","1","165",""
"4813","39","user:void","void","1","bot:/botfiles/easyds3.jkb","Reelo","0","5940","21","1","force","9","4","3","2","384","1","1","163",""
"4814","39","user:void","void","1","bot:/botfiles/easyds3.jkb","Reelo","0","6006","22","1","force","9","4","3","2","384","1","1","170",""
"4815","39","user:void","void","1","bot:/botfiles/easyds3.jkb","Reelo","0","6039","23","1","force","9","4","3","2","384","1","1","174",""
"4816","39","user:void","void","1","bot:/botfiles/easyds3.jkb","Reelo","0","6105","24","1","force","9","4","3","2","384","1","1","179",""
"4817","39","user:void","void","1","bot:/botfiles/easyds3.jkb","Reelo","0","6138","25","1","force","9","4","3","2","384","1","1","-176",""
"4818","39","user:void","void","1","bot:/botfiles/easyds3.jkb","Reelo","0","6204","26","1","force","9","4","3","2","256","1","1","-171",""
"4819","39","user:void","void","1","bot:/botfiles/easyds3.jkb","Reelo","0","6237","27","1","force","9","2","3","2","256","1","1","-171",""
"4820","39","user:void","void","1","bot:/botfiles/easyds3.jkb","Reelo","0","6336","28","1","attack_start","10","1","3","2","257","1","1","-168","attack"
"4821","39","user:void","void","1","bot:/botfiles/easyds3.jkb","Reelo","0","6336","29","1","force_to_saber","10","1","3","2","257","1","1","-168","force_to_saber"
"4822","39","user:void","void","1","bot:/botfiles/easyds3.jkb","Reelo","0","6468","30","1","range","10","1","3","1","257","66","1","-168",""
"4823","39","user:void","void","1","bot:/botfiles/easyds3.jkb","Reelo","0","6468","31","1","air","10","0","3","1","257","66","1","-168","landed"
"4824","39","user:void","void","1","bot:/botfiles/easyds3.jkb","Reelo","0","6666","32","1","attack_chain","10","8","3","1","257","8","1","-179","chain"
"4825","39","user:void","void","1","bot:/botfiles/easyds3.jkb","Reelo","0","6765","33","1","air","10","1","3","1","257","8","1","-120","airborne"
"4826","39","user:void","void","1","bot:/botfiles/easyds3.jkb","Reelo","0","6798","34","1","punish_success","10","30","3","1","257","8","1","-104","punish"
"4827","39","user:void","void","1","bot:/botfiles/easyds3.jkb","Reelo","0","6963","35","1","attack_chain","10","5","3","1","257","5","1","-149","chain"
"4828","39","user:void","void","1","bot:/botfiles/easyds3.jkb","Reelo","0","6996","36","1","punish_success","10","30","3","1","257","5","1","-166","punish"
"4829","39","user:void","void","1","bot:/botfiles/easyds3.jkb","Reelo","0","7029","37","1","regen","10","1","3","1","257","5","1","-172",""
"4830","39","user:void","void","1","bot:/botfiles/easyds3.jkb","Reelo","0","7062","38","1","regen","10","1","3","1","257","5","1","-173",""
"4831","39","user:void","void","1","bot:/botfiles/mediumds.jkb","TuskenRaider","0","7095","39","1","regen","10","1","3","1","257","5","1","-96",""
"4832","39","user:void","void","1","bot:/botfiles/mediumds.jkb","TuskenRaider","0","7095","40","1","air","10","0","3","1","257","5","1","-96","landed"
"4833","39","user:void","void","1","bot:/botfiles/mediumds.jkb","TuskenRaider","0","7128","41","1","regen","10","1","3","1","257","5","1","-104",""
"4834","39","user:void","void","1","bot:/botfiles/mediumds.jkb","TuskenRaider","0","7128","42","1","punish_success","10","30","3","1","257","5","1","-104","punish"
"4835","39","user:void","void","1","bot:/botfiles/mediumds.jkb","TuskenRaider","0","7161","43","1","regen","10","1","3","1","257","0","1","-112",""
"4836","39","user:void","void","1","bot:/botfiles/mediumds.jkb","TuskenRaider","0","7161","44","1","damage","10","20","3","1","257","0","1","-112",""
"4837","39","user:void","void","1","bot:/botfiles/mediumds.jkb","TuskenRaider","0","7161","45","1","air","10","1","3","1","257","0","1","-112","airborne"
"4838","39","user:void","void","1","bot:/botfiles/mediumds.jkb","TuskenRaider","0","7161","46","1","knockdown","10","1","3","1","257","0","1","-112","knockdown"
"4839","39","user:void","void","1","bot:/botfiles/mediumds.jkb","TuskenRaider","0","7194","47","1","regen","10","1","3","1","257","0","1","-118",""
"4840","39","user:void","void","1","bot:/botfiles/mediumds.jkb","TuskenRaider","0","7227","48","1","regen","10","1","3","1","257","0","1","-123",""
"4841","39","user:void","void","1","bot:/botfiles/mediumds.jkb","TuskenRaider","0","7260","49","1","regen","10","1","3","1","257","0","1","-125",""
"4842","39","user:void","void","1","bot:/botfiles/mediumds.jkb","TuskenRaider","0","7260","50","1","counter_success","10","1","3","1","257","0","1","-125","counter"
"4843","39","user:void","void","1","bot:/botfiles/mediumds.jkb","TuskenRaider","0","7293","51","1","regen","10","1","3","1","257","0","1","-123",""
"4844","39","user:void","void","1","bot:/botfiles/mediumds.jkb","TuskenRaider","0","7293","52","1","counter_success","10","20","3","1","257","0","1","-123","counter"
"4845","39","user:void","void","1","bot:/botfiles/mediumds.jkb","TuskenRaider","0","7326","53","1","regen","10","1","3","2","257","0","1","-119",""
"4846","39","user:void","void","1","bot:/botfiles/mediumds.jkb","TuskenRaider","0","7326","54","1","range","10","2","3","2","257","0","1","-119",""
"4847","39","user:void","void","1","bot:/botfiles/mediumds.jkb","TuskenRaider","0","7359","55","1","regen","10","1","3","2","257","0","1","-109",""
"4848","39","user:void","void","1","bot:/botfiles/mediumds.jkb","TuskenRaider","0","7392","56","1","regen","10","1","3","2","257","0","1","-97",""
"4849","39","user:void","void","1","bot:/botfiles/mediumds.jkb","TuskenRaider","0","7425","57","1","regen","10","1","3","2","257","0","1","-95",""
"4850","39","user:void","void","1","bot:/botfiles/mediumds.jkb","TuskenRaider","0","7458","58","1","regen","10","1","3","2","257","0","1","-104",""
"4851","39","user:void","void","1","bot:/botfiles/mediumds.jkb","TuskenRaider","0","7491","59","1","regen","10","1","3","2","257","0","1","-113",""
"4852","39","user:void","void","1","bot:/botfiles/mediumds.jkb","TuskenRaider","0","7524","60","1","regen","10","1","3","2","257","0","1","-131",""
"4853","39","user:void","void","1","bot:/botfiles/mediumds.jkb","TuskenRaider","0","7557","61","1","regen","10","1","3","2","257","0","1","-140",""
"4854","39","user:void","void","1","bot:/botfiles/mediumds.jkb","TuskenRaider","0","7590","62","1","regen","10","1","3","2","256","0","1","-142",""
"4855","39","user:void","void","1","bot:/botfiles/mediumds.jkb","TuskenRaider","0","7623","63","1","regen","10","1","3","2","256","0","1","-141",""
"4856","39","user:void","void","1","bot:/botfiles/mediumds.jkb","TuskenRaider","0","7656","64","1","regen","10","1","3","2","256","0","1","-139",""
"4857","39","user:void","void","1","bot:/botfiles/mediumds.jkb","TuskenRaider","0","7656","65","1","air","10","0","3","2","256","0","1","-139","landed"
"4858","39","user:void","void","1","bot:/botfiles/mediumds.jkb","TuskenRaider","0","7689","66","1","regen","10","1","3","2","256","0","1","-139",""
"4859","39","user:void","void","1","bot:/botfiles/mediumds.jkb","TuskenRaider","0","7722","67","1","regen","10","1","3","2","256","0","1","-136",""
"4860","39","user:void","void","1","bot:/botfiles/mediumds.jkb","TuskenRaider","0","7755","68","1","regen","10","1","3","2","256","0","1","-135",""
"4861","39","user:void","void","1","bot:/botfiles/mediumds.jkb","TuskenRaider","0","7788","69","1","regen","10","1","3","2","256","0","1","-134",""
"4862","39","user:void","void","1","bot:/botfiles/mediumds.jkb","TuskenRaider","0","7821","70","1","regen","10","1","3","2","256","0","1","-132",""
"4863","39","user:void","void","1","bot:/botfiles/mediumds.jkb","TuskenRaider","0","7854","71","1","regen","10","1","2","2","0","0","1","-131",""
"4864","39","user:void","void","1","bot:/botfiles/mediumds.jkb","TuskenRaider","0","7854","72","1","reset_success","10","1","2","2","0","0","1","-131","reset"
"4865","39","user:void","void","1","bot:/botfiles/mediumds.jkb","TuskenRaider","0","7887","73","1","regen","10","1","2","2","0","0","1","-129",""
"4866","39","user:void","void","1","bot:/botfiles/easyds3.jkb","Reelo","0","7920","74","1","regen","10","1","0","2","2304","0","1","168",""
"4867","39","user:void","void","1","bot:/botfiles/easyds3.jkb","Reelo","0","7953","75","1","force","9","4","3","2","2304","0","1","167",""
"4868","39","user:void","void","1","bot:/botfiles/easyds3.jkb","Reelo","0","7986","76","1","force","9","4","3","2","2304","0","1","167",""
"4869","39","user:void","void","1","bot:/botfiles/easyds3.jkb","Reelo","0","8052","77","1","force","9","4","3","2","2304","0","1","166",""
"4870","39","user:void","void","1","bot:/botfiles/easyds3.jkb","Reelo","0","8085","78","1","force","9","4","3","2","2304","0","1","166",""
"4871","39","user:void","void","1","bot:/botfiles/easyds3.jkb","Reelo","0","8085","79","1","air","10","1","3","2","2304","0","1","166","airborne"
"4872","39","user:void","void","1","bot:/botfiles/easyds3.jkb","Reelo","0","8151","80","1","force","9","4","3","2","2304","0","1","162",""
"4873","39","user:void","void","1","bot:/botfiles/easyds3.jkb","Reelo","0","8184","81","1","force","9","4","3","2","2304","0","1","162",""
"4874","39","user:void","void","1","bot:/botfiles/easyds3.jkb","Reelo","0","8217","82","1","range","10","1","3","1","2304","0","1","160",""
"4875","39","user:void","void","1","bot:/botfiles/easyds3.jkb","Reelo","0","8250","83","1","force","9","4","3","1","2304","0","1","154",""
"4876","39","user:void","void","1","bot:/botfiles/easyds3.jkb","Reelo","0","8349","84","1","damage","10","20","3","1","2304","0","1","145",""
"4877","39","user:void","void","1","bot:/botfiles/easyds3.jkb","Reelo","0","8514","85","1","range","10","2","3","2","2304","0","1","109",""
"4878","39","user:void","void","1","bot:/botfiles/easyds3.jkb","Reelo","0","8910","86","1","range","10","1","3","1","256","0","1","90",""
"4879","39","user:void","void","1","bot:/botfiles/mediumds.jkb","TuskenRaider","0","9009","87","1","air","10","0","3","1","256","0","0","-140","landed"
"4880","39","user:void","void","1","bot:/botfiles/mediumds.jkb","TuskenRaider","0","9042","88","1","regen","10","1","3","1","256","0","0","-145",""
"4881","39","user:void","void","1","bot:/botfiles/mediumds.jkb","TuskenRaider","0","9075","89","1","regen","10","1","3","1","256","0","0","-149",""
"4882","39","user:void","void","1","bot:/botfiles/easyds3.jkb","Reelo","0","9108","90","1","regen","10","1","3","1","256","0","1","92",""
"4883","39","user:void","void","1","bot:/botfiles/easyds3.jkb","Reelo","0","9141","91","1","regen","10","1","3","1","256","0","1","91",""
"4884","39","user:void","void","1","bot:/botfiles/easyds3.jkb","Reelo","0","9174","92","1","regen","10","1","3","2","256","0","1","89",""
"4885","39","user:void","void","1","bot:/botfiles/easyds3.jkb","Reelo","0","9174","93","1","range","10","2","3","2","256","0","1","89",""
"4886","39","user:void","void","1","bot:/botfiles/easyds3.jkb","Reelo","0","9207","94","1","regen","10","1","3","2","256","0","1","87",""
"4887","39","user:void","void","1","bot:/botfiles/easyds3.jkb","Reelo","0","9240","95","1","regen","10","1","3","2","256","0","1","85",""
"4888","39","user:void","void","1","bot:/botfiles/easyds3.jkb","Reelo","0","9273","96","1","regen","10","1","3","2","256","0","1","83",""
"4889","39","user:void","void","1","bot:/botfiles/easyds3.jkb","Reelo","0","9306","97","1","regen","10","1","3","2","256","0","1","81",""
"4890","39","user:void","void","1","bot:/botfiles/easyds3.jkb","Reelo","0","9339","98","1","regen","10","1","3","2","256","0","1","79",""
"4891","39","user:void","void","1","bot:/botfiles/easyds3.jkb","Reelo","0","9372","99","1","regen","10","1","3","2","256","0","1","77",""
"4892","39","user:void","void","1","bot:/botfiles/easyds3.jkb","Reelo","0","9405","100","1","regen","10","1","3","2","256","0","1","74",""
"4893","39","user:void","void","1","bot:/botfiles/easyds3.jkb","Reelo","0","9438","101","1","regen","10","1","3","2","256","0","1","71",""
"4894","39","user:void","void","1","bot:/botfiles/easyds3.jkb","Reelo","0","9471","102","1","regen","10","1","3","2","256","0","1","67",""
"4895","39","user:void","void","1","bot:/botfiles/easyds3.jkb","Reelo","0","9504","103","1","regen","10","1","3","2","256","0","1","62",""
"4896","39","user:void","void","1","bot:/botfiles/easyds3.jkb","Reelo","0","9537","104","1","regen","10","1","3","2","256","0","1","59",""
"4897","39","user:void","void","1","bot:/botfiles/easyds3.jkb","Reelo","0","9570","105","1","regen","10","1","3","2","256","1","1","54",""
"4898","39","user:void","void","1","bot:/botfiles/easyds3.jkb","Reelo","0","9603","106","1","regen","10","1","3","2","256","1","1","51",""
"4899","39","user:void","void","1","bot:/botfiles/easyds3.jkb","Reelo","0","9636","107","1","regen","10","1","3","2","256","1","1","48",""
"4900","39","user:void","void","1","bot:/botfiles/easyds3.jkb","Reelo","0","9669","108","1","regen","10","1","3","2","256","1","1","44",""
"4901","39","user:void","void","1","bot:/botfiles/easyds3.jkb","Reelo","0","9702","109","1","regen","10","1","3","2","256","1","1","41",""
"4902","39","user:void","void","1","bot:/botfiles/easyds3.jkb","Reelo","0","9735","110","1","regen","10","1","3","2","256","1","1","36",""
"4903","39","user:void","void","1","bot:/botfiles/easyds3.jkb","Reelo","0","9768","111","1","regen","10","1","3","2","256","1","1","34",""
"4904","39","user:void","void","1","bot:/botfiles/easyds3.jkb","Reelo","0","9801","112","1","regen","10","1","3","2","256","1","1","29",""
"4905","39","user:void","void","1","bot:/botfiles/easyds3.jkb","Reelo","0","9834","113","1","regen","10","1","3","2","256","1","1","24",""
"4906","39","user:void","void","1","bot:/botfiles/easyds3.jkb","Reelo","0","9867","114","1","regen","10","1","4","2","256","1","1","21",""
"4907","39","user:void","void","1","bot:/botfiles/easyds3.jkb","Reelo","0","9867","115","1","reset_success","10","1","4","2","256","1","1","21","reset"
"4908","39","user:void","void","1","bot:/botfiles/easyds3.jkb","Reelo","0","9900","116","1","regen","10","1","4","2","256","1","1","18",""
"4909","39","user:void","void","1","bot:/botfiles/easyds3.jkb","Reelo","0","9933","117","1","regen","10","1","4","2","256","1","1","15",""
"4910","39","user:void","void","1","bot:/botfiles/easyds3.jkb","Reelo","0","9966","118","1","regen","10","1","4","2","256","1","1","12",""
"4911","39","user:void","void","1","bot:/botfiles/easyds3.jkb","Reelo","0","9999","119","1","regen","10","1","4","2","256","1","1","8",""
"4912","39","user:void","void","1","bot:/botfiles/easyds3.jkb","Reelo","0","10032","120","1","regen","10","1","4","2","256","1","1","5",""
"4913","39","user:void","void","1","bot:/botfiles/easyds3.jkb","Reelo","0","10065","121","1","regen","10","1","4","2","256","1","1","1",""
"4914","39","user:void","void","1","bot:/botfiles/easyds3.jkb","Reelo","0","10098","122","1","regen","10","1","4","2","256","1","1","0",""
"4915","39","user:void","void","1","bot:/botfiles/easyds3.jkb","Reelo","0","10131","123","1","regen","10","1","4","2","256","1","1","-1",""
"4916","39","user:void","void","1","bot:/botfiles/easyds3.jkb","Reelo","0","10164","124","1","regen","10","1","0","2","256","1","1","-5",""
"4917","39","user:void","void","1","bot:/botfiles/easyds3.jkb","Reelo","0","10197","125","1","regen","10","1","0","2","256","1","1","-7",""
"4918","39","user:void","void","1","bot:/botfiles/easyds3.jkb","Reelo","0","10230","126","1","regen","10","1","0","2","256","1","1","-8",""
"4919","39","user:void","void","1","bot:/botfiles/easyds3.jkb","Reelo","0","10263","127","1","regen","10","1","0","2","256","1","1","-10",""
"4920","39","user:void","void","1","bot:/botfiles/easyds3.jkb","Reelo","0","10296","128","1","regen","10","1","0","2","256","1","1","-10",""
"4921","40","iphash:2667391d","^0-=^3'/^7o^3!^0d^0=-^6","2","bot:/botfiles/jedi.jkb","Jedi","0","231","1","0","air","10","0","0","3","256","0","0","-39","landed"
"4922","40","iphash:2667391d","^0-=^3'/^7o^3!^0d^0=-^6","2","bot:/botfiles/jedi.jkb","Jedi","0","363","2","0","air","10","1","0","3","256","0","0","-30","airborne"
"4923","40","iphash:2667391d","^0-=^3'/^7o^3!^0d^0=-^6","2","bot:/botfiles/jedi.jkb","Jedi","0","792","3","0","air","10","0","0","3","0","1","1","5","landed"
"4924","40","iphash:2667391d","^0-=^3'/^7o^3!^0d^0=-^6","2","bot:/botfiles/jedi.jkb","Jedi","0","3432","4","1","attack_start","10","1","0","3","257","62","1","55","attack"
"4925","40","iphash:2667391d","^0-=^3'/^7o^3!^0d^0=-^6","2","bot:/botfiles/jedi.jkb","Jedi","0","8877","5","1","air","10","1","0","3","256","1","1","-143","airborne"
"4926","40","iphash:2667391d","^0-=^3'/^7o^3!^0d^0=-^6","2","bot:/botfiles/jedi.jkb","Jedi","0","8976","6","1","air","10","0","0","3","256","1","1","-148","landed"
"4927","40","iphash:2667391d","^0-=^3'/^7o^3!^0d^0=-^6","2","bot:/botfiles/jedi.jkb","Jedi","0","10527","7","1","air","10","1","0","3","256","1","1","8","airborne"
"4928","40","iphash:2667391d","^0-=^3'/^7o^3!^0d^0=-^6","2","bot:/botfiles/jedi.jkb","Jedi","0","10626","8","1","force","9","6","0","3","256","1","1","13",""
"4929","40","iphash:2667391d","^0-=^3'/^7o^3!^0d^0=-^6","2","bot:/botfiles/jedi.jkb","Jedi","0","10923","9","1","force","9","2","0","3","256","1","1","18",""
"4930","40","iphash:2667391d","^0-=^3'/^7o^3!^0d^0=-^6","2","bot:/botfiles/jedi.jkb","Jedi","0","11715","10","1","regen","10","1","0","3","256","1","1","-109",""
"4931","40","iphash:2667391d","^0-=^3'/^7o^3!^0d^0=-^6","2","bot:/botfiles/jedi.jkb","Jedi","0","11715","11","1","air","10","0","0","3","256","1","1","-109","landed"
"4932","40","iphash:2667391d","^0-=^3'/^7o^3!^0d^0=-^6","2","bot:/botfiles/jedi.jkb","Jedi","0","11748","12","1","regen","10","1","0","3","256","1","1","-112",""
"4933","40","iphash:2667391d","^0-=^3'/^7o^3!^0d^0=-^6","2","bot:/botfiles/jedi.jkb","Jedi","0","11781","13","1","regen","10","1","0","3","256","1","1","-115",""
"4934","40","iphash:2667391d","^0-=^3'/^7o^3!^0d^0=-^6","2","bot:/botfiles/jedi.jkb","Jedi","0","11814","14","1","regen","10","1","0","3","256","1","1","-120",""
"4935","40","iphash:2667391d","^0-=^3'/^7o^3!^0d^0=-^6","2","bot:/botfiles/jedi.jkb","Jedi","0","11847","15","1","regen","10","1","0","3","256","1","1","-122",""
"4936","40","iphash:2667391d","^0-=^3'/^7o^3!^0d^0=-^6","2","bot:/botfiles/jedi.jkb","Jedi","0","11880","16","1","regen","10","1","0","3","256","1","1","-125",""
"4937","40","iphash:2667391d","^0-=^3'/^7o^3!^0d^0=-^6","2","bot:/botfiles/jedi.jkb","Jedi","0","11913","17","1","regen","10","1","0","3","256","1","1","-126",""
"4938","40","iphash:2667391d","^0-=^3'/^7o^3!^0d^0=-^6","2","bot:/botfiles/jedi.jkb","Jedi","0","11946","18","1","regen","10","1","0","3","256","1","1","-127",""
"4939","40","iphash:2667391d","^0-=^3'/^7o^3!^0d^0=-^6","2","bot:/botfiles/jedi.jkb","Jedi","0","12144","19","1","air","10","1","0","3","256","1","1","-146","airborne"
"4940","40","iphash:2667391d","^0-=^3'/^7o^3!^0d^0=-^6","2","bot:/botfiles/jedi.jkb","Jedi","0","13167","20","1","air","10","0","0","3","256","1","1","-179","landed"
"4941","40","iphash:2667391d","^0-=^3'/^7o^3!^0d^0=-^6","2","bot:/botfiles/jedi.jkb","Jedi","0","13266","21","1","air","10","1","0","3","256","1","1","-175","airborne"
"4942","40","iphash:2667391d","^0-=^3'/^7o^3!^0d^0=-^6","2","bot:/botfiles/jedi.jkb","Jedi","0","14619","22","1","force","9","6","0","3","256","1","1","150",""
"4943","40","iphash:2667391d","^0-=^3'/^7o^3!^0d^0=-^6","2","bot:/botfiles/jedi.jkb","Jedi","0","14685","23","1","range","10","2","0","2","256","1","1","154",""
"4944","40","iphash:2667391d","^0-=^3'/^7o^3!^0d^0=-^6","2","bot:/botfiles/jedi.jkb","Jedi","0","15048","24","1","regen","10","1","0","2","0","1","1","179",""
"4945","40","iphash:2667391d","^0-=^3'/^7o^3!^0d^0=-^6","2","bot:/botfiles/jedi.jkb","Jedi","0","15048","25","1","air","10","0","0","2","0","1","1","179","landed"
"4946","40","iphash:2667391d","^0-=^3'/^7o^3!^0d^0=-^6","2","bot:/botfiles/jedi.jkb","Jedi","0","15081","26","1","regen","10","1","0","2","0","1","1","-178",""
"4947","40","iphash:2667391d","^0-=^3'/^7o^3!^0d^0=-^6","2","bot:/botfiles/jedi.jkb","Jedi","0","15114","27","1","regen","10","1","0","2","0","1","1","-179",""
"4948","40","iphash:2667391d","^0-=^3'/^7o^3!^0d^0=-^6","2","bot:/botfiles/jedi.jkb","Jedi","0","15147","28","1","regen","10","1","0","2","0","1","1","179",""
"4949","40","iphash:2667391d","^0-=^3'/^7o^3!^0d^0=-^6","2","bot:/botfiles/jedi.jkb","Jedi","0","15180","29","1","regen","10","1","0","2","0","1","1","178",""
"4950","40","iphash:2667391d","^0-=^3'/^7o^3!^0d^0=-^6","2","bot:/botfiles/jedi.jkb","Jedi","0","15213","30","1","regen","10","1","0","2","0","1","1","177",""
"4951","40","iphash:2667391d","^0-=^3'/^7o^3!^0d^0=-^6","2","bot:/botfiles/jedi.jkb","Jedi","0","15312","31","1","air","10","1","0","2","256","1","1","176","airborne"
"4952","40","iphash:2667391d","^0-=^3'/^7o^3!^0d^0=-^6","2","bot:/botfiles/jedi.jkb","Jedi","0","15345","32","1","range","10","1","0","1","256","1","1","176",""
"4953","40","iphash:2667391d","^0-=^3'/^7o^3!^0d^0=-^6","2","bot:/botfiles/jedi.jkb","Jedi","0","15675","33","1","range","10","2","0","2","0","1","1","-54",""
"4954","40","iphash:2667391d","^0-=^3'/^7o^3!^0d^0=-^6","2","bot:/botfiles/jedi.jkb","Jedi","0","15840","34","1","air","10","0","0","2","0","1","1","-68","landed"
"4955","40","iphash:2667391d","^0-=^3'/^7o^3!^0d^0=-^6","2","bot:/botfiles/jedi.jkb","Jedi","0","16005","35","1","air","10","1","0","2","256","1","1","-90","airborne"
"4956","40","iphash:2667391d","^0-=^3'/^7o^3!^0d^0=-^6","2","bot:/botfiles/jedi.jkb","Jedi","0","16137","36","1","force","9","6","0","2","256","1","1","-111",""
"4957","40","iphash:2667391d","^0-=^3'/^7o^3!^0d^0=-^6","2","bot:/botfiles/jedi.jkb","Jedi","0","16434","37","1","force","9","6","0","2","256","1","1","-156",""
"4958","40","iphash:2667391d","^0-=^3'/^7o^3!^0d^0=-^6","2","bot:/botfiles/jedi.jkb","Jedi","0","16599","38","1","range","10","3","0","3","256","1","1","-176",""
"4959","40","iphash:2667391d","^0-=^3'/^7o^3!^0d^0=-^6","2","bot:/botfiles/jedi.jkb","Jedi","0","16731","39","1","force","9","6","0","3","256","1","1","171",""
"4960","40","iphash:2667391d","^0-=^3'/^7o^3!^0d^0=-^6","2","bot:/botfiles/jedi.jkb","Jedi","0","17028","40","1","force","9","5","0","3","256","1","1","155",""
"4961","40","iphash:2667391d","^0-=^3'/^7o^3!^0d^0=-^6","2","bot:/botfiles/jedi.jkb","Jedi","0","17325","41","1","force","9","2","0","3","2","1","1","151",""
"4962","40","iphash:2667391d","^0-=^3'/^7o^3!^0d^0=-^6","2","bot:/botfiles/jedi.jkb","Jedi","0","18348","42","1","regen","10","1","0","3","2","1","1","158",""
"4963","40","iphash:2667391d","^0-=^3'/^7o^3!^0d^0=-^6","2","bot:/botfiles/jedi.jkb","Jedi","0","18348","43","1","air","10","0","0","3","2","1","1","158","landed"
"4964","40","iphash:2667391d","^0-=^3'/^7o^3!^0d^0=-^6","2","bot:/botfiles/jedi.jkb","Jedi","0","18381","44","1","regen","10","1","0","3","2","1","1","158",""
"4965","40","iphash:2667391d","^0-=^3'/^7o^3!^0d^0=-^6","2","bot:/botfiles/jedi.jkb","Jedi","0","18414","45","1","regen","10","1","0","3","2","1","1","158",""
"4966","40","iphash:2667391d","^0-=^3'/^7o^3!^0d^0=-^6","2","bot:/botfiles/jedi.jkb","Jedi","0","18447","46","1","regen","10","1","0","3","2","1","1","158",""
"4967","40","iphash:2667391d","^0-=^3'/^7o^3!^0d^0=-^6","2","bot:/botfiles/jedi.jkb","Jedi","0","18480","47","1","regen","10","1","0","3","2","1","1","159",""
"4968","40","iphash:2667391d","^0-=^3'/^7o^3!^0d^0=-^6","2","bot:/botfiles/jedi.jkb","Jedi","0","18513","48","1","regen","10","1","0","3","2","1","1","159",""
"4969","40","iphash:2667391d","^0-=^3'/^7o^3!^0d^0=-^6","2","bot:/botfiles/jedi.jkb","Jedi","0","18546","49","1","regen","10","1","0","3","2","1","1","159",""
"4970","40","iphash:2667391d","^0-=^3'/^7o^3!^0d^0=-^6","2","bot:/botfiles/jedi.jkb","Jedi","0","18579","50","1","regen","10","1","0","3","2","1","1","159",""
"4971","40","iphash:2667391d","^0-=^3'/^7o^3!^0d^0=-^6","2","bot:/botfiles/jedi.jkb","Jedi","0","18612","51","1","regen","10","1","0","3","2","1","1","159",""
"4972","40","iphash:2667391d","^0-=^3'/^7o^3!^0d^0=-^6","2","bot:/botfiles/jedi.jkb","Jedi","0","18645","52","1","regen","10","1","0","3","2","1","1","159",""
"4973","40","iphash:2667391d","^0-=^3'/^7o^3!^0d^0=-^6","2","bot:/botfiles/jedi.jkb","Jedi","0","18678","53","1","regen","10","1","0","3","2","1","1","159",""
"4974","40","iphash:2667391d","^0-=^3'/^7o^3!^0d^0=-^6","2","bot:/botfiles/jedi.jkb","Jedi","0","18711","54","1","regen","10","1","0","3","2","1","1","159",""
"4975","40","iphash:2667391d","^0-=^3'/^7o^3!^0d^0=-^6","2","bot:/botfiles/jedi.jkb","Jedi","0","18744","55","1","regen","10","1","0","3","2","1","1","159",""
"4976","40","iphash:2667391d","^0-=^3'/^7o^3!^0d^0=-^6","2","bot:/botfiles/jedi.jkb","Jedi","0","18777","56","1","regen","10","1","0","3","2","1","1","159",""
"4977","40","iphash:2667391d","^0-=^3'/^7o^3!^0d^0=-^6","2","bot:/botfiles/jedi.jkb","Jedi","0","18810","57","1","regen","10","1","0","3","2","1","1","159",""
"4978","40","iphash:2667391d","^0-=^3'/^7o^3!^0d^0=-^6","2","bot:/botfiles/jedi.jkb","Jedi","0","18843","58","1","regen","10","1","0","3","2","1","1","159",""
"4979","40","iphash:2667391d","^0-=^3'/^7o^3!^0d^0=-^6","2","bot:/botfiles/jedi.jkb","Jedi","0","18876","59","1","regen","10","1","0","3","2","1","1","159",""
"4980","40","iphash:2667391d","^0-=^3'/^7o^3!^0d^0=-^6","2","bot:/botfiles/jedi.jkb","Jedi","0","18909","60","1","regen","10","1","0","3","2","1","1","159",""
"4981","40","iphash:2667391d","^0-=^3'/^7o^3!^0d^0=-^6","2","bot:/botfiles/jedi.jkb","Jedi","0","18942","61","1","regen","10","1","0","3","2","1","1","159",""
"4982","40","iphash:2667391d","^0-=^3'/^7o^3!^0d^0=-^6","2","bot:/botfiles/jedi.jkb","Jedi","0","18975","62","1","regen","10","1","0","3","2","1","1","159",""
"4983","40","iphash:2667391d","^0-=^3'/^7o^3!^0d^0=-^6","2","bot:/botfiles/jedi.jkb","Jedi","0","19008","63","1","regen","10","1","0","3","2","1","1","159",""
"4984","40","iphash:2667391d","^0-=^3'/^7o^3!^0d^0=-^6","2","bot:/botfiles/jedi.jkb","Jedi","0","19041","64","1","regen","10","1","0","3","2","1","1","159",""
"4985","40","iphash:2667391d","^0-=^3'/^7o^3!^0d^0=-^6","2","bot:/botfiles/jedi.jkb","Jedi","0","19074","65","1","regen","10","1","0","3","2","1","1","159",""
"4986","40","iphash:2667391d","^0-=^3'/^7o^3!^0d^0=-^6","2","bot:/botfiles/jedi.jkb","Jedi","0","19107","66","1","regen","10","1","0","3","2","1","1","159",""
"4987","40","iphash:2667391d","^0-=^3'/^7o^3!^0d^0=-^6","2","bot:/botfiles/jedi.jkb","Jedi","0","19140","67","1","regen","10","1","0","3","2","1","1","158",""
"4988","40","iphash:2667391d","^0-=^3'/^7o^3!^0d^0=-^6","2","bot:/botfiles/jedi.jkb","Jedi","0","24717","68","1","range","10","2","0","2","2","1","1","95",""
"4989","40","iphash:2667391d","^0-=^3'/^7o^3!^0d^0=-^6","2","bot:/botfiles/jedi.jkb","Jedi","0","25344","69","1","air","10","1","0","2","2","1","1","83","airborne"
"4990","40","iphash:2667391d","^0-=^3'/^7o^3!^0d^0=-^6","2","bot:/botfiles/jedi.jkb","Jedi","0","25377","70","1","damage","10","30","2","2","2","1","1","83","saberthrow"
"4991","40","iphash:2667391d","^0-=^3'/^7o^3!^0d^0=-^6","2","bot:/botfiles/jedi.jkb","Jedi","0","25674","71","1","air","10","0","2","2","2","1","1","77","landed"
"4992","40","iphash:2667391d","^0-=^3'/^7o^3!^0d^0=-^6","2","bot:/botfiles/jedi.jkb","Jedi","0","27852","72","1","damage","10","30","2","2","2","1","1","64","saberthrow"
"4993","40","iphash:2667391d","^0-=^3'/^7o^3!^0d^0=-^6","2","bot:/botfiles/jedi.jkb","Jedi","0","29040","73","1","damage","10","30","2","2","2","1","1","50","saberthrow"
"4994","40","iphash:2667391d","^0-=^3'/^7o^3!^0d^0=-^6","2","bot:/botfiles/jedi.jkb","Jedi","0","30063","74","1","air","10","1","2","2","256","1","1","75","airborne"
"4995","40","iphash:2667391d","^0-=^3'/^7o^3!^0d^0=-^6","2","bot:/botfiles/jedi.jkb","Jedi","0","30228","75","1","air","10","0","2","2","256","1","1","83","landed"
"4996","40","iphash:2667391d","^0-=^3'/^7o^3!^0d^0=-^6","2","bot:/botfiles/jedi.jkb","Jedi","0","30558","76","1","range","10","3","2","3","256","1","1","105",""
"4997","40","iphash:2667391d","^0-=^3'/^7o^3!^0d^0=-^6","2","bot:/botfiles/jedi.jkb","Jedi","0","31416","77","1","range","10","2","2","2","2","1","1","160",""
"4998","40","iphash:2667391d","^0-=^3'/^7o^3!^0d^0=-^6","2","bot:/botfiles/jedi.jkb","Jedi","0","32505","78","1","range","10","3","2","3","2","1","1","-170",""
"4999","40","iphash:2667391d","^0-=^3'/^7o^3!^0d^0=-^6","2","bot:/botfiles/jedi.jkb","Jedi","0","40161","79","1","range","10","2","2","2","2","1","1","-148",""
"5000","40","iphash:2667391d","^0-=^3'/^7o^3!^0d^0=-^6","2","bot:/botfiles/jedi.jkb","Jedi","0","44814","80","2","air","10","1","2","2","2","1","1","132","airborne"
"5001","40","iphash:2667391d","^0-=^3'/^7o^3!^0d^0=-^6","2","bot:/botfiles/jedi.jkb","Jedi","0","45111","81","2","air","10","0","2","2","2","1","0","133","landed"
"5002","40","iphash:2667391d","^0-=^3'/^7o^3!^0d^0=-^6","2","bot:/botfiles/jedi.jkb","Jedi","0","45243","82","2","knockdown_followup","10","40","2","2","2","1","0","134","followup"
"5003","40","iphash:2667391d","^0-=^3'/^7o^3!^0d^0=-^6","2","bot:/botfiles/jedi.jkb","Jedi","0","51414","83","2","air","10","1","4","2","0","1","1","119","airborne"
"5004","40","iphash:2667391d","^0-=^3'/^7o^3!^0d^0=-^6","2","bot:/botfiles/jedi.jkb","Jedi","0","51480","84","2","air","10","0","4","2","0","1","1","119","landed"
"5005","40","iphash:2667391d","^0-=^3'/^7o^3!^0d^0=-^6","2","bot:/botfiles/jedi.jkb","Jedi","0","51711","85","2","air","10","1","4","2","256","1","1","118","airborne"
"5006","40","iphash:2667391d","^0-=^3'/^7o^3!^0d^0=-^6","2","bot:/botfiles/jedi.jkb","Jedi","0","52074","86","2","range","10","1","4","1","256","1","1","115",""
"5007","40","iphash:2667391d","^0-=^3'/^7o^3!^0d^0=-^6","2","bot:/botfiles/jedi.jkb","Jedi","0","52173","87","2","air","10","0","4","1","256","1","1","114","landed"
"5008","40","iphash:2667391d","^0-=^3'/^7o^3!^0d^0=-^6","2","bot:/botfiles/jedi.jkb","Jedi","0","52668","88","2","range","10","2","4","2","256","1","1","73",""
"5009","40","iphash:2667391d","^0-=^3'/^7o^3!^0d^0=-^6","2","bot:/botfiles/jedi.jkb","Jedi","0","54021","89","2","force","9","31","4","2","320","1","1","66",""
"5010","40","iphash:2667391d","^0-=^3'/^7o^3!^0d^0=-^6","2","bot:/botfiles/jedi.jkb","Jedi","0","54153","90","2","force","9","1","4","2","320","1","1","33",""
"5011","40","iphash:2667391d","^0-=^3'/^7o^3!^0d^0=-^6","2","bot:/botfiles/jedi.jkb","Jedi","0","54285","91","2","force","9","1","4","2","320","1","1","50",""
"5012","40","iphash:2667391d","^0-=^3'/^7o^3!^0d^0=-^6","2","bot:/botfiles/jedi.jkb","Jedi","0","54417","92","2","force","9","1","4","2","320","1","1","60",""
"5013","40","iphash:2667391d","^0-=^3'/^7o^3!^0d^0=-^6","2","bot:/botfiles/jedi.jkb","Jedi","0","54549","93","2","force","9","1","4","2","320","1","1","78",""
"5014","40","iphash:2667391d","^0-=^3'/^7o^3!^0d^0=-^6","2","bot:/botfiles/jedi.jkb","Jedi","0","54648","94","2","air","10","1","4","2","320","1","1","97","airborne"
"5015","40","iphash:2667391d","^0-=^3'/^7o^3!^0d^0=-^6","2","bot:/botfiles/jedi.jkb","Jedi","0","54681","95","2","force","9","7","4","2","320","1","1","97",""
"5016","40","iphash:2667391d","^0-=^3'/^7o^3!^0d^0=-^6","2","bot:/botfiles/jedi.jkb","Jedi","0","54780","96","2","damage","10","10","4","2","320","1","1","127","saberthrow"
"5017","40","iphash:2667391d","^0-=^3'/^7o^3!^0d^0=-^6","2","bot:/botfiles/jedi.jkb","Jedi","0","54813","97","2","force","9","1","4","2","320","1","1","143",""
"5018","40","iphash:2667391d","^0-=^3'/^7o^3!^0d^0=-^6","2","bot:/botfiles/jedi.jkb","Jedi","0","54879","98","2","air","10","0","4","2","320","1","1","171","landed"
"5019","40","iphash:2667391d","^0-=^3'/^7o^3!^0d^0=-^6","2","bot:/botfiles/jedi.jkb","Jedi","0","54945","99","2","force","9","1","4","1","320","1","1","177",""
"5020","40","iphash:2667391d","^0-=^3'/^7o^3!^0d^0=-^6","2","bot:/botfiles/jedi.jkb","Jedi","0","54945","100","2","range","10","1","4","1","320","1","1","177",""
"5021","40","iphash:2667391d","^0-=^3'/^7o^3!^0d^0=-^6","2","bot:/botfiles/jedi.jkb","Jedi","0","55077","101","2","force","9","1","4","1","320","1","1","163",""
"5022","40","iphash:2667391d","^0-=^3'/^7o^3!^0d^0=-^6","2","bot:/botfiles/jedi.jkb","Jedi","0","55209","102","2","force","9","1","4","1","320","1","1","76",""
"5023","40","iphash:2667391d","^0-=^3'/^7o^3!^0d^0=-^6","2","bot:/botfiles/jedi.jkb","Jedi","0","55341","103","2","force","9","1","4","1","320","1","1","21",""
"5024","40","iphash:2667391d","^0-=^3'/^7o^3!^0d^0=-^6","2","bot:/botfiles/jedi.jkb","Jedi","0","55473","104","2","force","9","1","4","1","320","1","1","-1",""
"5025","40","iphash:2667391d","^0-=^3'/^7o^3!^0d^0=-^6","2","bot:/botfiles/jedi.jkb","Jedi","0","55605","105","2","force","9","1","4","1","320","1","1","-34",""
"5026","40","iphash:2667391d","^0-=^3'/^7o^3!^0d^0=-^6","2","bot:/botfiles/jedi.jkb","Jedi","0","55638","106","2","regen","10","1","4","1","320","1","1","-36",""
"5027","40","iphash:2667391d","^0-=^3'/^7o^3!^0d^0=-^6","2","bot:/botfiles/jedi.jkb","Jedi","0","55638","107","2","air","10","1","4","1","320","1","1","-36","airborne"
"5028","40","iphash:2667391d","^0-=^3'/^7o^3!^0d^0=-^6","2","bot:/botfiles/jedi.jkb","Jedi","0","55671","108","2","regen","10","1","4","1","320","154","1","-37",""
"5029","40","iphash:2667391d","^0-=^3'/^7o^3!^0d^0=-^6","2","bot:/botfiles/jedi.jkb","Jedi","0","55704","109","2","regen","10","1","4","2","320","154","1","-40",""
"5030","40","iphash:2667391d","^0-=^3'/^7o^3!^0d^0=-^6","2","bot:/botfiles/jedi.jkb","Jedi","0","55704","110","2","range","10","2","4","2","320","154","1","-40",""
"5031","40","iphash:2667391d","^0-=^3'/^7o^3!^0d^0=-^6","2","bot:/botfiles/jedi.jkb","Jedi","0","55737","111","2","regen","10","1","4","2","320","154","1","-42",""
"5032","40","iphash:2667391d","^0-=^3'/^7o^3!^0d^0=-^6","2","bot:/botfiles/jedi.jkb","Jedi","0","55770","112","2","regen","10","1","4","2","320","154","1","-42",""
"5033","40","iphash:2667391d","^0-=^3'/^7o^3!^0d^0=-^6","2","bot:/botfiles/jedi.jkb","Jedi","0","55803","113","2","regen","10","1","4","2","320","154","1","-44",""
"5034","40","iphash:2667391d","^0-=^3'/^7o^3!^0d^0=-^6","2","bot:/botfiles/jedi.jkb","Jedi","0","55836","114","2","regen","10","1","4","2","320","154","1","-40",""
"5035","40","iphash:2667391d","^0-=^3'/^7o^3!^0d^0=-^6","2","bot:/botfiles/jedi.jkb","Jedi","0","55869","115","2","regen","10","1","4","2","320","154","1","-34",""
"5036","40","iphash:2667391d","^0-=^3'/^7o^3!^0d^0=-^6","2","bot:/botfiles/jedi.jkb","Jedi","0","55902","116","2","regen","10","1","4","2","320","154","1","-31",""
"5037","40","iphash:2667391d","^0-=^3'/^7o^3!^0d^0=-^6","2","bot:/botfiles/jedi.jkb","Jedi","0","55935","117","2","regen","10","1","4","2","320","154","1","-33",""
"5038","40","iphash:2667391d","^0-=^3'/^7o^3!^0d^0=-^6","2","bot:/botfiles/jedi.jkb","Jedi","0","55968","118","2","regen","10","1","4","2","320","154","1","-38",""
"5039","40","iphash:2667391d","^0-=^3'/^7o^3!^0d^0=-^6","2","bot:/botfiles/jedi.jkb","Jedi","0","56001","119","2","regen","10","1","4","2","320","154","1","-44",""
"5040","40","iphash:2667391d","^0-=^3'/^7o^3!^0d^0=-^6","2","bot:/botfiles/jedi.jkb","Jedi","0","56034","120","2","regen","10","1","4","2","320","154","1","-47",""
"5041","40","iphash:2667391d","^0-=^3'/^7o^3!^0d^0=-^6","2","bot:/botfiles/jedi.jkb","Jedi","0","56067","121","2","regen","10","1","4","2","320","154","1","-51",""
"5042","40","iphash:2667391d","^0-=^3'/^7o^3!^0d^0=-^6","2","bot:/botfiles/jedi.jkb","Jedi","0","56100","122","2","regen","10","1","4","2","320","154","1","-68",""
"5043","40","iphash:2667391d","^0-=^3'/^7o^3!^0d^0=-^6","2","bot:/botfiles/jedi.jkb","Jedi","0","56133","123","2","regen","10","1","4","2","320","154","1","-77",""
"5044","40","iphash:2667391d","^0-=^3'/^7o^3!^0d^0=-^6","2","bot:/botfiles/jedi.jkb","Jedi","0","56166","124","2","regen","10","1","4","2","320","1","1","-94",""
"5045","40","iphash:2667391d","^0-=^3'/^7o^3!^0d^0=-^6","2","bot:/botfiles/jedi.jkb","Jedi","0","56199","125","2","regen","10","1","4","2","320","1","1","-107",""
"5046","40","iphash:2667391d","^0-=^3'/^7o^3!^0d^0=-^6","2","bot:/botfiles/jedi.jkb","Jedi","0","56232","126","2","regen","10","1","4","2","320","1","1","-115",""
"5047","40","iphash:2667391d","^0-=^3'/^7o^3!^0d^0=-^6","2","bot:/botfiles/jedi.jkb","Jedi","0","56265","127","2","regen","10","1","4","2","320","1","1","-116",""
"5048","40","iphash:2667391d","^0-=^3'/^7o^3!^0d^0=-^6","2","bot:/botfiles/jedi.jkb","Jedi","0","56298","128","2","regen","10","1","4","2","320","1","1","-115",""
"5049","41","iphash:2667391d","^0-=^3'/^7o^3!^0d^0=-^6","2","bot:/botfiles/mediumds.jkb","Prisoner","0","33","1","0","air","10","0","0","3","0","0","0","-109","landed"
"5050","41","iphash:2667391d","^0-=^3'/^7o^3!^0d^0=-^6","2","bot:/botfiles/mediumds.jkb","Prisoner","0","11187","2","1","air","10","1","0","3","256","1","9","-146","airborne"
"5051","41","iphash:2667391d","^0-=^3'/^7o^3!^0d^0=-^6","2","bot:/botfiles/mediumds.jkb","Prisoner","0","13134","3","1","air","10","0","0","3","256","1","1","145","landed"
"5052","41","iphash:2667391d","^0-=^3'/^7o^3!^0d^0=-^6","2","bot:/botfiles/mediumds.jkb","Prisoner","0","13332","4","1","range","10","2","0","2","256","1","1","128",""
"5053","41","iphash:2667391d","^0-=^3'/^7o^3!^0d^0=-^6","2","bot:/botfiles/mediumds.jkb","Prisoner","0","13398","5","1","air","10","1","0","2","256","1","1","128","airborne"
"5054","41","iphash:2667391d","^0-=^3'/^7o^3!^0d^0=-^6","2","bot:/botfiles/mediumds.jkb","Prisoner","0","13596","6","2","saber_return_punish","10","2","0","2","256","1","1","113","return"
"5055","41","iphash:2667391d","^0-=^3'/^7o^3!^0d^0=-^6","2","bot:/botfiles/mediumds.jkb","Prisoner","0","13728","7","2","air","10","0","0","2","320","1","1","106","landed"
"5056","41","iphash:2667391d","^0-=^3'/^7o^3!^0d^0=-^6","2","bot:/botfiles/mediumds.jkb","Prisoner","0","14322","8","2","air","10","1","0","2","256","1","1","-170","airborne"
"5057","41","iphash:2667391d","^0-=^3'/^7o^3!^0d^0=-^6","2","bot:/botfiles/mediumds.jkb","Prisoner","0","14421","9","2","air","10","0","0","2","256","1","1","-165","landed"
"5058","41","iphash:2667391d","^0-=^3'/^7o^3!^0d^0=-^6","2","bot:/botfiles/mediumds.jkb","Prisoner","0","14652","10","2","range","10","1","0","1","0","1","1","-167",""
"5059","41","iphash:2667391d","^0-=^3'/^7o^3!^0d^0=-^6","2","bot:/botfiles/mediumds.jkb","Prisoner","0","14850","11","2","air","10","1","0","1","256","1","1","-155","airborne"
"5060","41","iphash:2667391d","^0-=^3'/^7o^3!^0d^0=-^6","2","bot:/botfiles/mediumds.jkb","Prisoner","0","15180","12","2","air","10","0","0","1","0","1","1","-36","landed"
"5061","41","iphash:2667391d","^0-=^3'/^7o^3!^0d^0=-^6","2","bot:/botfiles/mediumds.jkb","Prisoner","0","15510","13","2","range","10","2","0","2","256","1","1","122",""
"5062","41","iphash:2667391d","^0-=^3'/^7o^3!^0d^0=-^6","2","bot:/botfiles/mediumds.jkb","Prisoner","0","16104","14","2","range","10","1","0","1","320","1","1","115",""
"5063","41","iphash:2667391d","^0-=^3'/^7o^3!^0d^0=-^6","2","bot:/botfiles/mediumds.jkb","Prisoner","0","16302","15","2","force","9","31","0","1","320","1","1","55",""
"5064","41","iphash:2667391d","^0-=^3'/^7o^3!^0d^0=-^6","2","bot:/botfiles/mediumds.jkb","Prisoner","0","16302","16","2","saber_return_punish","10","2","0","1","320","1","1","55","return"
"5065","41","iphash:2667391d","^0-=^3'/^7o^3!^0d^0=-^6","2","bot:/botfiles/mediumds.jkb","Prisoner","0","16434","17","2","force","9","1","0","1","320","1","1","0",""
"5066","41","iphash:2667391d","^0-=^3'/^7o^3!^0d^0=-^6","2","bot:/botfiles/mediumds.jkb","Prisoner","0","16566","18","2","force","9","1","0","1","320","1","1","-18",""
"5067","41","iphash:2667391d","^0-=^3'/^7o^3!^0d^0=-^6","2","bot:/botfiles/mediumds.jkb","Prisoner","0","16698","19","2","force","9","1","0","1","320","1","1","-9",""
"5068","41","iphash:2667391d","^0-=^3'/^7o^3!^0d^0=-^6","2","bot:/botfiles/mediumds.jkb","Prisoner","0","16830","20","2","force","9","1","0","1","320","1","1","-7",""
"5069","41","iphash:2667391d","^0-=^3'/^7o^3!^0d^0=-^6","2","bot:/botfiles/mediumds.jkb","Prisoner","0","16962","21","2","force","9","1","0","1","320","1","1","-6",""
"5070","41","iphash:2667391d","^0-=^3'/^7o^3!^0d^0=-^6","2","bot:/botfiles/mediumds.jkb","Prisoner","0","16962","22","2","air","10","1","0","1","320","1","1","-6","airborne"
"5071","41","iphash:2667391d","^0-=^3'/^7o^3!^0d^0=-^6","2","bot:/botfiles/mediumds.jkb","Prisoner","0","16995","23","2","force","9","6","0","1","320","1","1","-13",""
"5072","41","iphash:2667391d","^0-=^3'/^7o^3!^0d^0=-^6","2","bot:/botfiles/mediumds.jkb","Prisoner","0","17094","24","2","force","9","1","0","1","320","1","1","7",""
"5073","41","iphash:2667391d","^0-=^3'/^7o^3!^0d^0=-^6","2","bot:/botfiles/mediumds.jkb","Prisoner","0","17160","25","2","range","10","2","0","2","320","1","1","97",""
"5074","41","iphash:2667391d","^0-=^3'/^7o^3!^0d^0=-^6","2","bot:/botfiles/mediumds.jkb","Prisoner","0","17226","26","2","force","9","1","1","2","320","1","1","133",""
"5075","41","iphash:2667391d","^0-=^3'/^7o^3!^0d^0=-^6","2","bot:/botfiles/mediumds.jkb","Prisoner","0","17358","27","2","force","9","1","0","2","320","1","1","142",""
"5076","41","iphash:2667391d","^0-=^3'/^7o^3!^0d^0=-^6","2","bot:/botfiles/mediumds.jkb","Prisoner","0","17490","28","2","force","9","1","0","1","320","1","1","157",""
"5077","41","iphash:2667391d","^0-=^3'/^7o^3!^0d^0=-^6","2","bot:/botfiles/mediumds.jkb","Prisoner","0","17490","29","2","range","10","1","0","1","320","1","1","157",""
"5078","41","iphash:2667391d","^0-=^3'/^7o^3!^0d^0=-^6","2","bot:/botfiles/mediumds.jkb","Prisoner","0","17622","30","2","force","9","1","0","1","320","1","1","-135",""
"5079","41","iphash:2667391d","^0-=^3'/^7o^3!^0d^0=-^6","2","bot:/botfiles/mediumds.jkb","Prisoner","0","17688","31","2","damage","10","1","0","1","320","1","1","-127",""
"5080","41","iphash:2667391d","^0-=^3'/^7o^3!^0d^0=-^6","2","bot:/botfiles/mediumds.jkb","Prisoner","0","17754","32","2","force","9","1","0","1","320","1","1","-125",""
"5081","41","iphash:2667391d","^0-=^3'/^7o^3!^0d^0=-^6","2","bot:/botfiles/mediumds.jkb","Prisoner","0","17754","33","2","air","10","0","0","1","320","1","1","-125","landed"
"5082","41","iphash:2667391d","^0-=^3'/^7o^3!^0d^0=-^6","2","bot:/botfiles/mediumds.jkb","Prisoner","0","17820","34","2","air","10","1","0","1","320","1","1","-68","airborne"
"5083","41","iphash:2667391d","^0-=^3'/^7o^3!^0d^0=-^6","2","bot:/botfiles/mediumds.jkb","Prisoner","0","17886","35","2","force","9","1","0","1","320","1","1","-1",""
"5084","41","iphash:2667391d","^0-=^3'/^7o^3!^0d^0=-^6","2","bot:/botfiles/mediumds.jkb","Prisoner","0","18018","36","2","force","9","1","0","1","320","1","1","22",""
"5085","41","iphash:2667391d","^0-=^3'/^7o^3!^0d^0=-^6","2","bot:/botfiles/mediumds.jkb","Prisoner","0","18150","37","2","force","9","1","0","1","320","1","1","12",""
"5086","41","iphash:2667391d","^0-=^3'/^7o^3!^0d^0=-^6","2","bot:/botfiles/mediumds.jkb","Prisoner","0","18249","38","2","range","10","2","0","2","320","1","1","1",""
"5087","41","iphash:2667391d","^0-=^3'/^7o^3!^0d^0=-^6","2","bot:/botfiles/mediumds.jkb","Prisoner","0","18282","39","2","force","9","1","0","2","320","1","1","0",""
"5088","41","iphash:2667391d","^0-=^3'/^7o^3!^0d^0=-^6","2","bot:/botfiles/mediumds.jkb","Prisoner","0","18348","40","2","counter_success","10","2","0","2","320","1","1","0","counter"
"5089","41","iphash:2667391d","^0-=^3'/^7o^3!^0d^0=-^6","2","bot:/botfiles/mediumds.jkb","Prisoner","0","18381","41","2","air","10","0","0","2","320","1","1","1","landed"
"5090","41","iphash:2667391d","^0-=^3'/^7o^3!^0d^0=-^6","2","bot:/botfiles/mediumds.jkb","Prisoner","0","18414","42","2","force","9","1","2","2","320","1","1","1",""
"5091","41","iphash:2667391d","^0-=^3'/^7o^3!^0d^0=-^6","2","bot:/botfiles/mediumds.jkb","Prisoner","0","18480","43","2","range","10","1","2","1","320","1","1","6",""
"5092","41","iphash:2667391d","^0-=^3'/^7o^3!^0d^0=-^6","2","bot:/botfiles/mediumds.jkb","Prisoner","0","18546","44","2","force","9","1","2","1","320","1","1","10",""
"5093","41","iphash:2667391d","^0-=^3'/^7o^3!^0d^0=-^6","2","bot:/botfiles/mediumds.jkb","Prisoner","0","18645","45","2","air","10","1","2","1","320","1","1","12","airborne"
"5094","41","iphash:2667391d","^0-=^3'/^7o^3!^0d^0=-^6","2","bot:/botfiles/mediumds.jkb","Prisoner","0","18678","46","2","force","9","7","2","1","320","1","1","11",""
"5095","41","iphash:2667391d","^0-=^3'/^7o^3!^0d^0=-^6","2","bot:/botfiles/mediumds.jkb","Prisoner","0","18678","47","2","counter_success","10","20","2","1","320","1","1","11","counter"
"5096","41","iphash:2667391d","^0-=^3'/^7o^3!^0d^0=-^6","2","bot:/botfiles/mediumds.jkb","Prisoner","0","18810","48","2","force","9","1","2","1","320","1","1","26",""
"5097","41","iphash:2667391d","^0-=^3'/^7o^3!^0d^0=-^6","2","bot:/botfiles/mediumds.jkb","Prisoner","0","18843","49","2","range","10","2","2","2","320","1","1","28",""
"5098","41","iphash:2667391d","^0-=^3'/^7o^3!^0d^0=-^6","2","bot:/botfiles/mediumds.jkb","Prisoner","0","18942","50","2","force","9","1","2","2","320","1","1","30",""
"5099","41","iphash:2667391d","^0-=^3'/^7o^3!^0d^0=-^6","2","bot:/botfiles/mediumds.jkb","Prisoner","0","19074","51","2","force","9","1","2","2","320","1","1","34",""
"5100","41","iphash:2667391d","^0-=^3'/^7o^3!^0d^0=-^6","2","bot:/botfiles/mediumds.jkb","Prisoner","0","19206","52","2","force","9","1","2","2","320","1","1","34",""
"5101","41","iphash:2667391d","^0-=^3'/^7o^3!^0d^0=-^6","2","bot:/botfiles/mediumds.jkb","Prisoner","0","19338","53","2","force","9","1","4","2","320","1","1","32",""
"5102","41","iphash:2667391d","^0-=^3'/^7o^3!^0d^0=-^6","2","bot:/botfiles/mediumds.jkb","Prisoner","0","19470","54","2","force","9","1","4","2","320","1","1","28",""
"5103","41","iphash:2667391d","^0-=^3'/^7o^3!^0d^0=-^6","2","bot:/botfiles/mediumds.jkb","Prisoner","0","19602","55","2","force","9","1","4","2","320","1","1","24",""
"5104","41","iphash:2667391d","^0-=^3'/^7o^3!^0d^0=-^6","2","bot:/botfiles/mediumds.jkb","Prisoner","0","19734","56","2","force","9","1","4","2","320","1","1","20",""
"5105","41","iphash:2667391d","^0-=^3'/^7o^3!^0d^0=-^6","2","bot:/botfiles/mediumds.jkb","Prisoner","0","19767","57","2","range","10","1","4","1","320","1","1","19",""
"5106","41","iphash:2667391d","^0-=^3'/^7o^3!^0d^0=-^6","2","bot:/botfiles/mediumds.jkb","Prisoner","0","19866","58","2","force","9","1","4","1","320","1","1","15",""
"5107","41","iphash:2667391d","^0-=^3'/^7o^3!^0d^0=-^6","2","bot:/botfiles/mediumds.jkb","Prisoner","0","19899","59","2","air","10","0","4","1","320","1","1","14","landed"
"5108","41","iphash:2667391d","^0-=^3'/^7o^3!^0d^0=-^6","2","bot:/botfiles/mediumds.jkb","Prisoner","0","19998","60","2","force","9","1","4","1","320","1","1","15",""
"5109","41","iphash:2667391d","^0-=^3'/^7o^3!^0d^0=-^6","2","bot:/botfiles/mediumds.jkb","Prisoner","0","20064","61","2","air","10","1","4","1","320","1","1","18","airborne"
"5110","41","iphash:2667391d","^0-=^3'/^7o^3!^0d^0=-^6","2","","","0","20097","62","2","force","9","5","0","0","320","1","0","0",""
"5111","41","iphash:2667391d","^0-=^3'/^7o^3!^0d^0=-^6","2","","","0","20097","63","2","range","10","0","0","0","320","1","0","0","no_target"
"5112","42","iphash:2667391d","^0-=^3'/^7o^3!^0d^0=-^6","2","bot:/botfiles/luke.jkb","Luke","0","33","1","0","air","10","0","0","3","0","0","0","16","landed"
"5113","42","iphash:2667391d","^0-=^3'/^7o^3!^0d^0=-^6","2","bot:/botfiles/luke.jkb","Luke","0","4389","2","0","air","10","1","0","3","256","1","1","16","airborne"
"5114","42","iphash:2667391d","^0-=^3'/^7o^3!^0d^0=-^6","2","bot:/botfiles/luke.jkb","Luke","0","4488","3","0","air","10","0","0","3","256","1","1","17","landed"
"5115","42","iphash:2667391d","^0-=^3'/^7o^3!^0d^0=-^6","2","bot:/botfiles/luke.jkb","Luke","0","4719","4","0","air","10","1","0","3","256","1","1","17","airborne"
"5116","42","iphash:2667391d","^0-=^3'/^7o^3!^0d^0=-^6","2","bot:/botfiles/luke.jkb","Luke","0","4818","5","0","air","10","0","0","3","256","1","1","16","landed"
"5117","42","iphash:2667391d","^0-=^3'/^7o^3!^0d^0=-^6","2","bot:/botfiles/luke.jkb","Luke","0","6138","6","0","range","10","2","0","2","256","1","1","170",""
"5118","42","iphash:2667391d","^0-=^3'/^7o^3!^0d^0=-^6","2","bot:/botfiles/luke.jkb","Luke","0","6798","7","0","range","10","1","0","1","256","156","1","163",""
"5119","42","iphash:2667391d","^0-=^3'/^7o^3!^0d^0=-^6","2","bot:/botfiles/luke.jkb","Luke","0","6930","8","1","saber_return_punish","10","1","0","1","0","156","1","155","return"
"5120","42","iphash:2667391d","^0-=^3'/^7o^3!^0d^0=-^6","2","bot:/botfiles/luke.jkb","Luke","0","7095","9","1","damage","10","20","0","1","0","156","1","159",""
"5121","42","iphash:2667391d","^0-=^3'/^7o^3!^0d^0=-^6","2","bot:/botfiles/luke.jkb","Luke","0","7095","10","1","air","10","1","0","1","0","156","1","159","airborne"
"5122","42","iphash:2667391d","^0-=^3'/^7o^3!^0d^0=-^6","2","bot:/botfiles/luke.jkb","Luke","0","7293","11","1","range","10","2","0","2","0","1","1","163",""
"5123","42","iphash:2667391d","^0-=^3'/^7o^3!^0d^0=-^6","2","bot:/botfiles/luke.jkb","Luke","0","7623","12","1","air","10","0","0","2","0","1","1","160","landed"
"5124","42","iphash:2667391d","^0-=^3'/^7o^3!^0d^0=-^6","2","bot:/botfiles/luke.jkb","Luke","0","8580","13","1","force","9","4","4","2","0","1","1","162",""
"5125","42","iphash:2667391d","^0-=^3'/^7o^3!^0d^0=-^6","2","bot:/botfiles/luke.jkb","Luke","0","8613","14","1","force","9","4","4","2","0","1","1","163",""
"5126","42","iphash:2667391d","^0-=^3'/^7o^3!^0d^0=-^6","2","bot:/botfiles/luke.jkb","Luke","0","8745","15","1","range","10","1","4","1","0","1","1","169",""
"5127","42","iphash:2667391d","^0-=^3'/^7o^3!^0d^0=-^6","2","bot:/botfiles/luke.jkb","Luke","0","9405","16","1","regen","10","1","4","1","0","1","1","-117",""
"5128","42","iphash:2667391d","^0-=^3'/^7o^3!^0d^0=-^6","2","bot:/botfiles/luke.jkb","Luke","0","9438","17","1","regen","10","1","4","1","0","1","1","-121",""
"5129","42","iphash:2667391d","^0-=^3'/^7o^3!^0d^0=-^6","2","bot:/botfiles/luke.jkb","Luke","0","9471","18","1","regen","10","1","4","1","0","1","1","-132",""
"5130","42","iphash:2667391d","^0-=^3'/^7o^3!^0d^0=-^6","2","bot:/botfiles/luke.jkb","Luke","0","9504","19","1","regen","10","1","0","1","0","1","1","-141",""
"5131","42","iphash:2667391d","^0-=^3'/^7o^3!^0d^0=-^6","2","bot:/botfiles/luke.jkb","Luke","0","9537","20","1","regen","10","1","0","1","0","1","1","-148",""
"5132","42","iphash:2667391d","^0-=^3'/^7o^3!^0d^0=-^6","2","bot:/botfiles/luke.jkb","Luke","0","9570","21","1","regen","10","1","0","2","0","1","1","-148",""
"5133","42","iphash:2667391d","^0-=^3'/^7o^3!^0d^0=-^6","2","bot:/botfiles/luke.jkb","Luke","0","9570","22","1","range","10","2","0","2","0","1","1","-148",""
"5134","42","iphash:2667391d","^0-=^3'/^7o^3!^0d^0=-^6","2","bot:/botfiles/luke.jkb","Luke","0","9603","23","1","regen","10","1","0","2","0","1","1","-146",""
"5135","42","iphash:2667391d","^0-=^3'/^7o^3!^0d^0=-^6","2","bot:/botfiles/luke.jkb","Luke","0","9636","24","1","regen","10","1","0","2","0","1","1","-142",""
"5136","42","iphash:2667391d","^0-=^3'/^7o^3!^0d^0=-^6","2","bot:/botfiles/luke.jkb","Luke","0","10098","25","1","force","9","5","0","2","2304","1","1","-157",""
"5137","42","iphash:2667391d","^0-=^3'/^7o^3!^0d^0=-^6","2","bot:/botfiles/luke.jkb","Luke","0","10131","26","1","force","9","5","0","2","2304","1","1","-171",""
"5138","42","iphash:2667391d","^0-=^3'/^7o^3!^0d^0=-^6","2","bot:/botfiles/luke.jkb","Luke","0","10197","27","1","force","9","5","0","2","2304","1","1","-179",""
"5139","42","iphash:2667391d","^0-=^3'/^7o^3!^0d^0=-^6","2","bot:/botfiles/luke.jkb","Luke","0","10230","28","1","force","9","5","0","2","2304","1","1","-179",""
"5140","42","iphash:2667391d","^0-=^3'/^7o^3!^0d^0=-^6","2","bot:/botfiles/luke.jkb","Luke","0","10263","29","1","air","10","1","4","2","2304","1","1","179","airborne"
"5141","42","iphash:2667391d","^0-=^3'/^7o^3!^0d^0=-^6","2","bot:/botfiles/luke.jkb","Luke","0","10296","30","1","force","9","5","4","2","2304","1","1","-179",""
"5142","42","iphash:2667391d","^0-=^3'/^7o^3!^0d^0=-^6","2","bot:/botfiles/luke.jkb","Luke","0","10329","31","1","force","9","5","4","1","2304","1","1","-177",""
"5143","42","iphash:2667391d","^0-=^3'/^7o^3!^0d^0=-^6","2","bot:/botfiles/luke.jkb","Luke","0","10329","32","1","range","10","1","4","1","2304","1","1","-177",""
"5144","42","iphash:2667391d","^0-=^3'/^7o^3!^0d^0=-^6","2","bot:/botfiles/luke.jkb","Luke","0","10494","33","1","damage","10","20","4","1","0","1","1","-133",""
"5145","42","iphash:2667391d","^0-=^3'/^7o^3!^0d^0=-^6","2","bot:/botfiles/luke.jkb","Luke","0","10659","34","1","range","10","2","4","2","256","1","1","-138",""
"5146","42","iphash:2667391d","^0-=^3'/^7o^3!^0d^0=-^6","2","bot:/botfiles/luke.jkb","Luke","0","10857","35","1","regen","10","1","4","2","0","1","1","168",""
"5147","42","iphash:2667391d","^0-=^3'/^7o^3!^0d^0=-^6","2","bot:/botfiles/luke.jkb","Luke","0","10890","36","1","regen","10","1","4","2","0","1","1","170",""
"5148","42","iphash:2667391d","^0-=^3'/^7o^3!^0d^0=-^6","2","bot:/botfiles/luke.jkb","Luke","0","10923","37","1","regen","10","1","4","2","0","1","1","174",""
"5149","42","iphash:2667391d","^0-=^3'/^7o^3!^0d^0=-^6","2","bot:/botfiles/luke.jkb","Luke","0","10956","38","1","regen","10","1","4","2","0","1","1","177",""
"5150","42","iphash:2667391d","^0-=^3'/^7o^3!^0d^0=-^6","2","bot:/botfiles/luke.jkb","Luke","0","10989","39","1","regen","10","1","4","2","0","1","1","179",""
"5151","42","iphash:2667391d","^0-=^3'/^7o^3!^0d^0=-^6","2","bot:/botfiles/luke.jkb","Luke","0","11022","40","1","regen","10","1","4","2","0","1","1","-178",""
"5152","42","iphash:2667391d","^0-=^3'/^7o^3!^0d^0=-^6","2","bot:/botfiles/luke.jkb","Luke","0","11055","41","1","regen","10","1","4","2","0","1","1","-176",""
"5153","42","iphash:2667391d","^0-=^3'/^7o^3!^0d^0=-^6","2","bot:/botfiles/luke.jkb","Luke","0","11055","42","1","air","10","0","4","2","0","1","1","-176","landed"
"5154","42","iphash:2667391d","^0-=^3'/^7o^3!^0d^0=-^6","2","bot:/botfiles/luke.jkb","Luke","0","11088","43","1","regen","10","1","4","2","0","1","1","-177",""
"5155","42","iphash:2667391d","^0-=^3'/^7o^3!^0d^0=-^6","2","bot:/botfiles/luke.jkb","Luke","0","11121","44","1","regen","10","1","4","2","0","1","1","-178",""
"5156","42","iphash:2667391d","^0-=^3'/^7o^3!^0d^0=-^6","2","bot:/botfiles/luke.jkb","Luke","0","11154","45","1","regen","10","1","4","2","0","1","1","-179",""
"5157","42","iphash:2667391d","^0-=^3'/^7o^3!^0d^0=-^6","2","bot:/botfiles/luke.jkb","Luke","0","11187","46","1","regen","10","1","4","2","0","1","1","179",""
"5158","42","iphash:2667391d","^0-=^3'/^7o^3!^0d^0=-^6","2","bot:/botfiles/luke.jkb","Luke","0","11220","47","1","regen","10","1","4","2","0","1","1","179",""
"5159","42","iphash:2667391d","^0-=^3'/^7o^3!^0d^0=-^6","2","bot:/botfiles/luke.jkb","Luke","0","11253","48","1","regen","10","1","4","2","0","1","1","179",""
"5160","42","iphash:2667391d","^0-=^3'/^7o^3!^0d^0=-^6","2","bot:/botfiles/luke.jkb","Luke","0","11286","49","1","regen","10","1","4","2","0","1","1","178",""
"5161","42","iphash:2667391d","^0-=^3'/^7o^3!^0d^0=-^6","2","bot:/botfiles/luke.jkb","Luke","0","11319","50","1","regen","10","1","4","2","0","1","1","179",""
"5162","42","iphash:2667391d","^0-=^3'/^7o^3!^0d^0=-^6","2","bot:/botfiles/luke.jkb","Luke","0","11352","51","1","regen","10","1","4","2","0","1","1","179",""
"5163","42","iphash:2667391d","^0-=^3'/^7o^3!^0d^0=-^6","2","bot:/botfiles/luke.jkb","Luke","0","11385","52","1","regen","10","1","4","2","0","1","1","178",""
"5164","42","iphash:2667391d","^0-=^3'/^7o^3!^0d^0=-^6","2","bot:/botfiles/luke.jkb","Luke","0","11418","53","1","regen","10","1","4","2","256","1","1","176",""
"5165","42","iphash:2667391d","^0-=^3'/^7o^3!^0d^0=-^6","2","bot:/botfiles/luke.jkb","Luke","0","11451","54","1","regen","10","1","4","2","256","1","1","173",""
"5166","42","iphash:2667391d","^0-=^3'/^7o^3!^0d^0=-^6","2","bot:/botfiles/luke.jkb","Luke","0","11484","55","1","regen","10","1","4","2","256","1","1","171",""
"5167","42","iphash:2667391d","^0-=^3'/^7o^3!^0d^0=-^6","2","bot:/botfiles/luke.jkb","Luke","0","11517","56","1","regen","10","1","4","2","256","1","1","169",""
"5168","42","iphash:2667391d","^0-=^3'/^7o^3!^0d^0=-^6","2","bot:/botfiles/luke.jkb","Luke","0","11550","57","2","attack_start","10","1","4","2","257","66","1","167","attack"
"5169","42","iphash:2667391d","^0-=^3'/^7o^3!^0d^0=-^6","2","bot:/botfiles/luke.jkb","Luke","0","11550","58","2","regen","10","1","4","2","257","66","1","167",""
"5170","42","iphash:2667391d","^0-=^3'/^7o^3!^0d^0=-^6","2","bot:/botfiles/luke.jkb","Luke","0","11583","59","2","regen","10","1","4","2","257","66","1","166",""
"5171","42","iphash:2667391d","^0-=^3'/^7o^3!^0d^0=-^6","2","bot:/botfiles/luke.jkb","Luke","0","11616","60","2","regen","10","1","4","2","257","66","1","162",""
"5172","42","iphash:2667391d","^0-=^3'/^7o^3!^0d^0=-^6","2","bot:/botfiles/luke.jkb","Luke","0","11649","61","2","regen","10","1","4","2","257","66","1","162",""
"5173","42","iphash:2667391d","^0-=^3'/^7o^3!^0d^0=-^6","2","bot:/botfiles/luke.jkb","Luke","0","11682","62","2","regen","10","1","4","2","257","66","1","163",""
"5174","42","iphash:2667391d","^0-=^3'/^7o^3!^0d^0=-^6","2","bot:/botfiles/luke.jkb","Luke","0","11715","63","2","regen","10","1","4","2","257","66","1","164",""
"5175","42","iphash:2667391d","^0-=^3'/^7o^3!^0d^0=-^6","2","bot:/botfiles/luke.jkb","Luke","0","11748","64","2","regen","10","1","4","2","257","66","1","165",""
"5176","42","iphash:2667391d","^0-=^3'/^7o^3!^0d^0=-^6","2","bot:/botfiles/luke.jkb","Luke","0","11781","65","2","regen","10","1","4","2","257","66","1","168",""
"5177","42","iphash:2667391d","^0-=^3'/^7o^3!^0d^0=-^6","2","bot:/botfiles/luke.jkb","Luke","0","11814","66","2","attack_chain","10","8","4","2","257","8","1","176","chain"
"5178","42","iphash:2667391d","^0-=^3'/^7o^3!^0d^0=-^6","2","bot:/botfiles/luke.jkb","Luke","0","11814","67","2","regen","10","1","4","2","257","8","1","176",""
"5179","42","iphash:2667391d","^0-=^3'/^7o^3!^0d^0=-^6","2","bot:/botfiles/luke.jkb","Luke","0","12144","68","2","range","10","1","0","1","256","73","1","-162",""
"5180","42","iphash:2667391d","^0-=^3'/^7o^3!^0d^0=-^6","2","bot:/botfiles/luke.jkb","Luke","0","12573","69","2","damage","10","20","2","1","320","1","68","-148",""
"5181","42","iphash:2667391d","^0-=^3'/^7o^3!^0d^0=-^6","2","bot:/botfiles/luke.jkb","Luke","0","12573","70","2","air","10","1","2","1","320","1","68","-148","airborne"
"5182","42","iphash:2667391d","^0-=^3'/^7o^3!^0d^0=-^6","2","bot:/botfiles/luke.jkb","Luke","0","12705","71","2","range","10","2","2","2","320","1","68","-169",""
"5183","42","iphash:2667391d","^0-=^3'/^7o^3!^0d^0=-^6","2","bot:/botfiles/luke.jkb","Luke","0","13134","72","2","air","10","0","2","2","256","1","68","154","landed"
"5184","42","iphash:2667391d","^0-=^3'/^7o^3!^0d^0=-^6","2","bot:/botfiles/luke.jkb","Luke","0","13860","73","2","range","10","1","2","1","320","1","10","161",""
"5185","42","iphash:2667391d","^0-=^3'/^7o^3!^0d^0=-^6","2","bot:/botfiles/luke.jkb","Luke","0","13992","74","2","force","9","31","2","1","320","1","75","174",""
"5186","42","iphash:2667391d","^0-=^3'/^7o^3!^0d^0=-^6","2","bot:/botfiles/luke.jkb","Luke","0","14124","75","3","force","9","1","2","1","320","1","75","179",""
"5187","42","iphash:2667391d","^0-=^3'/^7o^3!^0d^0=-^6","2","bot:/botfiles/luke.jkb","Luke","0","14190","76","3","range","10","2","2","2","320","1","75","174",""
"5188","42","iphash:2667391d","^0-=^3'/^7o^3!^0d^0=-^6","2","bot:/botfiles/luke.jkb","Luke","0","14256","77","3","force","9","1","2","2","320","1","75","164",""
"5189","42","iphash:2667391d","^0-=^3'/^7o^3!^0d^0=-^6","2","bot:/botfiles/luke.jkb","Luke","0","14355","78","3","range","10","1","2","1","320","1","75","163",""
"5190","42","iphash:2667391d","^0-=^3'/^7o^3!^0d^0=-^6","2","bot:/botfiles/luke.jkb","Luke","0","14388","79","3","force","9","1","2","1","320","1","75","163",""
"5191","42","iphash:2667391d","^0-=^3'/^7o^3!^0d^0=-^6","2","bot:/botfiles/luke.jkb","Luke","0","14487","80","3","air","10","1","2","1","320","1","75","163","airborne"
"5192","42","iphash:2667391d","^0-=^3'/^7o^3!^0d^0=-^6","2","bot:/botfiles/luke.jkb","Luke","0","14520","81","3","force","9","7","2","1","320","1","75","164",""
"5193","42","iphash:2667391d","^0-=^3'/^7o^3!^0d^0=-^6","2","bot:/botfiles/luke.jkb","Luke","0","14652","82","3","force","9","1","2","1","320","1","75","167",""
"5194","42","iphash:2667391d","^0-=^3'/^7o^3!^0d^0=-^6","2","bot:/botfiles/luke.jkb","Luke","0","14718","83","3","range","10","2","2","2","320","1","75","-161",""
"5195","42","iphash:2667391d","^0-=^3'/^7o^3!^0d^0=-^6","2","bot:/botfiles/luke.jkb","Luke","0","14784","84","3","force","9","1","2","2","320","1","75","-79",""
"5196","42","iphash:2667391d","^0-=^3'/^7o^3!^0d^0=-^6","2","bot:/botfiles/luke.jkb","Luke","0","14916","85","3","force","9","1","2","2","320","1","1","-54",""
"5197","42","iphash:2667391d","^0-=^3'/^7o^3!^0d^0=-^6","2","bot:/botfiles/luke.jkb","Luke","0","15048","86","3","force","9","1","2","2","320","1","1","-22",""
"5198","42","iphash:2667391d","^0-=^3'/^7o^3!^0d^0=-^6","2","bot:/botfiles/luke.jkb","Luke","0","15114","87","3","range","10","1","2","1","320","1","1","30",""
"5199","42","iphash:2667391d","^0-=^3'/^7o^3!^0d^0=-^6","2","bot:/botfiles/luke.jkb","Luke","0","15180","88","3","force","9","1","2","1","320","1","1","47",""
"5200","42","iphash:2667391d","^0-=^3'/^7o^3!^0d^0=-^6","2","bot:/botfiles/luke.jkb","Luke","0","15312","89","3","force","9","1","2","1","320","1","1","1",""
"5201","42","iphash:2667391d","^0-=^3'/^7o^3!^0d^0=-^6","2","bot:/botfiles/luke.jkb","Luke","0","15378","90","3","force","9","4","2","1","320","1","1","-8",""
"5202","42","iphash:2667391d","^0-=^3'/^7o^3!^0d^0=-^6","2","bot:/botfiles/luke.jkb","Luke","0","15411","91","3","force","9","4","2","1","320","1","1","-8",""
"5203","42","iphash:2667391d","^0-=^3'/^7o^3!^0d^0=-^6","2","bot:/botfiles/luke.jkb","Luke","0","15444","92","3","force","9","1","2","1","320","1","1","-2",""
"5204","42","iphash:2667391d","^0-=^3'/^7o^3!^0d^0=-^6","2","bot:/botfiles/luke.jkb","Luke","0","15444","93","3","damage","10","1","2","1","320","1","1","-2",""
"5205","42","iphash:2667391d","^0-=^3'/^7o^3!^0d^0=-^6","2","bot:/botfiles/luke.jkb","Luke","0","15510","94","3","force","9","4","2","1","320","1","1","28",""
"5206","42","iphash:2667391d","^0-=^3'/^7o^3!^0d^0=-^6","2","bot:/botfiles/luke.jkb","Luke","0","15576","95","3","force","9","5","2","1","320","1","1","73",""
"5207","42","iphash:2667391d","^0-=^3'/^7o^3!^0d^0=-^6","2","bot:/botfiles/luke.jkb","Luke","0","15609","96","3","force","9","4","2","1","320","1","1","91",""
"5208","42","iphash:2667391d","^0-=^3'/^7o^3!^0d^0=-^6","2","bot:/botfiles/luke.jkb","Luke","0","15642","97","3","range","10","2","2","2","320","1","1","102",""
"5209","42","iphash:2667391d","^0-=^3'/^7o^3!^0d^0=-^6","2","bot:/botfiles/luke.jkb","Luke","0","15675","98","3","force","9","4","2","1","320","1","1","107",""
"5210","42","iphash:2667391d","^0-=^3'/^7o^3!^0d^0=-^6","2","bot:/botfiles/luke.jkb","Luke","0","15675","99","3","range","10","1","2","1","320","1","1","107",""
"5211","42","iphash:2667391d","^0-=^3'/^7o^3!^0d^0=-^6","2","bot:/botfiles/luke.jkb","Luke","0","15708","100","3","force","9","5","3","1","320","1","1","107",""
"5212","42","iphash:2667391d","^0-=^3'/^7o^3!^0d^0=-^6","2","bot:/botfiles/luke.jkb","Luke","0","15741","101","3","air","10","0","3","1","320","1","1","104","landed"
"5213","42","iphash:2667391d","^0-=^3'/^7o^3!^0d^0=-^6","2","bot:/botfiles/luke.jkb","Luke","0","15774","102","3","force","9","4","3","1","320","1","1","98",""
"5214","42","iphash:2667391d","^0-=^3'/^7o^3!^0d^0=-^6","2","bot:/botfiles/luke.jkb","Luke","0","15807","103","3","force","9","4","3","1","320","1","1","105",""
"5215","42","iphash:2667391d","^0-=^3'/^7o^3!^0d^0=-^6","2","bot:/botfiles/luke.jkb","Luke","0","15840","104","3","force","9","1","3","1","320","1","1","137",""
"5216","42","iphash:2667391d","^0-=^3'/^7o^3!^0d^0=-^6","2","bot:/botfiles/luke.jkb","Luke","0","15873","105","3","force","9","4","3","1","320","1","1","149",""
"5217","42","iphash:2667391d","^0-=^3'/^7o^3!^0d^0=-^6","2","bot:/botfiles/luke.jkb","Luke","0","15972","106","3","force","9","5","3","1","320","1","1","139",""
"5218","42","iphash:2667391d","^0-=^3'/^7o^3!^0d^0=-^6","2","bot:/botfiles/luke.jkb","Luke","0","16005","107","3","force","9","4","3","1","320","1","1","120",""
"5219","42","iphash:2667391d","^0-=^3'/^7o^3!^0d^0=-^6","2","bot:/botfiles/luke.jkb","Luke","0","16005","108","3","counter_success","10","20","3","1","320","1","1","120","counter"
"5220","42","iphash:2667391d","^0-=^3'/^7o^3!^0d^0=-^6","2","bot:/botfiles/luke.jkb","Luke","0","16005","109","3","air","10","1","3","1","320","1","1","120","airborne"
"5221","42","iphash:2667391d","^0-=^3'/^7o^3!^0d^0=-^6","2","bot:/botfiles/luke.jkb","Luke","0","16269","110","3","range","10","2","3","2","320","1","1","68",""
"5222","42","iphash:2667391d","^0-=^3'/^7o^3!^0d^0=-^6","2","bot:/botfiles/luke.jkb","Luke","0","16566","111","3","range","10","3","3","3","320","1","1","7",""
"5223","42","iphash:2667391d","^0-=^3'/^7o^3!^0d^0=-^6","2","bot:/botfiles/luke.jkb","Luke","0","16797","112","3","regen","10","1","3","3","320","1","1","-107",""
"5224","42","iphash:2667391d","^0-=^3'/^7o^3!^0d^0=-^6","2","bot:/botfiles/luke.jkb","Luke","0","16830","113","3","regen","10","1","3","3","320","1","1","-114",""
"5225","42","iphash:2667391d","^0-=^3'/^7o^3!^0d^0=-^6","2","bot:/botfiles/luke.jkb","Luke","0","16863","114","3","regen","10","1","3","3","320","1","1","-119",""
"5226","42","iphash:2667391d","^0-=^3'/^7o^3!^0d^0=-^6","2","bot:/botfiles/luke.jkb","Luke","0","16896","115","3","regen","10","1","3","3","320","1","1","-96",""
"5227","42","iphash:2667391d","^0-=^3'/^7o^3!^0d^0=-^6","2","bot:/botfiles/luke.jkb","Luke","0","16929","116","3","regen","10","1","3","3","256","1","1","-67",""
"5228","42","iphash:2667391d","^0-=^3'/^7o^3!^0d^0=-^6","2","bot:/botfiles/luke.jkb","Luke","0","16962","117","3","regen","10","1","3","3","256","1","1","-58",""
"5229","42","iphash:2667391d","^0-=^3'/^7o^3!^0d^0=-^6","2","bot:/botfiles/luke.jkb","Luke","0","16995","118","3","regen","10","1","3","3","256","1","1","-64",""
"5230","42","iphash:2667391d","^0-=^3'/^7o^3!^0d^0=-^6","2","bot:/botfiles/luke.jkb","Luke","0","17028","119","3","regen","10","1","3","3","256","1","1","-79",""
"5231","42","iphash:2667391d","^0-=^3'/^7o^3!^0d^0=-^6","2","bot:/botfiles/luke.jkb","Luke","0","17061","120","3","regen","10","1","3","3","256","1","1","-100",""
"5232","42","iphash:2667391d","^0-=^3'/^7o^3!^0d^0=-^6","2","bot:/botfiles/luke.jkb","Luke","0","17094","121","3","regen","10","1","3","3","256","1","1","-118",""
"5233","42","iphash:2667391d","^0-=^3'/^7o^3!^0d^0=-^6","2","bot:/botfiles/luke.jkb","Luke","0","17127","122","3","regen","10","1","3","3","256","1","1","-132",""
"5234","42","iphash:2667391d","^0-=^3'/^7o^3!^0d^0=-^6","2","bot:/botfiles/luke.jkb","Luke","0","17160","123","3","regen","10","1","3","3","256","1","1","-140",""
"5235","42","iphash:2667391d","^0-=^3'/^7o^3!^0d^0=-^6","2","bot:/botfiles/luke.jkb","Luke","0","17193","124","3","regen","10","1","3","3","256","1","1","-145",""
"5236","42","iphash:2667391d","^0-=^3'/^7o^3!^0d^0=-^6","2","bot:/botfiles/luke.jkb","Luke","0","17226","125","3","regen","10","1","3","3","256","1","1","-145",""
"5237","42","iphash:2667391d","^0-=^3'/^7o^3!^0d^0=-^6","2","bot:/botfiles/luke.jkb","Luke","0","17259","126","3","regen","10","1","3","3","256","1","1","-141",""
"5238","42","iphash:2667391d","^0-=^3'/^7o^3!^0d^0=-^6","2","bot:/botfiles/luke.jkb","Luke","0","17292","127","3","regen","10","1","3","3","256","1","1","-137",""
"5239","42","iphash:2667391d","^0-=^3'/^7o^3!^0d^0=-^6","2","bot:/botfiles/luke.jkb","Luke","0","17292","128","3","air","10","0","3","3","256","1","1","-137","landed"
"5240","43","user:void","void","1","bot:/botfiles/easyds2.jkb","Shadowtrooper","0","33","1","0","air","10","0","0","3","0","0","0","-179","landed"
"5241","43","user:void","void","1","bot:/botfiles/easyds2.jkb","Shadowtrooper","0","1782","2","0","air","10","1","0","3","256","1","1","167","airborne"
"5242","43","user:void","void","1","bot:/botfiles/easyds2.jkb","Shadowtrooper","0","2937","3","0","air","10","0","4","3","256","1","1","-166","landed"
"5243","43","user:void","void","1","bot:/botfiles/easyds2.jkb","Shadowtrooper","0","3366","4","0","air","10","1","4","3","256","1","66","-163","airborne"
"5244","43","user:void","void","1","bot:/botfiles/easyds2.jkb","Shadowtrooper","0","3465","5","0","air","10","0","4","3","256","1","8","-175","landed"
"5245","43","user:void","void","1","bot:/botfiles/easyds2.jkb","Shadowtrooper","0","5511","6","1","range","10","2","0","2","256","1","74","171",""
"5246","43","user:void","void","1","bot:/botfiles/easyds2.jkb","Shadowtrooper","0","6270","7","1","air","10","1","0","2","256","1","1","-155","airborne"
"5247","43","user:void","void","1","bot:/botfiles/easyds2.jkb","Shadowtrooper","0","6435","8","1","air","10","0","0","2","256","1","1","-131","landed"
"5248","43","user:void","void","1","bot:/botfiles/easyds2.jkb","Shadowtrooper","0","6600","9","1","range","10","1","0","1","256","1","1","-105",""
"5249","43","user:void","void","1","bot:/botfiles/easyds2.jkb","Shadowtrooper","0","6798","10","1","range","10","2","0","2","256","1","1","-65",""
"5250","43","user:void","void","1","bot:/botfiles/easyds2.jkb","Shadowtrooper","0","8448","11","1","air","10","1","0","2","256","1","1","-129","airborne"
"5251","43","user:void","void","1","bot:/botfiles/easyds2.jkb","Shadowtrooper","0","8580","12","1","air","10","0","0","2","256","1","1","-128","landed"
"5252","43","user:void","void","1","bot:/botfiles/easyds2.jkb","Shadowtrooper","0","9636","13","1","range","10","1","0","1","256","1","0","-159",""
"5253","43","user:void","void","1","bot:/botfiles/easyds2.jkb","Shadowtrooper","0","9768","14","1","knockdown_followup","10","26","4","1","256","1","0","-145","followup"
"5254","43","user:void","void","1","bot:/botfiles/easyds2.jkb","Shadowtrooper","0","10197","15","1","range","10","2","4","2","256","1","0","-120",""
"5255","43","user:void","void","1","bot:/botfiles/easyds2.jkb","Shadowtrooper","0","10395","16","1","attack_start","10","1","4","2","257","66","0","-51","attack"
"5256","43","user:void","void","1","bot:/botfiles/easyds2.jkb","Shadowtrooper","0","10494","17","1","range","10","1","4","1","257","66","0","-41",""
"5257","43","user:void","void","1","bot:/botfiles/easyds2.jkb","Shadowtrooper","0","10626","18","1","attack_chain","10","8","4","1","257","8","0","-14","chain"
"5258","43","user:void","void","1","bot:/botfiles/easyds2.jkb","Shadowtrooper","0","10791","19","1","punish_success","10","40","4","1","257","8","0","24","punish"
"5259","43","user:void","void","1","bot:/botfiles/easyds2.jkb","Shadowtrooper","0","10791","20","1","knockdown_followup","10","40","4","1","257","8","0","24","followup"
"5260","43","user:void","void","1","bot:/botfiles/easyds2.jkb","Shadowtrooper","0","10923","21","1","attack_chain","10","5","4","1","257","5","0","-21","chain"
"5261","43","user:void","void","1","bot:/botfiles/easyds2.jkb","Shadowtrooper","0","10956","22","1","air","10","1","4","1","257","5","0","-46","airborne"
"5262","43","user:void","void","1","bot:/botfiles/easyds2.jkb","Shadowtrooper","0","11286","23","1","air","10","0","4","1","256","70","1","96","landed"
"5263","43","user:void","void","1","bot:/botfiles/easyds2.jkb","Shadowtrooper","0","11319","24","1","punish_success","10","10","4","1","256","70","1","58","punish"
"5264","43","user:void","void","1","bot:/botfiles/easyds2.jkb","Shadowtrooper","0","11319","25","1","saber_return_punish","10","10","4","1","256","70","1","58","return"
"5265","43","user:void","void","1","bot:/botfiles/easyds2.jkb","Shadowtrooper","0","11649","26","1","range","10","2","4","2","0","1","1","-21",""
"5266","43","user:void","void","1","bot:/botfiles/easyds2.jkb","Shadowtrooper","0","11946","27","1","attack_start","10","128","4","2","384","1","1","-102","alt"
"5267","43","user:void","void","1","bot:/botfiles/easyds2.jkb","Shadowtrooper","0","11946","28","1","force","9","20","4","2","384","1","1","-102",""
"5268","43","user:void","void","1","bot:/botfiles/easyds2.jkb","Shadowtrooper","0","12111","29","1","force","9","20","4","2","384","1","1","-134",""
"5269","43","user:void","void","1","bot:/botfiles/easyds2.jkb","Shadowtrooper","0","12144","30","1","range","10","1","4","1","384","1","1","-135",""
"5270","43","user:void","void","1","bot:/botfiles/easyds2.jkb","Shadowtrooper","0","12210","31","1","air","10","1","4","1","384","1","1","-139","airborne"
"5271","43","user:void","void","1","bot:/botfiles/easyds2.jkb","Shadowtrooper","0","12243","32","1","force","9","6","4","1","384","1","1","-150",""
"5272","43","user:void","void","1","bot:/botfiles/easyds2.jkb","Shadowtrooper","0","12243","33","1","punish_success","10","30","4","1","384","1","1","-150","punish"
"5273","43","user:void","void","1","bot:/botfiles/easyds2.jkb","Shadowtrooper","0","12441","34","1","range","10","2","4","2","384","1","1","161",""
"5274","43","user:void","void","1","bot:/botfiles/easyds2.jkb","Shadowtrooper","0","12870","35","1","regen","10","1","4","2","256","1","1","73",""
"5275","43","user:void","void","1","bot:/botfiles/easyds2.jkb","Shadowtrooper","0","12903","36","1","regen","10","1","4","2","256","1","1","62",""
"5276","43","user:void","void","1","bot:/botfiles/easyds2.jkb","Shadowtrooper","0","12936","37","1","regen","10","1","4","2","256","1","1","48",""
"5277","43","user:void","void","1","bot:/botfiles/easyds2.jkb","Shadowtrooper","0","12969","38","1","regen","10","1","4","3","256","1","1","39",""
"5278","43","user:void","void","1","bot:/botfiles/easyds2.jkb","Shadowtrooper","0","12969","39","1","range","10","3","4","3","256","1","1","39",""
"5279","43","user:void","void","1","bot:/botfiles/easyds2.jkb","Shadowtrooper","0","13002","40","1","regen","10","1","4","3","256","1","1","31",""
"5280","43","user:void","void","1","bot:/botfiles/easyds2.jkb","Shadowtrooper","0","13035","41","1","regen","10","1","4","3","256","1","1","24",""
"5281","43","user:void","void","1","bot:/botfiles/easyds2.jkb","Shadowtrooper","0","13068","42","1","regen","10","1","4","3","256","1","1","18",""
"5282","43","user:void","void","1","bot:/botfiles/easyds2.jkb","Shadowtrooper","0","13101","43","1","regen","10","1","4","3","256","1","1","13",""
"5283","43","user:void","void","1","bot:/botfiles/easyds2.jkb","Shadowtrooper","0","13134","44","1","regen","10","1","4","3","256","1","1","6",""
"5284","43","user:void","void","1","bot:/botfiles/easyds2.jkb","Shadowtrooper","0","13167","45","1","regen","10","1","4","3","256","1","1","0",""
"5285","43","user:void","void","1","bot:/botfiles/easyds2.jkb","Shadowtrooper","0","13200","46","1","attack_start","10","128","4","3","384","1","1","-8","alt"
"5286","43","user:void","void","1","bot:/botfiles/easyds2.jkb","Shadowtrooper","0","13200","47","1","force_to_saber","10","1","4","3","384","1","1","-8","force_to_saber"
"5287","43","user:void","void","1","bot:/botfiles/easyds2.jkb","Shadowtrooper","0","13200","48","1","regen","10","1","4","3","384","1","1","-8",""
"5288","43","user:void","void","1","bot:/botfiles/easyds2.jkb","Shadowtrooper","0","13233","49","1","regen","10","1","4","3","384","1","1","-12",""
"5289","43","user:void","void","1","bot:/botfiles/easyds2.jkb","Shadowtrooper","0","13266","50","1","regen","10","1","4","3","384","1","1","-14",""
"5290","43","user:void","void","1","bot:/botfiles/easyds2.jkb","Shadowtrooper","0","13299","51","1","regen","10","1","4","3","384","1","1","-18",""
"5291","43","user:void","void","1","bot:/botfiles/easyds2.jkb","Shadowtrooper","0","13332","52","1","force","9","20","4","3","384","1","1","-19",""
"5292","43","user:void","void","1","bot:/botfiles/easyds2.jkb","Shadowtrooper","0","13794","53","1","air","10","0","4","3","384","1","1","-17","landed"
"5293","43","user:void","void","1","bot:/botfiles/easyds2.jkb","Shadowtrooper","0","14223","54","1","range","10","2","4","2","384","1","1","-56",""
"5294","44","user:void","void","1","bot:/botfiles/mediumds.jkb","Gran","0","33","1","0","air","10","0","0","2","256","0","0","-1","landed"
"5295","44","user:void","void","1","bot:/botfiles/mediumds.jkb","Gran","0","396","2","0","force","9","4","0","2","256","0","0","69",""
"5296","44","user:void","void","1","bot:/botfiles/mediumds.jkb","Gran","0","429","3","0","force","9","4","0","2","256","0","0","53",""
"5297","44","user:void","void","1","bot:/botfiles/mediumds.jkb","Gran","0","495","4","0","force","9","4","0","2","256","0","0","24",""
"5298","44","user:void","void","1","bot:/botfiles/mediumds.jkb","Gran","0","528","5","0","force","9","4","0","2","256","0","0","13",""
"5299","44","user:void","void","1","bot:/botfiles/mediumds.jkb","Gran","0","594","6","0","force","9","4","0","2","256","0","0","-5",""
"5300","44","user:void","void","1","bot:/botfiles/mediumds.jkb","Gran","0","627","7","0","force","9","4","0","2","256","0","0","-11",""
"5301","44","user:void","void","1","bot:/botfiles/mediumds.jkb","Gran","0","693","8","0","force","9","4","0","2","256","0","1","-22",""
"5302","44","user:void","void","1","bot:/botfiles/mediumds.jkb","Gran","0","726","9","0","force","9","4","0","2","256","0","1","-24",""
"5303","44","user:void","void","1","bot:/botfiles/mediumds.jkb","Gran","0","726","10","0","air","10","1","0","2","256","0","1","-24","airborne"
"5304","44","user:void","void","1","bot:/botfiles/mediumds.jkb","Gran","0","792","11","0","force","9","4","0","2","256","1","1","-25",""
"5305","44","user:void","void","1","bot:/botfiles/mediumds.jkb","Gran","0","825","12","0","force","9","4","0","1","256","1","1","-23",""
"5306","44","user:void","void","1","bot:/botfiles/mediumds.jkb","Gran","0","825","13","0","range","10","1","0","1","256","1","1","-23",""
"5307","44","user:void","void","1","bot:/botfiles/mediumds.jkb","Gran","0","891","14","0","force","9","4","0","1","256","1","1","-17",""
"5308","44","user:void","void","1","bot:/botfiles/mediumds.jkb","Gran","0","924","15","0","force","9","4","0","1","256","1","1","-12",""
"5309","44","user:void","void","1","bot:/botfiles/mediumds.jkb","Gran","0","990","16","0","force","9","4","0","1","256","1","1","-3",""
"5310","44","user:void","void","1","bot:/botfiles/mediumds.jkb","Gran","0","1023","17","0","force","9","4","0","1","256","1","1","2",""
"5311","44","user:void","void","1","bot:/botfiles/mediumds.jkb","Gran","0","1023","18","0","air","10","0","0","1","256","1","1","2","landed"
"5312","44","user:void","void","1","bot:/botfiles/mediumds.jkb","Gran","0","1716","19","0","range","10","2","0","2","256","1","1","48",""
"5313","44","user:void","void","1","bot:/botfiles/mediumds.jkb","Gran","0","1815","20","0","regen","10","1","0","2","256","1","1","38",""
"5314","44","user:void","void","1","bot:/botfiles/mediumds.jkb","Gran","0","1848","21","0","regen","10","1","0","2","256","1","1","34",""
"5315","44","user:void","void","1","bot:/botfiles/mediumds.jkb","Gran","0","1881","22","0","regen","10","1","0","2","256","1","1","30",""
"5316","44","user:void","void","1","bot:/botfiles/mediumds.jkb","Gran","0","1914","23","0","regen","10","1","0","2","256","1","1","26",""
"5317","44","user:void","void","1","bot:/botfiles/mediumds.jkb","Gran","0","1947","24","0","regen","10","1","0","2","256","1","1","21",""
"5318","44","user:void","void","1","bot:/botfiles/mediumds.jkb","Gran","0","1980","25","0","regen","10","1","0","2","256","1","1","16",""
"5319","44","user:void","void","1","bot:/botfiles/mediumds.jkb","Gran","0","2013","26","0","regen","10","1","0","2","256","1","1","11",""
"5320","44","user:void","void","1","bot:/botfiles/mediumds.jkb","Gran","0","2046","27","0","regen","10","1","0","2","256","1","1","5",""
"5321","44","user:void","void","1","bot:/botfiles/mediumds.jkb","Gran","0","2079","28","0","regen","10","1","0","2","256","1","1","0",""
"5322","44","user:void","void","1","bot:/botfiles/mediumds.jkb","Gran","0","2112","29","0","regen","10","1","0","2","256","1","1","-7",""
"5323","44","user:void","void","1","bot:/botfiles/mediumds.jkb","Gran","0","2145","30","0","regen","10","1","0","2","256","1","1","-14",""
"5324","44","user:void","void","1","bot:/botfiles/mediumds.jkb","Gran","0","2178","31","0","regen","10","1","0","2","256","1","1","-21",""
"5325","44","user:void","void","1","bot:/botfiles/mediumds.jkb","Gran","0","2211","32","0","regen","10","1","0","2","256","1","1","-35",""
"5326","44","user:void","void","1","bot:/botfiles/mediumds.jkb","Gran","0","2244","33","0","regen","10","1","0","2","256","1","1","-50",""
"5327","44","user:void","void","1","bot:/botfiles/mediumds.jkb","Gran","0","2277","34","0","regen","10","1","0","2","0","1","1","-74",""
"5328","44","user:void","void","1","bot:/botfiles/mediumds.jkb","Gran","0","2310","35","0","regen","10","1","0","2","0","1","1","-96",""
"5329","44","user:void","void","1","bot:/botfiles/mediumds.jkb","Gran","0","2343","36","0","regen","10","1","0","2","0","1","1","-117",""
"5330","44","user:void","void","1","bot:/botfiles/mediumds.jkb","Gran","0","2376","37","0","regen","10","1","0","2","0","1","1","-134",""
"5331","44","user:void","void","1","bot:/botfiles/mediumds.jkb","Gran","0","2409","38","0","regen","10","1","0","2","0","1","1","-151",""
"5332","44","user:void","void","1","bot:/botfiles/mediumds.jkb","Gran","0","2442","39","0","regen","10","1","0","2","0","1","1","-166",""
"5333","44","user:void","void","1","bot:/botfiles/mediumds.jkb","Gran","0","2475","40","0","regen","10","1","0","2","0","1","1","179",""
"5334","44","user:void","void","1","bot:/botfiles/mediumds.jkb","Gran","0","2508","41","0","regen","10","1","0","2","0","1","1","169",""
"5335","44","user:void","void","1","bot:/botfiles/mediumds.jkb","Gran","0","2541","42","0","regen","10","1","0","2","0","1","1","161",""
"5336","44","user:void","void","1","bot:/botfiles/mediumds.jkb","Gran","0","2574","43","0","regen","10","1","0","2","0","1","1","156",""
"5337","44","user:void","void","1","bot:/botfiles/mediumds.jkb","Gran","0","2607","44","0","regen","10","1","0","2","0","1","1","153",""
"5338","44","user:void","void","1","bot:/botfiles/mediumds.jkb","Gran","0","2640","45","0","regen","10","1","0","2","256","1","1","151",""
"5339","44","user:void","void","1","bot:/botfiles/mediumds.jkb","Gran","0","2673","46","0","regen","10","1","0","2","256","1","1","148",""
"5340","44","user:void","void","1","bot:/botfiles/mediumds.jkb","Gran","0","2706","47","0","regen","10","1","0","2","256","1","1","147",""
"5341","44","user:void","void","1","bot:/botfiles/mediumds.jkb","Gran","0","2739","48","0","regen","10","1","0","2","256","1","1","145",""
"5342","44","user:void","void","1","bot:/botfiles/mediumds.jkb","Gran","0","2772","49","0","regen","10","1","0","2","256","1","1","145",""
"5343","44","user:void","void","1","bot:/botfiles/mediumds.jkb","Gran","0","2805","50","0","regen","10","1","0","2","256","1","1","145",""
"5344","44","user:void","void","1","bot:/botfiles/mediumds.jkb","Gran","0","2838","51","0","regen","10","1","0","2","256","1","1","145",""
"5345","44","user:void","void","1","bot:/botfiles/mediumds.jkb","Gran","0","2838","52","0","air","10","1","0","2","256","1","1","145","airborne"
"5346","44","user:void","void","1","bot:/botfiles/mediumds.jkb","Gran","0","2871","53","0","regen","10","1","0","2","256","1","1","146",""
"5347","44","user:void","void","1","bot:/botfiles/mediumds.jkb","Gran","0","2904","54","0","regen","10","1","0","2","256","1","1","146",""
"5348","44","user:void","void","1","bot:/botfiles/mediumds.jkb","Gran","0","2937","55","0","regen","10","1","0","2","256","1","1","149",""
"5349","44","user:void","void","1","bot:/botfiles/mediumds.jkb","Gran","0","2970","56","0","regen","10","1","0","2","256","1","1","152",""
"5350","44","user:void","void","1","bot:/botfiles/mediumds.jkb","Gran","0","3003","57","0","regen","10","1","0","2","256","1","1","156",""
"5351","44","user:void","void","1","bot:/botfiles/mediumds.jkb","Gran","0","3003","58","0","air","10","0","0","2","256","1","1","156","landed"
"5352","44","user:void","void","1","bot:/botfiles/mediumds.jkb","Gran","0","3036","59","0","regen","10","1","0","2","256","1","1","158",""
"5353","44","user:void","void","1","bot:/botfiles/mediumds.jkb","Gran","0","3069","60","0","regen","10","1","0","2","256","1","1","159",""
"5354","44","user:void","void","1","bot:/botfiles/mediumds.jkb","Gran","0","3102","61","0","regen","10","1","0","2","256","1","1","160",""
"5355","44","user:void","void","1","bot:/botfiles/mediumds.jkb","Gran","0","3135","62","0","regen","10","1","0","2","256","1","1","160",""
"5356","44","user:void","void","1","bot:/botfiles/mediumds.jkb","Gran","0","3168","63","0","regen","10","1","0","2","256","1","1","161",""
"5357","44","user:void","void","1","bot:/botfiles/mediumds.jkb","Gran","0","3201","64","0","regen","10","1","0","2","256","1","1","162",""
"5358","44","user:void","void","1","bot:/botfiles/mediumds.jkb","Gran","0","3234","65","0","regen","10","1","0","2","256","1","1","161",""
"5359","44","user:void","void","1","bot:/botfiles/mediumds.jkb","Gran","0","3267","66","0","regen","10","1","0","2","256","1","1","161",""
"5360","44","user:void","void","1","bot:/botfiles/mediumds.jkb","Gran","0","3300","67","0","regen","10","1","0","2","256","1","1","160",""
"5361","44","user:void","void","1","bot:/botfiles/mediumds.jkb","Gran","0","3333","68","0","regen","10","1","0","2","256","1","1","159",""
"5362","44","user:void","void","1","bot:/botfiles/mediumds.jkb","Gran","0","3366","69","0","regen","10","1","0","2","256","1","1","158",""
"5363","44","user:void","void","1","bot:/botfiles/mediumds.jkb","Gran","0","3399","70","0","regen","10","1","0","2","256","1","1","157",""
"5364","44","user:void","void","1","bot:/botfiles/mediumds.jkb","Gran","0","3432","71","0","regen","10","1","0","2","256","1","1","156",""
"5365","44","user:void","void","1","bot:/botfiles/mediumds.jkb","Gran","0","3465","72","0","regen","10","1","0","2","256","1","1","156",""
"5366","44","user:void","void","1","bot:/botfiles/mediumds.jkb","Gran","0","3498","73","0","regen","10","1","0","2","256","1","1","157",""
"5367","44","user:void","void","1","bot:/botfiles/mediumds.jkb","Gran","0","3531","74","0","regen","10","1","0","2","256","1","1","156",""
"5368","44","user:void","void","1","bot:/botfiles/mediumds.jkb","Gran","0","3564","75","0","regen","10","1","0","2","256","1","1","157",""
"5369","44","user:void","void","1","bot:/botfiles/mediumds.jkb","Gran","0","3597","76","0","regen","10","1","0","2","256","1","1","157",""
"5370","44","user:void","void","1","bot:/botfiles/mediumds.jkb","Gran","0","3630","77","0","regen","10","1","0","2","256","1","1","155",""
"5371","44","user:void","void","1","bot:/botfiles/mediumds.jkb","Gran","0","4191","78","0","range","10","3","0","3","256","1","1","174",""
"5372","44","user:void","void","1","bot:/botfiles/mediumds.jkb","Gran","0","4587","79","0","range","10","2","0","2","256","1","1","-171",""
"5373","44","user:void","void","1","bot:/botfiles/mediumds.jkb","Gran","0","5676","80","0","range","10","3","0","3","256","1","1","-84",""
"5374","44","user:void","void","1","bot:/botfiles/mediumds.jkb","Gran","0","5841","81","1","saber_return_punish","10","1","0","3","256","1","1","-81","return"
"5375","44","user:void","void","1","bot:/botfiles/mediumds.jkb","Gran","0","6600","82","1","air","10","1","0","3","256","1","1","-35","airborne"
"5376","44","user:void","void","1","bot:/botfiles/mediumds.jkb","Gran","0","7062","83","1","range","10","2","0","2","256","1","1","136",""
"5377","44","user:void","void","1","bot:/botfiles/mediumds.jkb","Gran","0","7590","84","1","air","10","0","0","2","256","1","1","-12","landed"
"5378","44","user:void","void","1","bot:/botfiles/mediumds.jkb","Gran","0","7623","85","1","air","10","1","0","2","256","1","1","-32","airborne"
"5379","44","user:void","void","1","bot:/botfiles/mediumds.jkb","Gran","0","7821","86","1","range","10","1","0","1","256","1","1","-110",""
"5380","44","user:void","void","1","bot:/botfiles/mediumds.jkb","Gran","0","8085","87","1","range","10","2","0","2","256","1","1","-113",""
"5381","44","user:void","void","1","bot:/botfiles/mediumds3.jkb","BespinCop","0","8580","88","1","range","10","1","0","1","320","1","1","-154",""
"5382","44","user:void","void","1","bot:/botfiles/mediumds3.jkb","BespinCop","0","8613","89","1","force","9","31","2","1","320","1","1","-154",""
"5383","44","user:void","void","1","bot:/botfiles/mediumds3.jkb","BespinCop","0","8679","90","2","air","10","0","2","1","320","1","1","-155","landed"
"5384","44","user:void","void","1","bot:/botfiles/mediumds3.jkb","BespinCop","0","8745","91","2","force","9","1","2","1","320","1","1","-157",""
"5385","44","user:void","void","1","bot:/botfiles/mediumds3.jkb","BespinCop","0","8877","92","2","force","9","1","2","1","320","1","1","-137",""
"5386","44","user:void","void","1","bot:/botfiles/mediumds3.jkb","BespinCop","0","9009","93","2","force","9","1","2","1","320","1","1","-136",""
"5387","44","user:void","void","1","bot:/botfiles/mediumds3.jkb","BespinCop","0","9108","94","2","regen","10","1","0","1","320","1","1","-146",""
"5388","44","user:void","void","1","bot:/botfiles/mediumds3.jkb","BespinCop","0","9108","95","2","air","10","1","0","1","320","1","1","-146","airborne"
"5389","44","user:void","void","1","bot:/botfiles/mediumds3.jkb","BespinCop","0","9141","96","2","regen","10","1","0","1","320","1","1","-147",""
"5390","44","user:void","void","1","bot:/botfiles/mediumds3.jkb","BespinCop","0","9174","97","2","regen","10","1","0","1","320","1","1","-151",""
"5391","44","user:void","void","1","bot:/botfiles/mediumds3.jkb","BespinCop","0","9207","98","2","regen","10","1","0","1","320","1","1","-158",""
"5392","44","user:void","void","1","bot:/botfiles/mediumds3.jkb","BespinCop","0","9240","99","2","regen","10","1","0","1","320","1","1","-163",""
"5393","44","user:void","void","1","bot:/botfiles/mediumds3.jkb","BespinCop","0","9273","100","2","regen","10","1","0","1","320","1","1","-135",""
"5394","44","user:void","void","1","bot:/botfiles/mediumds3.jkb","BespinCop","0","9306","101","2","regen","10","1","0","1","320","1","1","-95",""
"5395","44","user:void","void","1","bot:/botfiles/mediumds3.jkb","BespinCop","0","9339","102","2","regen","10","1","0","1","320","1","1","-70",""
"5396","44","user:void","void","1","bot:/botfiles/mediumds3.jkb","BespinCop","0","9372","103","2","regen","10","1","0","1","320","1","1","-70",""
"5397","44","user:void","void","1","bot:/botfiles/mediumds3.jkb","BespinCop","0","9405","104","2","regen","10","1","0","1","320","1","1","-76",""
"5398","44","user:void","void","1","bot:/botfiles/mediumds3.jkb","BespinCop","0","9438","105","2","regen","10","1","0","1","320","1","1","-81",""
"5399","44","user:void","void","1","bot:/botfiles/mediumds3.jkb","BespinCop","0","9438","106","2","air","10","0","0","1","320","1","1","-81","landed"
"5400","44","user:void","void","1","bot:/botfiles/mediumds3.jkb","BespinCop","0","9471","107","2","regen","10","1","0","2","320","1","1","-87",""
"5401","44","user:void","void","1","bot:/botfiles/mediumds3.jkb","BespinCop","0","9471","108","2","range","10","2","0","2","320","1","1","-87",""
"5402","44","user:void","void","1","bot:/botfiles/mediumds3.jkb","BespinCop","0","9504","109","2","regen","10","1","0","2","320","1","1","-92",""
"5403","44","user:void","void","1","bot:/botfiles/mediumds3.jkb","BespinCop","0","9537","110","2","regen","10","1","0","2","320","1","1","-96",""
"5404","44","user:void","void","1","bot:/botfiles/mediumds3.jkb","BespinCop","0","9570","111","2","regen","10","1","0","2","320","1","1","-100",""
"5405","44","user:void","void","1","bot:/botfiles/mediumds3.jkb","BespinCop","0","9603","112","2","regen","10","1","0","2","320","1","1","-104",""
"5406","44","user:void","void","1","bot:/botfiles/mediumds3.jkb","BespinCop","0","9636","113","2","regen","10","1","0","2","320","1","1","-106",""
"5407","44","user:void","void","1","bot:/botfiles/mediumds3.jkb","BespinCop","0","9669","114","2","regen","10","1","0","2","320","1","1","-122",""
"5408","44","user:void","void","1","bot:/botfiles/mediumds3.jkb","BespinCop","0","9702","115","2","regen","10","1","0","2","320","1","1","-145",""
"5409","44","user:void","void","1","bot:/botfiles/mediumds.jkb","Gran","0","9735","116","2","regen","10","1","0","2","320","1","1","174",""
"5410","44","user:void","void","1","bot:/botfiles/mediumds.jkb","Gran","0","9768","117","2","regen","10","1","0","2","320","1","1","144",""
"5411","44","user:void","void","1","bot:/botfiles/mediumds.jkb","Gran","0","9801","118","2","regen","10","1","0","2","256","1","1","129",""
"5412","44","user:void","void","1","bot:/botfiles/mediumds.jkb","Gran","0","9834","119","2","regen","10","1","0","2","256","1","1","122",""
"5413","44","user:void","void","1","bot:/botfiles/mediumds.jkb","Gran","0","9867","120","2","regen","10","1","0","2","256","1","1","118",""
"5414","44","user:void","void","1","bot:/botfiles/mediumds.jkb","Gran","0","9900","121","2","regen","10","1","0","2","256","1","1","112",""
"5415","44","user:void","void","1","bot:/botfiles/mediumds.jkb","Gran","0","9933","122","2","regen","10","1","0","2","256","1","1","104",""
"5416","44","user:void","void","1","bot:/botfiles/mediumds.jkb","Gran","0","9966","123","2","regen","10","1","0","2","256","1","1","94",""
"5417","44","user:void","void","1","bot:/botfiles/mediumds.jkb","Gran","0","9999","124","2","regen","10","1","0","2","256","1","1","83",""
"5418","44","user:void","void","1","bot:/botfiles/mediumds.jkb","Gran","0","10032","125","2","regen","10","1","0","2","256","1","1","71",""
"5419","44","user:void","void","1","bot:/botfiles/mediumds.jkb","Gran","0","10065","126","2","regen","10","1","0","2","256","1","1","62",""
"5420","44","user:void","void","1","bot:/botfiles/mediumds.jkb","Gran","0","10098","127","2","regen","10","1","0","2","256","1","1","54",""
"5421","44","user:void","void","1","bot:/botfiles/mediumds.jkb","Gran","0","10131","128","2","regen","10","1","0","2","256","1","1","44",""
"5422","45","user:void","void","1","bot:/botfiles/mediumds.jkb","Alora","0","33","1","0","air","10","0","0","3","256","0","0","-49","landed"
"5423","45","user:void","void","1","bot:/botfiles/mediumds.jkb","Alora","0","1683","2","0","air","10","1","0","3","256","1","1","-39","airborne"
"5424","45","user:void","void","1","bot:/botfiles/mediumds.jkb","Alora","0","2574","3","0","air","10","0","0","3","256","1","1","-89","landed"
"5425","45","user:void","void","1","bot:/botfiles/mediumds.jkb","Alora","0","2607","4","0","air","10","1","0","3","256","1","1","-95","airborne"
"5426","45","user:void","void","1","bot:/botfiles/mediumds.jkb","Alora","0","2904","5","0","range","10","2","0","2","256","1","1","-122",""
"5427","45","user:void","void","1","bot:/botfiles/mediumds.jkb","Alora","0","3102","6","0","range","10","3","0","3","256","1","1","-139",""
"5428","45","user:void","void","1","bot:/botfiles/mediumds.jkb","Alora","0","4587","7","0","air","10","0","0","3","0","1","1","-168","landed"
"5429","45","user:void","void","1","bot:/botfiles/hardds4.jkb","MorganKatarn","0","5544","8","0","air","10","1","0","3","256","1","1","-161","airborne"
"5430","45","user:void","void","1","bot:/botfiles/hardds4.jkb","MorganKatarn","0","5643","9","0","force","9","6","0","3","256","1","1","-160",""
"5431","45","user:void","void","1","bot:/botfiles/hardds4.jkb","MorganKatarn","0","5940","10","0","force","9","2","0","3","0","1","1","-158",""
"5432","45","user:void","void","1","bot:/botfiles/hardds4.jkb","MorganKatarn","0","6072","11","0","range","10","2","0","2","0","1","1","-157",""
"5433","45","user:void","void","1","bot:/botfiles/hardds4.jkb","MorganKatarn","0","6468","12","0","regen","10","1","0","2","0","1","1","-153",""
"5434","45","user:void","void","1","bot:/botfiles/hardds4.jkb","MorganKatarn","0","6468","13","0","air","10","0","0","2","0","1","1","-153","landed"
"5435","45","user:void","void","1","bot:/botfiles/hardds4.jkb","MorganKatarn","0","6501","14","0","regen","10","1","0","2","0","1","1","-153",""
"5436","45","user:void","void","1","bot:/botfiles/hardds4.jkb","MorganKatarn","0","6534","15","0","regen","10","1","0","2","0","1","1","-153",""
"5437","45","user:void","void","1","bot:/botfiles/hardds4.jkb","MorganKatarn","0","6567","16","0","regen","10","1","0","2","0","1","1","-154",""
"5438","45","user:void","void","1","bot:/botfiles/hardds4.jkb","MorganKatarn","0","6600","17","0","regen","10","1","0","2","0","1","1","-154",""
"5439","45","user:void","void","1","bot:/botfiles/hardds4.jkb","MorganKatarn","0","6633","18","0","regen","10","1","0","2","0","1","1","-154",""
"5440","45","user:void","void","1","bot:/botfiles/hardds4.jkb","MorganKatarn","0","6666","19","0","regen","10","1","0","2","0","1","1","-154",""
"5441","45","user:void","void","1","bot:/botfiles/hardds4.jkb","MorganKatarn","0","6699","20","0","regen","10","1","0","2","0","1","1","-154",""
"5442","45","user:void","void","1","bot:/botfiles/hardds4.jkb","MorganKatarn","0","8448","21","0","force","9","31","0","2","320","1","1","161",""
"5443","45","user:void","void","1","bot:/botfiles/hardds4.jkb","MorganKatarn","0","8580","22","1","force","9","1","0","1","320","1","1","177",""
"5444","45","user:void","void","1","bot:/botfiles/hardds4.jkb","MorganKatarn","0","8580","23","1","range","10","1","0","1","320","1","1","177",""
"5445","45","user:void","void","1","bot:/botfiles/hardds4.jkb","MorganKatarn","0","8712","24","1","force","9","1","2","1","320","1","1","155",""
"5446","45","user:void","void","1","bot:/botfiles/hardds4.jkb","MorganKatarn","0","8811","25","1","regen","10","1","0","1","320","1","1","94",""
"5447","45","user:void","void","1","bot:/botfiles/hardds4.jkb","MorganKatarn","0","8811","26","1","air","10","1","0","1","320","1","1","94","airborne"
"5448","45","user:void","void","1","bot:/botfiles/hardds4.jkb","MorganKatarn","0","8844","27","1","regen","10","1","0","1","320","1","1","76",""
"5449","45","user:void","void","1","bot:/botfiles/hardds4.jkb","MorganKatarn","0","8877","28","1","regen","10","1","0","1","320","1","1","71",""
"5450","45","user:void","void","1","bot:/botfiles/hardds4.jkb","MorganKatarn","0","8910","29","1","regen","10","1","0","1","320","1","1","67",""
"5451","45","user:void","void","1","bot:/botfiles/hardds4.jkb","MorganKatarn","0","8910","30","1","damage","10","1","0","1","320","1","1","67",""
"5452","45","user:void","void","1","bot:/botfiles/hardds4.jkb","MorganKatarn","0","8943","31","1","regen","10","1","0","1","320","1","1","66",""
"5453","45","user:void","void","1","bot:/botfiles/hardds4.jkb","MorganKatarn","0","8976","32","1","regen","10","1","0","1","320","1","1","62",""
"5454","45","user:void","void","1","bot:/botfiles/hardds4.jkb","MorganKatarn","0","9009","33","1","regen","10","1","0","1","320","1","1","58",""
"5455","45","user:void","void","1","bot:/botfiles/hardds4.jkb","MorganKatarn","0","9042","34","1","regen","10","1","0","1","320","1","1","58",""
"5456","45","user:void","void","1","bot:/botfiles/hardds4.jkb","MorganKatarn","0","9075","35","1","regen","10","1","0","1","320","1","1","57",""
"5457","45","user:void","void","1","bot:/botfiles/hardds4.jkb","MorganKatarn","0","9108","36","1","regen","10","1","0","1","320","1","1","55",""
"5458","45","user:void","void","1","bot:/botfiles/hardds4.jkb","MorganKatarn","0","9108","37","1","air","10","0","0","1","320","1","1","55","landed"
"5459","45","user:void","void","1","bot:/botfiles/hardds4.jkb","MorganKatarn","0","9141","38","1","regen","10","1","0","1","320","1","1","54",""
"5460","45","user:void","void","1","bot:/botfiles/hardds4.jkb","MorganKatarn","0","9174","39","1","regen","10","1","0","1","320","1","1","54",""
"5461","45","user:void","void","1","bot:/botfiles/hardds4.jkb","MorganKatarn","0","9207","40","1","regen","10","1","0","1","320","1","1","53",""
"5462","45","user:void","void","1","bot:/botfiles/hardds4.jkb","MorganKatarn","0","9240","41","1","regen","10","1","0","1","320","1","1","53",""
"5463","45","user:void","void","1","bot:/botfiles/hardds4.jkb","MorganKatarn","0","9273","42","1","regen","10","1","0","1","320","1","1","53",""
"5464","45","user:void","void","1","bot:/botfiles/hardds4.jkb","MorganKatarn","0","9306","43","1","regen","10","1","0","1","320","1","1","52",""
"5465","45","user:void","void","1","bot:/botfiles/hardds4.jkb","MorganKatarn","0","9306","44","1","air","10","1","0","1","320","1","1","52","airborne"
"5466","45","user:void","void","1","bot:/botfiles/hardds4.jkb","MorganKatarn","0","9339","45","1","regen","10","1","0","1","320","1","1","53",""
"5467","45","user:void","void","1","bot:/botfiles/hardds4.jkb","MorganKatarn","0","9372","46","1","regen","10","1","0","1","320","1","1","55",""
"5468","45","user:void","void","1","bot:/botfiles/hardds4.jkb","MorganKatarn","0","9405","47","1","regen","10","1","0","1","320","1","1","54",""
"5469","45","user:void","void","1","bot:/botfiles/hardds4.jkb","MorganKatarn","0","9438","48","1","regen","10","1","0","1","320","1","1","53",""
"5470","45","user:void","void","1","bot:/botfiles/hardds4.jkb","MorganKatarn","0","9471","49","1","regen","10","1","0","1","320","1","1","43",""
"5471","45","user:void","void","1","bot:/botfiles/hardds4.jkb","MorganKatarn","0","9504","50","1","regen","10","1","0","1","320","1","1","37",""
"5472","45","user:void","void","1","bot:/botfiles/hardds4.jkb","MorganKatarn","0","9537","51","1","regen","10","1","0","1","320","1","1","36",""
"5473","45","user:void","void","1","bot:/botfiles/hardds4.jkb","MorganKatarn","0","9570","52","1","regen","10","1","0","1","320","1","1","37",""
"5474","45","user:void","void","1","bot:/botfiles/hardds4.jkb","MorganKatarn","0","9603","53","1","regen","10","1","0","1","320","1","1","39",""
"5475","45","user:void","void","1","bot:/botfiles/hardds4.jkb","MorganKatarn","0","9636","54","1","regen","10","1","0","1","320","1","1","42",""
"5476","45","user:void","void","1","bot:/botfiles/hardds4.jkb","MorganKatarn","0","9669","55","1","regen","10","1","0","1","320","1","1","43",""
"5477","45","user:void","void","1","bot:/botfiles/hardds4.jkb","MorganKatarn","0","9702","56","1","regen","10","1","0","1","320","1","1","47",""
"5478","45","user:void","void","1","bot:/botfiles/hardds4.jkb","MorganKatarn","0","9735","57","1","regen","10","1","0","1","320","1","1","47",""
"5479","45","user:void","void","1","bot:/botfiles/hardds4.jkb","MorganKatarn","0","9768","58","1","regen","10","1","0","1","320","1","1","47",""
"5480","45","user:void","void","1","bot:/botfiles/hardds4.jkb","MorganKatarn","0","9801","59","1","regen","10","1","0","1","320","1","1","43",""
"5481","45","user:void","void","1","bot:/botfiles/hardds4.jkb","MorganKatarn","0","9834","60","1","regen","10","1","0","1","320","1","1","38",""
"5482","45","user:void","void","1","bot:/botfiles/hardds4.jkb","MorganKatarn","0","9867","61","1","regen","10","1","0","1","320","1","1","28",""
"5483","45","user:void","void","1","bot:/botfiles/hardds4.jkb","MorganKatarn","0","9900","62","1","force","9","31","2","1","320","1","1","8",""
"5484","45","user:void","void","1","bot:/botfiles/hardds4.jkb","MorganKatarn","0","9900","63","1","counter_success","10","2","2","1","320","1","1","8","counter"
"5485","45","user:void","void","1","bot:/botfiles/hardds4.jkb","MorganKatarn","0","10032","64","1","regen","10","1","2","1","256","1","1","-23",""
"5486","45","user:void","void","1","bot:/botfiles/hardds4.jkb","MorganKatarn","0","10065","65","1","regen","10","1","2","1","256","1","1","-23",""
"5487","45","user:void","void","1","bot:/botfiles/hardds4.jkb","MorganKatarn","0","10098","66","1","regen","10","1","2","1","256","1","1","-23",""
"5488","45","user:void","void","1","bot:/botfiles/hardds4.jkb","MorganKatarn","0","10131","67","1","regen","10","1","2","1","256","1","1","-24",""
"5489","45","user:void","void","1","bot:/botfiles/hardds4.jkb","MorganKatarn","0","10131","68","1","air","10","0","2","1","256","1","1","-24","landed"
"5490","45","user:void","void","1","bot:/botfiles/hardds4.jkb","MorganKatarn","0","10164","69","1","regen","10","1","2","1","256","1","1","-24",""
"5491","45","user:void","void","1","bot:/botfiles/hardds4.jkb","MorganKatarn","0","10197","70","1","regen","10","1","2","1","256","1","1","-26",""
"5492","45","user:void","void","1","bot:/botfiles/hardds4.jkb","MorganKatarn","0","10230","71","1","regen","10","1","2","1","256","1","1","-24",""
"5493","45","user:void","void","1","bot:/botfiles/hardds4.jkb","MorganKatarn","0","10263","72","1","regen","10","1","0","1","256","1","1","-21",""
"5494","45","user:void","void","1","bot:/botfiles/hardds4.jkb","MorganKatarn","0","10296","73","1","regen","10","1","0","1","256","1","1","-23",""
"5495","45","user:void","void","1","bot:/botfiles/hardds4.jkb","MorganKatarn","0","10329","74","1","regen","10","1","0","1","256","1","1","-22",""
"5496","45","user:void","void","1","bot:/botfiles/hardds4.jkb","MorganKatarn","0","10362","75","1","regen","10","1","0","1","256","1","1","-25",""
"5497","45","user:void","void","1","bot:/botfiles/hardds4.jkb","MorganKatarn","0","10395","76","1","regen","10","1","0","1","256","1","1","-27",""
"5498","45","user:void","void","1","bot:/botfiles/hardds4.jkb","MorganKatarn","0","10428","77","1","regen","10","1","0","1","256","1","1","-26",""
"5499","45","user:void","void","1","bot:/botfiles/hardds4.jkb","MorganKatarn","0","10461","78","1","regen","10","1","0","1","256","155","1","-26",""
"5500","45","user:void","void","1","bot:/botfiles/hardds4.jkb","MorganKatarn","0","10494","79","1","regen","10","1","0","1","256","155","1","-26",""
"5501","45","user:void","void","1","bot:/botfiles/hardds4.jkb","MorganKatarn","0","10527","80","1","regen","10","1","0","1","256","155","1","-23",""
"5502","45","user:void","void","1","bot:/botfiles/hardds4.jkb","MorganKatarn","0","10560","81","1","regen","10","1","0","1","256","155","1","-13",""
"5503","45","user:void","void","1","bot:/botfiles/hardds4.jkb","MorganKatarn","0","10593","82","1","regen","10","1","0","1","256","155","1","0",""
"5504","45","user:void","void","1","bot:/botfiles/hardds4.jkb","MorganKatarn","0","10626","83","1","regen","10","1","0","1","256","155","1","25",""
"5505","45","user:void","void","1","bot:/botfiles/hardds4.jkb","MorganKatarn","0","10659","84","1","regen","10","1","0","1","256","155","1","46",""
"5506","45","user:void","void","1","bot:/botfiles/hardds4.jkb","MorganKatarn","0","10692","85","1","regen","10","1","0","1","256","155","1","61",""
"5507","45","user:void","void","1","bot:/botfiles/hardds4.jkb","MorganKatarn","0","10725","86","1","attack_start","10","1","0","1","257","155","1","66","attack"
"5508","45","user:void","void","1","bot:/botfiles/hardds4.jkb","MorganKatarn","0","10725","87","1","force_to_saber","10","155","0","1","257","155","1","66","force_to_saber"
"5509","45","user:void","void","1","bot:/botfiles/hardds4.jkb","MorganKatarn","0","10725","88","1","regen","10","1","0","1","257","155","1","66",""
"5510","45","user:void","void","1","bot:/botfiles/hardds4.jkb","MorganKatarn","0","10758","89","1","regen","10","1","0","1","257","155","1","65",""
"5511","45","user:void","void","1","bot:/botfiles/hardds4.jkb","MorganKatarn","0","10791","90","1","regen","10","1","0","1","257","155","1","62",""
"5512","45","user:void","void","1","bot:/botfiles/hardds4.jkb","MorganKatarn","0","10824","91","1","regen","10","1","0","1","257","155","1","62",""
"5513","45","user:void","void","1","bot:/botfiles/hardds4.jkb","MorganKatarn","0","10857","92","1","regen","10","1","0","1","257","155","1","62",""
"5514","45","user:void","void","1","bot:/botfiles/hardds4.jkb","MorganKatarn","0","10890","93","1","regen","10","1","0","1","257","155","1","60",""
"5515","45","user:void","void","1","bot:/botfiles/hardds4.jkb","MorganKatarn","0","10923","94","1","regen","10","1","0","1","257","155","1","60",""
"5516","45","user:void","void","1","bot:/botfiles/hardds4.jkb","MorganKatarn","0","10956","95","1","attack_chain","10","7","0","1","257","7","1","62","chain"
"5517","45","user:void","void","1","bot:/botfiles/hardds4.jkb","MorganKatarn","0","10956","96","1","regen","10","1","0","1","257","7","1","62",""
"5518","45","user:void","void","1","bot:/botfiles/hardds4.jkb","MorganKatarn","0","10989","97","1","regen","10","1","0","1","257","7","1","71",""
"5519","45","user:void","void","1","bot:/botfiles/hardds4.jkb","MorganKatarn","0","11022","98","1","regen","10","1","0","1","257","7","1","75",""
"5520","45","user:void","void","1","bot:/botfiles/hardds4.jkb","MorganKatarn","0","11781","99","1","attack_start","10","1","0","1","257","68","1","3","attack"
"5521","45","user:void","void","1","bot:/botfiles/hardds4.jkb","MorganKatarn","0","12111","100","1","range","10","2","0","2","257","68","1","146",""
"5522","45","user:void","void","1","bot:/botfiles/hardds4.jkb","MorganKatarn","0","12177","101","1","attack_chain","10","10","0","2","257","10","1","147","chain"
"5523","45","user:void","void","1","bot:/botfiles/hardds4.jkb","MorganKatarn","0","12573","102","1","attack_chain","10","8","0","2","257","8","1","166","chain"
"5524","45","user:void","void","1","bot:/botfiles/hardds4.jkb","MorganKatarn","0","12606","103","1","range","10","1","0","1","257","8","1","-179",""
"5525","45","user:void","void","1","bot:/botfiles/hardds4.jkb","MorganKatarn","0","12705","104","1","air","10","1","0","1","257","8","1","-124","airborne"
"5526","45","user:void","void","1","bot:/botfiles/hardds4.jkb","MorganKatarn","0","12870","105","1","attack_chain","10","5","0","1","257","5","144","-100","chain"
"5527","45","user:void","void","1","bot:/botfiles/hardds4.jkb","MorganKatarn","0","13035","106","1","air","10","0","0","1","257","5","144","-96","landed"
"5528","45","user:void","void","1","bot:/botfiles/hardds4.jkb","MorganKatarn","0","13563","107","1","damage","10","2","0","1","256","1","1","-153",""
"5529","45","user:void","void","1","bot:/botfiles/hardds4.jkb","MorganKatarn","0","13629","108","1","damage","10","1","0","1","256","1","1","-153",""
"5530","45","user:void","void","1","bot:/botfiles/hardds4.jkb","MorganKatarn","0","13728","109","1","range","10","2","0","2","256","1","1","-170",""
"5531","45","user:void","void","1","bot:/botfiles/hardds4.jkb","MorganKatarn","0","13860","110","1","force","9","31","2","2","320","1","1","143",""
"5532","45","user:void","void","1","bot:/botfiles/hardds4.jkb","MorganKatarn","0","13860","111","1","counter_success","10","2","2","2","320","1","1","143","counter"
"5533","45","user:void","void","1","bot:/botfiles/hardds4.jkb","MorganKatarn","0","13992","112","1","force","9","1","2","2","320","1","1","89",""
"5534","45","user:void","void","1","bot:/botfiles/hardds4.jkb","MorganKatarn","0","14124","113","1","force","9","1","2","2","320","1","1","56",""
"5535","45","user:void","void","1","bot:/botfiles/hardds4.jkb","MorganKatarn","0","14223","114","1","range","10","1","2","1","320","1","1","32",""
"5536","45","user:void","void","1","bot:/botfiles/hardds4.jkb","MorganKatarn","0","14256","115","1","force","9","1","2","1","320","1","1","28",""
"5537","45","user:void","void","1","bot:/botfiles/hardds4.jkb","MorganKatarn","0","14388","116","1","force","9","1","0","1","320","1","1","45",""
"5538","45","user:void","void","1","bot:/botfiles/hardds4.jkb","MorganKatarn","0","14520","117","1","force","9","1","2","1","320","1","1","28",""
"5539","45","user:void","void","1","bot:/botfiles/hardds4.jkb","MorganKatarn","0","14520","118","1","air","10","1","2","1","320","1","1","28","airborne"
"5540","45","user:void","void","1","bot:/botfiles/hardds4.jkb","MorganKatarn","0","14652","119","1","force","9","1","2","1","320","1","1","12",""
"5541","45","user:void","void","1","bot:/botfiles/hardds4.jkb","MorganKatarn","0","14784","120","1","force","9","1","2","1","320","1","1","4",""
"5542","45","user:void","void","1","bot:/botfiles/hardds4.jkb","MorganKatarn","0","14916","121","1","force","9","1","2","1","320","1","1","21",""
"5543","45","user:void","void","1","bot:/botfiles/hardds4.jkb","MorganKatarn","0","15048","122","1","force","9","1","2","1","320","1","1","25",""
"5544","45","user:void","void","1","bot:/botfiles/hardds4.jkb","MorganKatarn","0","15114","123","1","range","10","2","2","2","320","1","1","28",""
"5545","45","user:void","void","1","bot:/botfiles/hardds4.jkb","MorganKatarn","0","15180","124","1","force","9","1","2","2","320","1","1","40",""
"5546","45","user:void","void","1","bot:/botfiles/hardds4.jkb","MorganKatarn","0","15312","125","1","force","9","1","2","2","320","1","1","70",""
"5547","45","user:void","void","1","bot:/botfiles/hardds4.jkb","MorganKatarn","0","15378","126","1","range","10","1","2","1","320","1","1","116",""
"5548","45","user:void","void","1","bot:/botfiles/hardds4.jkb","MorganKatarn","0","15378","127","1","air","10","0","2","1","320","1","1","116","landed"
"5549","45","user:void","void","1","bot:/botfiles/hardds4.jkb","MorganKatarn","0","15444","128","1","force","9","1","2","1","320","1","1","163",""
"5550","46","user:void","void","1","bot:/botfiles/stormpilot.jkb","Pilot","0","33","1","0","air","10","0","0","2","256","0","0","71","landed"
"5551","46","user:void","void","1","bot:/botfiles/stormpilot.jkb","Pilot","0","165","2","0","range","10","3","0","3","256","0","0","30",""
"5552","46","user:void","void","1","bot:/botfiles/stormpilot.jkb","Pilot","0","627","3","0","range","10","2","0","2","0","0","0","72",""
"5553","46","user:void","void","1","bot:/botfiles/stormpilot.jkb","Pilot","0","759","4","0","air","10","1","0","2","0","1","1","80","airborne"
"5554","46","user:void","void","1","bot:/botfiles/stormpilot.jkb","Pilot","0","1056","5","0","range","10","1","0","1","0","1","1","77",""
"5555","46","user:void","void","1","bot:/botfiles/stormpilot.jkb","Pilot","0","1089","6","0","air","10","0","0","1","0","1","1","75","landed"
"5556","46","user:void","void","1","bot:/botfiles/stormpilot.jkb","Pilot","0","1452","7","0","air","10","1","0","1","256","1","1","7","airborne"
"5557","46","user:void","void","1","bot:/botfiles/stormpilot.jkb","Pilot","0","1650","8","0","range","10","2","0","2","256","1","1","-96",""
"5558","46","user:void","void","1","bot:/botfiles/stormpilot.jkb","Pilot","0","1980","9","0","air","10","0","0","2","256","1","1","171","landed"
"5559","46","user:void","void","1","bot:/botfiles/stormpilot.jkb","Pilot","0","2475","10","0","air","10","1","0","2","256","1","1","-177","airborne"
"5560","46","user:void","void","1","bot:/botfiles/stormpilot.jkb","Pilot","0","2805","11","0","air","10","0","0","2","256","1","1","-152","landed"
"5561","46","user:void","void","1","bot:/botfiles/stormpilot.jkb","Pilot","0","3036","12","0","range","10","1","0","1","256","1","1","-148",""
"5562","46","user:void","void","1","bot:/botfiles/stormpilot.jkb","Pilot","0","3432","13","0","force","9","31","0","1","320","1","1","-75",""
"5563","46","user:void","void","1","bot:/botfiles/stormpilot.jkb","Pilot","0","3432","14","1","saber_return_punish","10","2","0","1","320","1","1","-75","return"
"5564","46","user:void","void","1","bot:/botfiles/stormpilot.jkb","Pilot","0","3465","15","1","range","10","2","0","2","320","1","1","-70",""
"5565","46","user:void","void","1","bot:/botfiles/stormpilot.jkb","Pilot","0","3564","16","1","force","9","1","0","2","320","1","1","-53",""
"5566","46","user:void","void","1","bot:/botfiles/stormpilot.jkb","Pilot","0","3696","17","1","force","9","1","0","2","320","1","1","-28",""
"5567","46","user:void","void","1","bot:/botfiles/stormpilot.jkb","Pilot","0","3828","18","1","force","9","1","4","2","320","1","1","2",""
"5568","46","user:void","void","1","bot:/botfiles/stormpilot.jkb","Pilot","0","3861","19","1","range","10","1","4","1","320","1","1","12",""
"5569","46","user:void","void","1","bot:/botfiles/stormpilot.jkb","Pilot","0","3960","20","1","force","9","1","4","1","320","1","1","23",""
"5570","46","user:void","void","1","bot:/botfiles/stormpilot.jkb","Pilot","0","4092","21","1","force","9","1","4","1","320","1","1","35",""
"5571","46","user:void","void","1","bot:/botfiles/stormpilot.jkb","Pilot","0","4191","22","1","force","9","6","4","1","320","1","1","51",""
"5572","46","user:void","void","1","bot:/botfiles/stormpilot.jkb","Pilot","0","4191","23","1","air","10","1","4","1","320","1","1","51","airborne"
"5573","46","user:void","void","1","bot:/botfiles/stormpilot.jkb","Pilot","0","4224","24","1","force","9","1","4","1","320","1","1","66",""
"5574","46","user:void","void","1","bot:/botfiles/stormpilot.jkb","Pilot","0","4356","25","1","force","9","1","1","2","320","1","1","153",""
"5575","46","user:void","void","1","bot:/botfiles/stormpilot.jkb","Pilot","0","4356","26","1","range","10","2","1","2","320","1","1","153",""
"5576","46","user:void","void","1","bot:/botfiles/stormpilot.jkb","Pilot","0","4488","27","1","force","9","1","1","2","320","1","1","-120",""
"5577","46","user:void","void","1","bot:/botfiles/stormpilot.jkb","Pilot","0","4554","28","1","range","10","1","1","1","320","1","1","-101",""
"5578","46","user:void","void","1","bot:/botfiles/stormpilot.jkb","Pilot","0","4620","29","1","force","9","1","1","1","320","1","1","-82",""
"5579","46","user:void","void","1","bot:/botfiles/stormpilot.jkb","Pilot","0","4686","30","1","range","10","2","0","2","320","1","1","-60",""
"5580","46","user:void","void","1","bot:/botfiles/stormpilot.jkb","Pilot","0","4752","31","1","force","9","1","0","2","320","1","1","-25",""
"5581","46","user:void","void","1","bot:/botfiles/stormpilot.jkb","Pilot","0","4818","32","1","range","10","1","0","1","320","1","1","-2",""
"5582","46","user:void","void","1","bot:/botfiles/stormpilot.jkb","Pilot","0","4884","33","1","force","9","1","0","1","320","1","1","-12",""
"5583","46","user:void","void","1","bot:/botfiles/stormpilot.jkb","Pilot","0","5016","34","1","force","9","1","0","1","320","1","1","-116",""
"5584","46","user:void","void","1","bot:/botfiles/stormpilot.jkb","Pilot","0","5148","35","1","force","9","1","0","1","320","1","1","160",""
"5585","46","user:void","void","1","bot:/botfiles/stormpilot.jkb","Pilot","0","5280","36","1","force","9","1","0","1","320","1","1","118",""
"5586","46","user:void","void","1","bot:/botfiles/stormpilot.jkb","Pilot","0","5412","37","1","force","9","1","0","1","320","1","1","98",""
"5587","46","user:void","void","1","bot:/botfiles/stormpilot.jkb","Pilot","0","5412","38","1","air","10","0","0","1","320","1","1","98","landed"
"5588","46","user:void","void","1","bot:/botfiles/stormpilot.jkb","Pilot","0","5544","39","1","force","9","1","0","1","320","1","1","82",""
"5589","46","user:void","void","1","bot:/botfiles/stormpilot.jkb","Pilot","0","5676","40","1","force","9","1","2","1","320","1","1","73",""
"5590","46","user:void","void","1","bot:/botfiles/stormpilot.jkb","Pilot","0","5709","41","1","damage","10","20","2","1","320","1","1","68",""
"5591","46","user:void","void","1","bot:/botfiles/stormpilot.jkb","Pilot","0","5742","42","1","air","10","1","2","1","320","1","1","57","airborne"
"5592","46","user:void","void","1","bot:/botfiles/stormpilot.jkb","Pilot","0","5808","43","1","force","9","1","2","1","320","1","1","59",""
"5593","46","user:void","void","1","bot:/botfiles/stormpilot.jkb","Pilot","0","5940","44","1","force","9","1","2","1","320","1","1","119",""
"5594","46","user:void","void","1","bot:/botfiles/stormpilot.jkb","Pilot","0","6039","45","1","range","10","2","2","2","320","1","1","147",""
"5595","46","user:void","void","1","bot:/botfiles/stormpilot.jkb","Pilot","0","6072","46","1","force","9","1","2","2","320","1","1","151",""
"5596","46","user:void","void","1","bot:/botfiles/stormpilot.jkb","Pilot","0","6171","47","1","range","10","1","2","1","320","1","1","165",""
"5597","46","user:void","void","1","bot:/botfiles/stormpilot.jkb","Pilot","0","6204","48","1","force","9","1","2","1","320","1","1","169",""
"5598","46","user:void","void","1","bot:/botfiles/stormpilot.jkb","Pilot","0","6270","49","1","air","10","0","2","1","320","1","1","174","landed"
"5599","46","user:void","void","1","bot:/botfiles/stormpilot.jkb","Pilot","0","6336","50","1","force","9","1","2","1","320","1","1","161",""
"5600","46","user:void","void","1","bot:/botfiles/stormpilot.jkb","Pilot","0","6435","51","1","counter_success","10","40","2","1","320","1","1","139","counter"
"5601","46","user:void","void","1","bot:/botfiles/stormpilot.jkb","Pilot","0","6468","52","1","force","9","1","2","1","320","1","1","135",""
"5602","46","user:void","void","1","bot:/botfiles/stormpilot.jkb","Pilot","0","6501","53","1","counter_success","10","2","2","1","320","1","1","132","counter"
"5603","46","user:void","void","1","bot:/botfiles/stormpilot.jkb","Pilot","0","6600","54","1","force","9","1","2","1","320","1","1","129",""
"5604","46","user:void","void","1","bot:/botfiles/stormpilot.jkb","Pilot","0","6699","55","1","force","9","6","4","1","320","1","1","110",""
"5605","46","user:void","void","1","bot:/botfiles/stormpilot.jkb","Pilot","0","6699","56","1","counter_success","10","20","4","1","320","1","1","110","counter"
"5606","46","user:void","void","1","bot:/botfiles/stormpilot.jkb","Pilot","0","6699","57","1","air","10","1","4","1","320","1","1","110","airborne"
"5607","46","user:void","void","1","bot:/botfiles/stormpilot.jkb","Pilot","0","6732","58","1","force","9","1","4","1","320","1","1","105",""
"5608","46","user:void","void","1","bot:/botfiles/stormpilot.jkb","Pilot","0","6864","59","1","force","9","1","4","1","320","1","1","101",""
"5609","46","user:void","void","1","bot:/botfiles/stormpilot.jkb","Pilot","0","6897","60","1","range","10","2","4","2","320","1","1","102",""
"5610","46","user:void","void","1","bot:/botfiles/stormpilot.jkb","Pilot","0","6996","61","1","force","9","1","4","2","320","1","1","105",""
"5611","46","user:void","void","1","bot:/botfiles/stormpilot.jkb","Pilot","0","7128","62","1","force","9","1","4","2","320","1","1","102",""
"5612","46","user:void","void","1","bot:/botfiles/stormpilot.jkb","Pilot","0","7260","63","1","force","9","1","4","2","320","1","1","95",""
"5613","46","user:void","void","1","bot:/botfiles/stormpilot.jkb","Pilot","0","7392","64","1","force","9","1","4","2","320","1","1","91",""
"5614","46","user:void","void","1","bot:/botfiles/stormpilot.jkb","Pilot","0","7458","65","1","regen","10","1","4","2","320","1","1","89",""
"5615","46","user:void","void","1","bot:/botfiles/stormpilot.jkb","Pilot","0","7491","66","1","regen","10","1","4","2","320","1","1","88",""
"5616","46","user:void","void","1","bot:/botfiles/stormpilot.jkb","Pilot","0","7524","67","1","regen","10","1","4","2","320","1","1","87",""
"5617","46","user:void","void","1","bot:/botfiles/stormpilot.jkb","Pilot","0","7557","68","1","regen","10","1","4","2","320","1","1","86",""
"5618","46","user:void","void","1","bot:/botfiles/stormpilot.jkb","Pilot","0","7590","69","1","regen","10","1","4","2","320","1","1","85",""
"5619","46","user:void","void","1","bot:/botfiles/stormpilot.jkb","Pilot","0","7623","70","1","regen","10","1","4","2","320","1","1","83",""
"5620","46","user:void","void","1","bot:/botfiles/stormpilot.jkb","Pilot","0","7656","71","1","regen","10","1","4","1","320","1","1","82",""
"5621","46","user:void","void","1","bot:/botfiles/stormpilot.jkb","Pilot","0","7656","72","1","range","10","1","4","1","320","1","1","82",""
"5622","46","user:void","void","1","bot:/botfiles/stormpilot.jkb","Pilot","0","7689","73","1","regen","10","1","4","1","320","1","1","81",""
"5623","46","user:void","void","1","bot:/botfiles/stormpilot.jkb","Pilot","0","7722","74","1","regen","10","1","4","1","320","1","1","79",""
"5624","46","user:void","void","1","bot:/botfiles/stormpilot.jkb","Pilot","0","7755","75","1","regen","10","1","4","1","320","1","1","78",""
"5625","46","user:void","void","1","bot:/botfiles/stormpilot.jkb","Pilot","0","7788","76","1","regen","10","1","4","1","320","1","1","76",""
"5626","46","user:void","void","1","bot:/botfiles/stormpilot.jkb","Pilot","0","7821","77","1","regen","10","1","4","1","320","1","1","74",""
"5627","46","user:void","void","1","bot:/botfiles/stormpilot.jkb","Pilot","0","7854","78","1","regen","10","1","4","1","256","1","1","72",""
"5628","46","user:void","void","1","bot:/botfiles/stormpilot.jkb","Pilot","0","7887","79","1","regen","10","1","4","1","256","1","1","73",""
"5629","46","user:void","void","1","bot:/botfiles/stormpilot.jkb","Pilot","0","7920","80","1","regen","10","1","4","1","256","1","1","72",""
"5630","46","user:void","void","1","bot:/botfiles/stormpilot.jkb","Pilot","0","7920","81","1","air","10","0","4","1","256","1","1","72","landed"
"5631","46","user:void","void","1","bot:/botfiles/stormpilot.jkb","Pilot","0","7953","82","1","regen","10","1","4","1","256","1","1","71",""
"5632","46","user:void","void","1","bot:/botfiles/stormpilot.jkb","Pilot","0","7986","83","1","regen","10","1","4","1","256","1","1","69",""
"5633","46","user:void","void","1","bot:/botfiles/stormpilot.jkb","Pilot","0","8019","84","1","regen","10","1","4","1","256","1","1","67",""
"5634","46","user:void","void","1","bot:/botfiles/stormpilot.jkb","Pilot","0","8052","85","1","regen","10","1","4","1","256","1","1","65",""
"5635","46","user:void","void","1","bot:/botfiles/stormpilot.jkb","Pilot","0","8085","86","1","regen","10","1","4","1","256","1","1","63",""
"5636","46","user:void","void","1","bot:/botfiles/stormpilot.jkb","Pilot","0","8118","87","1","regen","10","1","4","1","256","1","1","61",""
"5637","46","user:void","void","1","bot:/botfiles/easyds4.jkb","Chiss","0","8151","88","1","force","9","5","2","3","256","1","1","155",""
"5638","46","user:void","void","1","bot:/botfiles/easyds4.jkb","Chiss","0","8151","89","1","range","10","3","2","3","256","1","1","155",""
"5639","46","user:void","void","1","bot:/botfiles/easyds4.jkb","Chiss","0","8151","90","1","air","10","1","2","3","256","1","1","155","airborne"
"5640","46","user:void","void","1","bot:/botfiles/easyds4.jkb","Chiss","0","8184","91","1","regen","10","1","2","3","256","1","1","151",""
"5641","46","user:void","void","1","bot:/botfiles/easyds4.jkb","Chiss","0","8217","92","1","regen","10","1","2","3","256","1","1","154",""
"5642","46","user:void","void","1","bot:/botfiles/easyds4.jkb","Chiss","0","8250","93","1","regen","10","1","2","3","256","1","1","158",""
"5643","46","user:void","void","1","bot:/botfiles/easyds4.jkb","Chiss","0","8283","94","1","regen","10","1","2","3","256","1","1","156",""
"5644","46","user:void","void","1","bot:/botfiles/easyds4.jkb","Chiss","0","8316","95","1","regen","10","1","2","3","256","1","1","153",""
"5645","46","user:void","void","1","bot:/botfiles/easyds4.jkb","Chiss","0","8349","96","1","regen","10","1","2","3","256","1","1","152",""
"5646","46","user:void","void","1","bot:/botfiles/easyds4.jkb","Chiss","0","8382","97","1","regen","10","1","2","3","256","1","1","153",""
"5647","46","user:void","void","1","bot:/botfiles/easyds4.jkb","Chiss","0","8415","98","1","regen","10","1","2","3","256","1","1","152",""
"5648","46","user:void","void","1","bot:/botfiles/easyds4.jkb","Chiss","0","8448","99","1","regen","10","1","2","3","256","1","1","155",""
"5649","46","user:void","void","1","bot:/botfiles/easyds4.jkb","Chiss","0","8481","100","1","regen","10","1","2","3","256","1","1","156",""
"5650","46","user:void","void","1","bot:/botfiles/easyds4.jkb","Chiss","0","8514","101","1","regen","10","1","2","3","256","1","1","157",""
"5651","46","user:void","void","1","bot:/botfiles/easyds4.jkb","Chiss","0","8547","102","1","regen","10","1","2","3","256","1","1","160",""
"5652","46","user:void","void","1","bot:/botfiles/easyds4.jkb","Chiss","0","8580","103","1","regen","10","1","2","3","256","1","1","160",""
"5653","46","user:void","void","1","bot:/botfiles/easyds4.jkb","Chiss","0","8613","104","1","regen","10","1","2","3","256","1","1","160",""
"5654","46","user:void","void","1","bot:/botfiles/easyds4.jkb","Chiss","0","8646","105","1","regen","10","1","2","3","256","1","1","160",""
"5655","46","user:void","void","1","bot:/botfiles/easyds4.jkb","Chiss","0","8679","106","1","regen","10","1","2","3","256","1","1","160",""
"5656","46","user:void","void","1","bot:/botfiles/easyds4.jkb","Chiss","0","8712","107","1","regen","10","1","2","3","256","1","1","161",""
"5657","46","user:void","void","1","bot:/botfiles/easyds4.jkb","Chiss","0","8745","108","1","regen","10","1","2","3","256","1","1","160",""
"5658","46","user:void","void","1","bot:/botfiles/easyds4.jkb","Chiss","0","8778","109","1","regen","10","1","2","3","256","1","1","160",""
"5659","46","user:void","void","1","bot:/botfiles/easyds4.jkb","Chiss","0","8811","110","1","regen","10","1","2","3","256","1","1","160",""
"5660","46","user:void","void","1","bot:/botfiles/easyds4.jkb","Chiss","0","8844","111","1","regen","10","1","2","3","256","1","1","159",""
"5661","46","user:void","void","1","bot:/botfiles/easyds4.jkb","Chiss","0","8877","112","1","regen","10","1","2","3","256","1","1","159",""
"5662","46","user:void","void","1","bot:/botfiles/easyds4.jkb","Chiss","0","8910","113","1","regen","10","1","2","3","256","1","1","159",""
"5663","46","user:void","void","1","bot:/botfiles/easyds4.jkb","Chiss","0","8943","114","1","regen","10","1","2","3","256","1","1","158",""
"5664","46","user:void","void","1","bot:/botfiles/easyds4.jkb","Chiss","0","8976","115","1","regen","10","1","2","3","256","1","1","158",""
"5665","46","user:void","void","1","bot:/botfiles/easyds4.jkb","Chiss","0","9009","116","1","regen","10","1","2","3","256","1","1","158",""
"5666","46","user:void","void","1","bot:/botfiles/easyds4.jkb","Chiss","0","9042","117","1","regen","10","1","2","3","256","1","1","158",""
"5667","46","user:void","void","1","bot:/botfiles/easyds4.jkb","Chiss","0","9075","118","1","regen","10","1","2","3","256","1","1","157",""
"5668","46","user:void","void","1","bot:/botfiles/easyds4.jkb","Chiss","0","9108","119","1","regen","10","1","2","3","256","1","1","157",""
"5669","46","user:void","void","1","bot:/botfiles/easyds4.jkb","Chiss","0","9141","120","1","regen","10","1","2","3","256","1","1","157",""
"5670","46","user:void","void","1","bot:/botfiles/easyds4.jkb","Chiss","0","9174","121","1","regen","10","1","2","3","256","1","1","157",""
"5671","46","user:void","void","1","bot:/botfiles/easyds4.jkb","Chiss","0","9207","122","1","regen","10","1","2","3","256","1","1","157",""
"5672","46","user:void","void","1","bot:/botfiles/easyds4.jkb","Chiss","0","9240","123","1","regen","10","1","2","3","256","1","1","157",""
"5673","46","user:void","void","1","bot:/botfiles/easyds4.jkb","Chiss","0","9273","124","1","regen","10","1","2","3","256","1","1","157",""
"5674","46","user:void","void","1","bot:/botfiles/easyds4.jkb","Chiss","0","9306","125","1","regen","10","1","2","3","256","1","1","157",""
"5675","46","user:void","void","1","bot:/botfiles/easyds4.jkb","Chiss","0","9339","126","1","regen","10","1","2","3","256","1","1","157",""
"5676","46","user:void","void","1","bot:/botfiles/easyds4.jkb","Chiss","0","9372","127","1","regen","10","1","2","3","256","1","1","157",""
"5677","46","user:void","void","1","bot:/botfiles/easyds4.jkb","Chiss","0","9372","128","1","air","10","0","2","3","256","1","1","157","landed"
"5678","47","user:void","void","1","bot:/botfiles/easyds2.jkb","Snowtrooper","0","33","1","0","air","10","0","0","3","256","0","0","26","landed"
"5679","47","user:void","void","1","bot:/botfiles/easyds2.jkb","ImperialWorker","0","2673","2","0","air","10","1","0","3","256","1","1","172","airborne"
"5680","47","user:void","void","1","bot:/botfiles/easyds2.jkb","ImperialWorker","0","3630","3","1","air","10","0","0","3","256","1","1","19","landed"
"5681","47","user:void","void","1","bot:/botfiles/easyds2.jkb","ImperialWorker","0","4158","4","1","air","10","1","0","3","256","1","1","25","airborne"
"5682","47","user:void","void","1","bot:/botfiles/easyds2.jkb","ImperialWorker","0","4257","5","1","air","10","0","0","3","256","1","1","24","landed"
"5683","47","user:void","void","1","bot:/botfiles/easyds2.jkb","ImperialWorker","0","4752","6","1","damage","10","1","0","3","256","1","1","35",""
"5684","47","user:void","void","1","bot:/botfiles/easyds2.jkb","ImperialWorker","0","4785","7","1","damage","10","1","0","3","256","1","1","37",""
"5685","47","user:void","void","1","bot:/botfiles/easyds2.jkb","ImperialWorker","0","4851","8","1","damage","10","2","0","3","256","1","1","51",""
"5686","47","user:void","void","1","bot:/botfiles/easyds2.jkb","ImperialWorker","0","4884","9","1","air","10","1","0","3","256","1","1","54","airborne"
"5687","47","user:void","void","1","bot:/botfiles/easyds2.jkb","Snowtrooper","0","6171","10","1","air","10","0","0","3","256","1","1","-139","landed"
"5688","47","user:void","void","1","bot:/botfiles/easyds2.jkb","Snowtrooper","0","6831","11","1","range","10","2","0","2","256","1","1","-138",""
"5689","47","user:void","void","1","bot:/botfiles/easyds2.jkb","Snowtrooper","0","6963","12","1","air","10","1","0","2","256","1","1","-144","airborne"
"5690","47","user:void","void","1","bot:/botfiles/easyds2.jkb","Snowtrooper","0","7722","13","1","range","10","1","0","1","256","1","1","-170",""
"5691","47","user:void","void","1","bot:/botfiles/easyds2.jkb","Snowtrooper","0","7953","14","1","air","10","0","0","1","256","1","1","-165","landed"
"5692","47","user:void","void","1","bot:/botfiles/easyds2.jkb","Snowtrooper","0","8019","15","1","range","10","2","0","2","256","1","1","-165",""
"5693","47","user:void","void","1","bot:/botfiles/easyds2.jkb","Snowtrooper","0","9108","16","1","force","9","31","0","2","320","1","1","140",""
"5694","47","user:void","void","1","bot:/botfiles/easyds2.jkb","Snowtrooper","0","9108","17","2","saber_return_punish","10","2","0","2","320","1","1","140","return"
"5695","47","user:void","void","1","bot:/botfiles/easyds2.jkb","Snowtrooper","0","9108","18","2","air","10","1","0","2","320","1","1","140","airborne"
"5696","47","user:void","void","1","bot:/botfiles/easyds2.jkb","Snowtrooper","0","9141","19","2","range","10","1","0","1","320","1","1","138",""
"5697","47","user:void","void","1","bot:/botfiles/easyds2.jkb","Snowtrooper","0","9240","20","2","force","9","1","0","1","320","1","1","142",""
"5698","47","user:void","void","1","bot:/botfiles/easyds2.jkb","Snowtrooper","0","9372","21","2","force","9","1","0","1","320","1","1","161",""
"5699","47","user:void","void","1","bot:/botfiles/easyds2.jkb","Snowtrooper","0","9504","22","2","force","9","1","0","1","320","1","1","-97",""
"5700","47","user:void","void","1","bot:/botfiles/easyds2.jkb","Snowtrooper","0","9603","23","2","air","10","0","0","1","320","1","1","-77","landed"
"5701","47","user:void","void","1","bot:/botfiles/easyds2.jkb","Snowtrooper","0","9636","24","2","force","9","1","0","1","320","1","1","-71",""
"5702","47","user:void","void","1","bot:/botfiles/easyds2.jkb","Snowtrooper","0","9768","25","2","force","9","1","0","1","320","1","1","-49",""
"5703","47","user:void","void","1","bot:/botfiles/easyds2.jkb","Snowtrooper","0","9900","26","2","force","9","1","0","1","320","1","1","-29",""
"5704","47","user:void","void","1","bot:/botfiles/easyds2.jkb","Snowtrooper","0","10032","27","2","force","9","1","0","1","320","1","1","-46",""
"5705","47","user:void","void","1","bot:/botfiles/easyds2.jkb","Snowtrooper","0","10164","28","2","force","9","1","0","1","320","1","1","-82",""
"5706","47","user:void","void","1","bot:/botfiles/easyds2.jkb","Snowtrooper","0","10296","29","2","force","9","1","2","1","320","1","1","-111",""
"5707","47","user:void","void","1","bot:/botfiles/easyds2.jkb","Snowtrooper","0","10395","30","2","force","9","6","2","1","320","1","1","-140",""
"5708","47","user:void","void","1","bot:/botfiles/easyds2.jkb","Snowtrooper","0","10395","31","2","air","10","1","2","1","320","1","1","-140","airborne"
"5709","47","user:void","void","1","bot:/botfiles/easyds2.jkb","Snowtrooper","0","10428","32","2","force","9","1","2","1","320","1","1","-150",""
"5710","47","user:void","void","1","bot:/botfiles/easyds2.jkb","Snowtrooper","0","10560","33","2","force","9","1","2","1","320","1","1","-80",""
"5711","47","user:void","void","1","bot:/botfiles/easyds2.jkb","Snowtrooper","0","10626","34","2","range","10","2","2","2","320","1","1","-55",""
"5712","47","user:void","void","1","bot:/botfiles/easyds2.jkb","Snowtrooper","0","10692","35","2","force","9","1","2","2","320","1","1","-48",""
"5713","47","user:void","void","1","bot:/botfiles/easyds2.jkb","Snowtrooper","0","10824","36","2","force","9","1","2","2","320","1","1","-59",""
"5714","47","user:void","void","1","bot:/botfiles/easyds2.jkb","Snowtrooper","0","10890","37","2","range","10","1","2","1","320","1","1","-76",""
"5715","47","user:void","void","1","bot:/botfiles/easyds2.jkb","Snowtrooper","0","10956","38","2","force","9","1","2","1","320","1","1","-111",""
"5716","47","user:void","void","1","bot:/botfiles/easyds2.jkb","Snowtrooper","0","11088","39","2","force","9","1","2","1","320","1","1","-145",""
"5717","47","user:void","void","1","bot:/botfiles/easyds2.jkb","Snowtrooper","0","11220","40","2","force","9","1","2","1","320","1","1","170",""
"5718","47","user:void","void","1","bot:/botfiles/easyds2.jkb","Snowtrooper","0","11319","41","2","range","10","2","2","2","320","1","1","143",""
"5719","47","user:void","void","1","bot:/botfiles/easyds2.jkb","Snowtrooper","0","11352","42","2","force","9","1","2","2","320","1","1","134",""
"5720","47","user:void","void","1","bot:/botfiles/easyds2.jkb","Snowtrooper","0","11484","43","2","force","9","1","2","2","320","1","1","129",""
"5721","47","user:void","void","1","bot:/botfiles/easyds2.jkb","Snowtrooper","0","11616","44","2","force","9","1","2","2","320","1","1","129",""
"5722","47","user:void","void","1","bot:/botfiles/easyds2.jkb","Snowtrooper","0","11616","45","2","air","10","0","2","2","320","1","1","129","landed"
"5723","47","user:void","void","1","bot:/botfiles/easyds2.jkb","Snowtrooper","0","11748","46","2","force","9","1","2","1","320","1","1","137",""
"5724","47","user:void","void","1","bot:/botfiles/easyds2.jkb","Snowtrooper","0","11748","47","2","range","10","1","2","1","320","1","1","137",""
"5725","47","user:void","void","1","bot:/botfiles/easyds2.jkb","Snowtrooper","0","11880","48","2","force","9","7","2","1","320","1","1","153",""
"5726","47","user:void","void","1","bot:/botfiles/easyds2.jkb","Snowtrooper","0","11880","49","2","air","10","1","2","1","320","1","1","153","airborne"
"5727","47","user:void","void","1","bot:/botfiles/easyds2.jkb","Snowtrooper","0","12012","50","2","force","9","1","2","1","320","1","1","155",""
"5728","47","user:void","void","1","bot:/botfiles/easyds2.jkb","Snowtrooper","0","12045","51","2","range","10","2","2","2","320","1","1","147",""
"5729","47","user:void","void","1","bot:/botfiles/easyds2.jkb","Snowtrooper","0","12144","52","2","force","9","1","4","2","320","1","1","129",""
"5730","47","user:void","void","1","bot:/botfiles/easyds2.jkb","Snowtrooper","0","12276","53","2","force","9","1","4","2","320","1","1","124",""
"5731","47","user:void","void","1","bot:/botfiles/easyds2.jkb","Snowtrooper","0","12408","54","2","force","9","1","4","2","320","1","1","125",""
"5732","47","user:void","void","1","bot:/botfiles/easyds2.jkb","Snowtrooper","0","12540","55","2","force","9","1","4","2","320","1","1","136",""
"5733","47","user:void","void","1","bot:/botfiles/easyds2.jkb","Snowtrooper","0","12672","56","2","force","9","1","4","2","320","1","1","-145",""
"5734","47","user:void","void","1","bot:/botfiles/easyds2.jkb","Snowtrooper","0","12771","57","2","range","10","1","4","1","320","1","1","-140",""
"5735","47","user:void","void","1","bot:/botfiles/easyds2.jkb","Snowtrooper","0","12804","58","2","force","9","1","4","1","320","1","1","-138",""
"5736","47","user:void","void","1","bot:/botfiles/easyds2.jkb","Snowtrooper","0","12936","59","2","force","9","1","4","1","320","1","1","-136",""
"5737","47","user:void","void","1","bot:/botfiles/easyds2.jkb","Snowtrooper","0","12969","60","2","air","10","0","4","1","320","1","1","-136","landed"
"5738","47","user:void","void","1","bot:/botfiles/easyds2.jkb","Snowtrooper","0","13002","61","2","range","10","2","4","2","320","1","1","-139",""
"5739","47","user:void","void","1","bot:/botfiles/easyds2.jkb","Snowtrooper","0","13068","62","2","force","9","1","4","2","320","1","1","-142",""
"5740","47","user:void","void","1","bot:/botfiles/easyds2.jkb","Snowtrooper","0","13134","63","2","regen","10","1","4","1","320","1","1","-147",""
"5741","47","user:void","void","1","bot:/botfiles/easyds2.jkb","Snowtrooper","0","13134","64","2","range","10","1","4","1","320","1","1","-147",""
"5742","47","user:void","void","1","bot:/botfiles/easyds2.jkb","Snowtrooper","0","13167","65","2","regen","10","1","4","1","320","1","1","-149",""
"5743","47","user:void","void","1","bot:/botfiles/easyds2.jkb","Snowtrooper","0","13167","66","2","air","10","1","4","1","320","1","1","-149","airborne"
"5744","47","user:void","void","1","bot:/botfiles/easyds2.jkb","Snowtrooper","0","13200","67","2","regen","10","1","4","1","320","1","1","-152",""
"5745","47","user:void","void","1","bot:/botfiles/easyds2.jkb","Snowtrooper","0","13233","68","2","regen","10","1","4","1","320","1","1","-153",""
"5746","47","user:void","void","1","bot:/botfiles/easyds2.jkb","Snowtrooper","0","13266","69","2","regen","10","1","4","1","320","1","1","-156",""
"5747","47","user:void","void","1","bot:/botfiles/easyds2.jkb","Snowtrooper","0","13299","70","2","regen","10","1","4","1","320","1","1","-158",""
"5748","47","user:void","void","1","bot:/botfiles/easyds2.jkb","Snowtrooper","0","13332","71","2","regen","10","1","4","1","320","1","1","-158",""
"5749","47","user:void","void","1","bot:/botfiles/easyds2.jkb","Snowtrooper","0","13365","72","2","regen","10","1","4","1","320","1","1","-160",""
"5750","47","user:void","void","1","bot:/botfiles/easyds2.jkb","Snowtrooper","0","13398","73","2","regen","10","1","4","1","320","1","1","-161",""
"5751","47","user:void","void","1","bot:/botfiles/easyds2.jkb","Snowtrooper","0","13431","74","2","regen","10","1","4","1","320","1","1","-163",""
"5752","47","user:void","void","1","bot:/botfiles/easyds2.jkb","Snowtrooper","0","13464","75","2","regen","10","1","4","1","320","1","1","-166",""
"5753","47","user:void","void","1","bot:/botfiles/easyds2.jkb","Snowtrooper","0","13497","76","2","regen","10","1","4","1","320","1","1","-168",""
"5754","47","user:void","void","1","bot:/botfiles/easyds2.jkb","Snowtrooper","0","13530","77","2","regen","10","1","4","1","320","1","1","-171",""
"5755","47","user:void","void","1","bot:/botfiles/easyds2.jkb","Snowtrooper","0","13563","78","2","regen","10","1","4","1","320","1","1","-176",""
"5756","47","user:void","void","1","bot:/botfiles/easyds2.jkb","Snowtrooper","0","13596","79","2","regen","10","1","4","1","320","1","1","-179",""
"5757","47","user:void","void","1","bot:/botfiles/easyds2.jkb","Snowtrooper","0","13629","80","2","regen","10","1","4","1","320","1","1","179",""
"5758","47","user:void","void","1","bot:/botfiles/easyds2.jkb","Snowtrooper","0","13662","81","2","regen","10","1","4","1","320","1","1","-179",""
"5759","47","user:void","void","1","bot:/botfiles/easyds2.jkb","Snowtrooper","0","13695","82","2","regen","10","1","4","1","320","1","1","-174",""
"5760","47","user:void","void","1","bot:/botfiles/easyds2.jkb","Snowtrooper","0","13728","83","2","regen","10","1","4","1","320","1","1","-174",""
"5761","47","user:void","void","1","bot:/botfiles/easyds2.jkb","Snowtrooper","0","13761","84","2","regen","10","1","4","1","320","1","1","-175",""
"5762","47","user:void","void","1","bot:/botfiles/easyds2.jkb","Snowtrooper","0","13794","85","2","regen","10","1","4","1","320","1","1","-176",""
"5763","47","user:void","void","1","bot:/botfiles/easyds2.jkb","Snowtrooper","0","13827","86","2","regen","10","1","4","1","320","1","1","-177",""
"5764","47","user:void","void","1","bot:/botfiles/easyds2.jkb","Snowtrooper","0","13860","87","2","regen","10","1","4","1","320","1","1","-177",""
"5765","47","user:void","void","1","bot:/botfiles/easyds2.jkb","Snowtrooper","0","13893","88","2","regen","10","1","4","1","320","1","1","-178",""
"5766","47","user:void","void","1","bot:/botfiles/easyds2.jkb","Snowtrooper","0","13926","89","2","regen","10","1","4","1","320","1","1","179",""
"5767","47","user:void","void","1","bot:/botfiles/easyds2.jkb","Snowtrooper","0","13959","90","2","regen","10","1","4","1","320","1","1","177",""
"5768","47","user:void","void","1","bot:/botfiles/easyds2.jkb","Snowtrooper","0","13992","91","2","regen","10","1","4","1","320","1","1","176",""
"5769","47","user:void","void","1","bot:/botfiles/easyds2.jkb","Snowtrooper","0","14025","92","2","regen","10","1","4","1","320","1","1","174",""
"5770","47","user:void","void","1","bot:/botfiles/easyds2.jkb","Snowtrooper","0","14058","93","2","regen","10","1","4","1","320","1","1","173",""
"5771","47","user:void","void","1","bot:/botfiles/easyds2.jkb","Snowtrooper","0","14091","94","2","regen","10","1","4","1","320","1","1","171",""
"5772","47","user:void","void","1","bot:/botfiles/easyds2.jkb","Snowtrooper","0","14124","95","2","regen","10","1","4","1","320","1","1","170",""
"5773","47","user:void","void","1","bot:/botfiles/easyds2.jkb","Snowtrooper","0","14157","96","2","regen","10","1","4","1","320","1","1","172",""
"5774","47","user:void","void","1","bot:/botfiles/easyds2.jkb","Snowtrooper","0","14157","97","2","air","10","0","4","1","320","1","1","172","landed"
"5775","47","user:void","void","1","bot:/botfiles/easyds2.jkb","Snowtrooper","0","14190","98","2","regen","10","1","4","1","320","1","1","176",""
"5776","47","user:void","void","1","bot:/botfiles/easyds2.jkb","Snowtrooper","0","14223","99","2","regen","10","1","4","1","320","1","1","-169",""
"5777","47","user:void","void","1","bot:/botfiles/easyds2.jkb","Snowtrooper","0","14256","100","2","regen","10","1","4","1","320","1","1","-157",""
"5778","47","user:void","void","1","bot:/botfiles/easyds2.jkb","Snowtrooper","0","14289","101","2","regen","10","1","4","1","256","1","1","-156",""
"5779","47","user:void","void","1","bot:/botfiles/easyds2.jkb","Snowtrooper","0","14322","102","2","regen","10","1","4","1","256","1","1","-150",""
"5780","47","user:void","void","1","bot:/botfiles/easyds2.jkb","Snowtrooper","0","14355","103","2","regen","10","1","4","1","256","1","1","-154",""
"5781","47","user:void","void","1","bot:/botfiles/easyds2.jkb","Snowtrooper","0","14355","104","2","air","10","1","4","1","256","1","1","-154","airborne"
"5782","47","user:void","void","1","bot:/botfiles/easyds2.jkb","Snowtrooper","0","14388","105","2","regen","10","1","4","1","256","1","1","-158",""
"5783","47","user:void","void","1","bot:/botfiles/easyds2.jkb","Snowtrooper","0","14421","106","2","regen","10","1","4","1","256","1","1","-162",""
"5784","47","user:void","void","1","bot:/botfiles/easyds2.jkb","Snowtrooper","0","14454","107","2","regen","10","1","4","1","256","1","1","-168",""
"5785","47","user:void","void","1","bot:/botfiles/easyds2.jkb","Snowtrooper","0","14487","108","2","regen","10","1","4","1","256","1","1","-155",""
"5786","47","user:void","void","1","bot:/botfiles/easyds2.jkb","Snowtrooper","0","14520","109","2","regen","10","1","4","1","256","1","1","-158",""
"5787","47","user:void","void","1","bot:/botfiles/easyds2.jkb","Snowtrooper","0","14553","110","2","regen","10","1","4","1","256","1","1","-137",""
"5788","47","user:void","void","1","bot:/botfiles/easyds2.jkb","Snowtrooper","0","14586","111","2","regen","10","1","4","1","256","1","1","-132",""
"5789","47","user:void","void","1","bot:/botfiles/easyds2.jkb","Snowtrooper","0","14619","112","2","regen","10","1","4","1","256","1","1","-134",""
"5790","47","user:void","void","1","bot:/botfiles/easyds2.jkb","Snowtrooper","0","14652","113","2","regen","10","1","4","2","256","1","1","-138",""
"5791","47","user:void","void","1","bot:/botfiles/easyds2.jkb","Snowtrooper","0","14652","114","2","range","10","2","4","2","256","1","1","-138",""
"5792","47","user:void","void","1","bot:/botfiles/easyds2.jkb","Snowtrooper","0","14685","115","2","regen","10","1","4","2","256","1","1","-144",""
"5793","47","user:void","void","1","bot:/botfiles/easyds2.jkb","Snowtrooper","0","14718","116","2","regen","10","1","4","2","256","1","1","-153",""
"5794","47","user:void","void","1","bot:/botfiles/easyds2.jkb","Snowtrooper","0","14751","117","2","regen","10","1","4","2","256","1","1","-161",""
"5795","47","user:void","void","1","bot:/botfiles/easyds2.jkb","Snowtrooper","0","14784","118","2","regen","10","1","4","2","256","1","1","-170",""
"5796","47","user:void","void","1","bot:/botfiles/easyds2.jkb","Snowtrooper","0","14784","119","2","air","10","0","4","2","256","1","1","-170","landed"
"5797","47","user:void","void","1","bot:/botfiles/easyds2.jkb","Snowtrooper","0","14817","120","2","regen","10","1","4","2","256","1","1","-175",""
"5798","47","user:void","void","1","bot:/botfiles/easyds2.jkb","Snowtrooper","0","14850","121","3","attack_start","10","128","4","2","384","1","1","-174","alt"
"5799","47","user:void","void","1","bot:/botfiles/easyds2.jkb","Snowtrooper","0","14850","122","3","force","9","20","4","2","384","1","1","-174",""
"5800","47","user:void","void","1","bot:/botfiles/easyds2.jkb","Snowtrooper","0","15081","123","3","force","9","20","4","1","384","1","1","158",""
"5801","47","user:void","void","1","bot:/botfiles/easyds2.jkb","Snowtrooper","0","15081","124","3","range","10","1","4","1","384","1","1","158",""
"5802","47","user:void","void","1","bot:/botfiles/easyds2.jkb","Snowtrooper","0","15147","125","3","punish_success","10","30","4","1","384","1","1","153","punish"
"5803","47","user:void","void","1","bot:/botfiles/easyds2.jkb","Snowtrooper","0","15213","126","3","air","10","1","4","1","384","1","1","149","airborne"
"5804","47","user:void","void","1","bot:/botfiles/easyds2.jkb","ImperialWorker","0","15246","127","3","force","9","6","2","3","384","1","0","60",""
"5805","47","user:void","void","1","bot:/botfiles/easyds2.jkb","ImperialWorker","0","15246","128","3","range","10","3","2","3","384","1","0","60",""
"5806","48","user:void","void","1","bot:/botfiles/hardds4.jkb","MorganKatarn","0","33","1","0","air","10","0","0","2","256","0","0","-10","landed"
"5807","48","user:void","void","1","bot:/botfiles/hardds4.jkb","MorganKatarn","0","1188","2","0","range","10","1","0","1","320","1","1","-168",""
"5808","48","user:void","void","1","bot:/botfiles/hardds4.jkb","MorganKatarn","0","1221","3","0","force","9","31","2","1","320","1","1","-178",""
"5809","48","user:void","void","1","bot:/botfiles/hardds4.jkb","MorganKatarn","0","1353","4","0","force","9","1","2","1","320","1","1","140",""
"5810","48","user:void","void","1","bot:/botfiles/hardds4.jkb","MorganKatarn","0","1485","5","0","force","9","1","2","1","320","1","1","130",""
"5811","48","user:void","void","1","bot:/botfiles/hardds4.jkb","MorganKatarn","0","1617","6","0","force","9","1","2","1","320","1","1","126",""
"5812","48","user:void","void","1","bot:/botfiles/hardds4.jkb","MorganKatarn","0","1749","7","0","force","9","1","2","1","320","1","1","142",""
"5813","48","user:void","void","1","bot:/botfiles/hardds4.jkb","MorganKatarn","0","1881","8","0","regen","10","1","0","1","320","1","1","165",""
"5814","48","user:void","void","1","bot:/botfiles/hardds4.jkb","MorganKatarn","0","1881","9","0","air","10","1","0","1","320","1","1","165","airborne"
"5815","48","user:void","void","1","bot:/botfiles/hardds4.jkb","MorganKatarn","0","1914","10","0","regen","10","1","0","1","320","1","1","169",""
"5816","48","user:void","void","1","bot:/botfiles/hardds4.jkb","MorganKatarn","0","1947","11","0","regen","10","1","0","1","320","1","1","172",""
"5817","48","user:void","void","1","bot:/botfiles/hardds4.jkb","MorganKatarn","0","1980","12","0","regen","10","1","0","1","320","1","1","174",""
"5818","48","user:void","void","1","bot:/botfiles/hardds4.jkb","MorganKatarn","0","2013","13","0","regen","10","1","2","1","320","0","1","173",""
"5819","48","user:void","void","1","bot:/botfiles/hardds4.jkb","MorganKatarn","0","2013","14","0","damage","10","20","2","1","320","0","1","173",""
"5820","48","user:void","void","1","bot:/botfiles/hardds4.jkb","MorganKatarn","0","2013","15","0","knockdown","10","1","2","1","320","0","1","173","knockdown"
"5821","48","user:void","void","1","bot:/botfiles/hardds4.jkb","MorganKatarn","0","2046","16","0","regen","10","1","2","1","320","0","1","179",""
"5822","48","user:void","void","1","bot:/botfiles/hardds4.jkb","MorganKatarn","0","2079","17","0","regen","10","1","2","1","320","0","1","-175",""
"5823","48","user:void","void","1","bot:/botfiles/hardds4.jkb","MorganKatarn","0","2112","18","0","regen","10","1","2","1","320","0","1","-171",""
"5824","48","user:void","void","1","bot:/botfiles/hardds4.jkb","MorganKatarn","0","2145","19","0","regen","10","1","2","1","320","0","1","-159",""
"5825","48","user:void","void","1","bot:/botfiles/hardds4.jkb","MorganKatarn","0","2178","20","0","regen","10","1","2","1","320","0","1","-143",""
"5826","48","user:void","void","1","bot:/botfiles/hardds4.jkb","MorganKatarn","0","2211","21","0","regen","10","1","2","2","320","0","1","-71",""
"5827","48","user:void","void","1","bot:/botfiles/hardds4.jkb","MorganKatarn","0","2211","22","0","range","10","2","2","2","320","0","1","-71",""
"5828","48","user:void","void","1","bot:/botfiles/hardds4.jkb","MorganKatarn","0","2244","23","0","regen","10","1","2","2","320","0","1","-29",""
"5829","48","user:void","void","1","bot:/botfiles/hardds4.jkb","MorganKatarn","0","2277","24","0","regen","10","1","2","2","320","0","1","-19",""
"5830","48","user:void","void","1","bot:/botfiles/hardds4.jkb","MorganKatarn","0","2310","25","0","regen","10","1","2","2","320","0","1","-14",""
"5831","48","user:void","void","1","bot:/botfiles/hardds4.jkb","MorganKatarn","0","2343","26","0","regen","10","1","2","2","320","0","1","-13",""
"5832","48","user:void","void","1","bot:/botfiles/hardds4.jkb","MorganKatarn","0","2376","27","0","regen","10","1","2","2","320","0","1","-10",""
"5833","48","user:void","void","1","bot:/botfiles/hardds4.jkb","MorganKatarn","0","2409","28","0","regen","10","1","2","2","320","0","1","-13",""
"5834","48","user:void","void","1","bot:/botfiles/hardds4.jkb","MorganKatarn","0","2442","29","0","regen","10","1","2","2","320","0","1","-11",""
"5835","48","user:void","void","1","bot:/botfiles/hardds4.jkb","MorganKatarn","0","2475","30","0","regen","10","1","2","2","320","0","1","-8",""
"5836","48","user:void","void","1","bot:/botfiles/hardds4.jkb","MorganKatarn","0","2508","31","0","regen","10","1","2","2","256","0","1","10",""
"5837","48","user:void","void","1","bot:/botfiles/hardds4.jkb","MorganKatarn","0","2541","32","0","regen","10","1","2","2","256","0","1","21",""
"5838","48","user:void","void","1","bot:/botfiles/hardds4.jkb","MorganKatarn","0","2574","33","0","regen","10","1","2","2","0","0","1","35",""
"5839","48","user:void","void","1","bot:/botfiles/hardds4.jkb","MorganKatarn","0","2607","34","0","regen","10","1","2","2","0","0","1","50",""
"5840","48","user:void","void","1","bot:/botfiles/hardds4.jkb","MorganKatarn","0","2607","35","0","air","10","0","2","2","0","0","1","50","landed"
"5841","48","user:void","void","1","bot:/botfiles/hardds4.jkb","MorganKatarn","0","2640","36","0","regen","10","1","2","2","0","0","1","79",""
"5842","48","user:void","void","1","bot:/botfiles/hardds4.jkb","MorganKatarn","0","2673","37","0","regen","10","1","2","2","0","0","1","87",""
"5843","48","user:void","void","1","bot:/botfiles/hardds4.jkb","MorganKatarn","0","2706","38","0","regen","10","1","2","2","0","0","1","94",""
"5844","48","user:void","void","1","bot:/botfiles/hardds4.jkb","MorganKatarn","0","2739","39","0","regen","10","1","2","2","0","0","1","111",""
"5845","48","user:void","void","1","bot:/botfiles/hardds4.jkb","MorganKatarn","0","2772","40","0","regen","10","1","2","2","2304","0","1","123",""
"5846","48","user:void","void","1","bot:/botfiles/hardds4.jkb","MorganKatarn","0","2805","41","0","regen","10","1","2","2","2304","0","1","127",""
"5847","48","user:void","void","1","bot:/botfiles/hardds4.jkb","MorganKatarn","0","2838","42","0","regen","10","1","2","2","2304","0","1","132",""
"5848","48","user:void","void","1","bot:/botfiles/hardds4.jkb","MorganKatarn","0","2871","43","0","regen","10","1","2","2","2304","0","1","135",""
"5849","48","user:void","void","1","bot:/botfiles/hardds4.jkb","MorganKatarn","0","2904","44","0","regen","10","1","2","2","2304","0","1","137",""
"5850","48","user:void","void","1","bot:/botfiles/hardds4.jkb","MorganKatarn","0","2937","45","0","regen","10","1","2","2","2304","0","1","141",""
"5851","48","user:void","void","1","bot:/botfiles/hardds4.jkb","MorganKatarn","0","2970","46","0","regen","10","1","2","2","2304","0","1","146",""
"5852","48","user:void","void","1","bot:/botfiles/hardds4.jkb","MorganKatarn","0","3003","47","0","regen","10","1","2","2","2304","0","1","148",""
"5853","48","user:void","void","1","bot:/botfiles/hardds4.jkb","MorganKatarn","0","3069","48","0","air","10","1","2","2","2304","0","1","150","airborne"
"5854","48","user:void","void","1","bot:/botfiles/hardds4.jkb","MorganKatarn","0","3102","49","0","force","9","5","0","2","2304","0","1","150",""
"5855","48","user:void","void","1","bot:/botfiles/hardds4.jkb","MorganKatarn","0","3135","50","0","force","9","5","0","2","2304","0","1","148",""
"5856","48","user:void","void","1","bot:/botfiles/hardds4.jkb","MorganKatarn","0","3201","51","0","force","9","5","0","2","2304","0","1","142",""
"5857","48","user:void","void","1","bot:/botfiles/hardds4.jkb","MorganKatarn","0","3234","52","0","force","9","5","0","2","2304","0","1","140",""
"5858","48","user:void","void","1","bot:/botfiles/hardds4.jkb","MorganKatarn","0","3300","53","0","force","9","5","0","2","2304","0","1","132",""
"5859","48","user:void","void","1","bot:/botfiles/hardds4.jkb","MorganKatarn","0","3333","54","0","force","9","5","2","2","2304","0","1","115",""
"5860","48","user:void","void","1","bot:/botfiles/hardds4.jkb","MorganKatarn","0","3333","55","0","damage","10","30","2","2","2304","0","1","115","saberthrow"
"5861","48","user:void","void","1","bot:/botfiles/hardds4.jkb","MorganKatarn","0","3366","56","0","range","10","1","2","1","2304","0","1","82",""
"5862","48","user:void","void","1","bot:/botfiles/hardds4.jkb","MorganKatarn","0","3366","57","0","air","10","0","2","1","2304","0","1","82","landed"
"5863","48","user:void","void","1","bot:/botfiles/hardds4.jkb","MorganKatarn","0","3399","58","0","force","9","5","2","1","2304","0","1","74",""
"5864","48","user:void","void","1","bot:/botfiles/hardds4.jkb","MorganKatarn","0","3432","59","0","force","9","5","2","1","2304","0","1","70",""
"5865","48","user:void","void","1","bot:/botfiles/hardds4.jkb","MorganKatarn","0","3498","60","0","force","9","5","2","1","2304","0","1","70",""
"5866","48","user:void","void","1","bot:/botfiles/hardds4.jkb","MorganKatarn","0","3828","61","0","damage","10","20","2","1","256","0","1","98",""
"5867","48","user:void","void","1","bot:/botfiles/hardds4.jkb","MorganKatarn","0","3828","62","0","air","10","1","2","1","256","0","1","98","airborne"
"5868","48","user:void","void","1","bot:/botfiles/hardds4.jkb","MorganKatarn","0","3993","63","0","range","10","2","2","2","256","0","1","119",""
"5869","48","user:void","void","1","bot:/botfiles/hardds4.jkb","MorganKatarn","0","4026","64","0","regen","10","1","2","2","256","0","1","121",""
"5870","48","user:void","void","1","bot:/botfiles/hardds4.jkb","MorganKatarn","0","4059","65","0","regen","10","1","2","2","256","0","1","122",""
"5871","48","user:void","void","1","bot:/botfiles/hardds4.jkb","MorganKatarn","0","4092","66","0","regen","10","1","2","2","256","0","1","123",""
"5872","48","user:void","void","1","bot:/botfiles/hardds4.jkb","MorganKatarn","0","4125","67","0","regen","10","1","2","2","256","0","1","124",""
"5873","48","user:void","void","1","bot:/botfiles/hardds4.jkb","MorganKatarn","0","4158","68","0","regen","10","1","2","2","256","0","1","124",""
"5874","48","user:void","void","1","bot:/botfiles/hardds4.jkb","MorganKatarn","0","4191","69","0","regen","10","1","2","2","256","0","1","124",""
"5875","48","user:void","void","1","bot:/botfiles/hardds4.jkb","MorganKatarn","0","4224","70","0","regen","10","1","2","2","256","0","1","123",""
"5876","48","user:void","void","1","bot:/botfiles/hardds4.jkb","MorganKatarn","0","4257","71","0","regen","10","1","2","2","256","0","1","122",""
"5877","48","user:void","void","1","bot:/botfiles/hardds4.jkb","MorganKatarn","0","4290","72","0","regen","10","1","2","2","256","0","1","120",""
"5878","48","user:void","void","1","bot:/botfiles/hardds4.jkb","MorganKatarn","0","4290","73","0","air","10","0","2","2","256","0","1","120","landed"
"5879","48","user:void","void","1","bot:/botfiles/hardds4.jkb","MorganKatarn","0","4323","74","0","regen","10","1","2","2","256","0","1","119",""
"5880","48","user:void","void","1","bot:/botfiles/hardds4.jkb","MorganKatarn","0","4356","75","0","regen","10","1","2","2","256","0","1","118",""
"5881","48","user:void","void","1","bot:/botfiles/hardds4.jkb","MorganKatarn","0","4389","76","0","regen","10","1","2","2","0","0","1","116",""
"5882","48","user:void","void","1","bot:/botfiles/hardds4.jkb","MorganKatarn","0","4422","77","0","regen","10","1","2","2","0","0","1","117",""
"5883","48","user:void","void","1","bot:/botfiles/hardds4.jkb","MorganKatarn","0","4455","78","0","regen","10","1","2","2","0","0","1","117",""
"5884","48","user:void","void","1","bot:/botfiles/hardds4.jkb","MorganKatarn","0","4488","79","0","regen","10","1","2","2","0","0","1","119",""
"5885","48","user:void","void","1","bot:/botfiles/hardds4.jkb","MorganKatarn","0","4521","80","0","regen","10","1","2","2","0","0","1","119",""
"5886","48","user:void","void","1","bot:/botfiles/hardds4.jkb","MorganKatarn","0","4554","81","0","regen","10","1","2","2","256","0","1","118",""
"5887","48","user:void","void","1","bot:/botfiles/hardds4.jkb","MorganKatarn","0","4587","82","0","regen","10","1","2","2","256","0","1","117",""
"5888","48","user:void","void","1","bot:/botfiles/hardds4.jkb","MorganKatarn","0","4620","83","0","regen","10","1","2","2","256","0","1","114",""
"5889","48","user:void","void","1","bot:/botfiles/hardds4.jkb","MorganKatarn","0","4653","84","0","regen","10","1","2","2","256","0","1","114",""
"5890","48","user:void","void","1","bot:/botfiles/hardds4.jkb","MorganKatarn","0","4686","85","0","regen","10","1","2","2","256","0","1","114",""
"5891","48","user:void","void","1","bot:/botfiles/hardds4.jkb","MorganKatarn","0","4719","86","0","regen","10","1","2","2","256","0","1","115",""
"5892","48","user:void","void","1","bot:/botfiles/hardds4.jkb","MorganKatarn","0","4752","87","0","regen","10","1","2","2","256","0","1","115",""
"5893","48","user:void","void","1","bot:/botfiles/hardds4.jkb","MorganKatarn","0","4785","88","0","regen","10","1","2","2","256","0","1","115",""
"5894","48","user:void","void","1","bot:/botfiles/hardds4.jkb","MorganKatarn","0","4818","89","0","regen","10","1","2","2","256","0","1","115",""
"5895","48","user:void","void","1","bot:/botfiles/hardds4.jkb","MorganKatarn","0","4851","90","0","regen","10","1","4","2","256","0","1","110",""
"5896","48","user:void","void","1","bot:/botfiles/hardds4.jkb","MorganKatarn","0","4851","91","0","air","10","1","4","2","256","0","1","110","airborne"
"5897","48","user:void","void","1","bot:/botfiles/hardds4.jkb","MorganKatarn","0","4884","92","0","regen","10","1","4","2","256","0","1","106",""
"5898","48","user:void","void","1","bot:/botfiles/hardds4.jkb","MorganKatarn","0","4917","93","0","regen","10","1","4","2","256","0","1","104",""
"5899","48","user:void","void","1","bot:/botfiles/hardds4.jkb","MorganKatarn","0","4950","94","0","regen","10","1","4","2","256","0","1","102",""
"5900","48","user:void","void","1","bot:/botfiles/hardds4.jkb","MorganKatarn","0","4983","95","0","regen","10","1","4","2","256","0","1","102",""
"5901","48","user:void","void","1","bot:/botfiles/hardds4.jkb","MorganKatarn","0","5016","96","0","regen","10","1","4","2","256","0","1","103",""
"5902","48","user:void","void","1","bot:/botfiles/hardds4.jkb","MorganKatarn","0","5016","97","0","damage","10","30","4","2","256","0","1","103","saberthrow"
"5903","48","user:void","void","1","bot:/botfiles/hardds4.jkb","MorganKatarn","0","5049","98","0","regen","10","1","4","1","0","0","1","105",""
"5904","48","user:void","void","1","bot:/botfiles/hardds4.jkb","MorganKatarn","0","5049","99","0","range","10","1","4","1","0","0","1","105",""
"5905","48","user:void","void","1","bot:/botfiles/hardds4.jkb","MorganKatarn","0","5082","100","0","regen","10","1","4","1","0","0","1","107",""
"5906","48","user:void","void","1","bot:/botfiles/hardds4.jkb","MorganKatarn","0","5115","101","0","regen","10","1","4","1","0","0","1","113",""
"5907","48","user:void","void","1","bot:/botfiles/hardds4.jkb","MorganKatarn","0","5148","102","0","regen","10","1","4","1","0","0","1","119",""
"5908","48","user:void","void","1","bot:/botfiles/hardds4.jkb","MorganKatarn","0","5148","103","0","air","10","0","4","1","0","0","1","119","landed"
"5909","48","user:void","void","1","bot:/botfiles/hardds4.jkb","MorganKatarn","0","5181","104","0","regen","10","1","4","1","0","0","1","122",""
"5910","48","user:void","void","1","bot:/botfiles/hardds4.jkb","MorganKatarn","0","5214","105","0","regen","10","1","4","1","256","0","1","124",""
"5911","48","user:void","void","1","bot:/botfiles/hardds4.jkb","MorganKatarn","0","5247","106","0","regen","10","1","4","1","256","0","1","124",""
"5912","48","user:void","void","1","bot:/botfiles/hardds4.jkb","MorganKatarn","0","5280","107","0","regen","10","1","4","1","256","0","1","123",""
"5913","48","user:void","void","1","bot:/botfiles/hardds4.jkb","MorganKatarn","0","5313","108","0","regen","10","1","4","1","0","0","1","120",""
"5914","48","user:void","void","1","bot:/botfiles/hardds4.jkb","MorganKatarn","0","5346","109","0","regen","10","1","4","1","0","0","1","117",""
"5915","48","user:void","void","1","bot:/botfiles/hardds4.jkb","MorganKatarn","0","5379","110","0","regen","10","1","4","1","0","0","1","110",""
"5916","48","user:void","void","1","bot:/botfiles/hardds4.jkb","MorganKatarn","0","5412","111","0","regen","10","1","4","1","0","0","1","105",""
"5917","48","user:void","void","1","bot:/botfiles/hardds4.jkb","MorganKatarn","0","5445","112","0","regen","10","1","4","1","0","0","1","99",""
"5918","48","user:void","void","1","bot:/botfiles/hardds4.jkb","MorganKatarn","0","5478","113","0","regen","10","1","4","1","0","0","1","91",""
"5919","48","user:void","void","1","bot:/botfiles/hardds4.jkb","MorganKatarn","0","5478","114","0","damage","10","20","4","1","0","0","1","91",""
"5920","48","user:void","void","1","bot:/botfiles/hardds4.jkb","MorganKatarn","0","5478","115","0","air","10","1","4","1","0","0","1","91","airborne"
"5921","48","user:void","void","1","bot:/botfiles/hardds4.jkb","MorganKatarn","0","5643","116","0","range","10","2","4","2","256","0","1","85",""
"5922","48","user:void","void","1","bot:/botfiles/hardds4.jkb","MorganKatarn","0","5973","117","0","air","10","0","2","2","256","0","1","158","landed"
"5923","48","user:void","void","1","bot:/botfiles/hardds4.jkb","MorganKatarn","0","6996","118","0","damage","10","30","2","2","0","0","1","167","saberthrow"
"5924","48","user:void","void","1","bot:/botfiles/hardds4.jkb","MorganKatarn","0","7194","119","0","range","10","1","2","1","256","0","1","169",""
"5925","48","user:void","void","1","bot:/botfiles/hardds4.jkb","MorganKatarn","0","7392","120","0","force","9","5","2","1","2304","1","1","168",""
"5926","48","user:void","void","1","bot:/botfiles/hardds4.jkb","MorganKatarn","0","7425","121","0","force","9","5","2","1","2304","1","1","168",""
"5927","48","user:void","void","1","bot:/botfiles/hardds4.jkb","MorganKatarn","0","7491","122","0","force","9","5","2","1","2304","1","1","175",""
"5928","48","user:void","void","1","bot:/botfiles/hardds4.jkb","MorganKatarn","0","7524","123","0","force","9","5","4","1","2304","1","1","172",""
"5929","48","user:void","void","1","bot:/botfiles/hardds4.jkb","MorganKatarn","0","7590","124","0","force","9","5","4","1","2304","1","1","178",""
"5930","48","user:void","void","1","bot:/botfiles/hardds4.jkb","MorganKatarn","0","7623","125","0","force","9","5","4","1","2304","1","1","-179",""
"5931","48","user:void","void","1","bot:/botfiles/hardds4.jkb","MorganKatarn","0","7656","126","0","range","10","2","4","2","2304","1","1","-179",""
"5932","48","user:void","void","1","bot:/botfiles/hardds4.jkb","MorganKatarn","0","7689","127","0","force","9","5","4","2","2304","1","1","-179",""
"5933","48","user:void","void","1","bot:/botfiles/hardds4.jkb","MorganKatarn","0","7722","128","0","force","9","5","4","2","2304","1","1","-174",""
