"export_format_version","record_type","id","summary_id","participant_key","source_kind","skill_band","ctx_key","stimulus","response","follow1","follow2","action_index","window_start_ms","window_end_ms","net_damage","won","capture_version","capture_revision","extracted_at","self_footing"
"2","bot_learned_evidence","1","570","iphash:96d9adc0","0","0","1610680559","1","4","0","0","4","1683","3683","2","1","13","c407c7c46","1791165373","0"
"2","bot_learned_evidence","2","570","iphash:96d9adc0","0","0","1610697215","1","5","0","0","10","2904","4904","50","1","13","c407c7c46","1791165373","1"
"2","bot_learned_evidence","3","570","iphash:96d9adc0","0","0","1744914879","6","7","0","0","16","3696","5696","50","1","13","c407c7c46","1791165373","1"
"2","bot_learned_evidence","4","570","iphash:96d9adc0","0","0","1610695103","5","6","3","9","29","4389","6389","60","1","13","c407c7c46","1791165373","1"
"2","bot_learned_evidence","5","570","iphash:96d9adc0","0","0","1879117951","3","7","7","7","54","5841","7841","10","1","13","c407c7c46","1791165373","2"
"2","bot_learned_evidence","6","570","iphash:96d9adc0","0","0","1610697087","5","7","7","7","90","6996","8996","10","1","13","c407c7c46","1791165373","1"
"2","bot_learned_evidence","7","570","iphash:96d9adc0","0","0","1610700907","1","7","7","7","150","9834","11154","110","1","13","c407c7c46","1791165373","1"
"2","bot_learned_evidence","8","570","iphash:96d9adc0","0","0","1778473139","7","7","7","0","182","10725","11154","20","1","13","c407c7c46","1791165373","1"
"2","bot_learned_evidence","9","570","bot:/botfiles/hardds.jkb","1","3","1677795519","4","2","0","0","4","1947","3947","0","0","13","c407c7c46","1791165373","0"
"2","bot_learned_evidence","10","570","bot:/botfiles/hardds.jkb","1","3","1879122431","5","2","6","0","10","2937","4937","-50","0","13","c407c7c46","1791165373","2"
"2","bot_learned_evidence","11","570","bot:/botfiles/hardds.jkb","1","3","1625358831","6","5","0","0","36","4389","6389","-60","0","13","c407c7c46","1791165373","0"
"2","bot_learned_evidence","12","570","bot:/botfiles/hardds.jkb","1","3","1812005039","3","6","3","0","47","4917","6917","-10","0","13","c407c7c46","1791165373","0"
"2","bot_learned_evidence","13","570","bot:/botfiles/hardds.jkb","1","3","1677795822","7","5","0","0","83","6765","8765","-10","0","13","c407c7c46","1791165373","0"
"2","bot_learned_evidence","14","570","bot:/botfiles/hardds.jkb","1","3","1677787614","5","6","0","0","109","8844","10844","-90","0","13","c407c7c46","1791165373","0"
"2","bot_learned_evidence","15","570","bot:/botfiles/hardds.jkb","1","3","1677796589","7","7","0","0","135","10461","11154","-50","0","13","c407c7c46","1791165373","0"
"2","bot_learned_evidence","16","571","bot:/botfiles/mediumds.jkb","1","3","1686184447","1","6","3","0","12","2904","4904","26","1","13","c407c7c46","1791165414","0"
"2","bot_learned_evidence","17","571","bot:/botfiles/mediumds.jkb","1","3","1677795423","1","5","0","0","58","5478","7478","20","1","13","c407c7c46","1791165414","0"
"2","bot_learned_evidence","18","571","bot:/botfiles/mediumds.jkb","1","3","1677795743","7","6","0","0","70","7194","9194","0","1","13","c407c7c46","1791165414","0"
"2","bot_learned_evidence","19","571","bot:/botfiles/mediumds.jkb","1","3","2013340111","7","3","0","0","88","8052","10052","0","1","13","c407c7c46","1791165414","2"
"2","bot_learned_evidence","20","571","bot:/botfiles/mediumds.jkb","1","3","1677787343","5","5","0","0","98","8778","10778","0","1","13","c407c7c46","1791165414","0"
"2","bot_learned_evidence","21","571","bot:/botfiles/mediumds.jkb","1","3","1879122399","7","5","0","0","110","10824","12824","-89","1","13","c407c7c46","1791165414","2"
"2","bot_learned_evidence","22","571","bot:/botfiles/mediumds.jkb","1","3","1677787566","9","5","0","0","132","12804","14804","20","1","13","c407c7c46","1791165414","0"
"2","bot_learned_evidence","23","571","bot:/botfiles/mediumds.jkb","1","3","1677787518","6","6","4","0","167","16434","18434","24","1","13","c407c7c46","1791165414","0"
"2","bot_learned_evidence","24","571","bot:/botfiles/mediumds.jkb","1","3","1677787354","5","5","0","0","220","19470","21470","-20","1","13","c407c7c46","1791165414","0"
"2","bot_learned_evidence","25","571","bot:/botfiles/mediumds.jkb","1","3","1812005049","3","5","0","0","253","22968","24968","-20","1","13","c407c7c46","1791165414","0"
"2","bot_learned_evidence","26","571","bot:/botfiles/mediumds.jkb","1","3","1610694922","7","3","0","0","271","24024","26024","-20","1","13","c407c7c46","1791165414","1"
"2","bot_learned_evidence","27","571","bot:/botfiles/mediumds.jkb","1","3","1686176085","1","5","0","0","283","25212","27212","0","1","13","c407c7c46","1791165414","0"
"2","bot_learned_evidence","28","571","bot:/botfiles/mediumds.jkb","1","3","1677787237","1","5","0","0","294","26862","28862","-51","1","13","c407c7c46","1791165414","0"
"2","bot_learned_evidence","29","571","bot:/botfiles/mediumds.jkb","1","3","1677787429","1","5","3","5","319","29172","31172","20","1","13","c407c7c46","1791165414","0"
"2","bot_learned_evidence","30","571","user:void","0","0","1678838191","3","4","0","0","13","3300","5300","-26","0","13","c407c7c46","1791165414","0"
"2","bot_learned_evidence","31","571","user:void","0","0","1687226559","1","5","0","0","26","4587","6587","-20","0","13","c407c7c46","1791165414","0"
"2","bot_learned_evidence","32","571","user:void","0","0","1812006927","5","9","0","0","45","5577","7577","-20","0","13","c407c7c46","1791165414","0"
"2","bot_learned_evidence","33","571","user:void","0","0","1812007263","1","7","0","0","53","6831","8831","0","0","13","c407c7c46","1791165414","0"
"2","bot_learned_evidence","34","571","user:void","0","0","1744898415","6","7","7","7","61","7227","9227","0","0","13","c407c7c46","1791165414","0"
"2","bot_learned_evidence","35","571","user:void","0","0","2013331583","3","5","0","0","95","8646","10646","0","0","13","c407c7c46","1791165414","2"
"2","bot_learned_evidence","36","571","user:void","0","0","1744912703","1","7","7","7","107","10065","12065","60","0","13","c407c7c46","1791165414","1"
"2","bot_learned_evidence","37","571","user:void","0","0","1610696767","5","7","7","6","134","10956","12956","89","0","13","c407c7c46","1791165414","1"
"2","bot_learned_evidence","38","571","user:void","0","0","1744912715","5","6","0","0","188","13002","15002","-20","0","13","c407c7c46","1791165414","1"
"2","bot_learned_evidence","39","571","user:void","0","0","1744914507","1","7","7","6","212","14289","16289","-39","0","13","c407c7c46","1791165414","1"
"2","bot_learned_evidence","40","571","user:void","0","0","1812005221","1","3","5","0","291","18546","20546","20","0","13","c407c7c46","1791165414","0"
"2","bot_learned_evidence","41","571","user:void","0","0","1812004890","5","9","0","0","308","19998","21998","20","0","13","c407c7c46","1791165414","0"
"2","bot_learned_evidence","42","571","user:void","0","0","1812005206","1","3","3","9","313","21021","23021","0","0","13","c407c7c46","1791165414","0"
"2","bot_learned_evidence","43","571","user:void","0","0","1677787402","1","7","0","0","347","23991","25991","20","0","13","c407c7c46","1791165414","0"
"2","bot_learned_evidence","44","571","user:void","0","0","1610694729","5","6","0","0","378","27060","29060","51","0","13","c407c7c46","1791165414","1"
"2","bot_learned_evidence","45","571","user:void","0","0","1686176069","1","6","0","0","402","28314","30314","10","0","13","c407c7c46","1791165414","0"
"2","bot_learned_evidence","46","572","bot:/botfiles/hardds.jkb","1","3","1677795839","1","6","0","0","11","2904","4904","0","1","13","c407c7c46","1791165597","0"
"2","bot_learned_evidence","47","572","bot:/botfiles/hardds.jkb","1","3","1879123199","7","7","0","0","36","4818","6818","49","1","13","c407c7c46","1791165597","2"
"2","bot_learned_evidence","48","572","bot:/botfiles/hardds.jkb","1","3","1610696191","6","6","4","0","74","6501","8501","11","1","13","c407c7c46","1791165597","1"
"2","bot_learned_evidence","49","572","bot:/botfiles/hardds.jkb","1","3","1812005087","3","9","5","0","105","7689","9689","0","1","13","c407c7c46","1791165597","0"
"2","bot_learned_evidence","50","572","bot:/botfiles/hardds.jkb","1","3","1711342063","7","4","0","0","149","12441","14441","-39","1","13","c407c7c46","1791165597","0"
"2","bot_learned_evidence","51","572","bot:/botfiles/hardds.jkb","1","3","1812005375","9","5","0","0","158","13365","15365","-1","1","13","c407c7c46","1791165597","0"
"2","bot_learned_evidence","52","572","bot:/botfiles/hardds.jkb","1","3","1812005215","3","6","0","0","170","14025","16025","0","1","13","c407c7c46","1791165597","0"
"2","bot_learned_evidence","53","572","bot:/botfiles/hardds.jkb","1","3","2013331791","9","3","0","0","184","14751","16751","20","1","13","c407c7c46","1791165597","2"
"2","bot_learned_evidence","54","572","bot:/botfiles/hardds.jkb","1","3","1686176171","1","5","0","0","196","15807","17807","0","1","13","c407c7c46","1791165597","0"
"2","bot_learned_evidence","55","572","bot:/botfiles/hardds.jkb","1","3","1744896223","9","7","0","0","251","22671","24671","40","1","13","c407c7c46","1791165597","0"
"2","bot_learned_evidence","56","572","bot:/botfiles/hardds.jkb","1","3","1812005231","3","6","3","0","274","23430","25430","50","1","13","c407c7c46","1791165597","0"
"2","bot_learned_evidence","57","572","bot:/botfiles/hardds.jkb","1","3","1677788503","1","5","0","0","311","25113","27113","20","1","13","c407c7c46","1791165597","0"
"2","bot_learned_evidence","58","572","bot:/botfiles/hardds.jkb","1","3","1677787623","7","6","4","0","343","29601","31601","52","1","13","c407c7c46","1791165597","0"
"2","bot_learned_evidence","59","572","bot:/botfiles/hardds.jkb","1","3","1686177171","1","6","3","6","391","32835","34835","20","1","13","c407c7c46","1791165597","0"
"2","bot_learned_evidence","60","572","bot:/botfiles/hardds.jkb","1","3","1879122151","9","7","0","0","452","37092","39092","0","1","13","c407c7c46","1791165597","2"
"2","bot_learned_evidence","61","572","bot:/botfiles/hardds.jkb","1","3","2013356119","1","7","0","0","475","38049","40049","2","1","13","c407c7c46","1791165597","3"
"2","bot_learned_evidence","62","572","bot:/botfiles/hardds.jkb","1","3","2013339815","9","7","4","0","498","39105","41105","24","1","13","c407c7c46","1791165597","2"
"2","bot_learned_evidence","63","572","bot:/botfiles/hardds.jkb","1","3","1610702859","5","7","0","0","564","43197","45197","19","1","13","c407c7c46","1791165597","1"
"2","bot_learned_evidence","64","572","bot:/botfiles/hardds.jkb","1","3","1812005131","3","6","0","0","611","46794","48794","-50","1","13","c407c7c46","1791165597","0"
"2","bot_learned_evidence","65","572","bot:/botfiles/hardds.jkb","1","3","1812005130","3","5","0","0","629","47421","49421","21","1","13","c407c7c46","1791165597","0"
"2","bot_learned_evidence","66","572","bot:/botfiles/hardds.jkb","1","3","1812004982","3","5","0","0","647","49797","51797","-20","1","13","c407c7c46","1791165597","0"
"2","bot_learned_evidence","67","572","bot:/botfiles/hardds.jkb","1","3","1610695962","5","6","0","0","664","51645","53645","0","1","13","c407c7c46","1791165597","1"
"2","bot_learned_evidence","68","572","bot:/botfiles/hardds.jkb","1","3","2013332586","9","5","0","0","679","52635","54635","20","1","13","c407c7c46","1791165597","2"
"2","bot_learned_evidence","69","572","bot:/botfiles/hardds.jkb","1","3","1677787478","3","4","0","0","703","54879","56879","2","1","13","c407c7c46","1791165597","0"
"2","bot_learned_evidence","70","572","bot:/botfiles/hardds.jkb","1","3","1610695366","1","6","0","0","728","57948","59948","0","1","13","c407c7c46","1791165597","1"
"2","bot_learned_evidence","71","572","bot:/botfiles/hardds.jkb","1","3","1610694822","3","7","0","0","755","60225","62225","40","1","13","c407c7c46","1791165597","1"
"2","bot_learned_evidence","72","572","bot:/botfiles/hardds.jkb","1","3","1677787298","9","4","0","0","779","60885","62667","11","1","13","c407c7c46","1791165597","0"
"2","bot_learned_evidence","73","572","user:void","0","0","1610701311","1","7","7","7","6","3828","5828","-20","0","13","c407c7c46","1791165597","1"
"2","bot_learned_evidence","74","572","user:void","0","0","1744918783","7","7","7","0","37","5049","7049","-51","0","13","c407c7c46","1791165597","1"
"2","bot_learned_evidence","75","572","user:void","0","0","1644249599","1","6","0","0","63","6369","8369","-11","0","13","c407c7c46","1791165597","1"
"2","bot_learned_evidence","76","572","user:void","0","0","1812004991","4","3","0","0","88","7656","9656","20","0","13","c407c7c46","1791165597","0"
"2","bot_learned_evidence","77","572","user:void","0","0","1812005231","5","5","7","7","100","8415","10415","0","0","13","c407c7c46","1791165597","0"
"2","bot_learned_evidence","78","572","user:void","0","0","1744912575","4","3","9","3","182","12804","14804","41","0","13","c407c7c46","1791165597","1"
"2","bot_learned_evidence","79","572","user:void","0","0","1677787551","5","6","3","0","198","13662","15662","1","0","13","c407c7c46","1791165597","0"
"2","bot_learned_evidence","80","572","user:void","0","0","1812004943","6","9","3","0","218","14157","16157","-20","0","13","c407c7c46","1791165597","0"
"2","bot_learned_evidence","81","572","user:void","0","0","1611727390","5","5","0","0","244","16104","18104","0","0","13","c407c7c46","1791165597","0"
"2","bot_learned_evidence","82","572","user:void","0","0","1879114095","1","5","7","7","253","17853","19853","-20","0","13","c407c7c46","1791165597","2"
"2","bot_learned_evidence","83","572","user:void","0","0","1618018687","1","5","0","0","282","20196","22196","0","0","13","c407c7c46","1791165597","0"
"2","bot_learned_evidence","84","572","user:void","0","0","1677787247","1","9","0","0","296","22143","24143","-20","0","13","c407c7c46","1791165597","0"
"2","bot_learned_evidence","85","572","user:void","0","0","1677787311","7","6","3","9","299","22902","24902","0","0","13","c407c7c46","1791165597","0"
"2","bot_learned_evidence","86","572","user:void","0","0","1677791598","3","5","0","0","325","23859","25859","-40","0","13","c407c7c46","1791165597","0"
"2","bot_learned_evidence","87","572","user:void","0","0","1610694685","5","7","7","7","343","25344","27344","-20","0","13","c407c7c46","1791165597","1"
"2","bot_learned_evidence","88","572","user:void","0","0","1744912734","1","7","7","7","386","27951","29951","-52","0","13","c407c7c46","1791165597","1"
"2","bot_learned_evidence","89","572","user:void","0","0","1677787517","4","5","0","0","422","29865","31865","-20","0","13","c407c7c46","1791165597","0"
"2","bot_learned_evidence","90","572","user:void","0","0","1610694957","1","6","3","9","440","31482","33482","10","0","13","c407c7c46","1791165597","1"
"2","bot_learned_evidence","91","572","user:void","0","0","1744898428","6","5","0","0","469","34815","36815","0","0","13","c407c7c46","1791165597","0"
"2","bot_learned_evidence","92","572","user:void","0","0","1677789309","1","9","0","0","481","36663","38663","0","0","13","c407c7c46","1791165597","0"
"2","bot_learned_evidence","93","572","user:void","0","0","1610680509","7","5","0","0","484","37257","39257","0","0","13","c407c7c46","1791165597","0"
"2","bot_learned_evidence","94","572","user:void","0","0","1677789357","7","9","0","0","507","39105","41105","-24","0","13","c407c7c46","1791165597","0"
"2","bot_learned_evidence","95","572","user:void","0","0","1812007037","1","5","0","0","518","40722","42722","-22","0","13","c407c7c46","1791165597","0"
"2","bot_learned_evidence","96","572","user:void","0","0","1812007198","1","3","5","0","535","41943","43943","-19","0","13","c407c7c46","1791165597","0"
"2","bot_learned_evidence","97","572","user:void","0","0","1845561357","7","9","0","0","549","43560","45560","-20","0","13","c407c7c46","1791165597","0"
"2","bot_learned_evidence","98","572","user:void","0","0","1610697070","1","5","0","0","554","44649","46649","0","0","13","c407c7c46","1791165597","1"
"2","bot_learned_evidence","99","572","user:void","0","0","2013347870","1","7","9","6","567","45738","47738","50","0","13","c407c7c46","1791165597","3"
"2","bot_learned_evidence","100","572","user:void","0","0","1812004878","6","9","3","0","598","46992","48992","49","0","13","c407c7c46","1791165597","0"
"2","bot_learned_evidence","101","572","user:void","0","0","1744912714","1","3","9","3","615","48576","50576","-1","0","13","c407c7c46","1791165597","1"
"2","bot_learned_evidence","102","572","user:void","0","0","1812005081","5","9","3","0","628","49797","51797","20","0","13","c407c7c46","1791165597","0"
"2","bot_learned_evidence","103","572","user:void","0","0","1879114122","1","5","0","0","639","51579","53579","0","0","13","c407c7c46","1791165597","2"
"2","bot_learned_evidence","104","572","user:void","0","0","1678053530","1","9","0","0","644","52503","54503","-20","0","13","c407c7c46","1791165597","0"
"2","bot_learned_evidence","105","572","user:void","0","0","1744916554","1","7","9","0","658","53856","55856","-22","0","13","c407c7c46","1791165597","1"
"2","bot_learned_evidence","106","572","user:void","0","0","1744912729","4","3","3","0","677","54879","56879","-2","0","13","c407c7c46","1791165597","1"
"2","bot_learned_evidence","107","572","user:void","0","0","1610694841","1","6","3","0","691","60060","62060","-40","0","13","c407c7c46","1791165597","1"
"2","bot_learned_evidence","108","572","user:void","0","0","1812005033","7","9","3","0","703","60258","62258","-44","0","13","c407c7c46","1791165597","0"
"2","bot_learned_evidence","109","572","user:void","0","0","1812004984","1","3","0","0","717","62073","62667","-7","0","13","c407c7c46","1791165597","0"
"2","bot_learned_evidence","110","573","user:void","0","0","1812007279","4","4","0","0","18","5214","7214","5","1","13","c407c7c46","1791165690","0"
"2","bot_learned_evidence","111","573","user:void","0","0","1812007103","3","5","4","0","28","6171","8171","-18","1","13","c407c7c46","1791165690","0"
"2","bot_learned_evidence","112","573","user:void","0","0","1812007343","1","5","0","0","44","8184","10184","-20","1","13","c407c7c46","1791165690","0"
"2","bot_learned_evidence","113","573","user:void","0","0","1744914527","1","7","7","7","58","9504","11504","-20","1","13","c407c7c46","1791165690","1"
"2","bot_learned_evidence","114","573","user:void","0","0","1879118207","6","5","3","10","90","10725","12725","-21","1","13","c407c7c46","1791165690","2"
"2","bot_learned_evidence","115","573","user:void","0","0","1610695103","1","6","0","0","111","13926","15926","19","1","13","c407c7c46","1791165690","1"
"2","bot_learned_evidence","116","573","user:void","0","0","1744916591","6","3","9","3","120","14091","16091","19","1","13","c407c7c46","1791165690","1"
"2","bot_learned_evidence","117","573","user:void","0","0","1686180207","1","6","0","0","137","14949","16949","0","1","13","c407c7c46","1791165690","0"
"2","bot_learned_evidence","118","573","user:void","0","0","1744912430","5","7","7","7","169","16863","18863","0","1","13","c407c7c46","1791165690","1"
"2","bot_learned_evidence","119","573","user:void","0","0","1812005022","5","6","0","0","255","20658","22658","7","1","13","c407c7c46","1791165690","0"
"2","bot_learned_evidence","120","573","user:void","0","0","1812004974","1","3","0","0","272","22374","24374","-10","1","13","c407c7c46","1791165690","0"
"2","bot_learned_evidence","121","573","user:void","0","0","1744912766","6","3","9","3","277","23166","25166","-10","1","13","c407c7c46","1791165690","1"
"2","bot_learned_evidence","122","573","user:void","0","0","1677787437","5","5","7","7","289","24024","26024","10","1","13","c407c7c46","1791165690","0"
"2","bot_learned_evidence","123","573","user:void","0","0","2014398648","3","5","0","0","355","27786","29786","20","1","13","c407c7c46","1791165690","3"
"2","bot_learned_evidence","124","573","user:void","0","0","1820395593","1","9","5","0","379","29502","31502","0","1","13","c407c7c46","1791165690","0"
"2","bot_learned_evidence","125","573","user:void","0","0","1686176153","1","5","0","0","382","30261","32261","0","1","13","c407c7c46","1791165690","0"
"2","bot_learned_evidence","126","573","user:void","0","0","1812005033","1","9","10","0","391","31713","33713","-20","1","13","c407c7c46","1791165690","0"
"2","bot_learned_evidence","127","573","user:void","0","0","1611727273","5","5","0","0","406","33528","35528","-20","1","13","c407c7c46","1791165690","0"
"2","bot_learned_evidence","128","573","user:void","0","0","1610695081","1","5","9","5","425","35640","37640","20","1","13","c407c7c46","1791165690","1"
"2","bot_learned_evidence","129","573","user:void","0","0","1686176169","1","5","0","0","437","37455","39455","20","1","13","c407c7c46","1791165690","0"
"2","bot_learned_evidence","130","573","user:void","0","0","1744912650","1","3","9","0","449","38676","40676","20","1","13","c407c7c46","1791165690","1"
"2","bot_learned_evidence","131","573","user:void","0","0","1812005146","5","5","7","0","464","39732","41732","0","1","13","c407c7c46","1791165690","0"
"2","bot_learned_evidence","132","573","user:void","0","0","1744914538","5","7","7","7","489","41415","43415","-30","1","13","c407c7c46","1791165690","1"
"2","bot_learned_evidence","133","573","user:void","0","0","1812004985","6","9","0","0","537","43428","45428","21","1","13","c407c7c46","1791165690","0"
"2","bot_learned_evidence","134","573","user:void","0","0","1677791546","5","5","9","0","544","44286","46286","20","1","13","c407c7c46","1791165690","0"
"2","bot_learned_evidence","135","573","user:void","0","0","1845563770","7","5","0","0","561","46101","48101","0","1","13","c407c7c46","1791165690","0"
"2","bot_learned_evidence","136","573","user:void","0","0","1744912506","1","5","9","0","573","48312","50312","20","1","13","c407c7c46","1791165690","1"
"2","bot_learned_evidence","137","573","user:void","0","0","1677787258","5","9","0","0","595","51315","53315","40","1","13","c407c7c46","1791165690","0"
"2","bot_learned_evidence","138","573","user:void","0","0","1677787430","6","5","9","0","600","52173","54173","20","1","13","c407c7c46","1791165690","0"
"2","bot_learned_evidence","139","573","user:void","0","0","1686176086","1","5","0","0","616","54054","56054","0","1","13","c407c7c46","1791165690","0"
"2","bot_learned_evidence","140","573","user:void","0","0","1610678566","5","5","0","0","630","55836","57836","19","1","13","c407c7c46","1791165690","0"
"2","bot_learned_evidence","141","573","user:void","0","0","1680146454","1","9","0","0","644","56958","58958","20","1","13","c407c7c46","1791165690","0"
"2","bot_learned_evidence","142","573","user:void","0","0","1812004902","5","9","0","0","649","57651","59651","21","1","13","c407c7c46","1791165690","0"
"2","bot_learned_evidence","143","573","user:void","0","0","1610694742","1","6","0","0","663","58839","60839","21","1","13","c407c7c46","1791165690","1"
"2","bot_learned_evidence","144","573","user:void","0","0","1812004870","1","9","6","0","691","60060","62060","0","1","13","c407c7c46","1791165690","0"
"2","bot_learned_evidence","145","573","user:void","0","0","2013331654","1","6","0","0","727","63558","65558","0","1","13","c407c7c46","1791165690","2"
"2","bot_learned_evidence","146","573","user:void","0","0","1610694854","5","7","7","7","746","64647","66647","-19","1","13","c407c7c46","1791165690","1"
"2","bot_learned_evidence","147","573","user:void","0","0","1812007241","5","7","0","0","809","66792","68792","30","1","13","c407c7c46","1791165690","0"
"2","bot_learned_evidence","148","573","user:void","0","0","1694564425","1","9","6","0","837","67881","69881","50","1","13","c407c7c46","1791165690","0"
"2","bot_learned_evidence","149","573","user:void","0","0","1686176133","10","6","0","0","853","68640","70640","30","1","13","c407c7c46","1791165690","0"
"2","bot_learned_evidence","150","573","user:void","0","0","1812005573","1","9","0","0","882","69795","71795","-24","1","13","c407c7c46","1791165690","0"
"2","bot_learned_evidence","151","573","user:void","0","0","1812004949","1","3","0","0","899","72006","74006","0","1","13","c407c7c46","1791165690","0"
"2","bot_learned_evidence","152","573","user:void","0","0","1812005205","5","5","0","0","904","72666","74666","60","1","13","c407c7c46","1791165690","0"
"2","bot_learned_evidence","153","573","user:void","0","0","1812007253","1","7","7","9","910","73722","75722","61","1","13","c407c7c46","1791165690","0"
"2","bot_learned_evidence","154","573","user:void","0","0","1677787857","2","6","9","0","974","77055","79035","14","1","13","c407c7c46","1791165690","0"
"2","bot_learned_evidence","155","573","bot:/botfiles/hardds.jkb","1","3","1677795839","1","6","0","0","9","2871","4871","19","0","13","c407c7c46","1791165690","0"
"2","bot_learned_evidence","156","573","bot:/botfiles/hardds.jkb","1","3","1879123439","1","3","0","0","29","3927","5927","18","0","13","c407c7c46","1791165690","2"
"2","bot_learned_evidence","157","573","bot:/botfiles/hardds.jkb","1","3","1677795839","1","6","4","0","40","5016","7016","-1","0","13","c407c7c46","1791165690","0"
"2","bot_learned_evidence","158","573","bot:/botfiles/hardds.jkb","1","3","1677795487","4","3","0","0","58","5709","7709","17","0","13","c407c7c46","1791165690","0"
"2","bot_learned_evidence","159","573","bot:/botfiles/hardds.jkb","1","3","1677795423","4","3","0","0","71","7293","9293","20","0","13","c407c7c46","1791165690","0"
"2","bot_learned_evidence","160","573","bot:/botfiles/hardds.jkb","1","3","1677795679","5","6","0","0","88","8382","10382","20","0","13","c407c7c46","1791165690","0"
"2","bot_learned_evidence","161","573","bot:/botfiles/hardds.jkb","1","3","1711341983","7","6","0","0","120","10395","12395","21","0","13","c407c7c46","1791165690","0"
"2","bot_learned_evidence","162","573","bot:/botfiles/hardds.jkb","1","3","1686177183","1","6","0","0","161","12705","14705","11","0","13","c407c7c46","1791165690","0"
"2","bot_learned_evidence","163","573","bot:/botfiles/hardds.jkb","1","3","1610696159","6","6","0","0","181","13992","15992","-19","0","13","c407c7c46","1791165690","1"
"2","bot_learned_evidence","164","573","bot:/botfiles/hardds.jkb","1","3","1677787551","1","6","5","0","218","16137","18137","30","0","13","c407c7c46","1791165690","0"
"2","bot_learned_evidence","165","573","bot:/botfiles/hardds.jkb","1","3","1812005051","9","7","5","0","261","19569","21569","-27","0","13","c407c7c46","1791165690","0"
"2","bot_learned_evidence","166","573","bot:/botfiles/hardds.jkb","1","3","1812004955","6","4","0","0","298","21351","23351","32","0","13","c407c7c46","1791165690","0"
"2","bot_learned_evidence","167","573","bot:/botfiles/hardds.jkb","1","3","1677787611","3","6","0","0","317","23034","25034","10","0","13","c407c7c46","1791165690","0"
"2","bot_learned_evidence","168","573","bot:/botfiles/hardds.jkb","1","3","1812005334","3","5","0","0","336","23727","25727","-10","0","13","c407c7c46","1791165690","0"
"2","bot_learned_evidence","169","573","bot:/botfiles/hardds.jkb","1","3","1619091938","1","3","0","0","373","27423","29423","20","0","13","c407c7c46","1791165690","1"
"2","bot_learned_evidence","170","573","bot:/botfiles/hardds.jkb","1","3","1686184022","5","5","0","0","393","28479","30479","-20","0","13","c407c7c46","1791165690","0"
"2","bot_learned_evidence","171","573","bot:/botfiles/hardds.jkb","1","3","1686176242","1","5","0","0","426","33165","35165","20","0","13","c407c7c46","1791165690","0"
"2","bot_learned_evidence","172","573","bot:/botfiles/hardds.jkb","1","3","1619083590","5","3","0","0","443","33825","35825","20","0","13","c407c7c46","1791165690","1"
"2","bot_learned_evidence","173","573","bot:/botfiles/hardds.jkb","1","3","2015428953","9","5","0","0","489","39501","41501","0","0","13","c407c7c46","1791165690","2"
"2","bot_learned_evidence","174","573","bot:/botfiles/hardds.jkb","1","3","1879122074","1","5","0","0","502","41349","43349","30","0","13","c407c7c46","1791165690","2"
"2","bot_learned_evidence","175","573","bot:/botfiles/hardds.jkb","1","3","1711341978","7","6","0","0","519","42900","44900","29","0","13","c407c7c46","1791165690","0"
"2","bot_learned_evidence","176","573","bot:/botfiles/hardds.jkb","1","3","2013332694","9","5","0","0","545","43989","45989","-20","0","13","c407c7c46","1791165690","2"
"2","bot_learned_evidence","177","573","bot:/botfiles/hardds.jkb","1","3","1814103434","9","7","0","0","566","45837","47837","0","0","13","c407c7c46","1791165690","0"
"2","bot_learned_evidence","178","573","bot:/botfiles/hardds.jkb","1","3","1677787369","1","5","0","0","628","51051","53051","-40","0","13","c407c7c46","1791165690","0"
"2","bot_learned_evidence","179","573","bot:/botfiles/hardds.jkb","1","3","2013331849","9","6","0","0","644","51744","53744","-20","0","13","c407c7c46","1791165690","2"
"2","bot_learned_evidence","180","573","bot:/botfiles/hardds.jkb","1","3","1610695049","1","5","0","0","681","55803","57803","1","0","13","c407c7c46","1791165690","1"
"2","bot_learned_evidence","181","573","bot:/botfiles/hardds.jkb","1","3","1879113865","9","5","0","0","702","57585","59585","-21","0","13","c407c7c46","1791165690","2"
"2","bot_learned_evidence","182","573","bot:/botfiles/hardds.jkb","1","3","1677787241","6","5","0","0","719","59301","61301","-20","0","13","c407c7c46","1791165690","0"
"2","bot_learned_evidence","183","573","bot:/botfiles/hardds.jkb","1","3","1610694969","1","5","0","0","744","62205","64205","0","0","13","c407c7c46","1791165690","1"
"2","bot_learned_evidence","184","573","bot:/botfiles/hardds.jkb","1","3","1610694969","1","5","0","0","759","64317","66317","0","0","13","c407c7c46","1791165690","1"
"2","bot_learned_evidence","185","573","bot:/botfiles/hardds.jkb","1","3","1679892601","7","5","0","0","776","66363","68363","-10","0","13","c407c7c46","1791165690","0"
"2","bot_learned_evidence","186","573","bot:/botfiles/hardds.jkb","1","3","1812005173","9","5","4","0","809","69861","71861","24","0","13","c407c7c46","1791165690","0"
"2","bot_learned_evidence","187","573","bot:/botfiles/hardds.jkb","1","3","1812005205","3","5","0","0","836","72567","74567","-60","0","13","c407c7c46","1791165690","0"
"2","bot_learned_evidence","188","573","bot:/botfiles/hardds.jkb","1","3","1812005236","3","2","0","0","856","75471","77471","-1","0","13","c407c7c46","1791165690","0"
"2","bot_learned_evidence","189","573","bot:/botfiles/hardds.jkb","1","3","1610695284","1","2","0","0","865","76791","78791","0","0","13","c407c7c46","1791165690","1"
"2","bot_learned_evidence","190","573","bot:/botfiles/hardds.jkb","1","3","2013331828","1","2","0","0","871","78573","79035","-14","0","13","c407c7c46","1791165690","2"
"2","bot_learned_evidence","191","574","user:void","0","0","1677727999","1","9","0","0","1","2343","4343","0","1","13","c407c7c46","1791165765","0"
"2","bot_learned_evidence","192","574","user:void","0","0","1644190207","1","7","0","0","5","3894","5894","0","1","13","c407c7c46","1791165765","1"
"2","bot_learned_evidence","193","574","user:void","0","0","1879068927","1","7","0","0","20","5214","7214","0","1","13","c407c7c46","1791165765","3"
"2","bot_learned_evidence","194","574","user:void","0","0","1644188159","1","7","7","7","37","6435","8435","0","1","13","c407c7c46","1791165765","1"
"2","bot_learned_evidence","195","574","user:void","0","0","1610633727","1","7","7","0","73","8514","10514","0","1","13","c407c7c46","1791165765","1"
"2","bot_learned_evidence","196","574","user:void","0","0","1879068927","1","7","7","0","99","10164","12164","0","1","13","c407c7c46","1791165765","3"
"2","bot_learned_evidence","197","574","user:void","0","0","1610633471","7","7","7","0","124","14025","16025","80","1","13","c407c7c46","1791165765","1"
"2","bot_learned_evidence","198","574","user:void","0","0","1610633467","1","7","0","0","154","15774","17774","0","1","13","c407c7c46","1791165765","1"
"2","bot_learned_evidence","199","574","user:void","0","0","1644188155","7","7","0","0","170","16995","18995","0","1","13","c407c7c46","1791165765","1"
"2","bot_learned_evidence","200","574","user:void","0","0","1677725947","1","7","0","0","185","19008","21008","0","1","13","c407c7c46","1791165765","0"
"2","bot_learned_evidence","201","574","user:void","0","0","1610633467","1","7","0","0","200","20097","22097","40","1","13","c407c7c46","1791165765","1"
"2","bot_learned_evidence","202","574","user:void","0","0","1610633467","1","7","7","0","211","21252","23252","40","1","13","c407c7c46","1791165765","1"
"2","bot_learned_evidence","203","574","user:void","0","0","1610633463","1","7","0","0","238","22869","24869","0","1","13","c407c7c46","1791165765","1"
"2","bot_learned_evidence","204","574","user:void","0","0","1610633463","1","7","7","0","253","24090","26090","0","1","13","c407c7c46","1791165765","1"
"2","bot_learned_evidence","205","574","user:void","0","0","1610635511","1","7","7","0","281","25839","27839","0","1","13","c407c7c46","1791165765","1"
"2","bot_learned_evidence","206","574","user:void","0","0","1879052535","7","7","0","0","301","26829","28829","1","1","13","c407c7c46","1791165765","2"
"2","bot_learned_evidence","207","574","user:void","0","0","1610635511","1","7","0","0","315","27951","29951","1","1","13","c407c7c46","1791165765","1"
"2","bot_learned_evidence","208","574","user:void","0","0","1744853239","1","7","7","7","323","29040","31040","0","1","13","c407c7c46","1791165765","1"
"2","bot_learned_evidence","209","574","user:void","0","0","1610635511","7","7","7","7","370","31218","32241","78","1","13","c407c7c46","1791165765","1"
"2","bot_learned_evidence","210","574","bot:/botfiles/hardds.jkb","1","3","1744856575","9","7","0","0","3","2838","4838","0","0","13","c407c7c46","1791165765","1"
"2","bot_learned_evidence","211","574","bot:/botfiles/hardds.jkb","1","3","1644184831","7","7","0","0","32","5709","7709","0","0","13","c407c7c46","1791165765","1"
"2","bot_learned_evidence","212","574","bot:/botfiles/hardds.jkb","1","3","1610630399","1","7","0","0","80","13761","15761","-80","0","13","c407c7c46","1791165765","1"
"2","bot_learned_evidence","213","574","bot:/botfiles/hardds.jkb","1","3","1610630398","1","7","0","0","112","16500","18500","0","0","13","c407c7c46","1791165765","1"
"2","bot_learned_evidence","214","574","bot:/botfiles/hardds.jkb","1","3","1912620285","7","7","0","0","169","26565","28565","0","0","13","c407c7c46","1791165765","3"
"2","bot_learned_evidence","215","574","bot:/botfiles/hardds.jkb","1","3","1879057661","7","7","0","0","207","31086","32241","-78","0","13","c407c7c46","1791165765","2"
"2","bot_learned_evidence","216","575","user:void","0","0","1879054591","1","7","0","0","3","2343","4343","0","1","13","c407c7c46","1791165810","2"
"2","bot_learned_evidence","217","575","user:void","0","0","1610635519","1","7","7","7","15","3663","5663","0","1","13","c407c7c46","1791165810","1"
"2","bot_learned_evidence","218","575","user:void","0","0","1612732671","1","7","7","7","51","6138","8138","61","1","13","c407c7c46","1791165810","1"
"2","bot_learned_evidence","219","575","user:void","0","0","1879068927","1","7","7","0","130","12177","14177","1","1","13","c407c7c46","1791165810","3"
"2","bot_learned_evidence","220","575","user:void","0","0","1610635519","7","7","0","0","147","13002","15002","11","1","13","c407c7c46","1791165810","1"
"2","bot_learned_evidence","221","575","user:void","0","0","1610633471","1","7","0","0","158","14091","16091","10","1","13","c407c7c46","1791165810","1"
"2","bot_learned_evidence","222","575","user:void","0","0","1644188159","1","7","7","7","180","15972","17972","30","1","13","c407c7c46","1791165810","1"
"2","bot_learned_evidence","223","575","user:void","0","0","1610633467","1","7","7","0","213","17886","19886","40","1","13","c407c7c46","1791165810","1"
"2","bot_learned_evidence","224","575","user:void","0","0","1610633463","1","7","7","0","240","19734","21734","30","1","13","c407c7c46","1791165810","1"
"2","bot_learned_evidence","225","575","user:void","0","0","1644189939","1","7","7","7","267","21384","23384","-1","1","13","c407c7c46","1791165810","1"
"2","bot_learned_evidence","226","575","user:void","0","0","2013286899","1","7","7","0","312","24222","26222","0","1","13","c407c7c46","1791165810","3"
"2","bot_learned_evidence","227","575","user:void","0","0","1879052531","1","7","0","0","334","26136","28136","0","1","13","c407c7c46","1791165810","2"
"2","bot_learned_evidence","228","575","user:void","0","0","1610635507","7","7","7","7","341","26532","28532","0","1","13","c407c7c46","1791165810","1"
"2","bot_learned_evidence","229","575","user:void","0","0","1879052531","1","7","0","0","375","28545","30545","-1","1","13","c407c7c46","1791165810","2"
"2","bot_learned_evidence","230","575","user:void","0","0","1680085491","1","9","9","0","395","29964","31964","0","1","13","c407c7c46","1791165810","0"
"2","bot_learned_evidence","231","575","user:void","0","0","1644188147","1","7","7","7","406","36135","38135","0","1","13","c407c7c46","1791165810","1"
"2","bot_learned_evidence","232","575","user:void","0","0","1610633459","1","7","0","0","441","40788","40920","27","1","13","c407c7c46","1791165810","1"
"2","bot_learned_evidence","233","575","bot:/botfiles/hardds.jkb","1","3","1879057663","7","7","0","0","41","12738","14738","-11","0","13","c407c7c46","1791165810","2"
"2","bot_learned_evidence","234","575","bot:/botfiles/hardds.jkb","1","3","1912603903","7","7","0","0","57","14421","16421","-10","0","13","c407c7c46","1791165810","2"
"2","bot_learned_evidence","235","575","bot:/botfiles/hardds.jkb","1","3","1912612348","7","7","0","0","104","20361","22361","0","0","13","c407c7c46","1791165810","2"
"2","bot_learned_evidence","236","575","bot:/botfiles/hardds.jkb","1","3","1879057660","7","7","0","0","144","26466","28466","0","0","13","c407c7c46","1791165810","2"
"2","bot_learned_evidence","237","575","bot:/botfiles/hardds.jkb","1","3","1610630396","1","7","0","0","169","35409","37409","0","0","13","c407c7c46","1791165810","1"
"2","bot_learned_evidence","238","576","bot:/botfiles/hardds.jkb","1","3","1677795839","1","6","0","0","8","2904","4904","20","1","13","c407c7c46","1791165865","0"
"2","bot_learned_evidence","239","576","bot:/botfiles/hardds.jkb","1","3","1677796527","4","3","4","6","29","3795","5795","24","1","13","c407c7c46","1791165865","0"
"2","bot_learned_evidence","240","576","bot:/botfiles/hardds.jkb","1","3","1686185439","1","4","6","4","43","4719","6719","4","1","13","c407c7c46","1791165865","0"
"2","bot_learned_evidence","241","576","bot:/botfiles/hardds.jkb","1","3","1677795519","4","3","6","0","93","9537","11537","0","1","13","c407c7c46","1791165865","0"
"2","bot_learned_evidence","242","576","bot:/botfiles/hardds.jkb","1","3","1812005103","9","4","0","0","125","12837","14837","25","1","13","c407c7c46","1791165865","0"
"2","bot_learned_evidence","243","576","bot:/botfiles/hardds.jkb","1","3","1744912811","5","3","0","0","183","18117","20117","20","1","13","c407c7c46","1791165865","1"
"2","bot_learned_evidence","244","576","bot:/botfiles/hardds.jkb","1","3","1677787551","1","5","0","0","197","19437","21437","0","1","13","c407c7c46","1791165865","0"
"2","bot_learned_evidence","245","576","bot:/botfiles/hardds.jkb","1","3","2013331871","9","5","0","0","211","21747","23747","-20","1","13","c407c7c46","1791165865","2"
"2","bot_learned_evidence","246","576","bot:/botfiles/hardds.jkb","1","3","1812004959","9","9","0","0","220","22605","24605","0","1","13","c407c7c46","1791165865","0"
"2","bot_learned_evidence","247","576","bot:/botfiles/hardds.jkb","1","3","1812005023","5","5","0","0","227","23397","25397","-20","1","13","c407c7c46","1791165865","0"
"2","bot_learned_evidence","248","576","bot:/botfiles/hardds.jkb","1","3","1814102063","9","5","0","0","247","25641","27641","-20","1","13","c407c7c46","1791165865","0"
"2","bot_learned_evidence","249","576","bot:/botfiles/hardds.jkb","1","3","1610695039","1","5","0","0","277","29535","31535","-20","1","13","c407c7c46","1791165865","1"
"2","bot_learned_evidence","250","576","bot:/botfiles/hardds.jkb","1","3","1879130175","1","5","4","0","303","33957","35957","23","1","13","c407c7c46","1791165865","3"
"2","bot_learned_evidence","251","576","bot:/botfiles/hardds.jkb","1","3","1812005311","3","5","0","0","346","37719","39719","0","1","13","c407c7c46","1791165865","0"
"2","bot_learned_evidence","252","576","bot:/botfiles/hardds.jkb","1","3","1744912655","9","3","0","0","363","39237","41237","-10","1","13","c407c7c46","1791165865","1"
"2","bot_learned_evidence","253","576","bot:/botfiles/hardds.jkb","1","3","1744912495","9","5","0","0","371","40557","42557","-10","1","13","c407c7c46","1791165865","1"
"2","bot_learned_evidence","254","576","bot:/botfiles/hardds.jkb","1","3","1677787755","1","6","0","0","384","41514","43514","0","1","13","c407c7c46","1791165865","0"
"2","bot_learned_evidence","255","576","bot:/botfiles/hardds.jkb","1","3","1610696171","1","6","0","0","404","43197","45197","-20","1","13","c407c7c46","1791165865","1"
"2","bot_learned_evidence","256","576","bot:/botfiles/hardds.jkb","1","3","1610696159","5","3","0","0","413","43395","45395","-40","1","13","c407c7c46","1791165865","1"
"2","bot_learned_evidence","257","576","bot:/botfiles/hardds.jkb","1","3","1812006222","9","5","0","0","436","44253","46253","-20","1","13","c407c7c46","1791165865","0"
"2","bot_learned_evidence","258","576","bot:/botfiles/hardds.jkb","1","3","1814102382","9","5","0","0","450","45837","47837","20","1","13","c407c7c46","1791165865","0"
"2","bot_learned_evidence","259","576","bot:/botfiles/hardds.jkb","1","3","2013340063","9","4","0","0","471","48081","49863","40","1","13","c407c7c46","1791165865","2"
"2","bot_learned_evidence","260","576","user:void","0","0","1879136751","6","4","0","0","8","3168","5168","-20","0","13","c407c7c46","1791165865","3"
"2","bot_learned_evidence","261","576","user:void","0","0","1677793663","1","5","0","0","27","5742","7742","-2","0","13","c407c7c46","1791165865","0"
"2","bot_learned_evidence","262","576","user:void","0","0","1744914927","1","4","0","0","44","8943","10943","2","0","13","c407c7c46","1791165865","1"
"2","bot_learned_evidence","263","576","user:void","0","0","1610701311","1","7","7","7","56","11055","13055","17","0","13","c407c7c46","1791165865","1"
"2","bot_learned_evidence","264","576","user:void","0","0","1684078703","1","3","0","0","123","15048","17048","-42","0","13","c407c7c46","1791165865","0"
"2","bot_learned_evidence","265","576","user:void","0","0","1677787566","3","5","0","0","132","18117","20117","-20","0","13","c407c7c46","1791165865","0"
"2","bot_learned_evidence","266","576","user:void","0","0","2013331743","5","5","0","0","150","19965","21965","0","0","13","c407c7c46","1791165865","2"
"2","bot_learned_evidence","267","576","user:void","0","0","1677787503","1","9","0","0","159","21681","23681","20","0","13","c407c7c46","1791165865","0"
"2","bot_learned_evidence","268","576","user:void","0","0","1812004959","1","9","0","0","167","22572","24572","0","0","13","c407c7c46","1791165865","0"
"2","bot_learned_evidence","269","576","user:void","0","0","1812005295","9","5","0","0","170","23298","25298","0","0","13","c407c7c46","1791165865","0"
"2","bot_learned_evidence","270","576","user:void","0","0","1812004879","5","9","6","9","179","23727","25727","20","0","13","c407c7c46","1791165865","0"
"2","bot_learned_evidence","271","576","user:void","0","0","1812005135","5","7","9","0","220","26136","28136","20","0","13","c407c7c46","1791165865","0"
"2","bot_learned_evidence","272","576","user:void","0","0","1887502815","1","6","0","0","261","28413","30413","50","0","13","c407c7c46","1791165865","2"
"2","bot_learned_evidence","273","576","user:void","0","0","1677787279","5","9","0","0","291","29832","31832","20","0","13","c407c7c46","1791165865","0"
"2","bot_learned_evidence","274","576","user:void","0","0","1610695375","1","6","0","0","300","31548","33548","0","0","13","c407c7c46","1791165865","1"
"2","bot_learned_evidence","275","576","user:void","0","0","1812004959","1","3","3","0","371","36234","38234","20","0","13","c407c7c46","1791165865","0"
"2","bot_learned_evidence","276","576","user:void","0","0","1677787471","5","6","9","0","392","38115","40115","0","0","13","c407c7c46","1791165865","0"
"2","bot_learned_evidence","277","576","user:void","0","0","2013331535","3","7","9","0","422","39831","41831","10","0","13","c407c7c46","1791165865","2"
"2","bot_learned_evidence","278","576","user:void","0","0","1812005023","5","6","0","0","441","40689","42689","10","0","13","c407c7c46","1791165865","0"
"2","bot_learned_evidence","279","576","user:void","0","0","1812005534","6","9","0","0","468","41547","43547","0","0","13","c407c7c46","1791165865","0"
"2","bot_learned_evidence","280","576","user:void","0","0","1610699199","6","5","0","0","472","43329","45329","40","0","13","c407c7c46","1791165865","1"
"2","bot_learned_evidence","281","576","user:void","0","0","1812008987","3","9","0","0","490","43824","45824","20","0","13","c407c7c46","1791165865","0"
"2","bot_learned_evidence","282","576","user:void","0","0","1812009227","5","6","9","0","496","44583","46583","20","0","13","c407c7c46","1791165865","0"
"2","bot_learned_evidence","283","576","user:void","0","0","2013331807","1","7","9","0","536","47322","49322","-22","0","13","c407c7c46","1791165865","2"
"2","bot_learned_evidence","284","576","user:void","0","0","1812004974","1","3","0","0","556","49071","49863","-18","0","13","c407c7c46","1791165865","0"
"2","bot_learned_evidence","285","577","bot:/botfiles/hardds.jkb","1","3","1610703103","1","7","0","0","2","2343","4343","18","1","13","c407c7c46","1791165991","1"
"2","bot_learned_evidence","286","577","bot:/botfiles/hardds.jkb","1","3","1686177279","1","6","3","0","20","3498","5498","-7","1","13","c407c7c46","1791165991","0"
"2","bot_learned_evidence","287","577","bot:/botfiles/hardds.jkb","1","3","1677787647","1","6","0","0","63","5973","7973","50","1","13","c407c7c46","1791165991","0"
"2","bot_learned_evidence","288","577","bot:/botfiles/hardds.jkb","1","3","1610695071","5","4","0","0","103","8712","10712","24","1","13","c407c7c46","1791165991","1"
"2","bot_learned_evidence","289","577","bot:/botfiles/hardds.jkb","1","3","1686177259","1","6","3","0","167","14949","16949","24","1","13","c407c7c46","1791165991","0"
"2","bot_learned_evidence","290","577","bot:/botfiles/hardds.jkb","1","3","1678836203","1","6","0","0","201","17424","19424","-19","1","13","c407c7c46","1791165991","0"
"2","bot_learned_evidence","291","577","bot:/botfiles/hardds.jkb","1","3","1813053931","9","5","0","0","224","18546","20546","60","1","13","c407c7c46","1791165991","0"
"2","bot_learned_evidence","292","577","bot:/botfiles/hardds.jkb","1","3","1879121995","7","7","0","0","245","20262","22262","60","1","13","c407c7c46","1791165991","2"
"2","bot_learned_evidence","293","577","bot:/botfiles/hardds.jkb","1","3","1812005211","1","5","0","0","301","23232","25232","0","1","13","c407c7c46","1791165991","0"
"2","bot_learned_evidence","294","577","bot:/botfiles/hardds.jkb","1","3","1812005035","3","4","0","0","330","27588","29588","-5","1","13","c407c7c46","1791165991","0"
"2","bot_learned_evidence","295","577","user:void","0","0","1610696959","7","7","10","0","2","2475","4475","-15","0","13","c407c7c46","1791165991","1"
"2","bot_learned_evidence","296","577","user:void","0","0","1678840239","3","4","0","0","18","3828","5828","7","0","13","c407c7c46","1791165991","0"
"2","bot_learned_evidence","297","577","user:void","0","0","1744912895","6","7","7","7","49","6006","8006","-50","0","13","c407c7c46","1791165991","1"
"2","bot_learned_evidence","298","577","user:void","0","0","1677787199","1","3","0","0","112","10725","12725","-23","0","13","c407c7c46","1791165991","0"
"2","bot_learned_evidence","299","577","user:void","0","0","1812005182","1","3","5","7","120","11748","13748","0","0","13","c407c7c46","1791165991","0"
"2","bot_learned_evidence","300","577","user:void","0","0","1678840174","3","4","0","0","167","15345","17345","-24","0","13","c407c7c46","1791165991","0"
"2","bot_learned_evidence","301","577","user:void","0","0","1820393662","6","9","0","0","193","18018","20018","20","0","13","c407c7c46","1791165991","0"
"2","bot_learned_evidence","302","577","user:void","0","0","1677787502","5","5","0","0","206","18810","20810","-60","0","13","c407c7c46","1791165991","0"
"2","bot_learned_evidence","303","577","user:void","0","0","1610696734","1","7","0","0","224","20097","22097","-60","0","13","c407c7c46","1791165991","1"
"2","bot_learned_evidence","304","577","user:void","0","0","1610696734","7","7","5","3","231","20394","22394","-40","0","13","c407c7c46","1791165991","1"
"2","bot_learned_evidence","305","577","user:void","0","0","1744912734","5","7","0","0","278","23925","25925","0","0","13","c407c7c46","1791165991","1"
"2","bot_learned_evidence","306","577","user:void","0","0","1610695086","1","7","7","7","295","25047","27047","40","0","13","c407c7c46","1791165991","1"
"2","bot_learned_evidence","307","577","user:void","0","0","1812005038","4","3","0","0","350","27588","29588","5","0","13","c407c7c46","1791165991","0"
"2","bot_learned_evidence","308","577","user:void","0","0","1812005033","1","3","0","0","367","28875","30591","-61","0","13","c407c7c46","1791165991","0"
"2","bot_learned_evidence","309","577","user:void","0","0","1814102136","1","5","0","0","380","30525","30591","-38","0","13","c407c7c46","1791165991","0"
"2","bot_learned_evidence","310","578","bot:/botfiles/hardds.jkb","1","3","1812014527","4","3","5","0","7","3069","5069","0","1","13","c407c7c46","1791166012","0"
"2","bot_learned_evidence","311","578","bot:/botfiles/hardds.jkb","1","3","1677795759","7","6","0","0","33","4983","6983","10","1","13","c407c7c46","1791166012","0"
"2","bot_learned_evidence","312","578","bot:/botfiles/hardds.jkb","1","3","1677787631","6","6","0","0","59","6402","8402","-70","1","13","c407c7c46","1791166012","0"
"2","bot_learned_evidence","313","578","bot:/botfiles/hardds.jkb","1","3","1812005295","9","5","0","0","79","7029","9029","-50","1","13","c407c7c46","1791166012","0"
"2","bot_learned_evidence","314","578","bot:/botfiles/hardds.jkb","1","3","1812004895","9","7","3","0","92","7986","9986","0","1","13","c407c7c46","1791166012","0"
"2","bot_learned_evidence","315","578","bot:/botfiles/hardds.jkb","1","3","1711341994","7","6","0","0","119","9867","11867","50","1","13","c407c7c46","1791166012","0"
"2","bot_learned_evidence","316","578","bot:/botfiles/hardds.jkb","1","3","1677795818","7","5","0","0","142","10791","12791","50","1","13","c407c7c46","1791166012","0"
"2","bot_learned_evidence","317","578","bot:/botfiles/hardds.jkb","1","3","1677787543","6","6","0","0","160","12474","14474","20","1","13","c407c7c46","1791166012","0"
"2","bot_learned_evidence","318","578","bot:/botfiles/hardds.jkb","1","3","1677787539","6","6","0","0","184","13827","15827","-31","1","13","c407c7c46","1791166012","0"
"2","bot_learned_evidence","319","578","bot:/botfiles/hardds.jkb","1","3","1812005266","6","6","0","0","205","14850","16850","-1","1","13","c407c7c46","1791166012","0"
"2","bot_learned_evidence","320","578","bot:/botfiles/hardds.jkb","1","3","1812006050","9","4","0","0","236","17127","17919","20","1","13","c407c7c46","1791166012","0"
"2","bot_learned_evidence","321","578","user:void","0","0","1610684655","1","4","9","4","4","1848","3848","24","0","13","c407c7c46","1791166012","0"
"2","bot_learned_evidence","322","578","user:void","0","0","1610697119","5","7","7","0","35","4158","6158","-30","0","13","c407c7c46","1791166012","1"
"2","bot_learned_evidence","323","578","user:void","0","0","1744914863","6","7","7","6","55","5214","7214","-10","0","13","c407c7c46","1791166012","1"
"2","bot_learned_evidence","324","578","user:void","0","0","1744912559","6","3","9","3","89","6567","8567","70","0","13","c407c7c46","1791166012","1"
"2","bot_learned_evidence","325","578","user:void","0","0","1677787471","5","6","0","0","112","7425","9425","30","0","13","c407c7c46","1791166012","0"
"2","bot_learned_evidence","326","578","user:void","0","0","1812004943","7","9","0","0","128","7986","9986","0","0","13","c407c7c46","1791166012","0"
"2","bot_learned_evidence","327","578","user:void","0","0","1812005274","3","7","0","0","145","9273","11273","-30","0","13","c407c7c46","1791166012","0"
"2","bot_learned_evidence","328","578","user:void","0","0","1610699194","6","7","7","0","160","10230","12230","-50","0","13","c407c7c46","1791166012","1"
"2","bot_learned_evidence","329","578","user:void","0","0","1744914878","5","7","7","7","177","10824","12824","-50","0","13","c407c7c46","1791166012","1"
"2","bot_learned_evidence","330","578","user:void","0","0","1744916845","6","3","9","6","232","12540","14540","-20","0","13","c407c7c46","1791166012","1"
"2","bot_learned_evidence","331","578","user:void","0","0","1812267112","6","9","6","0","267","14487","16487","1","0","13","c407c7c46","1791166012","0"
"2","bot_learned_evidence","332","578","user:void","0","0","1610699176","1","6","9","0","293","16170","17919","-20","0","13","c407c7c46","1791166012","1"
"2","bot_learned_evidence","333","579","user:void","0","0","1812011519","1","7","7","0","5","2508","4508","-30","1","13","c407c7c46","1791166143","0"
"2","bot_learned_evidence","334","579","user:void","0","0","1610701311","6","7","7","7","20","3102","5102","-50","1","13","c407c7c46","1791166143","1"
"2","bot_learned_evidence","335","579","user:void","0","0","1677791342","4","4","9","4","69","6237","8237","24","1","13","c407c7c46","1791166143","0"
"2","bot_learned_evidence","336","579","user:void","0","0","1744917230","1","7","0","0","99","8415","10415","0","1","13","c407c7c46","1791166143","1"
"2","bot_learned_evidence","337","579","user:void","0","0","1812005374","3","5","0","0","113","9207","11207","10","1","13","c407c7c46","1791166143","0"
"2","bot_learned_evidence","338","579","user:void","0","0","1610699103","1","6","3","9","124","10263","12263","10","1","13","c407c7c46","1791166143","1"
"2","bot_learned_evidence","339","579","user:void","0","0","1677787278","5","9","0","0","175","12837","14837","-4","1","13","c407c7c46","1791166143","0"
"2","bot_learned_evidence","340","579","user:void","0","0","1814102046","1","3","0","0","195","15015","17015","10","1","13","c407c7c46","1791166143","0"
"2","bot_learned_evidence","341","579","user:void","0","0","2013333534","5","7","7","5","207","16137","18137","10","1","13","c407c7c46","1791166143","2"
"2","bot_learned_evidence","342","579","user:void","0","0","1611727294","5","5","0","0","291","20460","22460","0","1","13","c407c7c46","1791166143","0"
"2","bot_learned_evidence","343","579","user:void","0","0","1610695022","1","5","0","0","303","22407","24407","0","1","13","c407c7c46","1791166143","1"
"2","bot_learned_evidence","344","579","user:void","0","0","1746993438","1","3","9","5","314","23265","25265","40","1","13","c407c7c46","1791166143","0"
"2","bot_learned_evidence","345","579","user:void","0","0","1812004891","5","9","5","0","343","26268","28268","0","1","13","c407c7c46","1791166143","0"
"2","bot_learned_evidence","346","579","user:void","0","0","1677787163","5","5","0","0","359","28776","30776","20","1","13","c407c7c46","1791166143","0"
"2","bot_learned_evidence","347","579","user:void","0","0","1677787163","1","9","0","0","367","30030","32030","20","1","13","c407c7c46","1791166143","0"
"2","bot_learned_evidence","348","579","user:void","0","0","1744912747","5","5","0","0","376","31185","33185","0","1","13","c407c7c46","1791166143","1"
"2","bot_learned_evidence","349","579","user:void","0","0","1610695019","1","5","3","0","386","33066","35066","20","1","13","c407c7c46","1791166143","1"
"2","bot_learned_evidence","350","579","user:void","0","0","1619083623","1","5","0","0","402","35079","37079","0","1","13","c407c7c46","1791166143","1"
"2","bot_learned_evidence","351","579","user:void","0","0","1879130411","5","5","3","9","414","36762","38762","20","1","13","c407c7c46","1791166143","3"
"2","bot_learned_evidence","352","579","user:void","0","0","1686176087","1","5","3","9","427","38478","40478","20","1","13","c407c7c46","1791166143","0"
"2","bot_learned_evidence","353","579","user:void","0","0","1677787799","1","9","0","0","453","41943","43943","-20","1","13","c407c7c46","1791166143","0"
"2","bot_learned_evidence","354","579","user:void","0","0","1677787783","3","6","0","0","454","42405","44405","-20","1","13","c407c7c46","1791166143","0"
"2","bot_learned_evidence","355","579","user:void","0","0","1812004998","5","9","7","7","486","43791","45791","10","1","13","c407c7c46","1791166143","0"
"2","bot_learned_evidence","356","579","user:void","0","0","1677787586","3","6","0","0","528","47817","48213","21","1","13","c407c7c46","1791166143","0"
"2","bot_learned_evidence","357","579","bot:/botfiles/hardds.jkb","1","3","1677795839","7","6","0","0","8","2871","4871","50","0","13","c407c7c46","1791166143","0"
"2","bot_learned_evidence","358","579","bot:/botfiles/hardds.jkb","1","3","1610696191","1","6","4","0","42","5544","7544","8","0","13","c407c7c46","1791166143","1"
"2","bot_learned_evidence","359","579","bot:/botfiles/hardds.jkb","1","3","1677788923","7","3","0","0","77","8613","10613","-30","0","13","c407c7c46","1791166143","0"
"2","bot_learned_evidence","360","579","bot:/botfiles/hardds.jkb","1","3","1812005355","5","6","0","0","84","9339","11339","-10","0","13","c407c7c46","1791166143","0"
"2","bot_learned_evidence","361","579","bot:/botfiles/hardds.jkb","1","3","1677787451","1","5","0","0","130","12375","14375","-16","0","13","c407c7c46","1791166143","0"
"2","bot_learned_evidence","362","579","bot:/botfiles/hardds.jkb","1","3","1812005147","9","4","0","0","145","13233","15233","24","0","13","c407c7c46","1791166143","0"
"2","bot_learned_evidence","363","579","bot:/botfiles/hardds.jkb","1","3","1812005019","1","5","0","0","179","15807","17807","-10","0","13","c407c7c46","1791166143","0"
"2","bot_learned_evidence","364","579","bot:/botfiles/hardds.jkb","1","3","1686176247","1","5","0","0","224","20295","22295","0","0","13","c407c7c46","1791166143","0"
"2","bot_learned_evidence","365","579","bot:/botfiles/hardds.jkb","1","3","1879114123","5","3","0","0","241","22473","24473","0","0","13","c407c7c46","1791166143","2"
"2","bot_learned_evidence","366","579","bot:/botfiles/hardds.jkb","1","3","1677787214","1","5","0","0","276","26103","28103","-20","0","13","c407c7c46","1791166143","0"
"2","bot_learned_evidence","367","579","bot:/botfiles/hardds.jkb","1","3","1610678350","1","5","0","0","292","28281","30281","-20","0","13","c407c7c46","1791166143","0"
"2","bot_learned_evidence","368","579","bot:/botfiles/hardds.jkb","1","3","1812005213","9","7","5","0","301","30228","32228","0","0","13","c407c7c46","1791166143","0"
"2","bot_learned_evidence","369","579","bot:/botfiles/hardds.jkb","1","3","1879114141","1","5","0","0","359","36663","38663","-20","0","13","c407c7c46","1791166143","2"
"2","bot_learned_evidence","370","579","bot:/botfiles/hardds.jkb","1","3","1812004941","9","2","0","0","390","40029","42029","0","0","13","c407c7c46","1791166143","0"
"2","bot_learned_evidence","371","579","bot:/botfiles/hardds.jkb","1","3","1744913005","9","3","0","0","397","42207","44207","20","0","13","c407c7c46","1791166143","1"
"2","bot_learned_evidence","372","579","bot:/botfiles/hardds.jkb","1","3","1879114045","1","5","0","0","400","43428","45428","-10","0","13","c407c7c46","1791166143","2"
"2","bot_learned_evidence","373","579","bot:/botfiles/hardds.jkb","1","3","1744912440","9","5","0","0","418","46035","48035","-20","0","13","c407c7c46","1791166143","1"
"2","bot_learned_evidence","374","579","bot:/botfiles/hardds.jkb","1","3","2013331832","1","3","0","0","430","47751","48213","-21","0","13","c407c7c46","1791166143","2"
"2","bot_learned_evidence","375","580","bot:/botfiles/hardds.jkb","1","3","1677795519","4","2","0","0","10","3135","5135","-9","1","13","c407c7c46","1791166214","0"
"2","bot_learned_evidence","376","580","bot:/botfiles/hardds.jkb","1","3","1812013311","5","2","0","0","14","3828","5828","-7","1","13","c407c7c46","1791166214","0"
"2","bot_learned_evidence","377","580","bot:/botfiles/hardds.jkb","1","3","1677795567","7","4","0","0","23","4587","6587","-6","1","13","c407c7c46","1791166214","0"
"2","bot_learned_evidence","378","580","bot:/botfiles/hardds.jkb","1","3","1686177247","1","4","6","4","63","8547","10547","23","1","13","c407c7c46","1791166214","0"
"2","bot_learned_evidence","379","580","bot:/botfiles/hardds.jkb","1","3","1677788559","1","5","0","0","114","11055","13055","0","1","13","c407c7c46","1791166214","0"
"2","bot_learned_evidence","380","580","bot:/botfiles/hardds.jkb","1","3","1912669679","7","6","0","0","120","12870","14870","32","1","13","c407c7c46","1791166214","2"
"2","bot_learned_evidence","381","580","bot:/botfiles/hardds.jkb","1","3","1610696159","1","4","0","0","144","14289","16289","24","1","13","c407c7c46","1791166214","1"
"2","bot_learned_evidence","382","580","bot:/botfiles/hardds.jkb","1","3","2021737935","3","3","0","0","177","17061","19061","20","1","13","c407c7c46","1791166214","3"
"2","bot_learned_evidence","383","580","bot:/botfiles/hardds.jkb","1","3","1686177243","1","6","0","0","189","18084","20084","0","1","13","c407c7c46","1791166214","0"
"2","bot_learned_evidence","384","580","bot:/botfiles/hardds.jkb","1","3","1744897487","1","3","0","0","227","20955","22955","-20","1","13","c407c7c46","1791166214","0"
"2","bot_learned_evidence","385","580","bot:/botfiles/hardds.jkb","1","3","1677788383","5","5","0","0","234","21747","23747","-20","1","13","c407c7c46","1791166214","0"
"2","bot_learned_evidence","386","580","bot:/botfiles/hardds.jkb","1","3","1744912879","5","5","0","0","251","23463","25463","-20","1","13","c407c7c46","1791166214","1"
"2","bot_learned_evidence","387","580","bot:/botfiles/hardds.jkb","1","3","1812004879","9","7","0","0","266","24288","26288","0","1","13","c407c7c46","1791166214","0"
"2","bot_learned_evidence","388","580","bot:/botfiles/hardds.jkb","1","3","1879122415","7","5","0","0","286","26235","28235","-20","1","13","c407c7c46","1791166214","2"
"2","bot_learned_evidence","389","580","bot:/botfiles/hardds.jkb","1","3","1744912831","6","5","0","0","309","28677","30677","-50","1","13","c407c7c46","1791166214","1"
"2","bot_learned_evidence","390","580","bot:/botfiles/hardds.jkb","1","3","2013331727","3","3","0","0","327","29535","31535","0","1","13","c407c7c46","1791166214","2"
"2","bot_learned_evidence","391","580","bot:/botfiles/hardds.jkb","1","3","1879113983","1","7","0","0","349","33000","35000","48","1","13","c407c7c46","1791166214","2"
"2","bot_learned_evidence","392","580","bot:/botfiles/hardds.jkb","1","3","1677787327","4","3","6","0","365","33693","35693","30","1","13","c407c7c46","1791166214","0"
"2","bot_learned_evidence","393","580","bot:/botfiles/hardds.jkb","1","3","1845559803","9","5","0","0","397","35871","37871","-20","1","13","c407c7c46","1791166214","0"
"2","bot_learned_evidence","394","580","bot:/botfiles/hardds.jkb","1","3","1610694747","3","6","0","0","413","36630","38630","10","1","13","c407c7c46","1791166214","1"
"2","bot_learned_evidence","395","580","bot:/botfiles/hardds.jkb","1","3","1677787626","2","5","0","0","442","38709","40709","-50","1","13","c407c7c46","1791166214","0"
"2","bot_learned_evidence","396","580","bot:/botfiles/hardds.jkb","1","3","1812005210","6","6","0","0","457","39897","41897","-30","1","13","c407c7c46","1791166214","0"
"2","bot_learned_evidence","397","580","bot:/botfiles/hardds.jkb","1","3","1744913434","6","5","0","0","480","40887","42887","-21","1","13","c407c7c46","1791166214","1"
"2","bot_learned_evidence","398","580","bot:/botfiles/hardds.jkb","1","3","1677787178","6","5","3","0","490","42537","44537","-1","1","13","c407c7c46","1791166214","0"
"2","bot_learned_evidence","399","580","bot:/botfiles/hardds.jkb","1","3","1686176102","1","5","0","0","509","44517","46517","0","1","13","c407c7c46","1791166214","0"
"2","bot_learned_evidence","400","580","bot:/botfiles/hardds.jkb","1","3","1610703110","1","3","0","0","522","45771","47771","0","1","13","c407c7c46","1791166214","1"
"2","bot_learned_evidence","401","580","bot:/botfiles/hardds.jkb","1","3","1677795990","7","6","0","0","537","46992","48992","20","1","13","c407c7c46","1791166214","0"
"2","bot_learned_evidence","402","580","bot:/botfiles/hardds.jkb","1","3","1812005334","9","6","0","0","591","50985","52985","1","1","13","c407c7c46","1791166214","0"
"2","bot_learned_evidence","403","580","bot:/botfiles/hardds.jkb","1","3","1744913878","5","3","0","0","601","51249","53249","1","1","13","c407c7c46","1791166214","1"
"2","bot_learned_evidence","404","580","bot:/botfiles/hardds.jkb","1","3","2013348074","9","7","3","0","641","54351","56351","-10","1","13","c407c7c46","1791166214","3"
"2","bot_learned_evidence","405","580","bot:/botfiles/hardds.jkb","1","3","1814364409","9","5","0","0","679","56595","58595","-20","1","13","c407c7c46","1791166214","0"
"2","bot_learned_evidence","406","580","bot:/botfiles/hardds.jkb","1","3","1677787402","1","6","0","0","707","58146","60146","10","1","13","c407c7c46","1791166214","0"
"2","bot_learned_evidence","407","580","bot:/botfiles/hardds.jkb","1","3","2013332897","3","5","0","0","753","60951","62951","0","1","13","c407c7c46","1791166214","2"
"2","bot_learned_evidence","408","580","bot:/botfiles/hardds.jkb","1","3","1610694929","1","3","0","0","774","62601","64601","-22","1","13","c407c7c46","1791166214","1"
"2","bot_learned_evidence","409","580","bot:/botfiles/hardds.jkb","1","3","1812004881","3","5","3","0","785","63393","65393","19","1","13","c407c7c46","1791166214","0"
"2","bot_learned_evidence","410","580","bot:/botfiles/hardds.jkb","1","3","1686176082","1","5","0","0","812","65637","67637","1","1","13","c407c7c46","1791166214","0"
"2","bot_learned_evidence","411","580","bot:/botfiles/hardds.jkb","1","3","1879130210","1","5","0","0","826","67419","68508","18","1","13","c407c7c46","1791166214","3"
"2","bot_learned_evidence","412","580","bot:/botfiles/hardds.jkb","1","3","1610694914","1","3","0","0","836","68343","68508","18","1","13","c407c7c46","1791166214","1"
"2","bot_learned_evidence","413","580","user:void","0","0","1744914671","1","4","0","0","9","2937","4937","1","0","13","c407c7c46","1791166214","1"
"2","bot_learned_evidence","414","580","user:void","0","0","1812007167","2","9","5","0","12","3333","5333","9","0","13","c407c7c46","1791166214","0"
"2","bot_learned_evidence","415","580","user:void","0","0","1744914687","1","7","0","0","24","4554","6554","6","0","13","c407c7c46","1791166214","1"
"2","bot_learned_evidence","416","580","user:void","0","0","1677789375","1","3","0","0","43","6171","8171","-20","0","13","c407c7c46","1791166214","0"
"2","bot_learned_evidence","417","580","user:void","0","0","2013350143","1","7","7","10","50","7326","9326","-22","0","13","c407c7c46","1791166214","3"
"2","bot_learned_evidence","418","580","user:void","0","0","1678839935","4","5","0","0","70","8877","10877","-21","0","13","c407c7c46","1791166214","0"
"2","bot_learned_evidence","419","580","user:void","0","0","1677791263","1","3","0","0","91","10065","12065","-19","0","13","c407c7c46","1791166214","0"
"2","bot_learned_evidence","420","580","user:void","0","0","1610697071","5","7","7","7","104","11748","13748","-30","0","13","c407c7c46","1791166214","1"
"2","bot_learned_evidence","421","580","user:void","0","0","1677791359","4","5","10","0","138","14652","16652","-22","0","13","c407c7c46","1791166214","0"
"2","bot_learned_evidence","422","580","user:void","0","0","1815154735","1","3","0","0","156","16434","18434","-20","0","13","c407c7c46","1791166214","0"
"2","bot_learned_evidence","423","580","user:void","0","0","1879118206","1","5","0","0","169","19173","21173","20","0","13","c407c7c46","1791166214","2"
"2","bot_learned_evidence","424","580","user:void","0","0","1879134335","3","5","0","0","188","21615","23615","20","0","13","c407c7c46","1791166214","3"
"2","bot_learned_evidence","425","580","user:void","0","0","1814102127","1","9","0","0","200","22704","24704","20","0","13","c407c7c46","1791166214","0"
"2","bot_learned_evidence","426","580","user:void","0","0","1677787567","5","5","9","0","206","23463","25463","20","0","13","c407c7c46","1791166214","0"
"2","bot_learned_evidence","427","580","user:void","0","0","1610697071","1","7","7","7","225","25410","27410","0","0","13","c407c7c46","1791166214","1"
"2","bot_learned_evidence","428","580","user:void","0","0","1610697151","5","7","7","7","249","26301","28301","20","0","13","c407c7c46","1791166214","1"
"2","bot_learned_evidence","429","580","user:void","0","0","1812005279","5","3","9","3","319","28710","30710","50","0","13","c407c7c46","1791166214","0"
"2","bot_learned_evidence","430","580","user:void","0","0","1610696719","3","7","7","7","345","29997","31997","0","0","13","c407c7c46","1791166214","1"
"2","bot_learned_evidence","431","580","user:void","0","0","1912684783","7","4","0","0","405","33330","35330","-48","0","13","c407c7c46","1791166214","3"
"2","bot_learned_evidence","432","580","user:void","0","0","1744914943","6","7","7","9","415","34716","36716","20","0","13","c407c7c46","1791166214","1"
"2","bot_learned_evidence","433","580","user:void","0","0","1677787550","5","6","3","0","460","36201","38201","20","0","13","c407c7c46","1791166214","0"
"2","bot_learned_evidence","434","580","user:void","0","0","1812004958","6","9","0","0","477","36729","38729","-10","0","13","c407c7c46","1791166214","0"
"2","bot_learned_evidence","435","580","user:void","0","0","1744912826","5","2","9","6","495","38709","40709","50","0","13","c407c7c46","1791166214","1"
"2","bot_learned_evidence","436","580","user:void","0","0","1677791318","1","9","0","0","526","40623","42623","0","0","13","c407c7c46","1791166214","0"
"2","bot_learned_evidence","437","580","user:void","0","0","1677791306","5","6","0","0","528","40887","42887","21","0","13","c407c7c46","1791166214","0"
"2","bot_learned_evidence","438","580","user:void","0","0","1744912522","1","6","0","0","558","42471","44471","1","0","13","c407c7c46","1791166214","1"
"2","bot_learned_evidence","439","580","user:void","0","0","1814104073","3","7","7","7","606","45870","47870","0","0","13","c407c7c46","1791166214","0"
"2","bot_learned_evidence","440","580","user:void","0","0","1744914793","6","7","7","7","642","47289","49289","-20","0","13","c407c7c46","1791166214","1"
"2","bot_learned_evidence","441","580","user:void","0","0","1812005241","6","9","0","0","688","50985","52985","-1","0","13","c407c7c46","1791166214","0"
"2","bot_learned_evidence","442","580","user:void","0","0","1812009273","3","5","0","0","689","51249","53249","-1","0","13","c407c7c46","1791166214","0"
"2","bot_learned_evidence","443","580","user:void","0","0","1812004970","1","9","0","0","703","52470","54470","0","0","13","c407c7c46","1791166214","0"
"2","bot_learned_evidence","444","580","user:void","0","0","2013331898","1","5","9","0","707","53493","55493","-20","0","13","c407c7c46","1791166214","2"
"2","bot_learned_evidence","445","580","user:void","0","0","1814102202","3","6","3","9","721","55374","57374","50","0","13","c407c7c46","1791166214","0"
"2","bot_learned_evidence","446","580","user:void","0","0","1610698778","6","7","7","7","766","58773","60773","10","0","13","c407c7c46","1791166214","1"
"2","bot_learned_evidence","447","580","user:void","0","0","1812009284","5","3","0","0","837","61347","63347","1","0","13","c407c7c46","1791166214","0"
"2","bot_learned_evidence","448","580","user:void","0","0","1744912452","3","3","0","0","850","63228","65228","2","0","13","c407c7c46","1791166214","1"
"2","bot_learned_evidence","449","580","user:void","0","0","1744912388","3","7","7","10","867","64383","66383","-20","0","13","c407c7c46","1791166214","1"
"2","bot_learned_evidence","450","580","user:void","0","0","1677787208","1","9","0","0","898","66693","68508","-19","0","13","c407c7c46","1791166214","0"
"2","bot_learned_evidence","451","580","user:void","0","0","1879113880","5","5","0","0","904","67485","68508","-18","0","13","c407c7c46","1791166214","2"
"2","bot_learned_evidence","452","581","user:void","0","0","1610946815","1","5","0","0","15","4554","6554","-21","1","13","c407c7c46","1791166262","0"
"2","bot_learned_evidence","453","581","user:void","0","0","1812007279","4","4","9","4","30","6402","8402","-7","1","13","c407c7c46","1791166262","0"
"2","bot_learned_evidence","454","581","user:void","0","0","2013333758","1","7","0","0","58","8415","10415","20","1","13","c407c7c46","1791166262","2"
"2","bot_learned_evidence","455","581","user:void","0","0","1812007422","2","7","6","3","67","8712","10712","20","1","13","c407c7c46","1791166262","0"
"2","bot_learned_evidence","456","581","user:void","0","0","1879117997","3","6","0","0","111","10626","12626","16","1","13","c407c7c46","1791166262","2"
"2","bot_learned_evidence","457","581","user:void","0","0","1812009053","4","3","3","0","125","11187","13187","18","1","13","c407c7c46","1791166262","0"
"2","bot_learned_evidence","458","581","user:void","0","0","1677791513","5","5","0","0","137","12804","14804","0","1","13","c407c7c46","1791166262","0"
"2","bot_learned_evidence","459","581","user:void","0","0","1744914714","1","7","9","7","148","14058","16058","0","1","13","c407c7c46","1791166262","1"
"2","bot_learned_evidence","460","581","user:void","0","0","1677789690","2","7","7","6","197","16104","18104","10","1","13","c407c7c46","1791166262","0"
"2","bot_learned_evidence","461","581","user:void","0","0","1677787529","5","9","7","7","269","18744","20744","30","1","13","c407c7c46","1791166262","0"
"2","bot_learned_evidence","462","581","user:void","0","0","1744912521","5","7","7","6","326","21252","23252","8","1","13","c407c7c46","1791166262","1"
"2","bot_learned_evidence","463","581","user:void","0","0","1812004932","1","3","0","0","377","23958","25958","0","1","13","c407c7c46","1791166262","0"
"2","bot_learned_evidence","464","581","user:void","0","0","1879114120","1","5","0","0","391","26037","28037","20","1","13","c407c7c46","1791166262","2"
"2","bot_learned_evidence","465","581","user:void","0","0","1677787208","5","9","0","0","398","26301","28301","20","1","13","c407c7c46","1791166262","0"
"2","bot_learned_evidence","466","581","user:void","0","0","2013331780","6","2","9","5","405","27852","29852","0","1","13","c407c7c46","1791166262","2"
"2","bot_learned_evidence","467","581","user:void","0","0","1814102037","1","9","0","0","425","30525","32525","0","1","13","c407c7c46","1791166262","0"
"2","bot_learned_evidence","468","581","user:void","0","0","1812005141","5","5","0","0","432","31284","33284","0","1","13","c407c7c46","1791166262","0"
"2","bot_learned_evidence","469","581","user:void","0","0","1610694677","1","7","9","0","443","32439","34439","20","1","13","c407c7c46","1791166262","1"
"2","bot_learned_evidence","470","581","user:void","0","0","1677787433","5","5","9","0","468","34155","36155","-1","1","13","c407c7c46","1791166262","0"
"2","bot_learned_evidence","471","581","user:void","0","0","1677787242","7","5","7","7","484","36036","38036","-20","1","13","c407c7c46","1791166262","0"
"2","bot_learned_evidence","472","581","user:void","0","0","1744896346","1","6","3","9","524","38115","40115","40","1","13","c407c7c46","1791166262","0"
"2","bot_learned_evidence","473","581","user:void","0","0","1610698769","3","6","0","0","555","39534","41534","10","1","13","c407c7c46","1791166262","1"
"2","bot_learned_evidence","474","581","user:void","0","0","1812009056","1","9","5","0","576","41019","43019","20","1","13","c407c7c46","1791166262","0"
"2","bot_learned_evidence","475","581","user:void","0","0","1744912641","1","3","9","3","591","42504","44220","28","1","13","c407c7c46","1791166262","1"
"2","bot_learned_evidence","476","581","bot:/botfiles/hardds.jkb","1","3","1686185471","1","6","3","0","9","2904","4904","30","0","13","c407c7c46","1791166262","0"
"2","bot_learned_evidence","477","581","bot:/botfiles/hardds.jkb","1","3","1677795807","1","4","6","0","50","6369","8369","9","0","13","c407c7c46","1791166262","0"
"2","bot_learned_evidence","478","581","bot:/botfiles/hardds.jkb","1","3","1677795579","7","2","0","0","72","8613","10613","-20","0","13","c407c7c46","1791166262","0"
"2","bot_learned_evidence","479","581","bot:/botfiles/hardds.jkb","1","3","1812005307","3","6","3","0","85","9999","11999","32","0","13","c407c7c46","1791166262","0"
"2","bot_learned_evidence","480","581","bot:/botfiles/hardds.jkb","1","3","1677788311","6","4","0","0","115","11055","13055","-16","0","13","c407c7c46","1791166262","0"
"2","bot_learned_evidence","481","581","bot:/botfiles/hardds.jkb","1","3","1812006294","3","5","0","0","128","12375","14375","0","0","13","c407c7c46","1791166262","0"
"2","bot_learned_evidence","482","581","bot:/botfiles/hardds.jkb","1","3","1879122410","7","2","0","0","151","15939","17939","-10","0","13","c407c7c46","1791166262","2"
"2","bot_learned_evidence","483","581","bot:/botfiles/hardds.jkb","1","3","1677787509","6","5","0","0","167","18414","20414","0","0","13","c407c7c46","1791166262","0"
"2","bot_learned_evidence","484","581","bot:/botfiles/hardds.jkb","1","3","1677787430","6","5","0","0","196","21087","23087","-8","0","13","c407c7c46","1791166262","0"
"2","bot_learned_evidence","485","581","bot:/botfiles/hardds.jkb","1","3","1610694950","6","4","0","0","208","22473","24473","-6","0","13","c407c7c46","1791166262","1"
"2","bot_learned_evidence","486","581","bot:/botfiles/hardds.jkb","1","3","1812005153","3","5","0","0","232","24255","26255","0","0","13","c407c7c46","1791166262","0"
"2","bot_learned_evidence","487","581","bot:/botfiles/hardds.jkb","1","3","1610694946","5","5","0","0","245","26103","28103","-20","0","13","c407c7c46","1791166262","1"
"2","bot_learned_evidence","488","581","bot:/botfiles/hardds.jkb","1","3","1610695953","1","6","0","0","261","27687","29687","0","0","13","c407c7c46","1791166262","1"
"2","bot_learned_evidence","489","581","bot:/botfiles/hardds.jkb","1","3","1744912977","5","3","0","0","284","29139","31139","-20","0","13","c407c7c46","1791166262","1"
"2","bot_learned_evidence","490","581","bot:/botfiles/hardds.jkb","1","3","1812267077","9","9","5","0","300","30558","32558","0","0","13","c407c7c46","1791166262","0"
"2","bot_learned_evidence","491","581","bot:/botfiles/hardds.jkb","1","3","1812005349","9","5","0","0","327","33825","35825","1","0","13","c407c7c46","1791166262","0"
"2","bot_learned_evidence","492","581","bot:/botfiles/hardds.jkb","1","3","2013347994","1","7","0","0","350","36003","38003","20","0","13","c407c7c46","1791166262","3"
"2","bot_learned_evidence","493","581","bot:/botfiles/hardds.jkb","1","3","1879121994","7","7","0","0","375","37356","39356","10","0","13","c407c7c46","1791166262","2"
"2","bot_learned_evidence","494","581","bot:/botfiles/hardds.jkb","1","3","1812004884","3","6","3","0","415","38709","40709","20","0","13","c407c7c46","1791166262","0"
"2","bot_learned_evidence","495","581","bot:/botfiles/hardds.jkb","1","3","1610679380","6","5","0","0","443","39831","41831","20","0","13","c407c7c46","1791166262","0"
"2","bot_learned_evidence","496","581","bot:/botfiles/hardds.jkb","1","3","1812005264","5","5","0","0","458","41547","43547","-20","0","13","c407c7c46","1791166262","0"
"2","bot_learned_evidence","497","581","bot:/botfiles/hardds.jkb","1","3","1812005124","3","5","0","0","474","43197","44220","-8","0","13","c407c7c46","1791166262","0"
"2","bot_learned_evidence","498","582","user:void","0","0","1678842287","3","4","0","0","11","3234","5234","-23","1","13","c407c7c46","1791166291","0"
"2","bot_learned_evidence","499","582","user:void","0","0","2013354239","1","7","0","0","41","5346","7346","51","1","13","c407c7c46","1791166291","3"
"2","bot_learned_evidence","500","582","user:void","0","0","1610684591","5","7","9","6","56","5643","7643","51","1","13","c407c7c46","1791166291","0"
"2","bot_learned_evidence","501","582","user:void","0","0","1812004943","6","3","9","3","82","6600","8600","81","1","13","c407c7c46","1791166291","0"
"2","bot_learned_evidence","502","582","user:void","0","0","1686176207","1","6","9","0","105","7755","9755","30","1","13","c407c7c46","1791166291","0"
"2","bot_learned_evidence","503","582","user:void","0","0","1812007311","5","8","0","0","140","9174","11174","-22","1","13","c407c7c46","1791166291","0"
"2","bot_learned_evidence","504","582","user:void","0","0","1812005071","1","9","6","0","163","10230","12230","6","1","13","c407c7c46","1791166291","0"
"2","bot_learned_evidence","505","582","user:void","0","0","1744912522","1","3","0","0","191","12210","14210","-30","1","13","c407c7c46","1791166291","1"
"2","bot_learned_evidence","506","582","user:void","0","0","1744912794","6","7","7","9","198","13134","15134","-50","1","13","c407c7c46","1791166291","1"
"2","bot_learned_evidence","507","582","user:void","0","0","1812011369","3","7","7","0","237","15015","17015","20","1","13","c407c7c46","1791166291","0"
"2","bot_learned_evidence","508","582","user:void","0","0","1879119993","6","7","9","5","257","15873","17873","40","1","13","c407c7c46","1791166291","2"
"2","bot_learned_evidence","509","582","user:void","0","0","1820659734","5","9","6","3","302","17820","19820","30","1","13","c407c7c46","1791166291","0"
"2","bot_learned_evidence","510","582","user:void","0","0","1686180118","1","6","3","0","306","18645","20645","30","1","13","c407c7c46","1791166291","0"
"2","bot_learned_evidence","511","582","user:void","0","0","2013347990","1","7","7","9","338","19965","21965","0","1","13","c407c7c46","1791166291","3"
"2","bot_learned_evidence","512","582","user:void","0","0","1677787366","5","6","0","0","371","21417","23417","49","1","13","c407c7c46","1791166291","0"
"2","bot_learned_evidence","513","582","user:void","0","0","1744912486","1","7","7","9","409","22935","24935","19","1","13","c407c7c46","1791166291","1"
"2","bot_learned_evidence","514","582","user:void","0","0","1677787874","1","9","0","0","468","25377","26565","18","1","13","c407c7c46","1791166291","0"
"2","bot_learned_evidence","515","582","user:void","0","0","1677787874","3","6","3","0","469","25773","26565","18","1","13","c407c7c46","1791166291","0"
"2","bot_learned_evidence","516","582","bot:/botfiles/hardds.jkb","1","3","1686185471","1","6","3","0","8","2904","4904","23","0","13","c407c7c46","1791166291","0"
"2","bot_learned_evidence","517","582","bot:/botfiles/hardds.jkb","1","3","1677796607","7","5","0","0","47","5379","7379","-51","0","13","c407c7c46","1791166291","0"
"2","bot_learned_evidence","518","582","bot:/botfiles/hardds.jkb","1","3","1812005983","6","6","0","0","63","6501","8501","-81","0","13","c407c7c46","1791166291","0"
"2","bot_learned_evidence","519","582","bot:/botfiles/hardds.jkb","1","3","1812005182","9","5","0","0","87","8877","10877","20","0","13","c407c7c46","1791166291","0"
"2","bot_learned_evidence","520","582","bot:/botfiles/hardds.jkb","1","3","1677787439","6","4","0","0","104","10989","12989","-6","0","13","c407c7c46","1791166291","0"
"2","bot_learned_evidence","521","582","bot:/botfiles/hardds.jkb","1","3","1677787498","3","6","0","0","129","12837","14837","50","0","13","c407c7c46","1791166291","0"
"2","bot_learned_evidence","522","582","bot:/botfiles/hardds.jkb","1","3","1744921946","5","3","0","0","153","14487","16487","0","0","13","c407c7c46","1791166291","1"
"2","bot_learned_evidence","523","582","bot:/botfiles/hardds.jkb","1","3","1677795734","7","6","0","0","162","15543","17543","-20","0","13","c407c7c46","1791166291","0"
"2","bot_learned_evidence","524","582","bot:/botfiles/hardds.jkb","1","3","1744913894","5","5","0","0","189","17127","19127","-50","0","13","c407c7c46","1791166291","1"
"2","bot_learned_evidence","525","582","bot:/botfiles/hardds.jkb","1","3","2013331641","6","5","0","0","234","21417","23417","-49","0","13","c407c7c46","1791166291","2"
"2","bot_learned_evidence","526","582","bot:/botfiles/hardds.jkb","1","3","2013331880","6","2","0","0","270","24321","26321","0","0","13","c407c7c46","1791166291","2"
"2","bot_learned_evidence","527","582","bot:/botfiles/hardds.jkb","1","3","1744913144","9","3","0","0","273","25641","26565","-18","0","13","c407c7c46","1791166291","1"
"2","bot_learned_evidence","528","582","bot:/botfiles/hardds.jkb","1","3","1677787512","3","6","5","0","279","26367","26565","-18","0","13","c407c7c46","1791166291","0"
"2","bot_learned_evidence","529","583","user:void","0","0","1678842287","3","4","0","0","12","3234","5234","-23","1","13","c407c7c46","1791166314","0"
"2","bot_learned_evidence","530","583","user:void","0","0","1753307375","1","7","10","0","37","5280","7280","-20","1","13","c407c7c46","1791166314","1"
"2","bot_learned_evidence","531","583","user:void","0","0","1611731375","5","5","0","0","60","6600","8600","-30","1","13","c407c7c46","1791166314","0"
"2","bot_learned_evidence","532","583","user:void","0","0","2013348191","6","6","0","0","72","8382","10382","0","1","13","c407c7c46","1791166314","3"
"2","bot_learned_evidence","533","583","user:void","0","0","1677791407","1","9","5","0","90","9471","11471","0","1","13","c407c7c46","1791166314","0"
"2","bot_learned_evidence","534","583","user:void","0","0","1612798207","1","7","7","7","101","11319","13319","0","1","13","c407c7c46","1791166314","1"
"2","bot_learned_evidence","535","583","user:void","0","0","1610698990","1","4","9","4","169","15774","17774","25","1","13","c407c7c46","1791166314","1"
"2","bot_learned_evidence","536","583","user:void","0","0","1610698978","1","7","0","0","223","20097","20130","40","1","13","c407c7c46","1791166314","1"
"2","bot_learned_evidence","537","583","bot:/botfiles/hardds.jkb","1","3","1686185471","1","6","3","0","8","2904","4904","23","0","13","c407c7c46","1791166314","0"
"2","bot_learned_evidence","538","583","bot:/botfiles/hardds.jkb","1","3","1686177279","1","5","0","0","57","6237","8237","0","0","13","c407c7c46","1791166314","0"
"2","bot_learned_evidence","539","583","bot:/botfiles/hardds.jkb","1","3","1677787551","1","6","0","0","81","8151","10151","0","0","13","c407c7c46","1791166314","0"
"2","bot_learned_evidence","540","583","bot:/botfiles/hardds.jkb","1","3","1677787643","1","6","0","0","133","15048","17048","-25","0","13","c407c7c46","1791166314","0"
"2","bot_learned_evidence","541","583","bot:/botfiles/hardds.jkb","1","3","1814103226","4","7","0","0","155","16500","18500","-4","0","13","c407c7c46","1791166314","0"
"2","bot_learned_evidence","542","584","user:void","0","0","1678842287","3","4","0","0","11","3234","5234","-22","1","13","c407c7c46","1791166359","0"
"2","bot_learned_evidence","543","584","user:void","0","0","1744918975","6","5","0","0","36","5115","7115","20","1","13","c407c7c46","1791166359","1"
"2","bot_learned_evidence","544","584","user:void","0","0","1744914863","5","7","7","0","43","5874","7874","20","1","13","c407c7c46","1791166359","1"
"2","bot_learned_evidence","545","584","user:void","0","0","1820393583","9","9","0","0","65","6435","8435","0","1","13","c407c7c46","1791166359","0"
"2","bot_learned_evidence","546","584","user:void","0","0","1619067311","1","2","6","0","89","7590","9590","10","1","13","c407c7c46","1791166359","0"
"2","bot_learned_evidence","547","584","user:void","0","0","1610696815","5","7","10","0","112","9108","11108","40","1","13","c407c7c46","1791166359","1"
"2","bot_learned_evidence","548","584","user:void","0","0","1611727022","1","5","0","0","136","10593","12593","0","1","13","c407c7c46","1791166359","0"
"2","bot_learned_evidence","549","584","user:void","0","0","1610695007","1","6","3","0","148","12276","14276","8","1","13","c407c7c46","1791166359","1"
"2","bot_learned_evidence","550","584","user:void","0","0","1812005338","1","7","7","0","174","13563","15563","-43","1","13","c407c7c46","1791166359","0"
"2","bot_learned_evidence","551","584","user:void","0","0","1812004986","1","5","3","0","206","14883","16883","-21","1","13","c407c7c46","1791166359","0"
"2","bot_learned_evidence","552","584","user:void","0","0","1812007241","5","7","0","0","233","16599","18599","-20","1","13","c407c7c46","1791166359","0"
"2","bot_learned_evidence","553","584","user:void","0","0","1744914697","6","7","7","10","241","16896","18896","-20","1","13","c407c7c46","1791166359","1"
"2","bot_learned_evidence","554","584","user:void","0","0","1611727128","5","5","0","0","271","18480","20480","0","1","13","c407c7c46","1791166359","0"
"2","bot_learned_evidence","555","584","user:void","0","0","1610694936","5","5","0","0","281","20361","22361","-20","1","13","c407c7c46","1791166359","1"
"2","bot_learned_evidence","556","584","user:void","0","0","2013331817","5","5","9","0","304","23298","25298","20","1","13","c407c7c46","1791166359","2"
"2","bot_learned_evidence","557","584","user:void","0","0","2013331833","5","2","5","3","322","25938","27938","20","1","13","c407c7c46","1791166359","2"
"2","bot_learned_evidence","558","584","user:void","0","0","1744912454","1","5","0","0","351","29172","31172","1","1","13","c407c7c46","1791166359","1"
"2","bot_learned_evidence","559","584","user:void","0","0","1812004937","1","9","0","0","362","30855","32855","40","1","13","c407c7c46","1791166359","0"
"2","bot_learned_evidence","560","584","user:void","0","0","1812005253","7","6","0","0","368","31746","33746","0","1","13","c407c7c46","1791166359","0"
"2","bot_learned_evidence","561","584","user:void","0","0","1812005189","6","3","9","0","376","31845","33845","0","1","13","c407c7c46","1791166359","0"
"2","bot_learned_evidence","562","584","user:void","0","0","1812004929","5","3","0","0","389","32142","34142","-50","1","13","c407c7c46","1791166359","0"
"2","bot_learned_evidence","563","584","user:void","0","0","1677787201","3","5","0","0","397","33066","35066","-20","1","13","c407c7c46","1791166359","0"
"2","bot_learned_evidence","564","584","user:void","0","0","1879114304","5","5","0","0","406","34617","36617","0","1","13","c407c7c46","1791166359","2"
"2","bot_learned_evidence","565","584","user:void","0","0","1610694928","5","5","3","9","412","36168","38168","20","1","13","c407c7c46","1791166359","1"
"2","bot_learned_evidence","566","584","user:void","0","0","1812005456","1","9","5","3","425","38115","40115","0","1","13","c407c7c46","1791166359","0"
"2","bot_learned_evidence","567","584","bot:/botfiles/hardds.jkb","1","3","1686185471","1","6","3","0","8","2904","4904","22","0","13","c407c7c46","1791166359","0"
"2","bot_learned_evidence","568","584","bot:/botfiles/hardds.jkb","1","3","1686185455","1","6","0","0","47","5082","7082","-20","0","13","c407c7c46","1791166359","0"
"2","bot_learned_evidence","569","584","bot:/botfiles/hardds.jkb","1","3","1677795759","7","5","0","0","68","5874","7874","-20","0","13","c407c7c46","1791166359","0"
"2","bot_learned_evidence","570","584","bot:/botfiles/hardds.jkb","1","3","1813053599","9","9","10","0","78","6435","8435","0","0","13","c407c7c46","1791166359","0"
"2","bot_learned_evidence","571","584","bot:/botfiles/hardds.jkb","1","3","1677787567","1","6","5","0","89","8382","10382","-10","0","13","c407c7c46","1791166359","0"
"2","bot_learned_evidence","572","584","bot:/botfiles/hardds.jkb","1","3","1677795738","7","6","4","0","148","13992","15992","43","0","13","c407c7c46","1791166359","0"
"2","bot_learned_evidence","573","584","bot:/botfiles/hardds.jkb","1","3","1812005206","3","5","0","0","192","16236","18236","20","0","13","c407c7c46","1791166359","0"
"2","bot_learned_evidence","574","584","bot:/botfiles/hardds.jkb","1","3","1677795590","7","6","0","0","200","16731","18731","20","0","13","c407c7c46","1791166359","0"
"2","bot_learned_evidence","575","584","bot:/botfiles/hardds.jkb","1","3","1686176145","1","5","0","0","224","18150","20150","0","0","13","c407c7c46","1791166359","0"
"2","bot_learned_evidence","576","584","bot:/botfiles/hardds.jkb","1","3","1879114130","1","5","0","0","235","20328","22328","20","0","13","c407c7c46","1791166359","2"
"2","bot_learned_evidence","577","584","bot:/botfiles/hardds.jkb","1","3","1610694662","1","7","0","0","246","21087","23087","20","0","13","c407c7c46","1791166359","1"
"2","bot_learned_evidence","578","584","bot:/botfiles/hardds.jkb","1","3","1619083714","1","3","5","0","279","22506","24506","-20","0","13","c407c7c46","1791166359","1"
"2","bot_learned_evidence","579","584","bot:/botfiles/hardds.jkb","1","3","1677787606","2","5","0","0","310","25938","27938","-20","0","13","c407c7c46","1791166359","0"
"2","bot_learned_evidence","580","584","bot:/botfiles/hardds.jkb","1","3","1812005129","3","5","0","0","327","28116","30116","19","0","13","c407c7c46","1791166359","0"
"2","bot_learned_evidence","581","584","bot:/botfiles/hardds.jkb","1","3","1677787478","1","5","0","0","344","30096","32096","-50","0","13","c407c7c46","1791166359","0"
"2","bot_learned_evidence","582","584","bot:/botfiles/hardds.jkb","1","3","1812004885","9","7","0","0","355","31053","33053","-20","0","13","c407c7c46","1791166359","0"
"2","bot_learned_evidence","583","584","bot:/botfiles/hardds.jkb","1","3","1812005141","6","6","0","0","372","31812","33812","0","0","13","c407c7c46","1791166359","0"
"2","bot_learned_evidence","584","584","bot:/botfiles/hardds.jkb","1","3","1812004884","3","5","3","0","383","32142","34142","50","0","13","c407c7c46","1791166359","0"
"2","bot_learned_evidence","585","584","bot:/botfiles/hardds.jkb","1","3","1677787456","1","5","0","0","407","33924","35924","0","0","13","c407c7c46","1791166359","0"
"2","bot_learned_evidence","586","584","bot:/botfiles/hardds.jkb","1","3","1879114064","1","5","0","0","414","35508","37508","-20","0","13","c407c7c46","1791166359","2"
"2","bot_learned_evidence","587","584","bot:/botfiles/hardds.jkb","1","3","1812004864","3","2","0","0","422","37158","39158","0","0","13","c407c7c46","1791166359","0"
"2","bot_learned_evidence","588","585","user:void","0","0","2013354239","1","7","7","7","2","2706","4706","20","1","13","c407c7c46","1791166402","3"
"2","bot_learned_evidence","589","585","user:void","0","0","1812009391","5","6","3","0","57","5379","7379","60","1","13","c407c7c46","1791166402","0"
"2","bot_learned_evidence","590","585","user:void","0","0","1677787551","3","6","9","10","77","6567","8567","10","1","13","c407c7c46","1791166402","0"
"2","bot_learned_evidence","591","585","user:void","0","0","1812004943","1","9","0","0","121","9636","11636","-22","1","13","c407c7c46","1791166402","0"
"2","bot_learned_evidence","592","585","user:void","0","0","1778467231","1","7","7","0","128","10527","12527","-23","1","13","c407c7c46","1791166402","1"
"2","bot_learned_evidence","593","585","user:void","0","0","1818296447","1","3","5","7","157","12606","14606","0","1","13","c407c7c46","1791166402","0"
"2","bot_learned_evidence","594","585","user:void","0","0","1812007039","4","7","3","0","188","14883","16883","30","1","13","c407c7c46","1791166402","0"
"2","bot_learned_evidence","595","585","user:void","0","0","1812005147","5","6","3","9","215","16731","18731","-10","1","13","c407c7c46","1791166402","0"
"2","bot_learned_evidence","596","585","user:void","0","0","1812005211","6","6","9","0","238","17952","19952","-9","1","13","c407c7c46","1791166402","0"
"2","bot_learned_evidence","597","585","user:void","0","0","1677787146","5","6","0","0","262","18942","20942","-9","1","13","c407c7c46","1791166402","0"
"2","bot_learned_evidence","598","585","user:void","0","0","1812791386","7","9","0","0","278","19833","21833","-29","1","13","c407c7c46","1791166402","0"
"2","bot_learned_evidence","599","585","user:void","0","0","1745948969","5","5","0","0","305","22242","24242","0","1","13","c407c7c46","1791166402","0"
"2","bot_learned_evidence","600","585","user:void","0","0","1677787162","1","9","0","0","320","23694","25694","30","1","13","c407c7c46","1791166402","0"
"2","bot_learned_evidence","601","585","user:void","0","0","1711341930","7","5","0","0","322","24288","26288","50","1","13","c407c7c46","1791166402","0"
"2","bot_learned_evidence","602","585","user:void","0","0","1610694682","1","7","0","0","333","25311","27311","50","1","13","c407c7c46","1791166402","1"
"2","bot_learned_evidence","603","585","user:void","0","0","1879132266","7","7","9","0","343","25608","27608","50","1","13","c407c7c46","1791166402","3"
"2","bot_learned_evidence","604","585","user:void","0","0","1677787418","5","6","3","10","380","26994","28994","10","1","13","c407c7c46","1791166402","0"
"2","bot_learned_evidence","605","585","user:void","0","0","1813057830","3","5","0","0","410","28974","30974","-50","1","13","c407c7c46","1791166402","0"
"2","bot_learned_evidence","606","585","user:void","0","0","1812006917","3","7","0","0","431","30789","32789","20","1","13","c407c7c46","1791166402","0"
"2","bot_learned_evidence","607","585","user:void","0","0","1744912661","5","5","7","9","448","31482","33482","20","1","13","c407c7c46","1791166402","1"
"2","bot_learned_evidence","608","585","user:void","0","0","1686176149","1","6","3","0","473","33330","35330","50","1","13","c407c7c46","1791166402","0"
"2","bot_learned_evidence","609","585","user:void","0","0","1812004993","5","9","0","0","508","34584","36584","0","1","13","c407c7c46","1791166402","0"
"2","bot_learned_evidence","610","585","user:void","0","0","1610695041","1","7","9","7","521","36069","38069","0","1","13","c407c7c46","1791166402","1"
"2","bot_learned_evidence","611","585","user:void","0","0","1686176241","1","6","3","0","566","39072","39336","17","1","13","c407c7c46","1791166402","0"
"2","bot_learned_evidence","612","585","bot:/botfiles/hardds.jkb","1","3","1814103551","9","5","0","0","16","5148","7148","-60","0","13","c407c7c46","1791166402","0"
"2","bot_learned_evidence","613","585","bot:/botfiles/hardds.jkb","1","3","2013331887","1","3","0","0","34","6534","8534","-10","0","13","c407c7c46","1791166402","2"
"2","bot_learned_evidence","614","585","bot:/botfiles/hardds.jkb","1","3","1686176190","1","5","0","0","49","7722","9722","20","0","13","c407c7c46","1791166402","0"
"2","bot_learned_evidence","615","585","bot:/botfiles/hardds.jkb","1","3","1812004895","9","7","0","0","73","9669","11669","21","0","13","c407c7c46","1791166402","0"
"2","bot_learned_evidence","616","585","bot:/botfiles/hardds.jkb","1","3","1879130543","7","4","0","0","103","10890","12890","23","0","13","c407c7c46","1791166402","3"
"2","bot_learned_evidence","617","585","bot:/botfiles/hardds.jkb","1","3","1879122143","7","4","0","0","142","14850","16850","-28","0","13","c407c7c46","1791166402","2"
"2","bot_learned_evidence","618","585","bot:/botfiles/hardds.jkb","1","3","1812005342","3","5","0","0","157","16170","18170","11","0","13","c407c7c46","1791166402","0"
"2","bot_learned_evidence","619","585","bot:/botfiles/hardds.jkb","1","3","1812005214","3","6","0","0","173","17655","19655","30","0","13","c407c7c46","1791166402","0"
"2","bot_learned_evidence","620","585","bot:/botfiles/hardds.jkb","1","3","2013331546","9","5","0","0","201","18810","20810","9","0","13","c407c7c46","1791166402","2"
"2","bot_learned_evidence","621","585","bot:/botfiles/hardds.jkb","1","3","2013331482","6","7","0","0","209","19569","21569","29","0","13","c407c7c46","1791166402","2"
"2","bot_learned_evidence","622","585","bot:/botfiles/hardds.jkb","1","3","1818296666","9","6","3","0","228","20427","22427","49","0","13","c407c7c46","1791166402","0"
"2","bot_learned_evidence","623","585","bot:/botfiles/hardds.jkb","1","3","1686177238","1","5","0","0","258","21912","23912","0","0","13","c407c7c46","1791166402","0"
"2","bot_learned_evidence","624","585","bot:/botfiles/hardds.jkb","1","3","2013347914","9","7","0","0","276","23892","25892","-30","0","13","c407c7c46","1791166402","3"
"2","bot_learned_evidence","625","585","bot:/botfiles/hardds.jkb","1","3","1879138442","7","7","0","0","303","25575","27575","-50","0","13","c407c7c46","1791166402","3"
"2","bot_learned_evidence","626","585","bot:/botfiles/hardds.jkb","1","3","1845559785","9","5","0","0","323","26532","28532","-10","0","13","c407c7c46","1791166402","0"
"2","bot_learned_evidence","627","585","bot:/botfiles/hardds.jkb","1","3","1686177113","1","6","3","0","345","28644","30644","30","0","13","c407c7c46","1791166402","0"
"2","bot_learned_evidence","628","585","bot:/botfiles/hardds.jkb","1","3","1686177049","1","5","3","0","380","29898","31898","20","0","13","c407c7c46","1791166402","0"
"2","bot_learned_evidence","629","585","bot:/botfiles/hardds.jkb","1","3","1677787477","5","5","0","0","391","31482","33482","-20","0","13","c407c7c46","1791166402","0"
"2","bot_learned_evidence","630","585","bot:/botfiles/hardds.jkb","1","3","1677787236","1","5","0","0","422","34518","36518","-20","0","13","c407c7c46","1791166402","0"
"2","bot_learned_evidence","631","586","user:void","0","0","1610697215","1","7","7","7","5","2607","4607","40","1","13","c407c7c46","1791166515","1"
"2","bot_learned_evidence","632","586","user:void","0","0","2013333743","1","4","0","0","56","8151","10151","2","1","13","c407c7c46","1791166515","2"
"2","bot_learned_evidence","633","586","user:void","0","0","1610697215","1","5","0","0","62","9273","11273","10","1","13","c407c7c46","1791166515","1"
"2","bot_learned_evidence","634","586","user:void","0","0","2013350143","1","7","7","7","71","10131","12131","59","1","13","c407c7c46","1791166515","3"
"2","bot_learned_evidence","635","586","user:void","0","0","1820393707","5","9","6","3","132","11979","13979","60","1","13","c407c7c46","1791166515","0"
"2","bot_learned_evidence","636","586","user:void","0","0","1686176231","1","6","3","9","142","12738","14738","30","1","13","c407c7c46","1791166515","0"
"2","bot_learned_evidence","637","586","user:void","0","0","1879113803","5","7","9","0","184","14487","16487","-20","1","13","c407c7c46","1791166515","2"
"2","bot_learned_evidence","638","586","user:void","0","0","2013333515","3","8","6","0","198","15213","17213","-20","1","13","c407c7c46","1791166515","2"
"2","bot_learned_evidence","639","586","user:void","0","0","1812005579","1","9","0","0","230","16929","18929","0","1","13","c407c7c46","1791166515","0"
"2","bot_learned_evidence","640","586","user:void","0","0","1744914907","3","8","0","0","234","17688","19688","0","1","13","c407c7c46","1791166515","1"
"2","bot_learned_evidence","641","586","user:void","0","0","1610684827","6","5","0","0","248","18447","20447","-1","1","13","c407c7c46","1791166515","0"
"2","bot_learned_evidence","642","586","user:void","0","0","1744916619","1","3","9","0","258","19602","21602","-23","1","13","c407c7c46","1791166515","1"
"2","bot_learned_evidence","643","586","user:void","0","0","1677791339","1","5","0","0","267","20922","22922","-22","1","13","c407c7c46","1791166515","0"
"2","bot_learned_evidence","644","586","user:void","0","0","1610697067","1","7","0","0","283","22770","24770","-20","1","13","c407c7c46","1791166515","1"
"2","bot_learned_evidence","645","586","user:void","0","0","1610697003","5","7","7","7","292","23067","25067","29","1","13","c407c7c46","1791166515","1"
"2","bot_learned_evidence","646","586","user:void","0","0","1677787403","1","9","0","0","363","26367","28367","-18","1","13","c407c7c46","1791166515","0"
"2","bot_learned_evidence","647","586","user:void","0","0","2015430923","1","5","9","0","371","27225","29225","2","1","13","c407c7c46","1791166515","2"
"2","bot_learned_evidence","648","586","user:void","0","0","1812006923","3","8","0","0","375","27852","29852","2","1","13","c407c7c46","1791166515","0"
"2","bot_learned_evidence","649","586","user:void","0","0","1879113819","1","5","7","7","397","29073","31073","-20","1","13","c407c7c46","1791166515","2"
"2","bot_learned_evidence","650","586","user:void","0","0","1879114011","5","5","0","0","436","31086","33086","-20","1","13","c407c7c46","1791166515","2"
"2","bot_learned_evidence","651","586","user:void","0","0","1610694683","1","7","9","10","445","32109","34109","-50","1","13","c407c7c46","1791166515","1"
"2","bot_learned_evidence","652","586","user:void","0","0","1812004986","1","9","0","0","462","34419","36419","50","1","13","c407c7c46","1791166515","0"
"2","bot_learned_evidence","653","586","user:void","0","0","1677787434","1","6","3","0","474","35211","37211","40","1","13","c407c7c46","1791166515","0"
"2","bot_learned_evidence","654","586","user:void","0","0","1879132170","5","7","0","0","502","36597","38597","10","1","13","c407c7c46","1791166515","3"
"2","bot_learned_evidence","655","586","user:void","0","0","1744914694","6","5","0","0","524","37620","39620","0","1","13","c407c7c46","1791166515","1"
"2","bot_learned_evidence","656","586","user:void","0","0","1879116054","5","5","9","0","528","39171","41171","0","1","13","c407c7c46","1791166515","2"
"2","bot_learned_evidence","657","586","user:void","0","0","1677787434","5","9","0","0","547","40887","42887","0","1","13","c407c7c46","1791166515","0"
"2","bot_learned_evidence","658","586","user:void","0","0","1677787162","7","5","7","7","550","41514","43514","0","1","13","c407c7c46","1791166515","0"
"2","bot_learned_evidence","659","586","user:void","0","0","1879132331","7","7","10","0","606","45672","47672","-39","1","13","c407c7c46","1791166515","3"
"2","bot_learned_evidence","660","586","user:void","0","0","1744896506","1","6","0","0","629","47982","49982","50","1","13","c407c7c46","1791166515","0"
"2","bot_learned_evidence","661","586","user:void","0","0","1744912618","6","3","9","3","639","48180","50180","50","1","13","c407c7c46","1791166515","1"
"2","bot_learned_evidence","662","586","user:void","0","0","1677787466","1","9","0","0","670","49863","51863","0","1","13","c407c7c46","1791166515","0"
"2","bot_learned_evidence","663","586","user:void","0","0","2013331546","3","5","0","0","674","50457","52457","0","1","13","c407c7c46","1791166515","2"
"2","bot_learned_evidence","664","586","user:void","0","0","1610695034","1","5","0","0","680","52701","54701","20","1","13","c407c7c46","1791166515","1"
"2","bot_learned_evidence","665","586","user:void","0","0","1812004906","1","9","0","0","687","53526","55526","39","1","13","c407c7c46","1791166515","0"
"2","bot_learned_evidence","666","586","user:void","0","0","1677787514","5","5","3","9","692","54384","56384","19","1","13","c407c7c46","1791166515","0"
"2","bot_learned_evidence","667","586","user:void","0","0","1677787431","5","7","7","0","711","56199","58199","-20","1","13","c407c7c46","1791166515","0"
"2","bot_learned_evidence","668","586","user:void","0","0","2013333606","7","7","7","5","730","57024","59024","-20","1","13","c407c7c46","1791166515","2"
"2","bot_learned_evidence","669","586","user:void","0","0","1612793947","1","7","7","9","767","59103","61103","60","1","13","c407c7c46","1791166515","1"
"2","bot_learned_evidence","670","586","user:void","0","0","1677787639","5","6","3","0","806","60753","62753","10","1","13","c407c7c46","1791166515","0"
"2","bot_learned_evidence","671","586","user:void","0","0","1610694727","1","6","0","0","833","62304","64304","-50","1","13","c407c7c46","1791166515","1"
"2","bot_learned_evidence","672","586","user:void","0","0","1610699158","6","7","0","0","863","63954","65954","-15","1","13","c407c7c46","1791166515","1"
"2","bot_learned_evidence","673","586","user:void","0","0","1677793382","4","7","10","0","876","64449","66449","17","1","13","c407c7c46","1791166515","0"
"2","bot_learned_evidence","674","586","user:void","0","0","1678840113","1","5","0","0","899","66132","67386","20","1","13","c407c7c46","1791166515","0"
"2","bot_learned_evidence","675","586","user:void","0","0","1677791266","1","9","0","0","916","67386","67386","20","1","13","c407c7c46","1791166515","0"
"2","bot_learned_evidence","676","586","bot:/botfiles/hardds.jkb","1","3","1677795519","4","2","0","0","15","5247","7247","0","0","13","c407c7c46","1791166515","0"
"2","bot_learned_evidence","677","586","bot:/botfiles/hardds.jkb","1","3","1677795519","4","2","0","0","28","8415","10415","0","0","13","c407c7c46","1791166515","0"
"2","bot_learned_evidence","678","586","bot:/botfiles/hardds.jkb","1","3","1610703359","5","2","0","0","34","9306","11306","-10","0","13","c407c7c46","1791166515","1"
"2","bot_learned_evidence","679","586","bot:/botfiles/hardds.jkb","1","3","1677787327","3","5","0","0","58","11913","13913","-79","0","13","c407c7c46","1791166515","0"
"2","bot_learned_evidence","680","586","bot:/botfiles/hardds.jkb","1","3","1677787261","1","5","0","0","76","13893","15893","20","0","13","c407c7c46","1791166515","0"
"2","bot_learned_evidence","681","586","bot:/botfiles/hardds.jkb","1","3","2046894350","9","3","0","0","93","14949","16949","20","0","13","c407c7c46","1791166515","2"
"2","bot_learned_evidence","682","586","bot:/botfiles/hardds.jkb","1","3","2013332014","9","3","0","0","111","17061","19061","0","0","13","c407c7c46","1791166515","2"
"2","bot_learned_evidence","683","586","bot:/botfiles/hardds.jkb","1","3","1677795694","8","6","0","0","118","17787","19787","-1","0","13","c407c7c46","1791166515","0"
"2","bot_learned_evidence","684","586","bot:/botfiles/hardds.jkb","1","3","1879130462","5","3","0","0","136","18513","20513","1","0","13","c407c7c46","1791166515","3"
"2","bot_learned_evidence","685","586","bot:/botfiles/hardds.jkb","1","3","1812005982","9","4","0","0","159","19965","21965","24","0","13","c407c7c46","1791166515","0"
"2","bot_learned_evidence","686","586","bot:/botfiles/hardds.jkb","1","3","1879122334","7","5","0","0","184","22869","24869","-29","0","13","c407c7c46","1791166515","2"
"2","bot_learned_evidence","687","586","bot:/botfiles/hardds.jkb","1","3","1812005245","3","5","0","0","207","25245","27245","20","0","13","c407c7c46","1791166515","0"
"2","bot_learned_evidence","688","586","bot:/botfiles/hardds.jkb","1","3","2013348110","9","3","0","0","224","26433","28433","18","0","13","c407c7c46","1791166515","3"
"2","bot_learned_evidence","689","586","bot:/botfiles/hardds.jkb","1","3","1744920846","9","3","0","0","237","27687","29687","-2","0","13","c407c7c46","1791166515","1"
"2","bot_learned_evidence","690","586","bot:/botfiles/hardds.jkb","1","3","1711341982","7","5","0","0","264","30789","32789","20","0","13","c407c7c46","1791166515","0"
"2","bot_learned_evidence","691","586","bot:/botfiles/hardds.jkb","1","3","1619084766","1","6","0","0","285","33429","35429","10","0","13","c407c7c46","1791166515","1"
"2","bot_learned_evidence","692","586","bot:/botfiles/hardds.jkb","1","3","1812005082","9","5","0","0","306","34485","36485","-30","0","13","c407c7c46","1791166515","0"
"2","bot_learned_evidence","693","586","bot:/botfiles/hardds.jkb","1","3","1812004969","1","5","0","0","321","36267","38267","-10","0","13","c407c7c46","1791166515","0"
"2","bot_learned_evidence","694","586","bot:/botfiles/hardds.jkb","1","3","1677795593","1","6","0","0","340","37587","39587","0","0","13","c407c7c46","1791166515","0"
"2","bot_learned_evidence","695","586","bot:/botfiles/hardds.jkb","1","3","1610703177","1","5","0","0","360","38907","40907","0","0","13","c407c7c46","1791166515","1"
"2","bot_learned_evidence","696","586","bot:/botfiles/hardds.jkb","1","3","2013339657","9","7","7","5","371","39765","41765","0","0","13","c407c7c46","1791166515","2"
"2","bot_learned_evidence","697","586","bot:/botfiles/hardds.jkb","1","3","1744896154","5","7","0","0","407","41514","43514","0","0","13","c407c7c46","1791166515","0"
"2","bot_learned_evidence","698","586","bot:/botfiles/hardds.jkb","1","3","2013348094","1","5","7","0","441","44715","46715","19","0","13","c407c7c46","1791166515","3"
"2","bot_learned_evidence","699","586","bot:/botfiles/hardds.jkb","1","3","1619083770","1","3","0","0","486","47091","49091","-30","0","13","c407c7c46","1791166515","1"
"2","bot_learned_evidence","700","586","bot:/botfiles/hardds.jkb","1","3","1677787386","6","6","0","0","496","48114","50114","-50","0","13","c407c7c46","1791166515","0"
"2","bot_learned_evidence","701","586","bot:/botfiles/hardds.jkb","1","3","1812005049","3","5","0","0","507","48411","50411","0","0","13","c407c7c46","1791166515","0"
"2","bot_learned_evidence","702","586","bot:/botfiles/hardds.jkb","1","3","1744912650","9","3","0","0","525","49995","51995","0","0","13","c407c7c46","1791166515","1"
"2","bot_learned_evidence","703","586","bot:/botfiles/hardds.jkb","1","3","1677787546","1","6","0","0","535","51744","53744","-20","0","13","c407c7c46","1791166515","0"
"2","bot_learned_evidence","704","586","bot:/botfiles/hardds.jkb","1","3","1610695050","5","5","0","0","555","52767","54767","-20","0","13","c407c7c46","1791166515","1"
"2","bot_learned_evidence","705","586","bot:/botfiles/hardds.jkb","1","3","1812005001","9","7","5","0","563","53625","55625","-19","0","13","c407c7c46","1791166515","0"
"2","bot_learned_evidence","706","586","bot:/botfiles/hardds.jkb","1","3","1812004941","3","7","0","0","594","55308","57308","20","0","13","c407c7c46","1791166515","0"
"2","bot_learned_evidence","707","586","bot:/botfiles/hardds.jkb","1","3","1744912781","7","5","0","0","611","56199","58199","20","0","13","c407c7c46","1791166515","1"
"2","bot_learned_evidence","708","586","bot:/botfiles/hardds.jkb","1","3","1879122077","7","7","0","0","618","56826","58826","20","0","13","c407c7c46","1791166515","2"
"2","bot_learned_evidence","709","586","bot:/botfiles/hardds.jkb","1","3","1879114141","5","5","0","0","654","58179","60179","-30","0","13","c407c7c46","1791166515","2"
"2","bot_learned_evidence","710","586","bot:/botfiles/hardds.jkb","1","3","2013331965","6","5","0","0","675","60753","62753","-10","0","13","c407c7c46","1791166515","2"
"2","bot_learned_evidence","711","586","bot:/botfiles/hardds.jkb","1","3","1677787433","1","7","6","0","705","63162","65162","13","0","13","c407c7c46","1791166515","0"
"2","bot_learned_evidence","712","586","bot:/botfiles/hardds.jkb","1","3","1610703961","7","4","0","0","738","64383","66383","-15","0","13","c407c7c46","1791166515","1"
"2","bot_learned_evidence","713","587","bot:/botfiles/hardds.jkb","1","3","1610704367","1","3","6","0","9","2706","4706","50","1","13","c407c7c46","1791168477","1"
"2","bot_learned_evidence","714","587","bot:/botfiles/hardds.jkb","1","3","1610695167","6","5","0","0","36","5280","7280","-28","1","13","c407c7c46","1791168477","1"
"2","bot_learned_evidence","715","587","bot:/botfiles/hardds.jkb","1","3","1812005055","9","6","0","0","42","5709","7709","2","1","13","c407c7c46","1791168477","0"
"2","bot_learned_evidence","716","587","bot:/botfiles/hardds.jkb","1","3","1812004971","9","4","0","0","69","7128","9128","23","1","13","c407c7c46","1791168477","0"
"2","bot_learned_evidence","717","587","bot:/botfiles/hardds.jkb","1","3","1677787307","3","9","0","0","82","8085","10085","22","1","13","c407c7c46","1791168477","0"
"2","bot_learned_evidence","718","587","bot:/botfiles/hardds.jkb","1","3","1677787563","5","4","0","0","102","9372","11372","24","1","13","c407c7c46","1791168477","0"
"2","bot_learned_evidence","719","587","bot:/botfiles/hardds.jkb","1","3","2013348299","3","3","0","0","144","12012","14012","0","1","13","c407c7c46","1791168477","3"
"2","bot_learned_evidence","720","587","bot:/botfiles/hardds.jkb","1","3","1677787227","3","9","7","5","183","15510","17510","-20","1","13","c407c7c46","1791168477","0"
"2","bot_learned_evidence","721","587","bot:/botfiles/hardds.jkb","1","3","1812013151","7","7","0","0","220","18150","20150","24","1","13","c407c7c46","1791168477","0"
"2","bot_learned_evidence","722","587","bot:/botfiles/hardds.jkb","1","3","1644249247","7","4","0","0","239","19008","21008","24","1","13","c407c7c46","1791168477","1"
"2","bot_learned_evidence","723","587","bot:/botfiles/hardds.jkb","1","3","1812005339","3","6","0","0","283","22869","24869","-40","1","13","c407c7c46","1791168477","0"
"2","bot_learned_evidence","724","587","bot:/botfiles/hardds.jkb","1","3","1812005082","3","5","0","0","297","23232","25232","-20","1","13","c407c7c46","1791168477","0"
"2","bot_learned_evidence","725","587","bot:/botfiles/hardds.jkb","1","3","1744912718","1","5","0","0","316","25476","27476","-20","1","13","c407c7c46","1791168477","1"
"2","bot_learned_evidence","726","587","bot:/botfiles/hardds.jkb","1","3","1812005134","6","5","0","0","328","27060","29060","0","1","13","c407c7c46","1791168477","0"
"2","bot_learned_evidence","727","587","bot:/botfiles/hardds.jkb","1","3","1744912494","1","5","0","0","338","28644","30644","20","1","13","c407c7c46","1791168477","1"
"2","bot_learned_evidence","728","587","bot:/botfiles/hardds.jkb","1","3","1711343018","7","6","5","0","348","30426","32426","0","1","13","c407c7c46","1791168477","0"
"2","bot_learned_evidence","729","587","bot:/botfiles/hardds.jkb","1","3","1619091947","1","3","4","0","390","33990","35990","42","1","13","c407c7c46","1791168477","1"
"2","bot_learned_evidence","730","587","iphash:96d9adc0","0","0","1744918783","1","7","7","7","8","3861","5861","-20","0","13","c407c7c46","1791168477","1"
"2","bot_learned_evidence","731","587","iphash:96d9adc0","0","0","1610695151","5","3","9","0","48","5313","7313","28","0","13","c407c7c46","1791168477","1"
"2","bot_learned_evidence","732","587","iphash:96d9adc0","0","0","1812005358","6","6","3","9","64","6270","8270","27","0","13","c407c7c46","1791168477","0"
"2","bot_learned_evidence","733","587","iphash:96d9adc0","0","0","1744896174","1","3","0","0","96","8052","10052","-22","0","13","c407c7c46","1791168477","0"
"2","bot_learned_evidence","734","587","iphash:96d9adc0","0","0","1746993662","1","5","0","0","106","9174","11174","-24","0","13","c407c7c46","1791168477","0"
"2","bot_learned_evidence","735","587","iphash:96d9adc0","0","0","1677787231","1","3","10","0","121","10164","12164","-24","0","13","c407c7c46","1791168477","0"
"2","bot_learned_evidence","736","587","iphash:96d9adc0","0","0","1812005166","1","3","0","0","132","11451","13451","0","0","13","c407c7c46","1791168477","0"
"2","bot_learned_evidence","737","587","iphash:96d9adc0","0","0","1812004926","3","5","0","0","137","12144","14144","0","0","13","c407c7c46","1791168477","0"
"2","bot_learned_evidence","738","587","iphash:96d9adc0","0","0","1744914542","1","7","7","9","155","13332","15332","-20","0","13","c407c7c46","1791168477","1"
"2","bot_learned_evidence","739","587","iphash:96d9adc0","0","0","1812005230","5","5","3","9","202","16533","18533","0","0","13","c407c7c46","1791168477","0"
"2","bot_learned_evidence","740","587","iphash:96d9adc0","0","0","1812007007","7","7","7","0","217","18150","20150","-24","0","13","c407c7c46","1791168477","0"
"2","bot_learned_evidence","741","587","iphash:96d9adc0","0","0","1814102078","1","5","0","0","254","20262","22262","-20","0","13","c407c7c46","1791168477","0"
"2","bot_learned_evidence","742","587","iphash:96d9adc0","0","0","1812004926","1","9","3","0","269","22077","24077","20","0","13","c407c7c46","1791168477","0"
"2","bot_learned_evidence","743","587","iphash:96d9adc0","0","0","1812004986","6","9","0","0","285","23001","25001","20","0","13","c407c7c46","1791168477","0"
"2","bot_learned_evidence","744","587","iphash:96d9adc0","0","0","1812005166","5","5","3","9","290","23760","25760","20","0","13","c407c7c46","1791168477","0"
"2","bot_learned_evidence","745","587","iphash:96d9adc0","0","0","1677787419","5","5","9","6","310","25641","27641","20","0","13","c407c7c46","1791168477","0"
"2","bot_learned_evidence","746","587","iphash:96d9adc0","0","0","1812011162","1","7","7","0","362","29733","31733","0","0","13","c407c7c46","1791168477","0"
"2","bot_learned_evidence","747","587","iphash:96d9adc0","0","0","1677793582","1","7","7","7","398","31977","33977","-20","0","13","c407c7c46","1791168477","0"
"2","bot_learned_evidence","748","587","iphash:96d9adc0","0","0","1677789373","4","5","0","0","439","35508","37508","-23","0","13","c407c7c46","1791168477","0"
"2","bot_learned_evidence","749","587","iphash:96d9adc0","0","0","1812007182","1","3","0","0","459","36795","38795","-45","0","13","c407c7c46","1791168477","0"
"2","bot_learned_evidence","750","587","iphash:96d9adc0","0","0","1677789214","1","3","0","0","466","37851","39105","-47","0","13","c407c7c46","1791168477","0"
"2","bot_learned_evidence","751","588","iphash:96d9adc0","0","0","1610701311","6","7","7","7","6","3267","5267","29","1","13","c407c7c46","1791168529","1"
"2","bot_learned_evidence","752","588","iphash:96d9adc0","0","0","1812009199","5","3","0","0","56","5247","7247","20","1","13","c407c7c46","1791168529","0"
"2","bot_learned_evidence","753","588","iphash:96d9adc0","0","0","1812009295","7","6","9","7","87","7227","9227","30","1","13","c407c7c46","1791168529","0"
"2","bot_learned_evidence","754","588","iphash:96d9adc0","0","0","1684080859","7","7","10","0","129","9273","11273","-40","1","13","c407c7c46","1791168529","0"
"2","bot_learned_evidence","755","588","iphash:96d9adc0","0","0","1611727263","5","5","0","0","150","10560","12560","-20","1","13","c407c7c46","1791168529","0"
"2","bot_learned_evidence","756","588","iphash:96d9adc0","0","0","1744912735","1","5","0","0","165","12441","14441","10","1","13","c407c7c46","1791168529","1"
"2","bot_learned_evidence","757","588","iphash:96d9adc0","0","0","1610696799","1","7","0","0","175","13497","15497","-10","1","13","c407c7c46","1791168529","1"
"2","bot_learned_evidence","758","588","iphash:96d9adc0","0","0","1610696799","7","7","7","7","182","13794","15794","-10","1","13","c407c7c46","1791168529","1"
"2","bot_learned_evidence","759","588","iphash:96d9adc0","0","0","1812009082","6","9","0","0","240","17391","19391","0","1","13","c407c7c46","1791168529","0"
"2","bot_learned_evidence","760","588","iphash:96d9adc0","0","0","1812005178","1","5","0","0","245","18150","20150","0","1","13","c407c7c46","1791168529","0"
"2","bot_learned_evidence","761","588","iphash:96d9adc0","0","0","1610695035","1","5","9","0","256","20064","22064","20","1","13","c407c7c46","1791168529","1"
"2","bot_learned_evidence","762","588","iphash:96d9adc0","0","0","1812004907","5","5","0","0","272","21714","23714","20","1","13","c407c7c46","1791168529","0"
"2","bot_learned_evidence","763","588","iphash:96d9adc0","0","0","1812004891","5","9","5","0","289","23628","25628","20","1","13","c407c7c46","1791168529","0"
"2","bot_learned_evidence","764","588","iphash:96d9adc0","0","0","1686176087","1","5","0","0","294","24420","26420","0","1","13","c407c7c46","1791168529","0"
"2","bot_learned_evidence","765","588","iphash:96d9adc0","0","0","1610678631","1","5","3","9","306","26268","28268","20","1","13","c407c7c46","1791168529","0"
"2","bot_learned_evidence","766","588","iphash:96d9adc0","0","0","1686176087","1","5","0","0","322","28149","30149","0","1","13","c407c7c46","1791168529","0"
"2","bot_learned_evidence","767","588","iphash:96d9adc0","0","0","1610695015","1","5","3","0","333","29832","31832","20","1","13","c407c7c46","1791168529","1"
"2","bot_learned_evidence","768","588","iphash:96d9adc0","0","0","1677787411","5","5","3","9","349","31680","33680","20","1","13","c407c7c46","1791168529","0"
"2","bot_learned_evidence","769","588","iphash:96d9adc0","0","0","1677787459","5","5","0","0","363","33264","35264","0","1","13","c407c7c46","1791168529","0"
"2","bot_learned_evidence","770","588","iphash:96d9adc0","0","0","1812005011","1","9","0","0","371","34716","36716","20","1","13","c407c7c46","1791168529","0"
"2","bot_learned_evidence","771","588","iphash:96d9adc0","0","0","1677787143","5","9","6","9","387","35805","37805","20","1","13","c407c7c46","1791168529","0"
"2","bot_learned_evidence","772","588","iphash:96d9adc0","0","0","1812005319","1","9","6","0","433","40029","42029","10","1","13","c407c7c46","1791168529","0"
"2","bot_learned_evidence","773","588","iphash:96d9adc0","0","0","1812005319","1","6","0","0","456","41448","42042","46","1","13","c407c7c46","1791168529","0"
"2","bot_learned_evidence","774","588","iphash:96d9adc0","0","0","1677787331","5","9","0","0","473","41976","42042","16","1","13","c407c7c46","1791168529","0"
"2","bot_learned_evidence","775","588","bot:/botfiles/hardds.jkb","1","3","1677795839","1","6","0","0","8","2937","4937","20","0","13","c407c7c46","1791168529","0"
"2","bot_learned_evidence","776","588","bot:/botfiles/hardds.jkb","1","3","1812006079","3","5","0","0","47","5247","7247","-20","0","13","c407c7c46","1791168529","0"
"2","bot_learned_evidence","777","588","bot:/botfiles/hardds.jkb","1","3","1814103327","1","7","0","0","75","7095","9095","-30","0","13","c407c7c46","1791168529","0"
"2","bot_learned_evidence","778","588","bot:/botfiles/hardds.jkb","1","3","1879122046","7","7","0","0","113","9042","11042","20","0","13","c407c7c46","1791168529","2"
"2","bot_learned_evidence","779","588","bot:/botfiles/hardds.jkb","1","3","1686184446","1","5","0","0","128","10230","12230","20","0","13","c407c7c46","1791168529","0"
"2","bot_learned_evidence","780","588","bot:/botfiles/hardds.jkb","1","3","1619083535","5","3","0","0","144","11088","13088","20","0","13","c407c7c46","1791168529","1"
"2","bot_learned_evidence","781","588","bot:/botfiles/hardds.jkb","1","3","1610702943","7","7","0","0","169","13761","15761","10","0","13","c407c7c46","1791168529","1"
"2","bot_learned_evidence","782","588","bot:/botfiles/hardds.jkb","1","3","1610695070","5","3","0","0","208","15180","17180","50","0","13","c407c7c46","1791168529","1"
"2","bot_learned_evidence","783","588","bot:/botfiles/hardds.jkb","1","3","1686177246","1","6","0","0","220","16731","18731","10","0","13","c407c7c46","1791168529","0"
"2","bot_learned_evidence","784","588","bot:/botfiles/hardds.jkb","1","3","1812006106","9","5","0","0","242","17424","19424","0","0","13","c407c7c46","1791168529","0"
"2","bot_learned_evidence","785","588","bot:/botfiles/hardds.jkb","1","3","1747009998","9","5","0","0","271","21186","23186","0","0","13","c407c7c46","1791168529","1"
"2","bot_learned_evidence","786","588","bot:/botfiles/hardds.jkb","1","3","2013331534","1","7","5","0","285","22704","24704","-20","0","13","c407c7c46","1791168529","2"
"2","bot_learned_evidence","787","588","bot:/botfiles/hardds.jkb","1","3","1744912716","1","5","0","0","367","31614","33614","-20","0","13","c407c7c46","1791168529","1"
"2","bot_learned_evidence","788","588","bot:/botfiles/hardds.jkb","1","3","1744896348","1","5","0","0","377","33198","35198","0","0","13","c407c7c46","1791168529","0"
"2","bot_learned_evidence","789","588","bot:/botfiles/hardds.jkb","1","3","1814102188","9","5","0","0","389","35178","37178","-20","0","13","c407c7c46","1791168529","0"
"2","bot_learned_evidence","790","588","bot:/botfiles/hardds.jkb","1","3","1814102077","1","5","0","0","422","38676","40676","-20","0","13","c407c7c46","1791168529","0"
"2","bot_learned_evidence","791","588","bot:/botfiles/hardds.jkb","1","3","1677787453","6","5","0","0","442","41712","42042","-46","0","13","c407c7c46","1791168529","0"
"2","bot_learned_evidence","792","599","iphash:96d9adc0","0","0","1879058687","1","7","0","0","8","3135","5135","0","1","13","c407c7c46","1791169215","2"
"2","bot_learned_evidence","793","599","iphash:96d9adc0","0","0","1879075071","1","7","0","0","29","6336","8336","0","1","13","c407c7c46","1791169215","3"
"2","bot_learned_evidence","794","599","iphash:96d9adc0","0","0","1610639615","1","7","0","0","42","7590","9590","0","1","13","c407c7c46","1791169215","1"
"2","bot_learned_evidence","795","599","iphash:96d9adc0","0","0","1610639615","7","7","7","7","49","7887","9887","0","1","13","c407c7c46","1791169215","1"
"2","bot_learned_evidence","796","599","iphash:96d9adc0","0","0","1912613375","7","7","7","0","136","14850","16850","0","1","13","c407c7c46","1791169215","2"
"2","bot_learned_evidence","797","599","iphash:96d9adc0","0","0","1879058687","7","7","7","7","157","16071","18071","0","1","13","c407c7c46","1791169215","2"
"2","bot_learned_evidence","798","599","iphash:96d9adc0","0","0","1610639615","7","7","7","7","191","17292","19292","0","1","13","c407c7c46","1791169215","1"
"2","bot_learned_evidence","799","599","iphash:96d9adc0","0","0","1879075071","7","7","7","7","325","23595","25595","0","1","13","c407c7c46","1791169215","3"
"2","bot_learned_evidence","800","599","iphash:96d9adc0","0","0","1610639615","7","7","7","7","379","26829","28829","0","1","13","c407c7c46","1791169215","1"
"2","bot_learned_evidence","801","599","iphash:96d9adc0","0","0","1881155834","7","7","7","7","466","31845","33845","30","1","13","c407c7c46","1791169215","2"
"2","bot_learned_evidence","802","599","bot:/botfiles/mediumds.jkb","1","2","1610639615","7","7","0","0","13","6369","8369","0","0","13","c407c7c46","1791169215","1"
"2","bot_learned_evidence","803","599","bot:/botfiles/mediumds.jkb","1","2","1879075071","7","7","0","0","29","7722","9722","0","0","13","c407c7c46","1791169215","3"
"2","bot_learned_evidence","804","599","bot:/botfiles/mediumds.jkb","1","2","1885350143","1","7","7","0","62","13332","15332","0","0","13","c407c7c46","1791169215","2"
"2","bot_learned_evidence","805","599","bot:/botfiles/mediumds.jkb","1","2","1879075071","7","7","0","0","86","15840","17840","0","0","13","c407c7c46","1791169215","3"
"2","bot_learned_evidence","806","599","bot:/botfiles/mediumds.jkb","1","2","1610639615","7","7","0","0","105","17226","19226","0","0","13","c407c7c46","1791169215","1"
"2","bot_learned_evidence","807","599","bot:/botfiles/mediumds.jkb","1","2","1879075071","7","7","0","0","149","23430","25430","0","0","13","c407c7c46","1791169215","3"
"2","bot_learned_evidence","808","599","bot:/botfiles/mediumds.jkb","1","2","1644194047","7","7","0","0","175","25707","27707","19","0","13","c407c7c46","1791169215","1"
"2","bot_learned_evidence","809","599","bot:/botfiles/mediumds.jkb","1","2","1879075071","1","7","0","0","194","26796","28796","0","0","13","c407c7c46","1791169215","3"
"2","bot_learned_evidence","810","599","bot:/botfiles/mediumds.jkb","1","2","1610639610","7","7","0","0","234","31647","33647","-30","0","13","c407c7c46","1791169215","1"
"2","bot_learned_evidence","811","600","iphash:96d9adc0","0","0","1879140847","1","4","0","0","3","2376","4376","-18","1","13","c407c7c46","1791169228","3"
"2","bot_learned_evidence","812","600","iphash:96d9adc0","0","0","1644259567","7","4","9","4","17","5973","7656","14","1","13","c407c7c46","1791169228","1"
"2","bot_learned_evidence","813","600","bot:/botfiles/mediumds.jkb","1","2","1677797631","4","3","0","0","5","2904","4904","20","0","13","c407c7c46","1791169228","0"
"2","bot_learned_evidence","814","600","bot:/botfiles/mediumds.jkb","1","2","1677795839","1","6","7","0","19","4851","6851","-12","0","13","c407c7c46","1791169228","0"
"2","bot_learned_evidence","815","601","bot:/botfiles/mediumds.jkb","1","2","1812013247","4","7","0","0","9","3333","5333","-22","1","13","c407c7c46","1791169285","0"
"2","bot_learned_evidence","816","601","bot:/botfiles/mediumds.jkb","1","2","1812013503","4","2","0","0","30","4620","6620","-20","1","13","c407c7c46","1791169285","0"
"2","bot_learned_evidence","817","601","bot:/botfiles/mediumds.jkb","1","2","1812005375","6","6","0","0","36","5940","7940","-20","1","13","c407c7c46","1791169285","0"
"2","bot_learned_evidence","818","601","bot:/botfiles/mediumds.jkb","1","2","1812005311","3","5","0","0","58","6666","8666","10","1","13","c407c7c46","1791169285","0"
"2","bot_learned_evidence","819","601","bot:/botfiles/mediumds.jkb","1","2","1686176175","1","5","3","0","88","9306","11306","20","1","13","c407c7c46","1791169285","0"
"2","bot_learned_evidence","820","601","bot:/botfiles/mediumds.jkb","1","2","1845560063","9","5","0","0","126","13860","15860","19","1","13","c407c7c46","1791169285","0"
"2","bot_learned_evidence","821","601","bot:/botfiles/mediumds.jkb","1","2","1812267103","3","6","0","0","139","14520","16520","19","1","13","c407c7c46","1791169285","0"
"2","bot_learned_evidence","822","601","bot:/botfiles/mediumds.jkb","1","2","1677787371","6","6","0","0","175","16500","18500","-29","1","13","c407c7c46","1791169285","0"
"2","bot_learned_evidence","823","601","bot:/botfiles/mediumds.jkb","1","2","1812005226","9","5","0","0","188","16962","18962","0","1","13","c407c7c46","1791169285","0"
"2","bot_learned_evidence","824","601","bot:/botfiles/mediumds.jkb","1","2","1812004971","3","5","0","0","209","18810","20810","-70","1","13","c407c7c46","1791169285","0"
"2","bot_learned_evidence","825","601","bot:/botfiles/mediumds.jkb","1","2","1812004905","6","7","5","0","230","20493","22493","-21","1","13","c407c7c46","1791169285","0"
"2","bot_learned_evidence","826","601","bot:/botfiles/mediumds.jkb","1","2","1812005177","1","5","0","0","268","23826","24684","20","1","13","c407c7c46","1791169285","0"
"2","bot_learned_evidence","827","601","bot:/botfiles/mediumds.jkb","1","2","1812013337","7","4","0","0","274","24288","24684","20","1","13","c407c7c46","1791169285","0"
"2","bot_learned_evidence","828","601","user:void","0","0","1812007151","1","4","0","0","8","3267","5267","24","0","13","c407c7c46","1791169285","0"
"2","bot_learned_evidence","829","601","user:void","0","0","1845561583","1","9","4","0","20","4092","6092","2","0","13","c407c7c46","1791169285","0"
"2","bot_learned_evidence","830","601","user:void","0","0","1812005375","1","6","0","0","29","5874","7874","20","0","13","c407c7c46","1791169285","0"
"2","bot_learned_evidence","831","601","user:void","0","0","1744912879","6","3","0","0","40","6171","8171","30","0","13","c407c7c46","1791169285","1"
"2","bot_learned_evidence","832","601","user:void","0","0","1610696975","1","7","7","10","73","7458","9458","-10","0","13","c407c7c46","1791169285","1"
"2","bot_learned_evidence","833","601","user:void","0","0","1820393647","1","9","0","0","131","11946","13946","0","0","13","c407c7c46","1791169285","0"
"2","bot_learned_evidence","834","601","user:void","0","0","1686175999","1","7","7","0","137","12969","14969","0","0","13","c407c7c46","1791169285","0"
"2","bot_learned_evidence","835","601","user:void","0","0","1828782847","5","9","6","3","162","13860","15860","-19","0","13","c407c7c46","1791169285","0"
"2","bot_learned_evidence","836","601","user:void","0","0","2015449199","1","7","7","6","197","15477","17477","30","0","13","c407c7c46","1791169285","3"
"2","bot_learned_evidence","837","601","user:void","0","0","1744912558","6","3","9","3","233","16533","18533","29","0","13","c407c7c46","1791169285","1"
"2","bot_learned_evidence","838","601","user:void","0","0","1677787150","5","7","3","0","260","17655","19655","0","0","13","c407c7c46","1791169285","0"
"2","bot_learned_evidence","839","601","user:void","0","0","1744912714","1","6","0","0","300","20130","22130","71","0","13","c407c7c46","1791169285","1"
"2","bot_learned_evidence","840","601","user:void","0","0","1820393542","1","9","6","0","327","21912","23912","30","0","13","c407c7c46","1791169285","0"
"2","bot_learned_evidence","841","601","user:void","0","0","1686176134","1","6","0","0","330","22737","24684","10","0","13","c407c7c46","1791169285","0"
"2","bot_learned_evidence","842","601","user:void","0","0","1812005254","5","7","0","0","361","24156","24684","-20","0","13","c407c7c46","1791169285","0"
"2","bot_learned_evidence","843","602","bot:/botfiles/mediumds.jkb","1","2","1812013311","9","5","0","0","4","2079","4079","-30","1","13","c407c7c46","1791169356","0"
"2","bot_learned_evidence","844","602","bot:/botfiles/mediumds.jkb","1","2","1677787647","1","6","0","0","24","4554","6554","0","1","13","c407c7c46","1791169356","0"
"2","bot_learned_evidence","845","602","bot:/botfiles/mediumds.jkb","1","2","1677788351","1","2","0","0","53","8283","10283","30","1","13","c407c7c46","1791169356","0"
"2","bot_learned_evidence","846","602","bot:/botfiles/mediumds.jkb","1","2","1677787647","1","6","0","0","60","9603","11603","30","1","13","c407c7c46","1791169356","0"
"2","bot_learned_evidence","847","602","bot:/botfiles/mediumds.jkb","1","2","1744897519","9","3","0","0","69","9867","11867","30","1","13","c407c7c46","1791169356","0"
"2","bot_learned_evidence","848","602","bot:/botfiles/mediumds.jkb","1","2","1677787631","1","6","0","0","91","10923","12923","0","1","13","c407c7c46","1791169356","0"
"2","bot_learned_evidence","849","602","bot:/botfiles/mediumds.jkb","1","2","1879123711","7","6","0","0","125","13266","15266","30","1","13","c407c7c46","1791169356","2"
"2","bot_learned_evidence","850","602","bot:/botfiles/mediumds.jkb","1","2","1879139839","7","6","0","0","145","14751","16751","50","1","13","c407c7c46","1791169356","3"
"2","bot_learned_evidence","851","602","bot:/botfiles/mediumds.jkb","1","2","1677796859","7","6","0","0","177","16434","18434","0","1","13","c407c7c46","1791169356","0"
"2","bot_learned_evidence","852","602","bot:/botfiles/mediumds.jkb","1","2","1744913659","1","7","0","0","207","18909","20909","-2","1","13","c407c7c46","1791169356","1"
"2","bot_learned_evidence","853","602","bot:/botfiles/mediumds.jkb","1","2","1677787323","4","3","6","0","246","20823","22823","40","1","13","c407c7c46","1791169356","0"
"2","bot_learned_evidence","854","602","bot:/botfiles/mediumds.jkb","1","2","1686177234","1","6","4","0","285","23265","25265","34","1","13","c407c7c46","1791169356","0"
"2","bot_learned_evidence","855","602","bot:/botfiles/mediumds.jkb","1","2","1744912706","5","3","0","0","338","26433","28433","0","1","13","c407c7c46","1791169356","1"
"2","bot_learned_evidence","856","602","bot:/botfiles/mediumds.jkb","1","2","1686177250","1","6","3","0","362","29502","31502","30","1","13","c407c7c46","1791169356","0"
"2","bot_learned_evidence","857","602","bot:/botfiles/mediumds.jkb","1","2","2013331686","1","5","0","0","444","38511","40511","-20","1","13","c407c7c46","1791169356","2"
"2","bot_learned_evidence","858","602","bot:/botfiles/mediumds.jkb","1","2","2013332121","1","5","0","0","483","42471","44471","-20","1","13","c407c7c46","1791169356","2"
"2","bot_learned_evidence","859","602","bot:/botfiles/mediumds.jkb","1","2","1812005225","3","5","3","0","505","45309","47309","19","1","13","c407c7c46","1791169356","0"
"2","bot_learned_evidence","860","602","bot:/botfiles/mediumds.jkb","1","2","1677787398","1","6","0","0","529","47190","49190","-20","1","13","c407c7c46","1791169356","0"
"2","bot_learned_evidence","861","602","bot:/botfiles/mediumds.jkb","1","2","1812005205","9","5","0","0","552","48675","50675","-30","1","13","c407c7c46","1791169356","0"
"2","bot_learned_evidence","862","602","bot:/botfiles/mediumds.jkb","1","2","1677787157","6","7","0","0","565","49533","51533","0","1","13","c407c7c46","1791169356","0"
"2","bot_learned_evidence","863","602","bot:/botfiles/mediumds.jkb","1","2","1744912677","6","3","5","0","580","50523","52523","0","1","13","c407c7c46","1791169356","1"
"2","bot_learned_evidence","864","602","bot:/botfiles/mediumds.jkb","1","2","1812004901","6","5","4","0","599","53097","55097","22","1","13","c407c7c46","1791169356","0"
"2","bot_learned_evidence","865","602","bot:/botfiles/mediumds.jkb","1","2","1879130406","6","5","0","0","628","56001","58001","10","1","13","c407c7c46","1791169356","3"
"2","bot_learned_evidence","866","602","bot:/botfiles/mediumds.jkb","1","2","1744912658","6","3","5","3","642","57585","59585","-10","1","13","c407c7c46","1791169356","1"
"2","bot_learned_evidence","867","602","user:void","0","0","1812007167","1","9","0","0","4","2046","4046","30","0","13","c407c7c46","1791169356","0"
"2","bot_learned_evidence","868","602","user:void","0","0","1812005103","1","7","7","0","16","3135","5135","30","0","13","c407c7c46","1791169356","0"
"2","bot_learned_evidence","869","602","user:void","0","0","1610699263","6","7","7","7","44","5247","7247","0","0","13","c407c7c46","1791169356","1"
"2","bot_learned_evidence","870","602","user:void","0","0","1744916719","1","4","0","0","74","7359","9359","2","0","13","c407c7c46","1791169356","1"
"2","bot_learned_evidence","871","602","user:void","0","0","1812005375","6","9","0","0","85","9801","11801","-30","0","13","c407c7c46","1791169356","0"
"2","bot_learned_evidence","872","602","user:void","0","0","1610698943","3","6","0","0","88","10032","12032","0","0","13","c407c7c46","1791169356","1"
"2","bot_learned_evidence","873","602","user:void","0","0","2013331903","6","6","3","9","102","10956","12956","0","0","13","c407c7c46","1791169356","2"
"2","bot_learned_evidence","874","602","user:void","0","0","1610697471","1","7","0","0","131","13200","15200","-30","0","13","c407c7c46","1791169356","1"
"2","bot_learned_evidence","875","602","user:void","0","0","1610701311","6","7","7","7","139","13596","15596","-30","0","13","c407c7c46","1791169356","1"
"2","bot_learned_evidence","876","602","user:void","0","0","1610701311","6","7","7","7","171","14883","16883","-50","0","13","c407c7c46","1791169356","1"
"2","bot_learned_evidence","877","602","user:void","0","0","1744914942","6","7","7","7","209","16599","18599","0","0","13","c407c7c46","1791169356","1"
"2","bot_learned_evidence","878","602","user:void","0","0","2046890494","7","5","9","4","250","19437","21437","-18","0","13","c407c7c46","1791169356","2"
"2","bot_learned_evidence","879","602","user:void","0","0","1610701310","6","7","7","10","269","21912","23912","-52","0","13","c407c7c46","1791169356","1"
"2","bot_learned_evidence","880","602","user:void","0","0","1678839928","4","5","0","0","297","23595","25595","-52","0","13","c407c7c46","1791169356","0"
"2","bot_learned_evidence","881","602","user:void","0","0","2013335817","1","3","0","0","321","24882","26882","-20","0","13","c407c7c46","1791169356","2"
"2","bot_learned_evidence","882","602","user:void","0","0","1812009320","1","9","5","0","329","26202","28202","0","0","13","c407c7c46","1791169356","0"
"2","bot_learned_evidence","883","602","user:void","0","0","1744914457","1","7","7","9","345","27621","29621","-20","0","13","c407c7c46","1791169356","1"
"2","bot_learned_evidence","884","602","user:void","0","0","1678840184","3","5","0","0","375","29832","31832","-30","0","13","c407c7c46","1791169356","0"
"2","bot_learned_evidence","885","602","user:void","0","0","1677787497","1","5","0","0","397","32043","34043","0","0","13","c407c7c46","1791169356","0"
"2","bot_learned_evidence","886","602","user:void","0","0","1677787417","1","9","5","9","411","33528","35528","20","0","13","c407c7c46","1791169356","0"
"2","bot_learned_evidence","887","602","user:void","0","0","1744912825","1","5","9","0","437","37125","39125","1","0","13","c407c7c46","1791169356","1"
"2","bot_learned_evidence","888","602","user:void","0","0","1812004970","5","5","9","0","451","38841","40841","20","0","13","c407c7c46","1791169356","0"
"2","bot_learned_evidence","889","602","user:void","0","0","1686176086","1","9","5","9","471","40491","42491","0","0","13","c407c7c46","1791169356","0"
"2","bot_learned_evidence","890","602","user:void","0","0","1677787738","5","9","5","3","489","42603","44603","20","0","13","c407c7c46","1791169356","0"
"2","bot_learned_evidence","891","602","user:void","0","0","1812005270","1","3","9","3","506","44781","46781","0","0","13","c407c7c46","1791169356","0"
"2","bot_learned_evidence","892","602","user:void","0","0","1744912409","1","3","9","0","536","48114","50114","50","0","13","c407c7c46","1791169356","1"
"2","bot_learned_evidence","893","602","user:void","0","0","1677787401","5","6","0","0","547","48972","50972","30","0","13","c407c7c46","1791169356","0"
"2","bot_learned_evidence","894","602","user:void","0","0","1812004933","7","9","6","0","565","49665","51665","0","0","13","c407c7c46","1791169356","0"
"2","bot_learned_evidence","895","602","user:void","0","0","1744912709","5","7","7","6","606","51942","53942","-2","0","13","c407c7c46","1791169356","1"
"2","bot_learned_evidence","896","602","user:void","0","0","1812004869","1","3","6","0","665","54813","56813","-20","0","13","c407c7c46","1791169356","0"
"2","bot_learned_evidence","897","602","user:void","0","0","1744912776","1","6","0","0","704","57255","59255","10","0","13","c407c7c46","1791169356","1"
"2","bot_learned_evidence","898","603","user:void","0","0","1610701295","6","4","0","0","3","2079","4079","-28","1","13","c407c7c46","1791169411","1"
"2","bot_learned_evidence","899","603","user:void","0","0","1744918783","3","7","7","10","13","3828","5828","12","1","13","c407c7c46","1791169411","1"
"2","bot_learned_evidence","900","603","user:void","0","0","1678836207","3","4","0","0","36","5412","7412","7","1","13","c407c7c46","1791169411","0"
"2","bot_learned_evidence","901","603","user:void","0","0","1812005375","1","9","8","6","58","7755","9755","-20","1","13","c407c7c46","1791169411","0"
"2","bot_learned_evidence","902","603","user:void","0","0","1610701055","6","7","7","0","101","10494","12494","-24","1","13","c407c7c46","1791169411","1"
"2","bot_learned_evidence","903","603","user:void","0","0","1812009086","4","5","0","0","129","11484","13484","-2","1","13","c407c7c46","1791169411","0"
"2","bot_learned_evidence","904","603","user:void","0","0","1610698798","1","3","0","0","144","13167","15167","0","1","13","c407c7c46","1791169411","1"
"2","bot_learned_evidence","905","603","user:void","0","0","1610699134","6","5","3","9","148","14421","16421","0","1","13","c407c7c46","1791169411","1"
"2","bot_learned_evidence","906","603","user:void","0","0","1677787439","1","9","6","3","180","17820","19820","10","1","13","c407c7c46","1791169411","0"
"2","bot_learned_evidence","907","603","user:void","0","0","1812005258","1","3","0","0","208","20163","22163","-21","1","13","c407c7c46","1791169411","0"
"2","bot_learned_evidence","908","603","user:void","0","0","1812005194","6","9","7","0","210","20361","22361","-21","1","13","c407c7c46","1791169411","0"
"2","bot_learned_evidence","909","603","user:void","0","0","1747012026","1","5","0","0","236","22176","24176","0","1","13","c407c7c46","1791169411","1"
"2","bot_learned_evidence","910","603","user:void","0","0","1812005243","1","9","8","0","249","23826","25826","0","1","13","c407c7c46","1791169411","0"
"2","bot_learned_evidence","911","603","user:void","0","0","1610701291","1","4","0","0","267","26862","28862","-16","1","13","c407c7c46","1791169411","1"
"2","bot_learned_evidence","912","603","user:void","0","0","1814104186","1","3","3","0","298","30426","32426","0","1","13","c407c7c46","1791169411","0"
"2","bot_learned_evidence","913","603","user:void","0","0","1677793658","6","9","5","0","310","32670","34670","0","1","13","c407c7c46","1791169411","0"
"2","bot_learned_evidence","914","603","user:void","0","0","1677789562","1","9","8","0","323","34551","36551","0","1","13","c407c7c46","1791169411","0"
"2","bot_learned_evidence","915","603","user:void","0","0","1610699130","6","6","3","9","347","36399","38399","80","1","13","c407c7c46","1791169411","1"
"2","bot_learned_evidence","916","603","user:void","0","0","1686176230","1","6","3","0","375","38016","40016","30","1","13","c407c7c46","1791169411","0"
"2","bot_learned_evidence","917","603","user:void","0","0","1879114210","1","6","3","0","399","39732","41732","-20","1","13","c407c7c46","1791169411","2"
"2","bot_learned_evidence","918","603","user:void","0","0","1678840225","3","4","0","0","436","42339","44339","8","1","13","c407c7c46","1791169411","0"
"2","bot_learned_evidence","919","603","user:void","0","0","1747011745","5","7","7","10","472","45540","47540","10","1","13","c407c7c46","1791169411","1"
"2","bot_learned_evidence","920","603","user:void","0","0","1745944928","1","5","0","0","509","47454","49454","20","1","13","c407c7c46","1791169411","0"
"2","bot_learned_evidence","921","603","user:void","0","0","1744916753","1","3","9","3","520","49005","51005","41","1","13","c407c7c46","1791169411","1"
"2","bot_learned_evidence","922","603","user:void","0","0","1677787393","5","5","3","0","531","49929","51810","45","1","13","c407c7c46","1791169411","0"
"2","bot_learned_evidence","923","603","user:void","0","0","1677787457","1","6","0","0","543","51414","51810","24","1","13","c407c7c46","1791169411","0"
"2","bot_learned_evidence","924","603","bot:/botfiles/mediumds.jkb","1","2","1610704383","1","6","0","0","2","2046","4046","28","0","13","c407c7c46","1791169411","1"
"2","bot_learned_evidence","925","603","bot:/botfiles/mediumds.jkb","1","2","1677796527","4","3","0","0","12","2277","4277","0","0","13","c407c7c46","1791169411","0"
"2","bot_learned_evidence","926","603","bot:/botfiles/mediumds.jkb","1","2","2013357551","1","3","0","0","28","3399","5399","-10","0","13","c407c7c46","1791169411","3"
"2","bot_learned_evidence","927","603","bot:/botfiles/mediumds.jkb","1","2","1619083775","1","3","0","0","44","5379","7379","-7","0","13","c407c7c46","1791169411","1"
"2","bot_learned_evidence","928","603","bot:/botfiles/mediumds.jkb","1","2","1820393663","4","9","10","0","48","5478","7478","-5","0","13","c407c7c46","1791169411","0"
"2","bot_learned_evidence","929","603","bot:/botfiles/mediumds.jkb","1","2","1677787647","1","6","0","0","77","10230","12230","22","0","13","c407c7c46","1791169411","0"
"2","bot_learned_evidence","930","603","bot:/botfiles/mediumds.jkb","1","2","1644250347","7","4","0","0","103","11253","13253","24","0","13","c407c7c46","1791169411","1"
"2","bot_learned_evidence","931","603","bot:/botfiles/mediumds.jkb","1","2","1879115227","1","6","0","0","140","14157","16157","0","0","13","c407c7c46","1791169411","2"
"2","bot_learned_evidence","932","603","bot:/botfiles/mediumds.jkb","1","2","1812005038","9","5","0","0","198","19437","21437","21","0","13","c407c7c46","1791169411","0"
"2","bot_learned_evidence","933","603","bot:/botfiles/mediumds.jkb","1","2","1677787418","3","6","0","0","208","20229","22229","21","0","13","c407c7c46","1791169411","0"
"2","bot_learned_evidence","934","603","bot:/botfiles/mediumds.jkb","1","2","2013340058","7","3","0","0","227","21351","23351","20","0","13","c407c7c46","1791169411","2"
"2","bot_learned_evidence","935","603","bot:/botfiles/mediumds.jkb","1","2","1610679790","8","6","0","0","260","25014","27014","-2","0","13","c407c7c46","1791169411","0"
"2","bot_learned_evidence","936","603","bot:/botfiles/mediumds.jkb","1","2","1677796798","1","3","6","4","289","28083","30083","21","0","13","c407c7c46","1791169411","0"
"2","bot_learned_evidence","937","603","bot:/botfiles/mediumds.jkb","1","2","1812013530","3","5","6","0","342","31647","33647","0","0","13","c407c7c46","1791169411","0"
"2","bot_learned_evidence","938","603","bot:/botfiles/mediumds.jkb","1","2","1812013530","8","6","6","0","376","35178","37178","-30","0","13","c407c7c46","1791169411","0"
"2","bot_learned_evidence","939","603","bot:/botfiles/mediumds.jkb","1","2","1610696056","3","6","0","0","432","40029","42029","20","0","13","c407c7c46","1791169411","1"
"2","bot_learned_evidence","940","603","bot:/botfiles/mediumds.jkb","1","2","1686177272","1","6","3","0","456","41745","43745","23","0","13","c407c7c46","1791169411","0"
"2","bot_learned_evidence","941","603","bot:/botfiles/mediumds.jkb","1","2","1677795572","1","5","0","0","500","45243","47243","-10","0","13","c407c7c46","1791169411","0"
"2","bot_learned_evidence","942","603","bot:/botfiles/mediumds.jkb","1","2","1686177168","5","6","0","0","534","47487","49487","-20","0","13","c407c7c46","1791169411","0"
"2","bot_learned_evidence","943","603","bot:/botfiles/mediumds.jkb","1","2","1812005204","3","5","0","0","571","49731","51731","-21","0","13","c407c7c46","1791169411","0"
"2","bot_learned_evidence","944","603","bot:/botfiles/mediumds.jkb","1","2","1812004868","3","7","0","0","584","50655","51810","-24","0","13","c407c7c46","1791169411","0"
"2","bot_learned_evidence","945","603","bot:/botfiles/mediumds.jkb","1","2","1610694948","6","5","0","0","600","51777","51810","-24","0","13","c407c7c46","1791169411","1"
"2","bot_learned_evidence","946","604","bot:/botfiles/mediumds.jkb","1","2","1686177279","1","6","3","0","33","4950","6950","28","1","13","c407c7c46","1791169490","0"
"2","bot_learned_evidence","947","604","bot:/botfiles/mediumds.jkb","1","2","1686176943","1","2","0","0","63","6369","8369","0","1","13","c407c7c46","1791169490","0"
"2","bot_learned_evidence","948","604","bot:/botfiles/mediumds.jkb","1","2","1686177279","5","2","0","0","70","7029","9029","0","1","13","c407c7c46","1791169490","0"
"2","bot_learned_evidence","949","604","bot:/botfiles/mediumds.jkb","1","2","1879122175","7","7","0","0","85","9900","11900","40","1","13","c407c7c46","1791169490","2"
"2","bot_learned_evidence","950","604","bot:/botfiles/mediumds.jkb","1","2","1812005039","3","4","0","0","121","13035","15035","-6","1","13","c407c7c46","1791169490","0"
"2","bot_learned_evidence","951","604","user:void","0","0","2013333759","1","7","7","7","6","2739","4739","10","0","13","c407c7c46","1791169490","2"
"2","bot_learned_evidence","952","604","user:void","0","0","1678839983","3","4","0","0","51","5379","7379","2","0","13","c407c7c46","1791169490","0"
"2","bot_learned_evidence","953","604","user:void","0","0","2014384639","2","5","0","0","64","6996","8996","0","0","13","c407c7c46","1791169490","2"
"2","bot_learned_evidence","954","604","user:void","0","0","1610697135","1","7","7","7","76","8085","10085","0","0","13","c407c7c46","1791169490","1"
"2","bot_learned_evidence","955","604","user:void","0","0","1818298879","7","7","7","7","128","10494","12494","-20","0","13","c407c7c46","1791169490","0"
"2","bot_learned_evidence","956","604","user:void","0","0","2013331967","1","6","3","0","172","12771","14771","26","0","13","c407c7c46","1791169490","2"
"2","bot_learned_evidence","957","604","user:void","0","0","1677787307","1","5","0","0","203","13959","15959","-23","0","13","c407c7c46","1791169490","0"
"2","bot_learned_evidence","958","604","user:void","0","0","1814102362","1","3","0","0","224","15543","16038","-38","0","13","c407c7c46","1791169490","0"
"2","bot_learned_evidence","959","606","user:void","0","0","1912613119","7","7","7","7","9","3300","5300","0","1","13","c407c7c46","1791169586","2"
"2","bot_learned_evidence","960","606","user:void","0","0","1610639607","1","7","7","7","292","19074","21074","30","1","13","c407c7c46","1791169586","1"
"2","bot_learned_evidence","961","606","user:void","0","0","1610639859","1","7","7","7","409","25773","27773","1","1","13","c407c7c46","1791169586","1"
"2","bot_learned_evidence","962","606","user:void","0","0","1610639603","1","7","0","0","445","28149","28215","18","1","13","c407c7c46","1791169586","1"
"2","bot_learned_evidence","963","606","bot:/botfiles/easyds.jkb","1","1","1612736767","1","7","0","0","9","3003","5003","0","0","13","c407c7c46","1791169586","1"
"2","bot_learned_evidence","964","607","user:void","0","0","1610639615","1","7","0","0","32","7953","9953","0","1","13","c407c7c46","1791169654","1"
"2","bot_learned_evidence","965","607","user:void","0","0","1879075071","7","7","7","7","39","8250","10250","0","1","13","c407c7c46","1791169654","3"
"2","bot_learned_evidence","966","607","user:void","0","0","1610639615","7","7","7","7","70","9438","11438","0","1","13","c407c7c46","1791169654","1"
"2","bot_learned_evidence","967","607","user:void","0","0","1612736767","7","7","7","7","288","19932","21932","30","1","13","c407c7c46","1791169654","1"
"2","bot_learned_evidence","968","607","user:void","0","0","1610639607","7","7","7","7","590","32934","34934","0","1","13","c407c7c46","1791169654","1"
"2","bot_learned_evidence","969","607","user:void","0","0","1610639863","7","7","7","7","733","39270","40854","47","1","13","c407c7c46","1791169654","1"
"2","bot_learned_evidence","970","607","user:void","0","0","1610639607","7","7","7","0","757","40392","40854","47","1","13","c407c7c46","1791169654","1"
"2","bot_learned_evidence","971","607","bot:/botfiles/easyds.jkb","1","1","1612720383","1","7","0","0","8","2970","4970","29","0","13","c407c7c46","1791169654","0"
"2","bot_learned_evidence","972","607","bot:/botfiles/easyds.jkb","1","1","1610639615","1","7","0","0","43","6072","8072","0","0","13","c407c7c46","1791169654","1"
"2","bot_learned_evidence","973","607","bot:/botfiles/easyds.jkb","1","1","1610639615","1","7","0","0","57","7194","9194","0","0","13","c407c7c46","1791169654","1"
"2","bot_learned_evidence","974","607","bot:/botfiles/easyds.jkb","1","1","1610639615","7","7","0","0","71","8184","10184","0","0","13","c407c7c46","1791169654","1"
"2","bot_learned_evidence","975","607","bot:/botfiles/easyds.jkb","1","1","1879058687","7","7","0","0","90","9306","11306","0","0","13","c407c7c46","1791169654","2"
"2","bot_learned_evidence","976","607","bot:/botfiles/easyds.jkb","1","1","1879320831","7","7","0","0","143","19932","21932","-30","0","13","c407c7c46","1791169654","2"
"2","bot_learned_evidence","977","607","bot:/botfiles/easyds.jkb","1","1","1879058685","7","7","0","0","218","32934","34934","0","0","13","c407c7c46","1791169654","2"
"2","bot_learned_evidence","978","607","bot:/botfiles/easyds.jkb","1","1","1879058941","7","7","0","0","265","39105","40854","-47","0","13","c407c7c46","1791169654","2"
"2","bot_learned_evidence","979","607","bot:/botfiles/easyds.jkb","1","1","1879075069","7","7","0","0","284","40194","40854","-47","0","13","c407c7c46","1791169654","3"
"2","bot_learned_evidence","980","608","user:void","0","0","1811945727","1","9","0","0","1","2244","4244","0","1","13","c407c7c46","1791169694","0"
"2","bot_learned_evidence","981","608","user:void","0","0","1644188159","1","7","0","0","15","10065","12065","-84","1","13","c407c7c46","1791169694","1"
"2","bot_learned_evidence","982","608","user:void","0","0","1644188158","1","7","0","0","32","12540","14540","0","1","13","c407c7c46","1791169694","1"
"2","bot_learned_evidence","983","608","user:void","0","0","1610633726","1","7","7","0","46","13761","15761","0","1","13","c407c7c46","1791169694","1"
"2","bot_learned_evidence","984","608","user:void","0","0","1677725950","7","9","0","0","62","14784","16784","0","1","13","c407c7c46","1791169694","0"
"2","bot_learned_evidence","985","608","user:void","0","0","1610633726","1","7","7","7","77","16434","18434","0","1","13","c407c7c46","1791169694","1"
"2","bot_learned_evidence","986","608","user:void","0","0","1610633726","1","7","7","0","115","18513","20513","0","1","13","c407c7c46","1791169694","1"
"2","bot_learned_evidence","987","608","user:void","0","0","1616927230","1","7","7","7","142","20394","22394","0","1","13","c407c7c46","1791169694","1"
"2","bot_learned_evidence","988","608","user:void","0","0","1879070970","1","7","7","0","261","27027","29027","60","1","13","c407c7c46","1791169694","3"
"2","bot_learned_evidence","989","608","user:void","0","0","1610635514","7","7","7","7","278","27819","29819","60","1","13","c407c7c46","1791169694","1"
"2","bot_learned_evidence","990","608","bot:/botfiles/mediumds.jkb","1","2","1610630399","1","7","0","0","11","9141","11141","0","0","13","c407c7c46","1791169694","1"
"2","bot_learned_evidence","991","608","bot:/botfiles/mediumds.jkb","1","2","1610630399","1","7","0","0","38","11814","13814","84","0","13","c407c7c46","1791169694","1"
"2","bot_learned_evidence","992","608","bot:/botfiles/mediumds.jkb","1","2","2013267195","9","7","0","0","73","14784","16784","0","0","13","c407c7c46","1791169694","2"
"2","bot_learned_evidence","993","608","bot:/botfiles/mediumds.jkb","1","2","1879057658","7","7","0","0","150","27720","29720","-60","0","13","c407c7c46","1791169694","2"
"2","bot_learned_evidence","994","609","user:void","0","0","1879054591","1","7","7","7","2","2574","4574","30","1","13","c407c7c46","1791169713","2"
"2","bot_learned_evidence","995","609","user:void","0","0","1644188155","1","7","7","7","157","9603","11603","90","1","13","c407c7c46","1791169713","1"
"2","bot_learned_evidence","996","609","bot:/botfiles/mediumds.jkb","1","2","1879057662","7","7","0","0","23","8646","10646","0","0","13","c407c7c46","1791169713","2"
"2","bot_learned_evidence","997","610","user:void","0","0","1610633471","1","7","7","7","6","3366","5366","40","1","13","c407c7c46","1791169736","1"
"2","bot_learned_evidence","998","610","user:void","0","0","1610633727","1","7","7","7","32","5115","7115","40","1","13","c407c7c46","1791169736","1"
"2","bot_learned_evidence","999","610","user:void","0","0","1644188155","1","7","7","7","94","9537","11537","0","1","13","c407c7c46","1791169736","1"
"2","bot_learned_evidence","1000","610","user:void","0","0","1616924923","1","7","0","0","129","11847","13847","80","1","13","c407c7c46","1791169736","1"
"2","bot_learned_evidence","1001","610","user:void","0","0","1610633719","1","7","7","0","146","13233","15233","-20","1","13","c407c7c46","1791169736","1"
"2","bot_learned_evidence","1002","610","user:void","0","0","1610633459","7","7","0","0","172","14553","16368","-21","1","13","c407c7c46","1791169736","1"
"2","bot_learned_evidence","1003","610","user:void","0","0","1610633459","1","7","0","0","180","16203","16368","39","1","13","c407c7c46","1791169736","1"
"2","bot_learned_evidence","1004","610","bot:/botfiles/mediumds.jkb","1","2","1879049726","1","7","0","0","21","8613","10613","0","0","13","c407c7c46","1791169736","2"
"2","bot_learned_evidence","1005","610","bot:/botfiles/mediumds.jkb","1","2","1879049468","1","7","0","0","69","14454","16368","21","0","13","c407c7c46","1791169736","2"
"2","bot_learned_evidence","1006","611","bot:/botfiles/mediumds.jkb","1","2","1677797567","4","3","6","3","3","2178","4178","40","1","13","c407c7c46","1791181286","0"
"2","bot_learned_evidence","1007","611","bot:/botfiles/mediumds.jkb","1","2","1677795823","1","4","0","0","40","4752","6752","-20","1","13","c407c7c46","1791181286","0"
"2","bot_learned_evidence","1008","611","bot:/botfiles/mediumds.jkb","1","2","1812013487","4","2","0","0","51","5610","7610","0","1","13","c407c7c46","1791181286","0"
"2","bot_learned_evidence","1009","611","bot:/botfiles/mediumds.jkb","1","2","1677796095","1","5","6","0","58","6930","8930","0","1","13","c407c7c46","1791181286","0"
"2","bot_learned_evidence","1010","611","bot:/botfiles/mediumds.jkb","1","2","1879138527","1","4","0","0","93","9240","11240","2","1","13","c407c7c46","1791181286","3"
"2","bot_learned_evidence","1011","611","bot:/botfiles/mediumds.jkb","1","2","1677795807","2","6","0","0","100","9702","11702","0","1","13","c407c7c46","1791181286","0"
"2","bot_learned_evidence","1012","611","bot:/botfiles/mediumds.jkb","1","2","1686185471","1","6","3","0","125","12639","14639","51","1","13","c407c7c46","1791181286","0"
"2","bot_learned_evidence","1013","611","bot:/botfiles/mediumds.jkb","1","2","1686184171","1","4","0","0","153","14256","16256","1","1","13","c407c7c46","1791181286","0"
"2","bot_learned_evidence","1014","611","bot:/botfiles/mediumds.jkb","1","2","1677795499","4","2","0","0","161","14850","16850","1","1","13","c407c7c46","1791181286","0"
"2","bot_learned_evidence","1015","611","bot:/botfiles/mediumds.jkb","1","2","1677795835","1","6","0","0","172","16170","18051","15","1","13","c407c7c46","1791181286","0"
"2","bot_learned_evidence","1016","611","bot:/botfiles/mediumds.jkb","1","2","2013356283","3","7","0","0","194","17160","18051","14","1","13","c407c7c46","1791181286","3"
"2","bot_learned_evidence","1017","611","bot:/botfiles/mediumds.jkb","1","2","1744904699","3","3","0","0","207","17886","18051","14","1","13","c407c7c46","1791181286","0"
"2","bot_learned_evidence","1018","611","iphash:f51458ac","0","0","1610688751","1","4","0","0","3","1980","3980","-18","0","13","c407c7c46","1791181286","0"
"2","bot_learned_evidence","1019","611","iphash:f51458ac","0","0","1677789359","4","4","9","4","23","5148","7148","22","0","13","c407c7c46","1791181286","0"
"2","bot_learned_evidence","1020","611","iphash:f51458ac","0","0","1879136607","6","2","0","0","46","7986","9986","-2","0","13","c407c7c46","1791181286","3"
"2","bot_learned_evidence","1021","611","iphash:f51458ac","0","0","1610680447","4","2","0","0","52","9339","11339","0","0","13","c407c7c46","1791181286","0"
"2","bot_learned_evidence","1022","611","iphash:f51458ac","0","0","1610697151","1","2","0","0","55","10626","12626","-20","0","13","c407c7c46","1791181286","1"
"2","bot_learned_evidence","1023","611","iphash:f51458ac","0","0","1812007086","4","4","0","0","76","14421","16421","2","0","13","c407c7c46","1791181286","0"
"2","bot_learned_evidence","1024","611","iphash:f51458ac","0","0","2013350318","2","2","0","0","85","15246","17246","-1","0","13","c407c7c46","1791181286","3"
"2","bot_learned_evidence","1025","611","iphash:f51458ac","0","0","1677793790","6","9","3","0","88","16500","18051","-14","0","13","c407c7c46","1791181286","0"
"2","bot_learned_evidence","1026","611","iphash:f51458ac","0","0","1879116030","7","3","0","0","93","17358","18051","-14","0","13","c407c7c46","1791181286","2"
"2","bot_learned_evidence","1027","612","iphash:f51458ac","0","0","1677789631","1","9","0","0","7","4158","6158","18","1","13","c407c7c46","1791181503","0"
"2","bot_learned_evidence","1028","612","iphash:f51458ac","0","0","1677789375","1","3","0","0","15","6006","8006","20","1","13","c407c7c46","1791181503","0"
"2","bot_learned_evidence","1029","612","iphash:f51458ac","0","0","1812007263","5","3","9","3","26","6996","8996","40","1","13","c407c7c46","1791181503","0"
"2","bot_learned_evidence","1030","612","iphash:f51458ac","0","0","1814102175","3","3","0","0","38","8118","10118","40","1","13","c407c7c46","1791181503","0"
"2","bot_learned_evidence","1031","612","iphash:f51458ac","0","0","1686178287","1","3","5","0","43","9141","11141","20","1","13","c407c7c46","1791181503","0"
"2","bot_learned_evidence","1032","612","iphash:f51458ac","0","0","1677789327","7","5","0","0","73","11979","13979","-40","1","13","c407c7c46","1791181503","0"
"2","bot_learned_evidence","1033","612","iphash:f51458ac","0","0","1812004943","3","9","0","0","91","14058","16058","0","1","13","c407c7c46","1791181503","0"
"2","bot_learned_evidence","1034","612","iphash:f51458ac","0","0","1812005023","1","9","3","0","104","16632","18632","-52","1","13","c407c7c46","1791181503","0"
"2","bot_learned_evidence","1035","612","iphash:f51458ac","0","0","1812005039","3","5","0","0","111","17292","19292","-32","1","13","c407c7c46","1791181503","0"
"2","bot_learned_evidence","1036","612","iphash:f51458ac","0","0","1812005199","4","3","0","0","122","18117","20117","-30","1","13","c407c7c46","1791181503","0"
"2","bot_learned_evidence","1037","612","iphash:f51458ac","0","0","1744912750","1","5","9","3","132","19701","21701","20","1","13","c407c7c46","1791181503","1"
"2","bot_learned_evidence","1038","612","iphash:f51458ac","0","0","1745944734","1","4","0","0","170","24090","26090","5","1","13","c407c7c46","1791181503","0"
"2","bot_learned_evidence","1039","612","iphash:f51458ac","0","0","1677787614","1","9","3","0","223","29238","31238","0","1","13","c407c7c46","1791181503","0"
"2","bot_learned_evidence","1040","612","iphash:f51458ac","0","0","1677787294","5","3","9","3","242","30822","32822","-20","1","13","c407c7c46","1791181503","0"
"2","bot_learned_evidence","1041","612","iphash:f51458ac","0","0","1677787149","5","3","0","0","266","33033","35033","40","1","13","c407c7c46","1791181503","0"
"2","bot_learned_evidence","1042","612","iphash:f51458ac","0","0","1812004877","9","9","0","0","271","33165","35165","20","1","13","c407c7c46","1791181503","0"
"2","bot_learned_evidence","1043","612","iphash:f51458ac","0","0","1744912717","1","3","0","0","291","36135","38135","20","1","13","c407c7c46","1791181503","1"
"2","bot_learned_evidence","1044","612","iphash:f51458ac","0","0","1812005309","6","9","0","0","305","38544","40544","15","1","13","c407c7c46","1791181503","0"
"2","bot_learned_evidence","1045","612","iphash:f51458ac","0","0","1812004989","4","3","3","0","309","39435","41435","38","1","13","c407c7c46","1791181503","0"
"2","bot_learned_evidence","1046","612","iphash:f51458ac","0","0","1677787437","5","3","0","0","326","41052","43052","20","1","13","c407c7c46","1791181503","0"
"2","bot_learned_evidence","1047","612","iphash:f51458ac","0","0","1677787501","1","5","3","0","332","42141","44141","0","1","13","c407c7c46","1791181503","0"
"2","bot_learned_evidence","1048","612","iphash:f51458ac","0","0","1610700925","6","7","0","0","355","45045","47045","-30","1","13","c407c7c46","1791181503","1"
"2","bot_learned_evidence","1049","612","iphash:f51458ac","0","0","1610701180","6","7","0","0","371","46332","48332","0","1","13","c407c7c46","1791181503","1"
"2","bot_learned_evidence","1050","612","iphash:f51458ac","0","0","1677789484","5","9","3","5","395","47586","49586","0","1","13","c407c7c46","1791181503","0"
"2","bot_learned_evidence","1051","612","iphash:f51458ac","0","0","1610694813","1","4","0","0","424","52239","54239","-38","1","13","c407c7c46","1791181503","1"
"2","bot_learned_evidence","1052","612","iphash:f51458ac","0","0","2013347932","3","4","0","0","455","55308","57308","25","1","13","c407c7c46","1791181503","3"
"2","bot_learned_evidence","1053","612","iphash:f51458ac","0","0","1820393676","1","9","4","0","489","57585","59585","42","1","13","c407c7c46","1791181503","0"
"2","bot_learned_evidence","1054","612","iphash:f51458ac","0","0","1677787352","1","9","0","0","516","60357","60357","12","1","13","c407c7c46","1791181503","0"
"2","bot_learned_evidence","1055","612","bot:/botfiles/mediumds.jkb","1","2","1677795839","1","6","3","0","11","2904","4904","0","0","13","c407c7c46","1791181503","0"
"2","bot_learned_evidence","1056","612","bot:/botfiles/mediumds.jkb","1","2","2013340079","1","4","0","0","37","5181","7181","-38","0","13","c407c7c46","1791181503","2"
"2","bot_learned_evidence","1057","612","bot:/botfiles/mediumds.jkb","1","2","1812013551","3","5","0","0","51","6303","8303","-40","0","13","c407c7c46","1791181503","0"
"2","bot_learned_evidence","1058","612","bot:/botfiles/mediumds.jkb","1","2","1747009951","3","3","0","0","68","7887","9887","-40","0","13","c407c7c46","1791181503","1"
"2","bot_learned_evidence","1059","612","bot:/botfiles/mediumds.jkb","1","2","1677787839","5","5","0","0","90","10131","12131","-1","0","13","c407c7c46","1791181503","0"
"2","bot_learned_evidence","1060","612","bot:/botfiles/mediumds.jkb","1","2","2015436831","1","7","0","0","112","11781","13781","40","0","13","c407c7c46","1791181503","2"
"2","bot_learned_evidence","1061","612","bot:/botfiles/mediumds.jkb","1","2","1744912431","5","7","5","6","124","12111","14111","20","0","13","c407c7c46","1791181503","1"
"2","bot_learned_evidence","1062","612","bot:/botfiles/mediumds.jkb","1","2","1812005215","9","5","0","0","174","14619","16619","0","0","13","c407c7c46","1791181503","0"
"2","bot_learned_evidence","1063","612","bot:/botfiles/mediumds.jkb","1","2","2013331823","3","3","0","0","189","16863","18863","52","0","13","c407c7c46","1791181503","2"
"2","bot_learned_evidence","1064","612","bot:/botfiles/mediumds.jkb","1","2","1677787423","5","6","4","0","200","17919","19919","32","0","13","c407c7c46","1791181503","0"
"2","bot_learned_evidence","1065","612","bot:/botfiles/mediumds.jkb","1","2","1812005211","1","6","0","0","226","18876","20876","0","0","13","c407c7c46","1791181503","0"
"2","bot_learned_evidence","1066","612","bot:/botfiles/mediumds.jkb","1","2","1812004971","3","5","3","0","247","21285","23285","19","0","13","c407c7c46","1791181503","0"
"2","bot_learned_evidence","1067","612","bot:/botfiles/mediumds.jkb","1","2","1677787259","1","3","0","0","279","25179","27179","-65","0","13","c407c7c46","1791181503","0"
"2","bot_learned_evidence","1068","612","bot:/botfiles/mediumds.jkb","1","2","1812004987","3","7","5","0","297","29667","31667","0","0","13","c407c7c46","1791181503","0"
"2","bot_learned_evidence","1069","612","bot:/botfiles/mediumds.jkb","1","2","2013331723","1","3","5","0","332","31845","33845","0","0","13","c407c7c46","1791181503","2"
"2","bot_learned_evidence","1070","612","bot:/botfiles/mediumds.jkb","1","2","1812004871","3","9","0","0","344","33066","35066","-40","0","13","c407c7c46","1791181503","0"
"2","bot_learned_evidence","1071","612","bot:/botfiles/mediumds.jkb","1","2","1812004903","1","5","3","0","355","34419","36419","0","0","13","c407c7c46","1791181503","0"
"2","bot_learned_evidence","1072","612","bot:/botfiles/mediumds.jkb","1","2","1677787623","1","6","0","0","388","38247","40247","-15","0","13","c407c7c46","1791181503","0"
"2","bot_learned_evidence","1073","612","bot:/botfiles/mediumds.jkb","1","2","2013332695","9","4","0","0","403","38775","40775","-16","0","13","c407c7c46","1791181503","2"
"2","bot_learned_evidence","1074","612","bot:/botfiles/mediumds.jkb","1","2","1812005335","3","5","0","0","427","40755","42755","-20","0","13","c407c7c46","1791181503","0"
"2","bot_learned_evidence","1075","612","bot:/botfiles/mediumds.jkb","1","2","2013331467","3","7","7","6","457","43428","45428","30","0","13","c407c7c46","1791181503","2"
"2","bot_learned_evidence","1076","612","bot:/botfiles/mediumds.jkb","1","2","1879123415","1","6","0","0","508","45771","47771","30","0","13","c407c7c46","1791181503","2"
"2","bot_learned_evidence","1077","612","bot:/botfiles/mediumds.jkb","1","2","2013340131","1","5","0","0","529","47091","49091","0","0","13","c407c7c46","1791181503","2"
"2","bot_learned_evidence","1078","612","bot:/botfiles/mediumds.jkb","1","2","1812013655","1","5","6","0","556","49995","51995","0","0","13","c407c7c46","1791181503","0"
"2","bot_learned_evidence","1079","612","bot:/botfiles/mediumds.jkb","1","2","1677787239","4","3","5","0","578","52503","54503","40","0","13","c407c7c46","1791181503","0"
"2","bot_learned_evidence","1080","612","bot:/botfiles/mediumds.jkb","1","2","1686175907","1","5","0","0","585","53361","55361","17","0","13","c407c7c46","1791181503","0"
"2","bot_learned_evidence","1081","612","bot:/botfiles/mediumds.jkb","1","2","1610695059","1","3","0","0","604","54945","56945","-25","0","13","c407c7c46","1791181503","1"
"2","bot_learned_evidence","1082","613","bot:/botfiles/mediumds.jkb","1","2","1677795839","1","6","3","3","8","2937","4937","0","1","13","c407c7c46","1791181600","0"
"2","bot_learned_evidence","1083","613","bot:/botfiles/mediumds.jkb","1","2","1879130607","1","3","6","0","52","5907","7907","18","1","13","c407c7c46","1791181600","3"
"2","bot_learned_evidence","1084","613","bot:/botfiles/mediumds.jkb","1","2","1677787311","4","2","0","0","82","7953","9953","-2","1","13","c407c7c46","1791181600","0"
"2","bot_learned_evidence","1085","613","bot:/botfiles/mediumds.jkb","1","2","1610696175","1","3","6","0","94","9603","11603","-2","1","13","c407c7c46","1791181600","1"
"2","bot_learned_evidence","1086","613","bot:/botfiles/mediumds.jkb","1","2","1812004975","1","4","0","0","114","11385","13385","-40","1","13","c407c7c46","1791181600","0"
"2","bot_learned_evidence","1087","613","bot:/botfiles/mediumds.jkb","1","2","1812004975","4","3","5","9","117","12111","14111","-39","1","13","c407c7c46","1791181600","0"
"2","bot_learned_evidence","1088","613","bot:/botfiles/mediumds.jkb","1","2","1812005311","1","5","0","0","149","15675","17675","0","1","13","c407c7c46","1791181600","0"
"2","bot_learned_evidence","1089","613","bot:/botfiles/mediumds.jkb","1","2","1744912415","1","7","0","0","175","17325","19325","20","1","13","c407c7c46","1791181600","1"
"2","bot_learned_evidence","1090","613","bot:/botfiles/mediumds.jkb","1","2","1744912751","9","5","0","0","189","18051","20051","40","1","13","c407c7c46","1791181600","1"
"2","bot_learned_evidence","1091","613","bot:/botfiles/mediumds.jkb","1","2","1619083599","1","3","0","0","204","19569","21569","20","1","13","c407c7c46","1791181600","1"
"2","bot_learned_evidence","1092","613","bot:/botfiles/mediumds.jkb","1","2","1812005275","9","6","3","6","217","20823","22823","0","1","13","c407c7c46","1791181600","0"
"2","bot_learned_evidence","1093","613","bot:/botfiles/mediumds.jkb","1","2","1744912735","3","7","7","3","303","27225","29225","0","1","13","c407c7c46","1791181600","1"
"2","bot_learned_evidence","1094","613","bot:/botfiles/mediumds.jkb","1","2","1744912783","1","3","0","0","347","30129","32129","19","1","13","c407c7c46","1791181600","1"
"2","bot_learned_evidence","1095","613","bot:/botfiles/mediumds.jkb","1","2","1887503839","1","6","6","0","360","31416","33416","0","1","13","c407c7c46","1791181600","2"
"2","bot_learned_evidence","1096","613","bot:/botfiles/mediumds.jkb","1","2","2013333903","3","3","0","0","410","35475","37475","-20","1","13","c407c7c46","1791181600","2"
"2","bot_learned_evidence","1097","613","bot:/botfiles/mediumds.jkb","1","2","1812007183","3","5","0","0","438","38247","40247","0","1","13","c407c7c46","1791181600","0"
"2","bot_learned_evidence","1098","613","bot:/botfiles/mediumds.jkb","1","2","1812004895","3","9","0","0","443","39468","41468","0","1","13","c407c7c46","1791181600","0"
"2","bot_learned_evidence","1099","613","bot:/botfiles/mediumds.jkb","1","2","1812005055","1","5","0","0","447","40557","42557","-20","1","13","c407c7c46","1791181600","0"
"2","bot_learned_evidence","1100","613","bot:/botfiles/mediumds.jkb","1","2","2013331583","1","5","0","0","481","44847","46847","19","1","13","c407c7c46","1791181600","2"
"2","bot_learned_evidence","1101","613","bot:/botfiles/mediumds.jkb","1","2","1744912671","1","3","5","3","498","45969","47969","19","1","13","c407c7c46","1791181600","1"
"2","bot_learned_evidence","1102","613","bot:/botfiles/mediumds.jkb","1","2","1686176111","1","5","3","0","509","46893","48893","19","1","13","c407c7c46","1791181600","0"
"2","bot_learned_evidence","1103","613","bot:/botfiles/mediumds.jkb","1","2","1677787551","1","4","0","0","537","49665","51665","0","1","13","c407c7c46","1791181600","0"
"2","bot_learned_evidence","1104","613","bot:/botfiles/mediumds.jkb","1","2","1677787295","1","3","0","0","545","50787","52787","0","1","13","c407c7c46","1791181600","0"
"2","bot_learned_evidence","1105","613","bot:/botfiles/mediumds.jkb","1","2","1677787647","1","6","3","6","556","52602","54602","0","1","13","c407c7c46","1791181600","0"
"2","bot_learned_evidence","1106","613","bot:/botfiles/mediumds.jkb","1","2","1812004975","1","4","0","0","614","56760","58760","-40","1","13","c407c7c46","1791181600","0"
"2","bot_learned_evidence","1107","613","bot:/botfiles/mediumds.jkb","1","2","1812005311","1","5","0","0","625","59961","61961","-20","1","13","c407c7c46","1791181600","0"
"2","bot_learned_evidence","1108","613","bot:/botfiles/mediumds.jkb","1","2","1744912655","5","3","10","0","642","60885","62885","-20","1","13","c407c7c46","1791181600","1"
"2","bot_learned_evidence","1109","613","bot:/botfiles/mediumds.jkb","1","2","1677796079","1","5","0","0","663","64185","66185","20","1","13","c407c7c46","1791181600","0"
"2","bot_learned_evidence","1110","613","bot:/botfiles/mediumds.jkb","1","2","1744920991","8","3","0","0","675","65439","67439","0","1","13","c407c7c46","1791181600","1"
"2","bot_learned_evidence","1111","613","bot:/botfiles/mediumds.jkb","1","2","1677787503","6","5","0","0","682","66495","68495","0","1","13","c407c7c46","1791181600","0"
"2","bot_learned_evidence","1112","613","bot:/botfiles/mediumds.jkb","1","2","2013331871","9","3","0","0","693","68013","70013","20","1","13","c407c7c46","1791181600","2"
"2","bot_learned_evidence","1113","613","bot:/botfiles/mediumds.jkb","1","2","1744912543","1","5","0","0","716","70323","72323","18","1","13","c407c7c46","1791181600","1"
"2","bot_learned_evidence","1114","613","bot:/botfiles/mediumds.jkb","1","2","1812005135","4","3","0","0","722","70785","72785","20","1","13","c407c7c46","1791181600","0"
"2","bot_learned_evidence","1115","613","bot:/botfiles/mediumds.jkb","1","2","1812005279","1","5","3","0","732","71907","73907","18","1","13","c407c7c46","1791181600","0"
"2","bot_learned_evidence","1116","613","bot:/botfiles/mediumds.jkb","1","2","1812004911","1","3","0","0","751","74943","76943","-64","1","13","c407c7c46","1791181600","0"
"2","bot_learned_evidence","1117","613","bot:/botfiles/mediumds.jkb","1","2","1812005247","3","5","0","0","774","78309","80309","0","1","13","c407c7c46","1791181600","0"
"2","bot_learned_evidence","1118","613","bot:/botfiles/mediumds.jkb","1","2","1744914719","1","3","5","3","789","79563","81563","0","1","13","c407c7c46","1791181600","1"
"2","bot_learned_evidence","1119","613","bot:/botfiles/mediumds.jkb","1","2","1879113903","4","5","3","6","842","84051","86051","28","1","13","c407c7c46","1791181600","2"
"2","bot_learned_evidence","1120","613","bot:/botfiles/mediumds.jkb","1","2","1812005051","3","5","0","0","889","91509","93509","19","1","13","c407c7c46","1791181600","0"
"2","bot_learned_evidence","1121","613","bot:/botfiles/mediumds.jkb","1","2","2013331723","9","3","0","0","910","92895","94710","39","1","13","c407c7c46","1791181600","2"
"2","bot_learned_evidence","1122","613","bot:/botfiles/mediumds.jkb","1","2","1812005147","3","5","3","0","920","93951","94710","20","1","13","c407c7c46","1791181600","0"
"2","bot_learned_evidence","1123","613","iphash:f51458ac","0","0","1744912623","1","4","0","0","26","7689","9689","4","0","13","c407c7c46","1791181600","1"
"2","bot_learned_evidence","1124","613","iphash:f51458ac","0","0","1812005295","3","4","0","0","39","9669","11669","2","0","13","c407c7c46","1791181600","0"
"2","bot_learned_evidence","1125","613","iphash:f51458ac","0","0","1812005087","4","9","0","0","69","12045","14045","39","0","13","c407c7c46","1791181600","0"
"2","bot_learned_evidence","1126","613","iphash:f51458ac","0","0","1812005359","1","9","0","0","96","14817","16817","0","0","13","c407c7c46","1791181600","0"
"2","bot_learned_evidence","1127","613","iphash:f51458ac","0","0","1677787551","7","9","0","0","123","18018","20018","-40","0","13","c407c7c46","1791181600","0"
"2","bot_learned_evidence","1128","613","iphash:f51458ac","0","0","1812005230","1","9","0","0","147","20394","22394","0","0","13","c407c7c46","1791181600","0"
"2","bot_learned_evidence","1129","613","iphash:f51458ac","0","0","1677791614","6","5","0","0","155","23694","25694","0","0","13","c407c7c46","1791181600","0"
"2","bot_learned_evidence","1130","613","iphash:f51458ac","0","0","1677787519","1","9","3","5","163","25014","27014","0","0","13","c407c7c46","1791181600","0"
"2","bot_learned_evidence","1131","613","iphash:f51458ac","0","0","1677787247","1","9","3","0","178","26730","28730","0","0","13","c407c7c46","1791181600","0"
"2","bot_learned_evidence","1132","613","iphash:f51458ac","0","0","1677787583","3","5","0","0","185","28578","30578","-19","0","13","c407c7c46","1791181600","0"
"2","bot_learned_evidence","1133","613","iphash:f51458ac","0","0","1610699135","6","5","9","5","213","32406","34406","0","0","13","c407c7c46","1791181600","1"
"2","bot_learned_evidence","1134","613","iphash:f51458ac","0","0","1879121951","1","3","9","3","238","34617","36617","0","0","13","c407c7c46","1791181600","2"
"2","bot_learned_evidence","1135","613","iphash:f51458ac","0","0","1812013183","1","5","0","0","249","36267","38267","40","0","13","c407c7c46","1791181600","0"
"2","bot_learned_evidence","1136","613","iphash:f51458ac","0","0","1812013071","1","3","0","0","269","37686","39686","20","0","13","c407c7c46","1791181600","0"
"2","bot_learned_evidence","1137","613","iphash:f51458ac","0","0","1677787471","1","3","0","0","279","39435","41435","0","0","13","c407c7c46","1791181600","0"
"2","bot_learned_evidence","1138","613","iphash:f51458ac","0","0","1812005007","5","3","0","0","287","40722","42722","20","0","13","c407c7c46","1791181600","0"
"2","bot_learned_evidence","1139","613","iphash:f51458ac","0","0","1686176143","1","6","6","0","298","42504","44504","0","0","13","c407c7c46","1791181600","0"
"2","bot_learned_evidence","1140","613","iphash:f51458ac","0","0","1677787231","4","4","0","0","385","50028","52028","2","0","13","c407c7c46","1791181600","0"
"2","bot_learned_evidence","1141","613","iphash:f51458ac","0","0","1610695087","1","4","0","0","402","54681","56681","4","0","13","c407c7c46","1791181600","1"
"2","bot_learned_evidence","1142","613","iphash:f51458ac","0","0","1814102255","1","9","4","0","416","55968","57968","42","0","13","c407c7c46","1791181600","0"
"2","bot_learned_evidence","1143","613","iphash:f51458ac","0","0","1677787551","5","5","0","0","462","60324","62324","20","0","13","c407c7c46","1791181600","0"
"2","bot_learned_evidence","1144","613","iphash:f51458ac","0","0","1686176079","1","5","0","0","476","62007","64007","0","0","13","c407c7c46","1791181600","0"
"2","bot_learned_evidence","1145","613","iphash:f51458ac","0","0","1677789551","5","9","8","0","490","64845","66845","-20","0","13","c407c7c46","1791181600","0"
"2","bot_learned_evidence","1146","613","iphash:f51458ac","0","0","1812005215","3","6","0","0","510","65934","67934","20","0","13","c407c7c46","1791181600","0"
"2","bot_learned_evidence","1147","613","iphash:f51458ac","0","0","1744896351","5","5","9","0","526","66594","68594","0","0","13","c407c7c46","1791181600","0"
"2","bot_learned_evidence","1148","613","iphash:f51458ac","0","0","1677787503","3","5","0","0","539","68211","70211","-20","0","13","c407c7c46","1791181600","0"
"2","bot_learned_evidence","1149","613","iphash:f51458ac","0","0","1677787231","5","4","0","0","561","70356","72356","-18","0","13","c407c7c46","1791181600","0"
"2","bot_learned_evidence","1150","613","iphash:f51458ac","0","0","1812004895","3","4","0","0","585","73194","75194","4","0","13","c407c7c46","1791181600","0"
"2","bot_learned_evidence","1151","613","iphash:f51458ac","0","0","1686176207","1","3","0","0","632","77418","79418","0","0","13","c407c7c46","1791181600","0"
"2","bot_learned_evidence","1152","613","iphash:f51458ac","0","0","1812005343","5","3","0","0","635","78309","80309","0","0","13","c407c7c46","1791181600","0"
"2","bot_learned_evidence","1153","613","iphash:f51458ac","0","0","1610694831","5","4","0","0","669","84051","86051","-28","0","13","c407c7c46","1791181600","1"
"2","bot_learned_evidence","1154","613","iphash:f51458ac","0","0","1677791342","3","4","0","0","689","86130","88130","4","0","13","c407c7c46","1791181600","0"
"2","bot_learned_evidence","1155","613","iphash:f51458ac","0","0","1812005102","1","3","0","0","738","91476","93476","-19","0","13","c407c7c46","1791181600","0"
"2","bot_learned_evidence","1156","613","iphash:f51458ac","0","0","1677787406","1","9","0","0","758","92268","94268","-19","0","13","c407c7c46","1791181600","0"
"2","bot_learned_evidence","1157","613","iphash:f51458ac","0","0","1812005198","1","3","0","0","768","93918","94710","-20","0","13","c407c7c46","1791181600","0"
"2","bot_learned_evidence","1158","614","bot:/botfiles/mediumds.jkb","1","2","1677795839","1","6","0","0","9","2904","4904","48","1","13","c407c7c46","1791181643","0"
"2","bot_learned_evidence","1159","614","bot:/botfiles/mediumds.jkb","1","2","1812013423","4","3","0","0","36","3993","5993","47","1","13","c407c7c46","1791181643","0"
"2","bot_learned_evidence","1160","614","bot:/botfiles/mediumds.jkb","1","2","1744922047","1","6","3","0","50","5280","7280","5","1","13","c407c7c46","1791181643","1"
"2","bot_learned_evidence","1161","614","bot:/botfiles/mediumds.jkb","1","2","1677795371","1","2","0","0","77","6699","8699","-64","1","13","c407c7c46","1791181643","0"
"2","bot_learned_evidence","1162","614","bot:/botfiles/mediumds.jkb","1","2","1812005307","3","5","0","0","92","10989","12989","60","1","13","c407c7c46","1791181643","0"
"2","bot_learned_evidence","1163","614","bot:/botfiles/mediumds.jkb","1","2","1744912411","9","7","0","0","114","12441","14441","60","1","13","c407c7c46","1791181643","1"
"2","bot_learned_evidence","1164","614","bot:/botfiles/mediumds.jkb","1","2","1684078951","1","5","0","0","146","13563","15563","-20","1","13","c407c7c46","1791181643","0"
"2","bot_learned_evidence","1165","614","bot:/botfiles/mediumds.jkb","1","2","1879130135","1","7","0","0","159","14916","16916","-20","1","13","c407c7c46","1791181643","3"
"2","bot_learned_evidence","1166","614","bot:/botfiles/mediumds.jkb","1","2","1812005159","3","5","0","0","177","15675","17675","-20","1","13","c407c7c46","1791181643","0"
"2","bot_learned_evidence","1167","614","bot:/botfiles/mediumds.jkb","1","2","2013347879","1","7","0","0","190","17028","19028","-1","1","13","c407c7c46","1791181643","3"
"2","bot_learned_evidence","1168","614","bot:/botfiles/mediumds.jkb","1","2","1812005223","9","5","0","0","207","17721","19721","19","1","13","c407c7c46","1791181643","0"
"2","bot_learned_evidence","1169","614","bot:/botfiles/mediumds.jkb","1","2","1744912647","9","3","0","0","219","18711","20711","-1","1","13","c407c7c46","1791181643","1"
"2","bot_learned_evidence","1170","614","bot:/botfiles/mediumds.jkb","1","2","1812004883","3","5","3","0","233","19899","21899","-19","1","13","c407c7c46","1791181643","0"
"2","bot_learned_evidence","1171","614","bot:/botfiles/mediumds.jkb","1","2","2013331779","1","3","0","0","249","21681","23681","-19","1","13","c407c7c46","1791181643","2"
"2","bot_learned_evidence","1172","614","bot:/botfiles/mediumds.jkb","1","2","1812005203","3","5","0","0","258","22407","24407","0","1","13","c407c7c46","1791181643","0"
"2","bot_learned_evidence","1173","614","bot:/botfiles/mediumds.jkb","1","2","1812005203","1","6","0","0","272","24057","26057","-20","1","13","c407c7c46","1791181643","0"
"2","bot_learned_evidence","1174","614","bot:/botfiles/mediumds.jkb","1","2","1812005027","3","5","3","0","298","25839","27839","0","1","13","c407c7c46","1791181643","0"
"2","bot_learned_evidence","1175","614","bot:/botfiles/mediumds.jkb","1","2","1812004867","3","9","3","5","311","26664","28664","0","1","13","c407c7c46","1791181643","0"
"2","bot_learned_evidence","1176","614","bot:/botfiles/mediumds.jkb","1","2","1744912403","3","7","0","0","332","29172","30657","38","1","13","c407c7c46","1791181643","1"
"2","bot_learned_evidence","1177","614","bot:/botfiles/mediumds.jkb","1","2","1744912739","9","3","0","0","362","30393","30657","18","1","13","c407c7c46","1791181643","1"
"2","bot_learned_evidence","1178","614","iphash:f51458ac","0","0","1744914943","6","5","4","0","6","2937","4937","-48","0","13","c407c7c46","1791181643","1"
"2","bot_learned_evidence","1179","614","iphash:f51458ac","0","0","1677793439","3","4","0","0","33","5544","7544","-6","0","13","c407c7c46","1791181643","0"
"2","bot_learned_evidence","1180","614","iphash:f51458ac","0","0","1812007054","2","9","4","0","49","6732","8732","64","0","13","c407c7c46","1791181643","0"
"2","bot_learned_evidence","1181","614","iphash:f51458ac","0","0","1812007134","1","3","0","0","88","10329","12329","0","0","13","c407c7c46","1791181643","0"
"2","bot_learned_evidence","1182","614","iphash:f51458ac","0","0","1677787150","1","9","0","0","107","11847","13847","-60","0","13","c407c7c46","1791181643","0"
"2","bot_learned_evidence","1183","614","iphash:f51458ac","0","0","1744912733","5","5","9","0","121","13695","15695","20","0","13","c407c7c46","1791181643","1"
"2","bot_learned_evidence","1184","614","iphash:f51458ac","0","0","1812005005","7","3","0","0","133","15147","17147","0","0","13","c407c7c46","1791181643","0"
"2","bot_learned_evidence","1185","614","iphash:f51458ac","0","0","1845559437","7","9","0","0","152","17457","19457","-19","0","13","c407c7c46","1791181643","0"
"2","bot_learned_evidence","1186","614","iphash:f51458ac","0","0","1677787469","3","9","0","0","164","18711","20711","1","0","13","c407c7c46","1791181643","0"
"2","bot_learned_evidence","1187","614","iphash:f51458ac","0","0","1812004940","1","3","0","0","172","19833","21833","40","0","13","c407c7c46","1791181643","0"
"2","bot_learned_evidence","1188","614","iphash:f51458ac","0","0","1677787404","3","3","0","0","189","21714","23714","19","0","13","c407c7c46","1791181643","0"
"2","bot_learned_evidence","1189","614","iphash:f51458ac","0","0","1677791580","1","3","9","3","213","24882","26882","20","0","13","c407c7c46","1791181643","0"
"2","bot_learned_evidence","1190","614","iphash:f51458ac","0","0","1677787404","3","3","0","0","232","26631","28631","0","0","13","c407c7c46","1791181643","0"
"2","bot_learned_evidence","1191","614","iphash:f51458ac","0","0","1812005148","5","9","3","0","244","28479","30479","-20","0","13","c407c7c46","1791181643","0"
"2","bot_learned_evidence","1192","614","iphash:f51458ac","0","0","1812004940","7","3","9","0","249","29205","30657","-38","0","13","c407c7c46","1791181643","0"
"2","bot_learned_evidence","1193","615","bot:/botfiles/mediumds.jkb","1","2","1812015295","4","3","5","0","4","2145","4145","-40","1","13","c407c7c46","1791181703","0"
"2","bot_learned_evidence","1194","615","bot:/botfiles/mediumds.jkb","1","2","1744920991","9","3","6","3","21","3531","5531","-12","1","13","c407c7c46","1791181703","1"
"2","bot_learned_evidence","1195","615","bot:/botfiles/mediumds.jkb","1","2","1812013502","1","5","0","0","75","8943","10943","-21","1","13","c407c7c46","1791181703","0"
"2","bot_learned_evidence","1196","615","bot:/botfiles/mediumds.jkb","1","2","1812013423","3","6","3","0","113","12309","14309","0","1","13","c407c7c46","1791181703","0"
"2","bot_learned_evidence","1197","615","bot:/botfiles/mediumds.jkb","1","2","1812013487","1","5","0","0","134","14025","16025","0","1","13","c407c7c46","1791181703","0"
"2","bot_learned_evidence","1198","615","bot:/botfiles/mediumds.jkb","1","2","1744920959","3","5","0","0","149","15807","17807","0","1","13","c407c7c46","1791181703","1"
"2","bot_learned_evidence","1199","615","bot:/botfiles/mediumds.jkb","1","2","1744912415","9","7","0","0","167","17028","19028","-20","1","13","c407c7c46","1791181703","1"
"2","bot_learned_evidence","1200","615","bot:/botfiles/mediumds.jkb","1","2","1812004911","3","9","10","0","183","17952","19952","-20","1","13","c407c7c46","1791181703","0"
"2","bot_learned_evidence","1201","615","bot:/botfiles/mediumds.jkb","1","2","1677787519","1","6","0","0","197","20196","22196","0","1","13","c407c7c46","1791181703","0"
"2","bot_learned_evidence","1202","615","bot:/botfiles/mediumds.jkb","1","2","1812005247","1","5","0","0","216","21549","23549","20","1","13","c407c7c46","1791181703","0"
"2","bot_learned_evidence","1203","615","bot:/botfiles/mediumds.jkb","1","2","2013348031","1","7","0","0","244","24453","26453","-22","1","13","c407c7c46","1791181703","3"
"2","bot_learned_evidence","1204","615","bot:/botfiles/mediumds.jkb","1","2","2013331903","9","3","5","0","257","25113","27113","-24","1","13","c407c7c46","1791181703","2"
"2","bot_learned_evidence","1205","615","bot:/botfiles/mediumds.jkb","1","2","1812004927","4","2","0","0","280","28941","30941","-20","1","13","c407c7c46","1791181703","0"
"2","bot_learned_evidence","1206","615","bot:/botfiles/mediumds.jkb","1","2","1812005119","1","5","0","0","291","30789","32789","2","1","13","c407c7c46","1791181703","0"
"2","bot_learned_evidence","1207","615","bot:/botfiles/mediumds.jkb","1","2","1677787231","1","4","0","0","310","32571","34571","-21","1","13","c407c7c46","1791181703","0"
"2","bot_learned_evidence","1208","615","bot:/botfiles/mediumds.jkb","1","2","1812005215","9","2","0","0","321","33561","35561","1","1","13","c407c7c46","1791181703","0"
"2","bot_learned_evidence","1209","615","bot:/botfiles/mediumds.jkb","1","2","1812013551","5","6","0","0","334","34881","36881","-19","1","13","c407c7c46","1791181703","0"
"2","bot_learned_evidence","1210","615","bot:/botfiles/mediumds.jkb","1","2","1610703119","8","5","0","0","368","36201","38201","-20","1","13","c407c7c46","1791181703","1"
"2","bot_learned_evidence","1211","615","bot:/botfiles/mediumds.jkb","1","2","1812013327","3","6","0","0","379","37092","39092","61","1","13","c407c7c46","1791181703","0"
"2","bot_learned_evidence","1212","615","bot:/botfiles/mediumds.jkb","1","2","2013339743","1","7","0","0","403","38247","40247","62","1","13","c407c7c46","1791181703","2"
"2","bot_learned_evidence","1213","615","bot:/botfiles/mediumds.jkb","1","2","1812013151","3","9","0","0","412","38511","40511","22","1","13","c407c7c46","1791181703","0"
"2","bot_learned_evidence","1214","615","bot:/botfiles/mediumds.jkb","1","2","1686177259","1","6","3","5","431","39831","41831","1","1","13","c407c7c46","1791181703","0"
"2","bot_learned_evidence","1215","615","bot:/botfiles/mediumds.jkb","1","2","1677795435","1","3","0","0","476","43395","45395","18","1","13","c407c7c46","1791181703","0"
"2","bot_learned_evidence","1216","615","bot:/botfiles/mediumds.jkb","1","2","1812013499","9","5","3","0","483","44121","46121","20","1","13","c407c7c46","1791181703","0"
"2","bot_learned_evidence","1217","615","bot:/botfiles/mediumds.jkb","1","2","1812013083","5","5","3","0","509","46233","48233","20","1","13","c407c7c46","1791181703","0"
"2","bot_learned_evidence","1218","615","bot:/botfiles/mediumds.jkb","1","2","1812013399","9","5","0","0","524","48279","50279","20","1","13","c407c7c46","1791181703","0"
"2","bot_learned_evidence","1219","615","bot:/botfiles/mediumds.jkb","1","2","1812013415","9","5","0","0","542","50259","51084","20","1","13","c407c7c46","1791181703","0"
"2","bot_learned_evidence","1220","615","bot:/botfiles/mediumds.jkb","1","2","1610703111","8","3","0","0","552","50919","51084","20","1","13","c407c7c46","1791181703","1"
"2","bot_learned_evidence","1221","615","iphash:f51458ac","0","0","1610688751","1","4","9","4","3","1848","3848","42","0","13","c407c7c46","1791181703","0"
"2","bot_learned_evidence","1222","615","iphash:f51458ac","0","0","1677789615","5","9","0","0","20","3498","5498","12","0","13","c407c7c46","1791181703","0"
"2","bot_learned_evidence","1223","615","iphash:f51458ac","0","0","1812007199","3","4","0","0","30","4521","6521","14","0","13","c407c7c46","1791181703","0"
"2","bot_learned_evidence","1224","615","iphash:f51458ac","0","0","1812007403","5","2","0","0","72","8976","10976","21","0","13","c407c7c46","1791181703","0"
"2","bot_learned_evidence","1225","615","iphash:f51458ac","0","0","1820657743","1","9","0","0","96","10362","12362","0","0","13","c407c7c46","1791181703","0"
"2","bot_learned_evidence","1226","615","iphash:f51458ac","0","0","1619085711","1","3","9","3","101","11385","13385","0","0","13","c407c7c46","1791181703","1"
"2","bot_learned_evidence","1227","615","iphash:f51458ac","0","0","1677793631","3","3","0","0","111","12969","14969","0","0","13","c407c7c46","1791181703","0"
"2","bot_learned_evidence","1228","615","iphash:f51458ac","0","0","1812015519","5","3","3","9","121","14652","16652","0","0","13","c407c7c46","1791181703","0"
"2","bot_learned_evidence","1229","615","iphash:f51458ac","0","0","1677787215","1","9","0","0","142","16533","18533","20","0","13","c407c7c46","1791181703","0"
"2","bot_learned_evidence","1230","615","iphash:f51458ac","0","0","1711341647","7","9","3","0","146","17391","19391","20","0","13","c407c7c46","1791181703","0"
"2","bot_learned_evidence","1231","615","iphash:f51458ac","0","0","1686176223","1","6","0","0","158","19041","21041","0","0","13","c407c7c46","1791181703","0"
"2","bot_learned_evidence","1232","615","iphash:f51458ac","0","0","1610696783","5","7","7","7","220","22209","24209","-20","0","13","c407c7c46","1791181703","1"
"2","bot_learned_evidence","1233","615","iphash:f51458ac","0","0","1711341807","7","9","3","0","273","24915","26915","22","0","13","c407c7c46","1791181703","0"
"2","bot_learned_evidence","1234","615","iphash:f51458ac","0","0","1677787615","5","4","0","0","286","26070","28070","4","0","13","c407c7c46","1791181703","0"
"2","bot_learned_evidence","1235","615","iphash:f51458ac","0","0","1812005087","1","9","4","9","305","27654","29654","2","0","13","c407c7c46","1791181703","0"
"2","bot_learned_evidence","1236","615","iphash:f51458ac","0","0","1677787231","4","4","9","0","348","33000","35000","23","0","13","c407c7c46","1791181703","0"
"2","bot_learned_evidence","1237","615","iphash:f51458ac","0","0","1812007423","1","5","0","0","364","34815","36815","19","0","13","c407c7c46","1791181703","0"
"2","bot_learned_evidence","1238","615","iphash:f51458ac","0","0","1610701071","1","8","0","0","381","35739","37739","20","0","13","c407c7c46","1791181703","1"
"2","bot_learned_evidence","1239","615","iphash:f51458ac","0","0","1812006927","5","3","0","0","397","36498","38498","-20","0","13","c407c7c46","1791181703","0"
"2","bot_learned_evidence","1240","615","iphash:f51458ac","0","0","1812007183","6","3","0","0","403","37422","39422","-61","0","13","c407c7c46","1791181703","0"
"2","bot_learned_evidence","1241","615","iphash:f51458ac","0","0","1677789295","7","9","3","0","410","38379","40379","-62","0","13","c407c7c46","1791181703","0"
"2","bot_learned_evidence","1242","615","iphash:f51458ac","0","0","1610697054","1","4","0","0","442","42372","44372","4","0","13","c407c7c46","1791181703","1"
"2","bot_learned_evidence","1243","615","iphash:f51458ac","0","0","1677789342","3","9","9","0","455","43428","45428","-20","0","13","c407c7c46","1791181703","0"
"2","bot_learned_evidence","1244","615","iphash:f51458ac","0","0","1812007262","1","5","0","0","479","46002","48002","-20","0","13","c407c7c46","1791181703","0"
"2","bot_learned_evidence","1245","615","iphash:f51458ac","0","0","1812007197","3","8","9","0","495","47553","49553","-20","0","13","c407c7c46","1791181703","0"
"2","bot_learned_evidence","1246","615","iphash:f51458ac","0","0","1677789453","5","8","8","9","517","48576","50576","-20","0","13","c407c7c46","1791181703","0"
"2","bot_learned_evidence","1247","615","iphash:f51458ac","0","0","1677789517","5","8","0","0","552","50556","51084","-20","0","13","c407c7c46","1791181703","0"
"2","bot_learned_evidence","1248","616","iphash:f51458ac","0","0","1610688751","1","4","0","0","3","1683","3683","2","1","13","c407c7c46","1791181756","0"
"2","bot_learned_evidence","1249","616","iphash:f51458ac","0","0","1812007167","3","9","0","0","9","2574","4574","20","1","13","c407c7c46","1791181756","0"
"2","bot_learned_evidence","1250","616","iphash:f51458ac","0","0","1677793791","6","9","0","0","12","3663","5663","22","1","13","c407c7c46","1791181756","0"
"2","bot_learned_evidence","1251","616","iphash:f51458ac","0","0","1677789551","1","9","4","0","28","5313","7313","-18","1","13","c407c7c46","1791181756","0"
"2","bot_learned_evidence","1252","616","iphash:f51458ac","0","0","1677789295","3","4","0","0","40","7722","9722","5","1","13","c407c7c46","1791181756","0"
"2","bot_learned_evidence","1253","616","iphash:f51458ac","0","0","1677789675","1","3","0","0","96","12969","14969","0","1","13","c407c7c46","1791181756","0"
"2","bot_learned_evidence","1254","616","iphash:f51458ac","0","0","1812007247","1","3","0","0","121","15015","17015","0","1","13","c407c7c46","1791181756","0"
"2","bot_learned_evidence","1255","616","iphash:f51458ac","0","0","1812007247","6","3","0","0","127","15774","17774","20","1","13","c407c7c46","1791181756","0"
"2","bot_learned_evidence","1256","616","iphash:f51458ac","0","0","1677789215","1","3","0","0","133","16929","18929","20","1","13","c407c7c46","1791181756","0"
"2","bot_learned_evidence","1257","616","iphash:f51458ac","0","0","1686178219","1","3","3","3","138","18084","20084","0","1","13","c407c7c46","1791181756","0"
"2","bot_learned_evidence","1258","616","iphash:f51458ac","0","0","1677789947","2","3","3","0","150","20823","22823","-69","1","13","c407c7c46","1791181756","0"
"2","bot_learned_evidence","1259","616","iphash:f51458ac","0","0","1677793531","6","9","0","0","158","21978","23978","-39","1","13","c407c7c46","1791181756","0"
"2","bot_learned_evidence","1260","616","iphash:f51458ac","0","0","1677789434","1","3","0","0","166","24090","26090","20","1","13","c407c7c46","1791181756","0"
"2","bot_learned_evidence","1261","616","iphash:f51458ac","0","0","1686176250","1","6","0","0","171","25080","27080","1","1","13","c407c7c46","1791181756","0"
"2","bot_learned_evidence","1262","616","iphash:f51458ac","0","0","1610695162","1","6","3","0","185","26532","28532","2","1","13","c407c7c46","1791181756","1"
"2","bot_learned_evidence","1263","616","iphash:f51458ac","0","0","1677787610","2","6","3","0","203","27423","29423","21","1","13","c407c7c46","1791181756","0"
"2","bot_learned_evidence","1264","616","iphash:f51458ac","0","0","1677787594","5","3","0","0","230","28776","30261","26","1","13","c407c7c46","1791181756","0"
"2","bot_learned_evidence","1265","616","iphash:f51458ac","0","0","1812005322","1","3","0","0","238","30195","30261","6","1","13","c407c7c46","1791181756","0"
"2","bot_learned_evidence","1266","616","bot:/botfiles/mediumds.jkb","1","2","1677797567","4","3","0","0","3","1980","3980","-20","0","13","c407c7c46","1791181756","0"
"2","bot_learned_evidence","1267","616","bot:/botfiles/mediumds.jkb","1","2","1677795839","1","6","0","0","11","3366","5366","-20","0","13","c407c7c46","1791181756","0"
"2","bot_learned_evidence","1268","616","bot:/botfiles/mediumds.jkb","1","2","1744922095","9","3","5","0","22","3696","5696","-2","0","13","c407c7c46","1791181756","1"
"2","bot_learned_evidence","1269","616","bot:/botfiles/mediumds.jkb","1","2","1812013151","4","3","6","0","50","5610","7610","20","0","13","c407c7c46","1791181756","0"
"2","bot_learned_evidence","1270","616","bot:/botfiles/mediumds.jkb","1","2","1879138767","1","3","0","0","83","7590","9590","-5","0","13","c407c7c46","1791181756","3"
"2","bot_learned_evidence","1271","616","bot:/botfiles/mediumds.jkb","1","2","1812013215","4","9","0","0","87","7755","9755","-3","0","13","c407c7c46","1791181756","0"
"2","bot_learned_evidence","1272","616","bot:/botfiles/mediumds.jkb","1","2","1812013502","3","5","9","5","110","13002","15002","0","0","13","c407c7c46","1791181756","0"
"2","bot_learned_evidence","1273","616","bot:/botfiles/mediumds.jkb","1","2","1747001615","1","3","0","0","131","14058","16058","20","0","13","c407c7c46","1791181756","0"
"2","bot_learned_evidence","1274","616","bot:/botfiles/mediumds.jkb","1","2","1812013407","3","6","0","0","146","15609","17609","-20","0","13","c407c7c46","1791181756","0"
"2","bot_learned_evidence","1275","616","bot:/botfiles/mediumds.jkb","1","2","2013341199","3","3","0","0","158","16104","18104","-20","0","13","c407c7c46","1791181756","2"
"2","bot_learned_evidence","1276","616","bot:/botfiles/mediumds.jkb","1","2","1812013246","3","9","2","0","194","19668","21668","0","0","13","c407c7c46","1791181756","0"
"2","bot_learned_evidence","1277","616","bot:/botfiles/mediumds.jkb","1","2","1677795838","3","6","0","0","207","21648","23648","69","0","13","c407c7c46","1791181756","0"
"2","bot_learned_evidence","1278","616","bot:/botfiles/mediumds.jkb","1","2","2019631358","9","7","2","0","228","22572","24572","19","0","13","c407c7c46","1791181756","2"
"2","bot_learned_evidence","1279","616","bot:/botfiles/mediumds.jkb","1","2","1813061882","3","9","10","0","252","24123","26123","0","0","13","c407c7c46","1791181756","0"
"2","bot_learned_evidence","1280","616","bot:/botfiles/mediumds.jkb","1","2","1744896186","3","2","0","0","272","27258","29258","-21","0","13","c407c7c46","1791181756","0"
"2","bot_learned_evidence","1281","616","bot:/botfiles/mediumds.jkb","1","2","1744912762","1","5","0","0","282","28578","30261","-26","0","13","c407c7c46","1791181756","1"
"2","bot_learned_evidence","1282","617","bot:/botfiles/mediumds.jkb","1","2","1677797567","4","3","0","0","3","1980","3980","-20","1","13","c407c7c46","1791181793","0"
"2","bot_learned_evidence","1283","617","bot:/botfiles/mediumds.jkb","1","2","1812013311","1","5","0","0","10","3102","5102","18","1","13","c407c7c46","1791181793","0"
"2","bot_learned_evidence","1284","617","bot:/botfiles/mediumds.jkb","1","2","1812013167","4","3","6","3","24","4224","6224","30","1","13","c407c7c46","1791181793","0"
"2","bot_learned_evidence","1285","617","bot:/botfiles/mediumds.jkb","1","2","1812013487","9","5","0","0","84","7986","9986","0","1","13","c407c7c46","1791181793","0"
"2","bot_learned_evidence","1286","617","bot:/botfiles/mediumds.jkb","1","2","2013356191","9","7","0","0","99","9504","11504","0","1","13","c407c7c46","1791181793","3"
"2","bot_learned_evidence","1287","617","bot:/botfiles/mediumds.jkb","1","2","1812005375","1","6","3","0","120","11319","13319","0","1","13","c407c7c46","1791181793","0"
"2","bot_learned_evidence","1288","617","bot:/botfiles/mediumds.jkb","1","2","1610695391","5","3","0","0","149","12474","14474","0","1","13","c407c7c46","1791181793","1"
"2","bot_learned_evidence","1289","617","bot:/botfiles/mediumds.jkb","1","2","1812013711","9","6","0","0","170","14784","16784","0","1","13","c407c7c46","1791181793","0"
"2","bot_learned_evidence","1290","617","bot:/botfiles/mediumds.jkb","1","2","1744921311","9","3","0","0","187","16566","18566","30","1","13","c407c7c46","1791181793","1"
"2","bot_learned_evidence","1291","617","bot:/botfiles/mediumds.jkb","1","2","1744921327","9","3","0","0","190","17292","19292","0","1","13","c407c7c46","1791181793","1"
"2","bot_learned_evidence","1292","617","bot:/botfiles/mediumds.jkb","1","2","1610687983","8","6","0","0","193","18018","20018","20","1","13","c407c7c46","1791181793","0"
"2","bot_learned_evidence","1293","617","bot:/botfiles/mediumds.jkb","1","2","1677787515","6","6","0","0","228","20229","22229","20","1","13","c407c7c46","1791181793","0"
"2","bot_learned_evidence","1294","617","bot:/botfiles/mediumds.jkb","1","2","1686177211","1","6","3","0","251","21681","23681","28","1","13","c407c7c46","1791181793","0"
"2","bot_learned_evidence","1295","617","bot:/botfiles/mediumds.jkb","1","2","1686176167","4","2","0","0","278","22968","24968","0","1","13","c407c7c46","1791181793","0"
"2","bot_learned_evidence","1296","617","bot:/botfiles/mediumds.jkb","1","2","1610694887","1","4","0","0","287","24288","26288","17","1","13","c407c7c46","1791181793","1"
"2","bot_learned_evidence","1297","617","bot:/botfiles/mediumds.jkb","1","2","1677787319","1","3","0","0","298","26004","28004","22","1","13","c407c7c46","1791181793","0"
"2","bot_learned_evidence","1298","617","bot:/botfiles/mediumds.jkb","1","2","1677787639","1","6","4","0","308","26961","28961","24","1","13","c407c7c46","1791181793","0"
"2","bot_learned_evidence","1299","617","iphash:f51458ac","0","0","1610688751","1","4","0","0","3","1683","3683","22","0","13","c407c7c46","1791181793","0"
"2","bot_learned_evidence","1300","617","iphash:f51458ac","0","0","1610696863","1","4","9","4","25","4059","6059","-28","0","13","c407c7c46","1791181793","1"
"2","bot_learned_evidence","1301","617","iphash:f51458ac","0","0","1711343727","7","9","0","0","53","7590","9590","20","0","13","c407c7c46","1791181793","0"
"2","bot_learned_evidence","1302","617","iphash:f51458ac","0","0","1677789295","1","9","0","0","68","9372","11372","0","0","13","c407c7c46","1791181793","0"
"2","bot_learned_evidence","1303","617","iphash:f51458ac","0","0","1812005119","1","9","0","0","73","10527","12527","0","0","13","c407c7c46","1791181793","0"
"2","bot_learned_evidence","1304","617","iphash:f51458ac","0","0","1879114431","1","5","0","0","83","12441","14441","0","0","13","c407c7c46","1791181793","2"
"2","bot_learned_evidence","1305","617","iphash:f51458ac","0","0","1677787167","1","3","0","0","101","13596","15596","0","0","13","c407c7c46","1791181793","0"
"2","bot_learned_evidence","1306","617","iphash:f51458ac","0","0","1812007535","1","9","0","0","107","14718","16718","0","0","13","c407c7c46","1791181793","0"
"2","bot_learned_evidence","1307","617","iphash:f51458ac","0","0","1677789887","1","9","0","0","112","16302","18302","0","0","13","c407c7c46","1791181793","0"
"2","bot_learned_evidence","1308","617","iphash:f51458ac","0","0","1677789887","3","9","0","0","116","17061","19061","-30","0","13","c407c7c46","1791181793","0"
"2","bot_learned_evidence","1309","617","iphash:f51458ac","0","0","1677789631","3","8","0","0","119","17391","19391","0","0","13","c407c7c46","1791181793","0"
"2","bot_learned_evidence","1310","617","iphash:f51458ac","0","0","1812005311","1","9","6","3","146","18744","20744","40","0","13","c407c7c46","1791181793","0"
"2","bot_learned_evidence","1311","617","iphash:f51458ac","0","0","1677791694","6","3","9","10","188","20460","22460","-48","0","13","c407c7c46","1791181793","0"
"2","bot_learned_evidence","1312","617","iphash:f51458ac","0","0","2014380205","3","4","0","0","212","22440","24440","2","0","13","c407c7c46","1791181793","2"
"2","bot_learned_evidence","1313","617","iphash:f51458ac","0","0","1677787309","4","4","0","0","229","24387","26387","-15","0","13","c407c7c46","1791181793","0"
"2","bot_learned_evidence","1314","617","iphash:f51458ac","0","0","1677787373","3","9","0","0","252","26037","28037","-22","0","13","c407c7c46","1791181793","0"
"2","bot_learned_evidence","1315","617","iphash:f51458ac","0","0","1677787261","4","3","3","3","260","28116","30116","-24","0","13","c407c7c46","1791181793","0"
"2","bot_learned_evidence","1316","618","bot:/botfiles/mediumds.jkb","1","2","1610688703","4","3","0","0","4","1716","3716","0","1","13","c407c7c46","1791181835","0"
"2","bot_learned_evidence","1317","618","bot:/botfiles/mediumds.jkb","1","2","1610686719","1","7","3","0","11","3564","5564","17","1","13","c407c7c46","1791181835","0"
"2","bot_learned_evidence","1318","618","bot:/botfiles/mediumds.jkb","1","2","1812013503","4","3","0","0","34","5544","7544","0","1","13","c407c7c46","1791181835","0"
"2","bot_learned_evidence","1319","618","bot:/botfiles/mediumds.jkb","1","2","1744921087","9","3","5","6","50","7062","9062","-21","1","13","c407c7c46","1791181835","1"
"2","bot_learned_evidence","1320","618","bot:/botfiles/mediumds.jkb","1","2","1677795807","1","6","0","0","91","9504","11504","-22","1","13","c407c7c46","1791181835","0"
"2","bot_learned_evidence","1321","618","bot:/botfiles/mediumds.jkb","1","2","1812013215","4","3","10","0","115","10626","12626","-20","1","13","c407c7c46","1791181835","0"
"2","bot_learned_evidence","1322","618","bot:/botfiles/mediumds.jkb","1","2","1744921343","9","3","0","0","128","13332","15332","0","1","13","c407c7c46","1791181835","1"
"2","bot_learned_evidence","1323","618","bot:/botfiles/mediumds.jkb","1","2","2013339903","8","5","0","0","136","14520","16520","-21","1","13","c407c7c46","1791181835","2"
"2","bot_learned_evidence","1324","618","bot:/botfiles/mediumds.jkb","1","2","1812013567","3","5","0","0","159","17622","19622","-20","1","13","c407c7c46","1791181835","0"
"2","bot_learned_evidence","1325","618","bot:/botfiles/mediumds.jkb","1","2","2013356063","1","7","0","0","185","19008","21008","0","1","13","c407c7c46","1791181835","3"
"2","bot_learned_evidence","1326","618","bot:/botfiles/mediumds.jkb","1","2","1610703039","7","7","0","0","203","20328","22328","-10","1","13","c407c7c46","1791181835","1"
"2","bot_learned_evidence","1327","618","bot:/botfiles/mediumds.jkb","1","2","1879139839","7","6","0","0","230","22044","24044","0","1","13","c407c7c46","1791181835","3"
"2","bot_learned_evidence","1328","618","bot:/botfiles/mediumds.jkb","1","2","1610704367","7","6","0","0","246","22869","24869","20","1","13","c407c7c46","1791181835","1"
"2","bot_learned_evidence","1329","618","bot:/botfiles/mediumds.jkb","1","2","2013341167","1","3","6","4","270","24024","26024","22","1","13","c407c7c46","1791181835","2"
"2","bot_learned_evidence","1330","618","iphash:f51458ac","0","0","1610688751","1","4","0","0","4","1089","3089","2","0","13","c407c7c46","1791181835","0"
"2","bot_learned_evidence","1331","618","iphash:f51458ac","0","0","1812007167","3","9","4","9","20","4455","6455","-19","0","13","c407c7c46","1791181835","0"
"2","bot_learned_evidence","1332","618","iphash:f51458ac","0","0","1812007423","1","9","0","0","40","6534","8534","21","0","13","c407c7c46","1791181835","0"
"2","bot_learned_evidence","1333","618","iphash:f51458ac","0","0","1677789567","1","9","4","0","63","10362","12362","22","0","13","c407c7c46","1791181835","0"
"2","bot_learned_evidence","1334","618","iphash:f51458ac","0","0","1812007679","1","9","0","0","77","12771","14771","0","0","13","c407c7c46","1791181835","0"
"2","bot_learned_evidence","1335","618","iphash:f51458ac","0","0","1677789695","3","9","8","0","80","13728","15728","21","0","13","c407c7c46","1791181835","0"
"2","bot_learned_evidence","1336","618","iphash:f51458ac","0","0","1677787311","1","9","3","0","115","15345","17345","21","0","13","c407c7c46","1791181835","0"
"2","bot_learned_evidence","1337","618","iphash:f51458ac","0","0","1619069439","1","8","0","0","122","16533","18533","20","0","13","c407c7c46","1791181835","0"
"2","bot_learned_evidence","1338","618","iphash:f51458ac","0","0","1812007423","1","9","0","0","136","17589","19589","20","0","13","c407c7c46","1791181835","0"
"2","bot_learned_evidence","1339","618","iphash:f51458ac","0","0","1812007423","5","3","0","0","137","17622","19622","20","0","13","c407c7c46","1791181835","0"
"2","bot_learned_evidence","1340","618","iphash:f51458ac","0","0","1879115951","7","7","7","7","167","20328","22328","10","0","13","c407c7c46","1791181835","2"
"2","bot_learned_evidence","1341","618","iphash:f51458ac","0","0","1610684927","6","7","7","7","219","22209","24209","0","0","13","c407c7c46","1791181835","0"
"2","bot_learned_evidence","1342","619","iphash:98ad8e03","0","0","1610696959","1","7","7","7","3","2640","4640","-18","1","13","c407c7c46","1791242982","1"
"2","bot_learned_evidence","1343","619","iphash:98ad8e03","0","0","1678840239","3","4","0","0","32","4488","6488","-24","1","13","c407c7c46","1791242982","0"
"2","bot_learned_evidence","1344","619","iphash:98ad8e03","0","0","1744916735","1","7","0","0","57","6567","8567","50","1","13","c407c7c46","1791242982","1"
"2","bot_learned_evidence","1345","619","iphash:98ad8e03","0","0","2013352287","1","7","7","9","106","8349","10349","20","1","13","c407c7c46","1791242982","3"
"2","bot_learned_evidence","1346","619","iphash:98ad8e03","0","0","1677791663","3","6","3","9","146","9834","11834","-31","1","13","c407c7c46","1791242982","0"
"2","bot_learned_evidence","1347","619","iphash:98ad8e03","0","0","1812009311","5","5","0","0","164","10692","12692","-31","1","13","c407c7c46","1791242982","0"
"2","bot_learned_evidence","1348","619","iphash:98ad8e03","0","0","1677791503","6","7","7","0","173","11418","13418","-31","1","13","c407c7c46","1791242982","0"
"2","bot_learned_evidence","1349","619","iphash:98ad8e03","0","0","2013335679","1","7","7","0","207","12969","14969","0","1","13","c407c7c46","1791242982","2"
"2","bot_learned_evidence","1350","619","iphash:98ad8e03","0","0","1610701247","6","7","7","7","232","14388","16388","-50","1","13","c407c7c46","1791242982","1"
"2","bot_learned_evidence","1351","619","iphash:98ad8e03","0","0","1879118270","6","5","0","0","273","16071","18071","-50","1","13","c407c7c46","1791242982","2"
"2","bot_learned_evidence","1352","619","iphash:98ad8e03","0","0","1678842221","3","4","0","0","294","18117","20117","-44","1","13","c407c7c46","1791242982","0"
"2","bot_learned_evidence","1353","619","iphash:98ad8e03","0","0","1812009404","1","7","0","0","322","19866","21866","-2","1","13","c407c7c46","1791242982","0"
"2","bot_learned_evidence","1354","619","iphash:98ad8e03","0","0","1812009084","4","5","0","0","346","21450","23450","-2","1","13","c407c7c46","1791242982","0"
"2","bot_learned_evidence","1355","619","iphash:98ad8e03","0","0","1879117869","6","7","9","5","370","23694","25694","20","1","13","c407c7c46","1791242982","2"
"2","bot_learned_evidence","1356","619","iphash:98ad8e03","0","0","1686180217","10","5","0","0","398","24882","26882","21","1","13","c407c7c46","1791242982","0"
"2","bot_learned_evidence","1357","619","iphash:98ad8e03","0","0","1744916490","1","3","9","6","413","25971","27971","21","1","13","c407c7c46","1791242982","1"
"2","bot_learned_evidence","1358","619","iphash:98ad8e03","0","0","1812005018","1","9","0","0","445","27951","29951","20","1","13","c407c7c46","1791242982","0"
"2","bot_learned_evidence","1359","619","iphash:98ad8e03","0","0","1677787214","5","9","6","0","458","29238","31238","20","1","13","c407c7c46","1791242982","0"
"2","bot_learned_evidence","1360","619","iphash:98ad8e03","0","0","1686176138","1","6","0","0","463","30030","32030","0","1","13","c407c7c46","1791242982","0"
"2","bot_learned_evidence","1361","619","iphash:98ad8e03","0","0","1812005322","1","9","0","0","490","31152","33152","20","1","13","c407c7c46","1791242982","0"
"2","bot_learned_evidence","1362","619","iphash:98ad8e03","0","0","1677789578","5","8","0","0","494","31680","33680","20","1","13","c407c7c46","1791242982","0"
"2","bot_learned_evidence","1363","619","iphash:98ad8e03","0","0","1812005002","1","9","0","0","532","34320","36320","-30","1","13","c407c7c46","1791242982","0"
"2","bot_learned_evidence","1364","619","iphash:98ad8e03","0","0","1812005338","1","7","0","0","538","35442","37442","-50","1","13","c407c7c46","1791242982","0"
"2","bot_learned_evidence","1365","619","iphash:98ad8e03","0","0","1610698970","6","7","7","10","548","35739","37739","-50","1","13","c407c7c46","1791242982","1"
"2","bot_learned_evidence","1366","619","iphash:98ad8e03","0","0","1611727353","2","5","0","0","573","37356","39356","-20","1","13","c407c7c46","1791242982","0"
"2","bot_learned_evidence","1367","619","iphash:98ad8e03","0","0","1610678633","6","5","0","0","602","39501","41501","-51","1","13","c407c7c46","1791242982","0"
"2","bot_learned_evidence","1368","619","iphash:98ad8e03","0","0","2013331832","5","5","9","0","617","41151","43151","0","1","13","c407c7c46","1791242982","2"
"2","bot_learned_evidence","1369","619","iphash:98ad8e03","0","0","1677787513","1","5","3","9","630","43329","45329","20","1","13","c407c7c46","1791242982","0"
"2","bot_learned_evidence","1370","619","iphash:98ad8e03","0","0","1778466826","7","3","9","3","658","46101","48101","20","1","13","c407c7c46","1791242982","1"
"2","bot_learned_evidence","1371","619","iphash:98ad8e03","0","0","1677787398","5","5","9","0","667","47190","49190","0","1","13","c407c7c46","1791242982","0"
"2","bot_learned_evidence","1372","619","iphash:98ad8e03","0","0","1677787718","1","6","0","0","679","49335","50655","45","1","13","c407c7c46","1791242982","0"
"2","bot_learned_evidence","1373","619","bot:/botfiles/mediumds.jkb","1","2","1686177279","1","6","3","0","28","4158","6158","24","0","13","c407c7c46","1791242982","0"
"2","bot_learned_evidence","1374","619","bot:/botfiles/mediumds.jkb","1","2","1812014591","7","5","0","0","72","7029","9029","0","0","13","c407c7c46","1791242982","0"
"2","bot_learned_evidence","1375","619","bot:/botfiles/mediumds.jkb","1","2","1845559791","9","6","3","0","102","9669","11669","1","0","13","c407c7c46","1791242982","0"
"2","bot_learned_evidence","1376","619","bot:/botfiles/mediumds.jkb","1","2","1812006319","9","5","0","0","123","10461","12461","31","0","13","c407c7c46","1791242982","0"
"2","bot_learned_evidence","1377","619","bot:/botfiles/mediumds.jkb","1","2","1610695951","5","6","0","0","136","11352","13352","31","0","13","c407c7c46","1791242982","1"
"2","bot_learned_evidence","1378","619","bot:/botfiles/mediumds.jkb","1","2","1677787631","1","6","0","0","172","13992","15992","20","0","13","c407c7c46","1791242982","0"
"2","bot_learned_evidence","1379","619","bot:/botfiles/mediumds.jkb","1","2","1711342059","7","6","0","0","201","15807","17807","50","0","13","c407c7c46","1791242982","0"
"2","bot_learned_evidence","1380","619","bot:/botfiles/mediumds.jkb","1","2","1879115227","5","3","0","0","213","16137","18137","78","0","13","c407c7c46","1791242982","2"
"2","bot_learned_evidence","1381","619","bot:/botfiles/mediumds.jkb","1","2","1686185447","1","6","3","0","236","17688","19688","24","0","13","c407c7c46","1791242982","0"
"2","bot_learned_evidence","1382","619","bot:/botfiles/mediumds.jkb","1","2","1711342051","7","6","4","0","281","20493","22493","4","0","13","c407c7c46","1791242982","0"
"2","bot_learned_evidence","1383","619","bot:/botfiles/mediumds.jkb","1","2","1610695047","1","6","0","0","327","23496","25496","-20","0","13","c407c7c46","1791242982","1"
"2","bot_learned_evidence","1384","619","bot:/botfiles/mediumds.jkb","1","2","1812004986","1","5","0","0","377","28809","30809","-20","0","13","c407c7c46","1791242982","0"
"2","bot_learned_evidence","1385","619","bot:/botfiles/mediumds.jkb","1","2","1812005178","9","5","0","0","400","31185","33185","-20","0","13","c407c7c46","1791242982","0"
"2","bot_learned_evidence","1386","619","bot:/botfiles/mediumds.jkb","1","2","1812004922","1","5","0","0","420","33561","35561","-20","0","13","c407c7c46","1791242982","0"
"2","bot_learned_evidence","1387","619","bot:/botfiles/mediumds.jkb","1","2","1677787514","7","6","0","0","439","35475","37475","50","0","13","c407c7c46","1791242982","0"
"2","bot_learned_evidence","1388","619","bot:/botfiles/mediumds.jkb","1","2","1686176246","1","2","0","0","472","36993","38993","20","0","13","c407c7c46","1791242982","0"
"2","bot_learned_evidence","1389","619","bot:/botfiles/mediumds.jkb","1","2","1619083606","1","3","6","0","488","38313","40313","51","0","13","c407c7c46","1791242982","1"
"2","bot_learned_evidence","1390","619","bot:/botfiles/mediumds.jkb","1","2","2013332870","5","3","0","0","511","39633","41633","51","0","13","c407c7c46","1791242982","2"
"2","bot_learned_evidence","1391","619","bot:/botfiles/mediumds.jkb","1","2","1677787602","5","5","0","0","538","41151","43151","0","0","13","c407c7c46","1791242982","0"
"2","bot_learned_evidence","1392","619","bot:/botfiles/mediumds.jkb","1","2","2013348170","5","7","7","0","578","45408","47408","-20","0","13","c407c7c46","1791242982","3"
"2","bot_learned_evidence","1393","619","bot:/botfiles/mediumds.jkb","1","2","1744912713","1","5","0","0","613","47091","49091","0","0","13","c407c7c46","1791242982","1"
"2","bot_learned_evidence","1394","619","bot:/botfiles/mediumds.jkb","1","2","2013331529","9","2","0","0","622","48147","50147","0","0","13","c407c7c46","1791242982","2"
"2","bot_learned_evidence","1395","620","iphash:98ad8e03","0","0","1610701055","6","7","7","0","8","3300","5300","60","1","13","c407c7c46","1791243022","1"
"2","bot_learned_evidence","1396","620","iphash:98ad8e03","0","0","1812005375","6","6","3","9","36","4455","6455","0","1","13","c407c7c46","1791243022","0"
"2","bot_learned_evidence","1397","620","iphash:98ad8e03","0","0","1610699199","6","5","0","0","64","5940","7940","-30","1","13","c407c7c46","1791243022","1"
"2","bot_learned_evidence","1398","620","iphash:98ad8e03","0","0","1912672766","7","5","0","0","89","13563","15563","2","1","13","c407c7c46","1791243022","2"
"2","bot_learned_evidence","1399","620","iphash:98ad8e03","0","0","1879114222","1","4","9","4","100","14949","16949","3","1","13","c407c7c46","1791243022","2"
"2","bot_learned_evidence","1400","620","iphash:98ad8e03","0","0","1812005353","1","7","7","0","125","16995","18995","-30","1","13","c407c7c46","1791243022","0"
"2","bot_learned_evidence","1401","620","iphash:98ad8e03","0","0","1610697117","5","7","7","0","149","17886","19886","-50","1","13","c407c7c46","1791243022","1"
"2","bot_learned_evidence","1402","620","iphash:98ad8e03","0","0","1610701149","6","7","7","5","166","18480","20480","-50","1","13","c407c7c46","1791243022","1"
"2","bot_learned_evidence","1403","620","iphash:98ad8e03","0","0","1610694812","7","7","9","5","210","20757","22757","0","1","13","c407c7c46","1791243022","1"
"2","bot_learned_evidence","1404","620","iphash:98ad8e03","0","0","1812004889","1","3","5","3","250","23958","25958","20","1","13","c407c7c46","1791243022","0"
"2","bot_learned_evidence","1405","620","iphash:98ad8e03","0","0","1686176105","1","5","3","9","257","24816","26816","20","1","13","c407c7c46","1791243022","0"
"2","bot_learned_evidence","1406","620","iphash:98ad8e03","0","0","1677787401","5","5","9","0","276","26796","28796","20","1","13","c407c7c46","1791243022","0"
"2","bot_learned_evidence","1407","620","iphash:98ad8e03","0","0","1677787477","1","5","0","0","286","28347","30347","20","1","13","c407c7c46","1791243022","0"
"2","bot_learned_evidence","1408","620","iphash:98ad8e03","0","0","1744912646","5","3","9","3","293","28974","30974","20","1","13","c407c7c46","1791243022","1"
"2","bot_learned_evidence","1409","620","iphash:98ad8e03","0","0","1686176086","1","5","6","0","301","30030","32030","0","1","13","c407c7c46","1791243022","0"
"2","bot_learned_evidence","1410","620","iphash:98ad8e03","0","0","1610694726","1","7","7","0","333","31779","32307","20","1","13","c407c7c46","1791243022","1"
"2","bot_learned_evidence","1411","620","bot:/botfiles/mediumds.jkb","1","2","1677795839","1","6","0","0","24","2904","4904","-60","0","13","c407c7c46","1791243022","0"
"2","bot_learned_evidence","1412","620","bot:/botfiles/mediumds.jkb","1","2","1711342079","7","6","0","0","51","4257","6257","0","0","13","c407c7c46","1791243022","0"
"2","bot_learned_evidence","1413","620","bot:/botfiles/mediumds.jkb","1","2","1812005311","9","5","6","0","75","5148","7148","30","0","13","c407c7c46","1791243022","0"
"2","bot_learned_evidence","1414","620","bot:/botfiles/mediumds.jkb","1","2","1677787551","1","6","0","0","115","7029","9029","0","0","13","c407c7c46","1791243022","0"
"2","bot_learned_evidence","1415","620","bot:/botfiles/mediumds.jkb","1","2","1610679535","1","7","0","0","137","8382","10382","0","0","13","c407c7c46","1791243022","0"
"2","bot_learned_evidence","1416","620","bot:/botfiles/mediumds.jkb","1","2","1610679551","1","7","0","0","171","11154","13154","78","0","13","c407c7c46","1791243022","0"
"2","bot_learned_evidence","1417","620","bot:/botfiles/mediumds.jkb","1","2","1610679547","1","7","0","0","190","12870","14870","0","0","13","c407c7c46","1791243022","0"
"2","bot_learned_evidence","1418","620","bot:/botfiles/mediumds.jkb","1","2","1677795830","7","5","0","0","252","17490","19490","30","0","13","c407c7c46","1791243022","0"
"2","bot_learned_evidence","1419","620","bot:/botfiles/mediumds.jkb","1","2","1879139671","7","6","0","0","269","18282","20282","50","0","13","c407c7c46","1791243022","3"
"2","bot_learned_evidence","1420","620","bot:/botfiles/mediumds.jkb","1","2","1677788451","1","7","7","0","293","20295","22295","20","0","13","c407c7c46","1791243022","0"
"2","bot_learned_evidence","1421","620","bot:/botfiles/mediumds.jkb","1","2","1812005206","3","5","0","0","365","26400","28400","-20","0","13","c407c7c46","1791243022","0"
"2","bot_learned_evidence","1422","620","bot:/botfiles/mediumds.jkb","1","2","1812004933","9","7","0","0","375","27621","29621","-20","0","13","c407c7c46","1791243022","0"
"2","bot_learned_evidence","1423","620","bot:/botfiles/mediumds.jkb","1","2","1744912725","5","5","0","0","392","28380","30380","-20","0","13","c407c7c46","1791243022","1"
"2","bot_learned_evidence","1424","621","iphash:98ad8e03","0","0","1744923135","1","7","7","7","6","3069","5069","-20","1","13","c407c7c46","1791243268","1"
"2","bot_learned_evidence","1425","621","iphash:98ad8e03","0","0","1678836207","3","4","0","0","55","5775","7775","4","1","13","c407c7c46","1791243268","0"
"2","bot_learned_evidence","1426","621","iphash:98ad8e03","0","0","1686175999","1","2","9","5","70","7458","9458","-20","1","13","c407c7c46","1791243268","0"
"2","bot_learned_evidence","1427","621","iphash:98ad8e03","0","0","1677789455","3","8","6","0","104","10296","12296","12","1","13","c407c7c46","1791243268","0"
"2","bot_learned_evidence","1428","621","iphash:98ad8e03","0","0","1753301327","10","6","0","0","121","11220","13220","30","1","13","c407c7c46","1791243268","1"
"2","bot_learned_evidence","1429","621","iphash:98ad8e03","0","0","1812005199","5","9","8","0","149","12210","14210","-2","1","13","c407c7c46","1791243268","0"
"2","bot_learned_evidence","1430","621","iphash:98ad8e03","0","0","1812005023","1","3","0","0","184","14817","16817","-1","1","13","c407c7c46","1791243268","0"
"2","bot_learned_evidence","1431","621","iphash:98ad8e03","0","0","1879113998","6","5","0","0","206","16896","18896","0","1","13","c407c7c46","1791243268","2"
"2","bot_learned_evidence","1432","621","iphash:98ad8e03","0","0","1610695022","1","5","0","0","210","18546","20546","-40","1","13","c407c7c46","1791243268","1"
"2","bot_learned_evidence","1433","621","iphash:98ad8e03","0","0","1610694686","1","7","5","0","230","19932","21932","-20","1","13","c407c7c46","1791243268","1"
"2","bot_learned_evidence","1434","621","iphash:98ad8e03","0","0","1610696991","1","7","9","5","259","21648","23648","20","1","13","c407c7c46","1791243268","1"
"2","bot_learned_evidence","1435","621","iphash:98ad8e03","0","0","1686178159","10","5","9","10","286","22803","24803","-20","1","13","c407c7c46","1791243268","0"
"2","bot_learned_evidence","1436","621","iphash:98ad8e03","0","0","1611727135","5","5","0","0","307","24915","26915","0","1","13","c407c7c46","1791243268","0"
"2","bot_learned_evidence","1437","621","iphash:98ad8e03","0","0","1677787167","1","9","0","0","317","26268","28268","0","1","13","c407c7c46","1791243268","0"
"2","bot_learned_evidence","1438","621","iphash:98ad8e03","0","0","1677789231","5","5","0","0","321","27159","29159","0","1","13","c407c7c46","1791243268","0"
"2","bot_learned_evidence","1439","621","iphash:98ad8e03","0","0","1711343631","7","9","0","0","330","27885","29885","-1","1","13","c407c7c46","1791243268","0"
"2","bot_learned_evidence","1440","621","iphash:98ad8e03","0","0","1610694687","5","5","0","0","334","29172","31172","-1","1","13","c407c7c46","1791243268","1"
"2","bot_learned_evidence","1441","621","iphash:98ad8e03","0","0","1610694687","7","7","7","7","351","30525","32525","20","1","13","c407c7c46","1791243268","1"
"2","bot_learned_evidence","1442","621","iphash:98ad8e03","0","0","1610695007","1","6","3","6","404","33165","35165","20","1","13","c407c7c46","1791243268","1"
"2","bot_learned_evidence","1443","621","iphash:98ad8e03","0","0","1812005007","1","9","0","0","447","35739","37739","0","1","13","c407c7c46","1791243268","0"
"2","bot_learned_evidence","1444","621","iphash:98ad8e03","0","0","1677787535","3","6","0","0","452","36531","38531","-22","1","13","c407c7c46","1791243268","0"
"2","bot_learned_evidence","1445","621","iphash:98ad8e03","0","0","1610695055","5","7","7","0","483","37785","39785","-24","1","13","c407c7c46","1791243268","1"
"2","bot_learned_evidence","1446","621","iphash:98ad8e03","0","0","1678835999","1","5","0","0","513","39831","41831","20","1","13","c407c7c46","1791243268","0"
"2","bot_learned_evidence","1447","621","iphash:98ad8e03","0","0","1747009551","1","3","9","0","527","41118","43118","20","1","13","c407c7c46","1791243268","1"
"2","bot_learned_evidence","1448","621","iphash:98ad8e03","0","0","1744912799","1","6","0","0","546","42999","44999","-30","1","13","c407c7c46","1791243268","1"
"2","bot_learned_evidence","1449","621","iphash:98ad8e03","0","0","1812004943","6","9","0","0","563","43428","45428","-20","1","13","c407c7c46","1791243268","0"
"2","bot_learned_evidence","1450","621","iphash:98ad8e03","0","0","1812005150","1","5","7","7","582","44781","46781","50","1","13","c407c7c46","1791243268","0"
"2","bot_learned_evidence","1451","621","iphash:98ad8e03","0","0","1812005115","1","9","0","0","640","48444","50444","0","1","13","c407c7c46","1791243268","0"
"2","bot_learned_evidence","1452","621","iphash:98ad8e03","0","0","1879114015","1","5","10","0","655","49995","51995","-20","1","13","c407c7c46","1791243268","2"
"2","bot_learned_evidence","1453","621","iphash:98ad8e03","0","0","1812004911","5","5","9","6","676","52668","54668","0","1","13","c407c7c46","1791243268","0"
"2","bot_learned_evidence","1454","621","iphash:98ad8e03","0","0","1812004943","1","6","0","0","711","54879","56879","0","1","13","c407c7c46","1791243268","0"
"2","bot_learned_evidence","1455","621","iphash:98ad8e03","0","0","1744914911","1","7","7","0","747","56958","58958","0","1","13","c407c7c46","1791243268","1"
"2","bot_learned_evidence","1456","621","iphash:98ad8e03","0","0","1694564495","5","9","0","0","773","57750","59750","21","1","13","c407c7c46","1791243268","0"
"2","bot_learned_evidence","1457","621","iphash:98ad8e03","0","0","1812005134","6","5","9","0","816","61545","63545","0","1","13","c407c7c46","1791243268","0"
"2","bot_learned_evidence","1458","621","iphash:98ad8e03","0","0","1610695006","1","5","7","7","828","63426","65426","-20","1","13","c407c7c46","1791243268","1"
"2","bot_learned_evidence","1459","621","iphash:98ad8e03","0","0","1618018814","1","5","0","0","858","65901","67901","0","1","13","c407c7c46","1791243268","0"
"2","bot_learned_evidence","1460","621","iphash:98ad8e03","0","0","1812005231","1","9","0","0","874","67221","69221","0","1","13","c407c7c46","1791243268","0"
"2","bot_learned_evidence","1461","621","iphash:98ad8e03","0","0","1812005247","6","5","0","0","876","67914","69914","-1","1","13","c407c7c46","1791243268","0"
"2","bot_learned_evidence","1462","621","iphash:98ad8e03","0","0","1677787519","6","9","5","3","881","69234","71234","19","1","13","c407c7c46","1791243268","0"
"2","bot_learned_evidence","1463","621","iphash:98ad8e03","0","0","1686176187","1","5","0","0","897","71313","73313","0","1","13","c407c7c46","1791243268","0"
"2","bot_learned_evidence","1464","621","iphash:98ad8e03","0","0","1812005419","1","9","5","3","910","72501","74501","20","1","13","c407c7c46","1791243268","0"
"2","bot_learned_evidence","1465","621","iphash:98ad8e03","0","0","1677787419","5","5","9","0","930","75141","77141","0","1","13","c407c7c46","1791243268","0"
"2","bot_learned_evidence","1466","621","iphash:98ad8e03","0","0","1711341867","7","9","5","0","944","76725","78725","20","1","13","c407c7c46","1791243268","0"
"2","bot_learned_evidence","1467","621","iphash:98ad8e03","0","0","1686176183","1","5","0","0","958","79167","81167","0","1","13","c407c7c46","1791243268","0"
"2","bot_learned_evidence","1468","621","iphash:98ad8e03","0","0","1879130487","1","5","0","0","971","81015","83015","20","1","13","c407c7c46","1791243268","3"
"2","bot_learned_evidence","1469","621","iphash:98ad8e03","0","0","1744912667","1","3","9","0","979","81840","83840","40","1","13","c407c7c46","1791243268","1"
"2","bot_learned_evidence","1470","621","iphash:98ad8e03","0","0","1677787431","5","5","0","0","990","82929","84929","20","1","13","c407c7c46","1791243268","0"
"2","bot_learned_evidence","1471","621","iphash:98ad8e03","0","0","1677787415","2","5","9","0","1005","84777","86777","0","1","13","c407c7c46","1791243268","0"
"2","bot_learned_evidence","1472","621","iphash:98ad8e03","0","0","1610695255","1","5","3","9","1019","86955","88955","-20","1","13","c407c7c46","1791243268","1"
"2","bot_learned_evidence","1473","621","iphash:98ad8e03","0","0","1610695159","1","6","0","0","1044","90123","92123","0","1","13","c407c7c46","1791243268","1"
"2","bot_learned_evidence","1474","621","iphash:98ad8e03","0","0","1744912807","6","3","0","0","1051","90321","92321","0","1","13","c407c7c46","1791243268","1"
"2","bot_learned_evidence","1475","621","iphash:98ad8e03","0","0","1677787298","1","9","0","0","1069","91377","93377","20","1","13","c407c7c46","1791243268","0"
"2","bot_learned_evidence","1476","621","iphash:98ad8e03","0","0","1744920662","1","7","0","0","1088","92763","94763","40","1","13","c407c7c46","1791243268","1"
"2","bot_learned_evidence","1477","621","iphash:98ad8e03","0","0","1814364262","5","9","6","3","1126","94446","95733","45","1","13","c407c7c46","1791243268","0"
"2","bot_learned_evidence","1478","621","iphash:98ad8e03","0","0","1814102086","9","9","3","0","1143","95634","95733","45","1","13","c407c7c46","1791243268","0"
"2","bot_learned_evidence","1479","621","bot:/botfiles/mediumds.jkb","1","3","1619083775","1","3","0","0","21","5709","7709","-4","0","13","c407c7c46","1791243268","1"
"2","bot_learned_evidence","1480","621","bot:/botfiles/mediumds.jkb","1","3","1610694783","5","5","3","0","48","9339","11339","-2","0","13","c407c7c46","1791243268","1"
"2","bot_learned_evidence","1481","621","bot:/botfiles/mediumds.jkb","1","3","1677787423","1","5","0","0","87","12177","14177","2","0","13","c407c7c46","1791243268","0"
"2","bot_learned_evidence","1482","621","bot:/botfiles/mediumds.jkb","1","3","1677787183","1","4","0","0","99","14091","16091","3","0","13","c407c7c46","1791243268","0"
"2","bot_learned_evidence","1483","621","bot:/botfiles/mediumds.jkb","1","3","1812004975","3","9","5","3","107","14850","16850","1","0","13","c407c7c46","1791243268","0"
"2","bot_learned_evidence","1484","621","bot:/botfiles/mediumds.jkb","1","3","1677787403","1","6","0","0","131","16797","18797","0","0","13","c407c7c46","1791243268","0"
"2","bot_learned_evidence","1485","621","bot:/botfiles/mediumds.jkb","1","3","1610695051","5","3","0","0","154","18579","20579","40","0","13","c407c7c46","1791243268","1"
"2","bot_learned_evidence","1486","621","bot:/botfiles/mediumds.jkb","1","3","1686176143","1","5","0","0","209","24717","26717","0","0","13","c407c7c46","1791243268","0"
"2","bot_learned_evidence","1487","621","bot:/botfiles/mediumds.jkb","1","3","1744904335","9","5","0","0","219","26631","28631","0","0","13","c407c7c46","1791243268","0"
"2","bot_learned_evidence","1488","621","bot:/botfiles/mediumds.jkb","1","3","1744920655","5","7","0","0","225","27258","29258","0","0","13","c407c7c46","1791243268","1"
"2","bot_learned_evidence","1489","621","bot:/botfiles/mediumds.jkb","1","3","2013331599","1","5","0","0","244","28941","30941","1","0","13","c407c7c46","1791243268","2"
"2","bot_learned_evidence","1490","621","bot:/botfiles/mediumds.jkb","1","3","1610694671","1","7","0","0","255","29898","31898","0","0","13","c407c7c46","1791243268","1"
"2","bot_learned_evidence","1491","621","bot:/botfiles/mediumds.jkb","1","3","1812005103","9","5","0","0","279","32175","34175","-20","0","13","c407c7c46","1791243268","0"
"2","bot_learned_evidence","1492","621","bot:/botfiles/mediumds.jkb","1","3","1812005183","9","5","0","0","303","34749","36749","-20","0","13","c407c7c46","1791243268","0"
"2","bot_learned_evidence","1493","621","bot:/botfiles/mediumds.jkb","1","3","2013348207","1","3","0","0","317","36465","38465","22","0","13","c407c7c46","1791243268","3"
"2","bot_learned_evidence","1494","621","bot:/botfiles/mediumds.jkb","1","3","1677787455","1","5","0","0","326","37521","39521","24","0","13","c407c7c46","1791243268","0"
"2","bot_learned_evidence","1495","621","bot:/botfiles/mediumds.jkb","1","3","1677787167","7","4","0","0","335","38247","40247","24","0","13","c407c7c46","1791243268","0"
"2","bot_learned_evidence","1496","621","bot:/botfiles/mediumds.jkb","1","3","1744896351","9","5","0","0","372","41745","43745","10","0","13","c407c7c46","1791243268","0"
"2","bot_learned_evidence","1497","621","bot:/botfiles/mediumds.jkb","1","3","1677787487","6","6","0","0","387","43065","45065","30","0","13","c407c7c46","1791243268","0"
"2","bot_learned_evidence","1498","621","bot:/botfiles/mediumds.jkb","1","3","1812005151","9","5","3","0","409","43659","45659","20","0","13","c407c7c46","1791243268","0"
"2","bot_learned_evidence","1499","621","bot:/botfiles/mediumds.jkb","1","3","1812005118","9","5","0","0","444","48609","50609","20","0","13","c407c7c46","1791243268","0"
"2","bot_learned_evidence","1500","621","bot:/botfiles/mediumds.jkb","1","3","1686176079","1","7","5","0","479","51348","53348","0","0","13","c407c7c46","1791243268","0"
"2","bot_learned_evidence","1501","621","bot:/botfiles/mediumds.jkb","1","3","2013339775","7","5","0","0","526","57519","59519","-21","0","13","c407c7c46","1791243268","2"
"2","bot_learned_evidence","1502","621","bot:/botfiles/mediumds.jkb","1","3","1812005166","1","5","3","6","557","59829","61829","20","0","13","c407c7c46","1791243268","0"
"2","bot_learned_evidence","1503","621","bot:/botfiles/mediumds.jkb","1","3","1744912907","9","3","0","0","598","62601","64601","0","0","13","c407c7c46","1791243268","1"
"2","bot_learned_evidence","1504","621","bot:/botfiles/mediumds.jkb","1","3","1812005279","9","6","0","0","641","67452","69452","0","0","13","c407c7c46","1791243268","0"
"2","bot_learned_evidence","1505","621","bot:/botfiles/mediumds.jkb","1","3","1879114207","1","6","0","0","664","69102","71102","-19","0","13","c407c7c46","1791243268","2"
"2","bot_learned_evidence","1506","621","bot:/botfiles/mediumds.jkb","1","3","2013331790","1","5","0","0","732","74877","76877","0","0","13","c407c7c46","1791243268","2"
"2","bot_learned_evidence","1507","621","bot:/botfiles/mediumds.jkb","1","3","2013331470","9","7","7","0","741","75801","77801","0","0","13","c407c7c46","1791243268","2"
"2","bot_learned_evidence","1508","621","bot:/botfiles/mediumds.jkb","1","3","1879114206","5","5","0","0","799","81081","83081","-20","0","13","c407c7c46","1791243268","2"
"2","bot_learned_evidence","1509","621","bot:/botfiles/mediumds.jkb","1","3","1814102429","9","5","0","0","813","82665","84665","-20","0","13","c407c7c46","1791243268","0"
"2","bot_learned_evidence","1510","621","bot:/botfiles/mediumds.jkb","1","3","1744912717","1","2","0","0","827","84579","86579","0","0","13","c407c7c46","1791243268","1"
"2","bot_learned_evidence","1511","621","bot:/botfiles/mediumds.jkb","1","3","1686176093","1","2","0","0","853","88869","90869","0","0","13","c407c7c46","1791243268","0"
"2","bot_learned_evidence","1512","621","bot:/botfiles/mediumds.jkb","1","3","1879114221","6","6","0","0","860","90189","92189","0","0","13","c407c7c46","1791243268","2"
"2","bot_learned_evidence","1513","621","bot:/botfiles/mediumds.jkb","1","3","1744896168","9","5","0","0","886","91509","93509","-20","0","13","c407c7c46","1791243268","0"
"2","bot_learned_evidence","1514","621","bot:/botfiles/mediumds.jkb","1","3","1812005209","7","6","3","5","907","93357","95357","-20","0","13","c407c7c46","1791243268","0"
"2","bot_learned_evidence","1515","621","bot:/botfiles/mediumds.jkb","1","3","1678049305","3","9","0","0","937","95601","95733","-45","0","13","c407c7c46","1791243268","0"
"2","bot_learned_evidence","1516","622","bot:/botfiles/mediumds.jkb","1","2","1610629375","1","7","0","0","7","3762","5762","0","1","13","c407c7c46","1791243424","1"
"2","bot_learned_evidence","1517","622","bot:/botfiles/mediumds.jkb","1","2","1879048447","7","7","0","0","31","5907","7907","0","1","13","c407c7c46","1791243424","2"
"2","bot_learned_evidence","1518","622","bot:/botfiles/mediumds.jkb","1","2","1610629375","1","7","0","0","51","8745","10745","41","1","13","c407c7c46","1791243424","1"
"2","bot_learned_evidence","1519","622","bot:/botfiles/mediumds.jkb","1","2","1612726522","7","7","7","0","71","9834","11834","42","1","13","c407c7c46","1791243424","1"
"2","bot_learned_evidence","1520","622","bot:/botfiles/mediumds.jkb","1","2","1610629366","7","7","7","7","111","17424","19424","39","1","13","c407c7c46","1791243424","1"
"2","bot_learned_evidence","1521","622","bot:/botfiles/mediumds.jkb","1","2","1879064817","1","7","0","0","156","21582","21813","38","1","13","c407c7c46","1791243424","3"
"2","bot_learned_evidence","1522","622","user:void","0","0","1879050495","1","7","0","0","3","2673","4673","0","0","13","c407c7c46","1791243424","2"
"2","bot_learned_evidence","1523","622","user:void","0","0","1912619519","7","7","7","0","21","4290","6290","0","0","13","c407c7c46","1791243424","3"
"2","bot_learned_evidence","1524","622","user:void","0","0","1610629375","1","7","0","0","46","5676","7676","0","0","13","c407c7c46","1791243424","1"
"2","bot_learned_evidence","1525","622","user:void","0","0","1610629375","7","7","7","0","54","5973","7973","0","0","13","c407c7c46","1791243424","1"
"2","bot_learned_evidence","1526","622","user:void","0","0","1879048447","7","7","7","0","88","8877","10877","-41","0","13","c407c7c46","1791243424","2"
"2","bot_learned_evidence","1527","622","user:void","0","0","1744847097","1","7","7","0","117","11583","13583","0","0","13","c407c7c46","1791243424","1"
"2","bot_learned_evidence","1528","622","user:void","0","0","1610629625","1","7","7","0","139","13464","15464","0","0","13","c407c7c46","1791243424","1"
"2","bot_learned_evidence","1529","622","user:void","0","0","1616921081","1","7","7","7","162","14883","16883","0","0","13","c407c7c46","1791243424","1"
"2","bot_learned_evidence","1530","622","user:void","0","0","1711276280","7","7","0","0","212","19074","21074","40","0","13","c407c7c46","1791243424","0"
"2","bot_learned_evidence","1531","622","user:void","0","0","1610629368","1","7","7","0","227","20361","21813","2","0","13","c407c7c46","1791243424","1"
"2","bot_learned_evidence","1532","622","user:void","0","0","1879064820","7","7","0","0","251","21813","21813","-38","0","13","c407c7c46","1791243424","3"
"2","bot_learned_evidence","1533","623","user:void","0","0","1912604927","7","7","7","7","6","2805","4805","90","1","13","c407c7c46","1791243462","2"
"2","bot_learned_evidence","1534","623","user:void","0","0","1612728571","1","7","7","7","49","5511","7511","2","1","13","c407c7c46","1791243462","1"
"2","bot_learned_evidence","1535","623","bot:/botfiles/mediumds.jkb","1","2","1610637567","1","7","0","0","7","2574","4574","-90","0","13","c407c7c46","1791243462","1"
"2","bot_learned_evidence","1536","624","user:void","0","0","1610631423","1","7","7","0","5","2640","4640","80","1","13","c407c7c46","1791243479","1"
"2","bot_learned_evidence","1537","624","user:void","0","0","1912621311","7","7","7","7","20","3399","5399","80","1","13","c407c7c46","1791243479","3"
"2","bot_learned_evidence","1538","624","user:void","0","0","1744847099","1","7","0","0","61","5181","7181","0","1","13","c407c7c46","1791243479","1"
"2","bot_learned_evidence","1539","624","user:void","0","0","1610629371","7","7","0","0","75","6303","8303","0","1","13","c407c7c46","1791243479","1"
"2","bot_learned_evidence","1540","624","user:void","0","0","1610629623","1","7","7","7","93","7425","9425","0","1","13","c407c7c46","1791243479","1"
"2","bot_learned_evidence","1541","624","user:void","0","0","1881161975","1","7","7","0","156","11418","13418","0","1","13","c407c7c46","1791243479","3"
"2","bot_learned_evidence","1542","624","user:void","0","0","1912619255","7","7","7","0","176","12738","14738","30","1","13","c407c7c46","1791243479","3"
"2","bot_learned_evidence","1543","624","user:void","0","0","1610631415","1","7","0","0","203","14355","14949","70","1","13","c407c7c46","1791243479","1"
"2","bot_learned_evidence","1544","624","user:void","0","0","1616922867","7","7","7","0","214","14652","14949","40","1","13","c407c7c46","1791243479","1"
"2","bot_learned_evidence","1545","624","bot:/botfiles/mediumds.jkb","1","2","1879056639","7","7","0","0","6","3003","5003","-80","0","13","c407c7c46","1791243479","2"
"2","bot_learned_evidence","1546","624","bot:/botfiles/mediumds.jkb","1","2","1879048446","1","7","0","0","33","6138","8138","0","0","13","c407c7c46","1791243479","2"
"2","bot_learned_evidence","1547","624","bot:/botfiles/mediumds.jkb","1","2","1879048445","7","7","0","0","68","12408","14408","0","0","13","c407c7c46","1791243479","2"
"2","bot_learned_evidence","1548","624","bot:/botfiles/mediumds.jkb","1","2","1879056637","7","7","0","0","87","14388","14949","-70","0","13","c407c7c46","1791243479","2"
"2","bot_learned_evidence","1549","625","user:void","0","0","1879054591","1","7","0","0","3","2673","4673","-35","1","13","c407c7c46","1791243499","2"
"2","bot_learned_evidence","1550","625","user:void","0","0","1694503167","7","9","0","0","14","3003","5003","-75","1","13","c407c7c46","1791243499","0"
"2","bot_learned_evidence","1551","625","user:void","0","0","1677725951","7","7","7","7","25","3861","5861","-45","1","13","c407c7c46","1791243499","0"
"2","bot_learned_evidence","1552","625","user:void","0","0","1610633465","1","7","7","0","68","6171","8171","40","1","13","c407c7c46","1791243499","1"
"2","bot_learned_evidence","1553","625","user:void","0","0","1610633461","1","7","0","0","95","8844","10844","40","1","13","c407c7c46","1791243499","1"
"2","bot_learned_evidence","1554","625","user:void","0","0","1610633713","7","7","7","7","113","9834","11834","0","1","13","c407c7c46","1791243499","1"
"2","bot_learned_evidence","1555","625","user:void","0","0","1610633713","1","7","7","0","154","12408","13200","20","1","13","c407c7c46","1791243499","1"
"2","bot_learned_evidence","1556","625","bot:/botfiles/mediumds.jkb","1","2","1879065855","7","7","0","0","2","2838","4838","35","0","13","c407c7c46","1791243499","3"
"2","bot_learned_evidence","1557","625","bot:/botfiles/mediumds.jkb","1","2","1744848127","7","7","0","0","19","3861","5861","45","0","13","c407c7c46","1791243499","1"
"2","bot_learned_evidence","1558","625","bot:/botfiles/mediumds.jkb","1","2","1879049716","1","7","0","0","69","9603","11603","0","0","13","c407c7c46","1791243499","2"
"2","bot_learned_evidence","1559","626","user:void","0","0","1879054591","1","7","7","7","4","2409","4409","40","1","13","c407c7c46","1791243531","2"
"2","bot_learned_evidence","1560","626","user:void","0","0","1610633471","7","7","9","0","47","4752","6752","80","1","13","c407c7c46","1791243531","1"
"2","bot_learned_evidence","1561","626","user:void","0","0","1610633463","1","7","7","0","72","6633","8633","0","1","13","c407c7c46","1791243531","1"
"2","bot_learned_evidence","1562","626","user:void","0","0","1616924919","1","7","7","0","91","8349","10349","40","1","13","c407c7c46","1791243531","1"
"2","bot_learned_evidence","1563","626","user:void","0","0","1644187895","7","7","7","0","109","10032","12032","40","1","13","c407c7c46","1791243531","1"
"2","bot_learned_evidence","1564","626","user:void","0","0","1610633459","1","7","7","7","136","11418","13418","0","1","13","c407c7c46","1791243531","1"
"2","bot_learned_evidence","1565","626","user:void","0","0","1610633459","7","7","0","0","176","14289","16289","-78","1","13","c407c7c46","1791243531","1"
"2","bot_learned_evidence","1566","626","user:void","0","0","1879054578","1","7","0","0","189","16467","18467","0","1","13","c407c7c46","1791243531","2"
"2","bot_learned_evidence","1567","626","user:void","0","0","1644188146","7","7","0","0","208","17589","19589","0","1","13","c407c7c46","1791243531","1"
"2","bot_learned_evidence","1568","626","user:void","0","0","1644188146","1","7","7","0","222","18678","20678","-1","1","13","c407c7c46","1791243531","1"
"2","bot_learned_evidence","1569","626","user:void","0","0","1612730610","1","7","7","7","240","20460","22460","-1","1","13","c407c7c46","1791243531","1"
"2","bot_learned_evidence","1570","626","user:void","0","0","1912607218","1","7","7","7","289","23529","25212","38","1","13","c407c7c46","1791243531","2"
"2","bot_learned_evidence","1571","626","bot:/botfiles/mediumds.jkb","1","2","1644184831","7","7","0","0","10","4125","6125","-80","0","13","c407c7c46","1791243531","1"
"2","bot_learned_evidence","1572","626","bot:/botfiles/mediumds.jkb","1","2","1610630397","7","7","0","0","41","9636","11636","-40","0","13","c407c7c46","1791243531","1"
"2","bot_learned_evidence","1573","626","bot:/botfiles/mediumds.jkb","1","2","1879049468","1","7","0","0","82","14157","16157","78","0","13","c407c7c46","1791243531","2"
"2","bot_learned_evidence","1574","626","bot:/botfiles/mediumds.jkb","1","2","1644184824","7","7","0","0","106","17061","19061","0","0","13","c407c7c46","1791243531","1"
"2","bot_learned_evidence","1575","626","bot:/botfiles/mediumds.jkb","1","2","1778402808","9","7","0","0","155","22737","24737","0","0","13","c407c7c46","1791243531","1"
"2","bot_learned_evidence","1576","627","user:void","0","0","1610629375","1","7","7","7","6","3036","5036","0","1","13","c407c7c46","1791243550","1"
"2","bot_learned_evidence","1577","627","user:void","0","0","1879066875","7","7","7","7","133","9735","11735","0","1","13","c407c7c46","1791243550","3"
"2","bot_learned_evidence","1578","627","bot:/botfiles/mediumds.jkb","1","2","1612718334","7","7","0","0","33","9603","11603","0","0","13","c407c7c46","1791243550","0"
"2","bot_learned_evidence","1579","628","bot:/botfiles/mediumds.jkb","1","2","1677795775","4","7","0","0","5","3927","5927","-22","1","13","c407c7c46","1791243582","0"
"2","bot_learned_evidence","1580","628","bot:/botfiles/mediumds.jkb","1","2","1812013439","4","3","6","0","24","5643","7643","-30","1","13","c407c7c46","1791243582","0"
"2","bot_learned_evidence","1581","628","bot:/botfiles/mediumds.jkb","1","2","1677787647","6","5","0","0","56","7887","9887","-49","1","13","c407c7c46","1791243582","0"
"2","bot_learned_evidence","1582","628","bot:/botfiles/mediumds.jkb","1","2","1879130271","7","7","0","0","87","9537","11537","30","1","13","c407c7c46","1791243582","3"
"2","bot_learned_evidence","1583","628","bot:/botfiles/mediumds.jkb","1","2","1610957039","6","6","0","0","106","10890","12890","50","1","13","c407c7c46","1791243582","1"
"2","bot_learned_evidence","1584","628","bot:/botfiles/mediumds.jkb","1","2","1677787646","6","5","0","0","147","15015","17015","2","1","13","c407c7c46","1791243582","0"
"2","bot_learned_evidence","1585","628","bot:/botfiles/mediumds.jkb","1","2","1879130350","7","4","0","0","153","16995","18995","-18","1","13","c407c7c46","1791243582","3"
"2","bot_learned_evidence","1586","628","bot:/botfiles/mediumds.jkb","1","2","1812005102","3","9","10","0","164","17952","19952","-50","1","13","c407c7c46","1791243582","0"
"2","bot_learned_evidence","1587","628","bot:/botfiles/mediumds.jkb","1","2","2013332157","9","3","0","0","182","22671","24671","-30","1","13","c407c7c46","1791243582","2"
"2","bot_learned_evidence","1588","628","bot:/botfiles/mediumds.jkb","1","2","1677787517","3","6","5","0","188","23397","25397","-11","1","13","c407c7c46","1791243582","0"
"2","bot_learned_evidence","1589","628","bot:/botfiles/mediumds.jkb","1","2","1610695993","1","5","0","0","235","26433","28433","52","1","13","c407c7c46","1791243582","1"
"2","bot_learned_evidence","1590","628","bot:/botfiles/mediumds.jkb","1","2","1744913705","9","3","0","0","240","26961","28908","68","1","13","c407c7c46","1791243582","1"
"2","bot_learned_evidence","1591","628","bot:/botfiles/mediumds.jkb","1","2","1677787497","1","6","4","0","249","28083","28908","48","1","13","c407c7c46","1791243582","0"
"2","bot_learned_evidence","1592","628","user:void","0","0","1879116015","1","4","0","0","3","3663","5663","24","0","13","c407c7c46","1791243582","2"
"2","bot_learned_evidence","1593","628","user:void","0","0","1812007151","1","9","4","0","21","5214","7214","50","0","13","c407c7c46","1791243582","0"
"2","bot_learned_evidence","1594","628","user:void","0","0","1744914687","6","7","7","6","36","6864","8864","79","0","13","c407c7c46","1791243582","1"
"2","bot_learned_evidence","1595","628","user:void","0","0","1744912879","5","3","9","3","69","7953","9953","49","0","13","c407c7c46","1791243582","1"
"2","bot_learned_evidence","1596","628","user:void","0","0","1610694751","1","7","0","0","103","9339","11339","-30","0","13","c407c7c46","1791243582","1"
"2","bot_learned_evidence","1597","628","user:void","0","0","1879113839","7","7","0","0","111","9669","11669","-30","0","13","c407c7c46","1791243582","2"
"2","bot_learned_evidence","1598","628","user:void","0","0","1677787391","1","6","0","0","129","10725","12725","-50","0","13","c407c7c46","1791243582","0"
"2","bot_learned_evidence","1599","628","user:void","0","0","2015428863","6","7","6","0","143","11550","13550","-20","0","13","c407c7c46","1791243582","2"
"2","bot_learned_evidence","1600","628","user:void","0","0","2013331711","1","7","6","0","186","13992","15992","20","0","13","c407c7c46","1791243582","2"
"2","bot_learned_evidence","1601","628","user:void","0","0","1610694907","1","7","0","0","243","16929","18929","18","0","13","c407c7c46","1791243582","1"
"2","bot_learned_evidence","1602","628","user:void","0","0","1610694843","1","3","0","0","258","17919","19919","50","0","13","c407c7c46","1791243582","1"
"2","bot_learned_evidence","1603","628","user:void","0","0","1686176247","10","6","0","0","268","18711","20711","30","0","13","c407c7c46","1791243582","0"
"2","bot_learned_evidence","1604","628","user:void","0","0","1686176247","1","9","6","0","295","20196","22196","0","0","13","c407c7c46","1791243582","0"
"2","bot_learned_evidence","1605","628","user:void","0","0","1677787895","1","9","0","0","333","22473","24473","30","0","13","c407c7c46","1791243582","0"
"2","bot_learned_evidence","1606","628","user:void","0","0","1610695399","3","6","3","0","340","23166","25166","30","0","13","c407c7c46","1791243582","1"
"2","bot_learned_evidence","1607","628","user:void","0","0","1812009095","1","9","6","0","382","25179","27179","-19","0","13","c407c7c46","1791243582","0"
"2","bot_learned_evidence","1608","628","user:void","0","0","1677791686","5","9","0","0","405","26730","28730","-52","0","13","c407c7c46","1791243582","0"
"2","bot_learned_evidence","1609","628","user:void","0","0","1812005206","4","7","0","0","416","28182","28908","-46","0","13","c407c7c46","1791243582","0"
"2","bot_learned_evidence","1610","629","bot:/botfiles/mediumds.jkb","1","2","1677795519","4","3","0","0","3","2046","4046","0","1","13","c407c7c46","1791243622","0"
"2","bot_learned_evidence","1611","629","bot:/botfiles/mediumds.jkb","1","2","1879138559","7","7","0","0","12","4158","6158","0","1","13","c407c7c46","1791243622","3"
"2","bot_learned_evidence","1612","629","bot:/botfiles/mediumds.jkb","1","2","1711342079","7","6","0","0","28","4851","6851","8","1","13","c407c7c46","1791243622","0"
"2","bot_learned_evidence","1613","629","bot:/botfiles/mediumds.jkb","1","2","1814103471","4","4","2","0","64","6996","8996","0","1","13","c407c7c46","1791243622","0"
"2","bot_learned_evidence","1614","629","bot:/botfiles/mediumds.jkb","1","2","1677787647","5","2","6","5","80","8844","10844","18","1","13","c407c7c46","1791243622","0"
"2","bot_learned_evidence","1615","629","bot:/botfiles/mediumds.jkb","1","2","1677788239","4","3","0","0","111","10494","12494","-10","1","13","c407c7c46","1791243622","0"
"2","bot_learned_evidence","1616","629","bot:/botfiles/mediumds.jkb","1","2","1812005310","9","5","0","0","140","13662","15662","20","1","13","c407c7c46","1791243622","0"
"2","bot_learned_evidence","1617","629","bot:/botfiles/mediumds.jkb","1","2","1677787418","1","6","0","0","166","15543","17543","0","1","13","c407c7c46","1791243622","0"
"2","bot_learned_evidence","1618","629","bot:/botfiles/mediumds.jkb","1","2","1744913150","1","3","0","0","255","26466","28466","-10","1","13","c407c7c46","1791243622","1"
"2","bot_learned_evidence","1619","629","bot:/botfiles/mediumds.jkb","1","2","1686176057","1","5","4","0","267","27918","29918","24","1","13","c407c7c46","1791243622","0"
"2","bot_learned_evidence","1620","629","bot:/botfiles/mediumds.jkb","1","2","1812005274","3","6","0","0","306","30789","32789","-1","1","13","c407c7c46","1791243622","0"
"2","bot_learned_evidence","1621","629","bot:/botfiles/mediumds.jkb","1","2","1677787178","1","5","0","0","337","33000","35000","10","1","13","c407c7c46","1791243622","0"
"2","bot_learned_evidence","1622","629","bot:/botfiles/mediumds.jkb","1","2","1686176105","1","5","3","0","365","35178","36267","12","1","13","c407c7c46","1791243622","0"
"2","bot_learned_evidence","1623","629","user:void","0","0","1610680559","1","4","0","0","3","1782","3782","2","0","13","c407c7c46","1791243622","0"
"2","bot_learned_evidence","1624","629","user:void","0","0","1610696959","1","7","0","0","14","3861","5861","0","0","13","c407c7c46","1791243622","1"
"2","bot_learned_evidence","1625","629","user:void","0","0","1610696959","7","7","7","0","21","4158","6158","0","0","13","c407c7c46","1791243622","1"
"2","bot_learned_evidence","1626","629","user:void","0","0","1610698991","1","4","9","4","52","6336","8336","22","0","13","c407c7c46","1791243622","1"
"2","bot_learned_evidence","1627","629","user:void","0","0","1812267503","2","9","0","0","77","7887","9887","0","0","13","c407c7c46","1791243622","0"
"2","bot_learned_evidence","1628","629","user:void","0","0","2013331967","2","5","0","0","83","8844","10844","-18","0","13","c407c7c46","1791243622","2"
"2","bot_learned_evidence","1629","629","user:void","0","0","1610699103","5","4","0","0","96","10164","12164","-18","0","13","c407c7c46","1791243622","1"
"2","bot_learned_evidence","1630","629","user:void","0","0","1744912751","1","7","7","7","108","11484","13484","40","0","13","c407c7c46","1791243622","1"
"2","bot_learned_evidence","1631","629","user:void","0","0","1677787547","5","5","7","0","175","13959","15959","-20","0","13","c407c7c46","1791243622","0"
"2","bot_learned_evidence","1632","629","user:void","0","0","1879118091","6","5","7","7","207","15708","17708","0","0","13","c407c7c46","1791243622","2"
"2","bot_learned_evidence","1633","629","user:void","0","0","1812005371","1","9","5","7","250","19536","21536","0","0","13","c407c7c46","1791243622","0"
"2","bot_learned_evidence","1634","629","user:void","0","0","1745944811","1","4","0","0","314","23694","25694","6","0","13","c407c7c46","1791243622","0"
"2","bot_learned_evidence","1635","629","user:void","0","0","1686438379","1","9","0","0","337","25377","27377","10","0","13","c407c7c46","1791243622","0"
"2","bot_learned_evidence","1636","629","user:void","0","0","1677787867","3","6","3","10","343","26499","28499","10","0","13","c407c7c46","1791243622","0"
"2","bot_learned_evidence","1637","629","user:void","0","0","1677787498","1","3","0","0","386","30228","32228","0","0","13","c407c7c46","1791243622","0"
"2","bot_learned_evidence","1638","629","user:void","0","0","1812005226","6","5","0","0","393","30888","32888","1","0","13","c407c7c46","1791243622","0"
"2","bot_learned_evidence","1639","629","user:void","0","0","1610699034","1","6","3","0","405","32010","34010","11","0","13","c407c7c46","1791243622","1"
"2","bot_learned_evidence","1640","629","user:void","0","0","2015447110","5","7","0","0","434","33297","35297","-10","0","13","c407c7c46","1791243622","3"
"2","bot_learned_evidence","1641","630","user:void","0","0","1744918783","1","7","6","3","2","2838","4838","51","1","13","c407c7c46","1791243707","1"
"2","bot_learned_evidence","1642","630","user:void","0","0","1686180335","1","6","9","0","40","4587","6587","30","1","13","c407c7c46","1791243707","0"
"2","bot_learned_evidence","1643","630","user:void","0","0","1812005355","5","2","8","9","67","5775","7775","0","1","13","c407c7c46","1791243707","0"
"2","bot_learned_evidence","1644","630","user:void","0","0","1677787231","7","5","7","7","102","7524","9524","1","1","13","c407c7c46","1791243707","0"
"2","bot_learned_evidence","1645","630","user:void","0","0","1616986287","1","5","0","0","129","9537","11537","-60","1","13","c407c7c46","1791243707","1"
"2","bot_learned_evidence","1646","630","user:void","0","0","1610701167","6","7","7","7","137","10329","12329","-78","1","13","c407c7c46","1791243707","1"
"2","bot_learned_evidence","1647","630","user:void","0","0","1610699119","6","4","0","0","171","11616","13616","-18","1","13","c407c7c46","1791243707","1"
"2","bot_learned_evidence","1648","630","user:void","0","0","1812011326","3","7","7","0","177","12177","14177","0","1","13","c407c7c46","1791243707","0"
"2","bot_learned_evidence","1649","630","user:void","0","0","1744914814","5","7","7","7","196","13002","15002","0","1","13","c407c7c46","1791243707","1"
"2","bot_learned_evidence","1650","630","user:void","0","0","1812005294","6","3","9","3","246","14982","16982","30","1","13","c407c7c46","1791243707","0"
"2","bot_learned_evidence","1651","630","user:void","0","0","1745951082","6","5","0","0","290","17754","19754","0","1","13","c407c7c46","1791243707","0"
"2","bot_learned_evidence","1652","630","user:void","0","0","1812005226","1","9","0","0","303","19635","21635","-20","1","13","c407c7c46","1791243707","0"
"2","bot_learned_evidence","1653","630","user:void","0","0","1677787499","3","5","10","0","304","19833","21833","-20","1","13","c407c7c46","1791243707","0"
"2","bot_learned_evidence","1654","630","user:void","0","0","1812004986","1","9","0","0","322","21879","23879","20","1","13","c407c7c46","1791243707","0"
"2","bot_learned_evidence","1655","630","user:void","0","0","1677787434","1","5","0","0","331","22671","24671","0","1","13","c407c7c46","1791243707","0"
"2","bot_learned_evidence","1656","630","user:void","0","0","1610694939","1","7","7","9","349","23991","25991","0","1","13","c407c7c46","1791243707","1"
"2","bot_learned_evidence","1657","630","user:void","0","0","1610699194","6","6","3","0","390","26136","28136","-50","1","13","c407c7c46","1791243707","1"
"2","bot_learned_evidence","1658","630","user:void","0","0","1812009402","1","5","0","0","405","27258","29258","-50","1","13","c407c7c46","1791243707","0"
"2","bot_learned_evidence","1659","630","user:void","0","0","1610699098","6","3","9","7","414","28050","30050","-50","1","13","c407c7c46","1791243707","1"
"2","bot_learned_evidence","1660","630","user:void","0","0","2013352313","6","5","7","0","438","29997","31997","-20","1","13","c407c7c46","1791243707","3"
"2","bot_learned_evidence","1661","630","user:void","0","0","1610696825","7","7","7","0","453","31218","33218","-70","1","13","c407c7c46","1791243707","1"
"2","bot_learned_evidence","1662","630","user:void","0","0","2013331833","6","5","0","0","479","32241","34241","-30","1","13","c407c7c46","1791243707","2"
"2","bot_learned_evidence","1663","630","user:void","0","0","2013335848","1","3","9","3","495","33495","35495","20","1","13","c407c7c46","1791243707","2"
"2","bot_learned_evidence","1664","630","user:void","0","0","1686180280","1","5","7","6","503","34551","36551","19","1","13","c407c7c46","1791243707","0"
"2","bot_learned_evidence","1665","630","user:void","0","0","1812005193","5","3","9","6","555","37257","39257","0","1","13","c407c7c46","1791243707","0"
"2","bot_learned_evidence","1666","630","user:void","0","0","1610694793","5","7","10","0","612","40458","42458","-40","1","13","c407c7c46","1791243707","1"
"2","bot_learned_evidence","1667","630","user:void","0","0","1610678664","5","5","0","0","638","42999","44999","0","1","13","c407c7c46","1791243707","0"
"2","bot_learned_evidence","1668","630","user:void","0","0","1879130440","3","5","0","0","648","44748","46748","-20","1","13","c407c7c46","1791243707","3"
"2","bot_learned_evidence","1669","630","user:void","0","0","1879114088","1","5","0","0","652","46398","48398","-20","1","13","c407c7c46","1791243707","2"
"2","bot_learned_evidence","1670","630","user:void","0","0","2013348200","1","5","0","0","667","48279","50279","20","1","13","c407c7c46","1791243707","3"
"2","bot_learned_evidence","1671","630","user:void","0","0","2013348136","5","5","0","0","679","49896","51896","0","1","13","c407c7c46","1791243707","3"
"2","bot_learned_evidence","1672","630","user:void","0","0","2013331817","1","5","0","0","691","51843","53843","0","1","13","c407c7c46","1791243707","2"
"2","bot_learned_evidence","1673","630","user:void","0","0","1610694954","1","5","0","0","702","53790","55790","20","1","13","c407c7c46","1791243707","1"
"2","bot_learned_evidence","1674","630","user:void","0","0","1812004902","1","9","2","0","719","56001","58001","40","1","13","c407c7c46","1791243707","0"
"2","bot_learned_evidence","1675","630","user:void","0","0","1812004902","5","5","9","0","725","56793","58793","20","1","13","c407c7c46","1791243707","0"
"2","bot_learned_evidence","1676","630","user:void","0","0","1610694930","5","5","9","0","742","58674","60674","0","1","13","c407c7c46","1791243707","1"
"2","bot_learned_evidence","1677","630","user:void","0","0","1677787234","1","5","9","6","752","60984","62799","40","1","13","c407c7c46","1791243707","0"
"2","bot_learned_evidence","1678","630","bot:/botfiles/mediumds.jkb","1","2","1812005310","9","5","0","0","22","5742","7742","0","0","13","c407c7c46","1791243707","0"
"2","bot_learned_evidence","1679","630","bot:/botfiles/mediumds.jkb","1","2","2013331487","9","7","0","0","47","7227","9227","-1","0","13","c407c7c46","1791243707","2"
"2","bot_learned_evidence","1680","630","bot:/botfiles/mediumds.jkb","1","2","1879131551","5","6","0","0","78","10065","12065","78","0","13","c407c7c46","1791243707","3"
"2","bot_learned_evidence","1681","630","bot:/botfiles/mediumds.jkb","1","2","1610679775","7","6","0","0","98","11220","13220","48","0","13","c407c7c46","1791243707","0"
"2","bot_learned_evidence","1682","630","bot:/botfiles/mediumds.jkb","1","2","1610679759","4","3","0","0","117","11880","13880","20","0","13","c407c7c46","1791243707","0"
"2","bot_learned_evidence","1683","630","bot:/botfiles/mediumds.jkb","1","2","1677796827","7","5","0","0","127","12804","14804","0","0","13","c407c7c46","1791243707","0"
"2","bot_learned_evidence","1684","630","bot:/botfiles/mediumds.jkb","1","2","1812005355","6","6","0","0","140","14883","16883","-30","0","13","c407c7c46","1791243707","0"
"2","bot_learned_evidence","1685","630","bot:/botfiles/mediumds.jkb","1","2","1812005034","3","5","3","9","154","15312","17312","20","0","13","c407c7c46","1791243707","0"
"2","bot_learned_evidence","1686","630","bot:/botfiles/mediumds.jkb","1","2","1686185370","5","6","0","0","183","17754","19754","0","0","13","c407c7c46","1791243707","0"
"2","bot_learned_evidence","1687","630","bot:/botfiles/mediumds.jkb","1","2","2013331866","9","3","0","0","212","19800","21800","20","0","13","c407c7c46","1791243707","2"
"2","bot_learned_evidence","1688","630","bot:/botfiles/mediumds.jkb","1","2","1812005082","9","5","0","0","233","21912","23912","0","0","13","c407c7c46","1791243707","0"
"2","bot_learned_evidence","1689","630","bot:/botfiles/mediumds.jkb","1","2","1879115246","7","6","0","0","252","25740","27740","50","0","13","c407c7c46","1791243707","2"
"2","bot_learned_evidence","1690","630","bot:/botfiles/mediumds.jkb","1","2","1677787546","5","6","0","0","284","27555","29555","50","0","13","c407c7c46","1791243707","0"
"2","bot_learned_evidence","1691","630","bot:/botfiles/mediumds.jkb","1","2","1677787606","7","6","0","0","317","29403","31403","20","0","13","c407c7c46","1791243707","0"
"2","bot_learned_evidence","1692","630","bot:/botfiles/mediumds.jkb","1","2","1879138518","7","7","0","0","342","30987","32987","70","0","13","c407c7c46","1791243707","3"
"2","bot_learned_evidence","1693","630","bot:/botfiles/mediumds.jkb","1","2","1711342038","7","6","0","0","370","32109","34109","30","0","13","c407c7c46","1791243707","0"
"2","bot_learned_evidence","1694","630","bot:/botfiles/mediumds.jkb","1","2","1879131590","5","3","0","0","380","32340","34340","30","0","13","c407c7c46","1791243707","3"
"2","bot_learned_evidence","1695","630","bot:/botfiles/mediumds.jkb","1","2","1812005285","3","5","0","0","436","36894","38894","0","0","13","c407c7c46","1791243707","0"
"2","bot_learned_evidence","1696","630","bot:/botfiles/mediumds.jkb","1","2","1744912678","9","3","5","0","457","39204","41204","-11","0","13","c407c7c46","1791243707","1"
"2","bot_learned_evidence","1697","630","bot:/botfiles/mediumds.jkb","1","2","1619083554","1","3","0","0","478","41580","43580","20","0","13","c407c7c46","1791243707","1"
"2","bot_learned_evidence","1698","630","bot:/botfiles/mediumds.jkb","1","2","1686176178","1","5","0","0","487","42636","44636","0","0","13","c407c7c46","1791243707","0"
"2","bot_learned_evidence","1699","630","bot:/botfiles/mediumds.jkb","1","2","1610695170","1","3","0","0","508","44220","46220","0","0","13","c407c7c46","1791243707","1"
"2","bot_learned_evidence","1700","630","bot:/botfiles/mediumds.jkb","1","2","1610695938","5","6","0","0","516","44946","46946","20","0","13","c407c7c46","1791243707","1"
"2","bot_learned_evidence","1701","630","bot:/botfiles/mediumds.jkb","1","2","1610695042","5","3","0","0","539","46464","48464","20","0","13","c407c7c46","1791243707","1"
"2","bot_learned_evidence","1702","630","bot:/botfiles/mediumds.jkb","1","2","1812004929","5","9","5","0","557","48609","50609","0","0","13","c407c7c46","1791243707","0"
"2","bot_learned_evidence","1703","630","bot:/botfiles/mediumds.jkb","1","2","1677787142","5","7","0","0","579","50358","52358","0","0","13","c407c7c46","1791243707","0"
"2","bot_learned_evidence","1704","630","bot:/botfiles/mediumds.jkb","1","2","1812005001","2","5","0","0","652","56232","58232","-20","0","13","c407c7c46","1791243707","0"
"2","bot_learned_evidence","1705","630","bot:/botfiles/mediumds.jkb","1","2","1812005192","1","5","0","0","669","58344","60344","0","0","13","c407c7c46","1791243707","0"
"2","bot_learned_evidence","1706","630","bot:/botfiles/mediumds.jkb","1","2","1812004872","3","2","0","0","701","62700","62799","-20","0","13","c407c7c46","1791243707","0"
"2","bot_learned_evidence","1707","631","user:void","0","0","1744914943","6","7","7","6","7","3003","5003","-22","1","13","c407c7c46","1791243742","1"
"2","bot_learned_evidence","1708","631","user:void","0","0","1744912879","6","3","0","0","45","4323","6323","-24","1","13","c407c7c46","1791243742","1"
"2","bot_learned_evidence","1709","631","user:void","0","0","1812004990","4","5","0","0","57","5082","7082","-22","1","13","c407c7c46","1791243742","0"
"2","bot_learned_evidence","1710","631","user:void","0","0","1610695006","1","6","3","9","79","6996","8996","30","1","13","c407c7c46","1791243742","1"
"2","bot_learned_evidence","1711","631","user:void","0","0","2013331882","6","5","7","7","118","8943","10943","-49","1","13","c407c7c46","1791243742","2"
"2","bot_learned_evidence","1712","631","user:void","0","0","1744914858","6","7","7","5","156","10725","12725","-50","1","13","c407c7c46","1791243742","1"
"2","bot_learned_evidence","1713","631","user:void","0","0","1744916762","1","6","3","9","192","12606","14606","40","1","13","c407c7c46","1791243742","1"
"2","bot_learned_evidence","1714","631","user:void","0","0","1812005194","5","6","0","0","233","15312","17312","-20","1","13","c407c7c46","1791243742","0"
"2","bot_learned_evidence","1715","631","user:void","0","0","1677791573","3","7","7","5","259","17028","19028","-10","1","13","c407c7c46","1791243742","0"
"2","bot_learned_evidence","1716","631","user:void","0","0","1677787665","1","9","0","0","305","19206","21206","0","1","13","c407c7c46","1791243742","0"
"2","bot_learned_evidence","1717","631","user:void","0","0","1610694929","5","5","0","0","309","20130","22130","0","1","13","c407c7c46","1791243742","1"
"2","bot_learned_evidence","1718","631","user:void","0","0","1677787410","1","9","5","3","317","21153","23153","21","1","13","c407c7c46","1791243742","0"
"2","bot_learned_evidence","1719","631","bot:/botfiles/mediumds.jkb","1","2","1677795839","1","6","0","0","10","2904","4904","22","0","13","c407c7c46","1791243742","0"
"2","bot_learned_evidence","1720","631","bot:/botfiles/mediumds.jkb","1","2","1677787647","6","6","0","0","38","4290","6290","24","0","13","c407c7c46","1791243742","0"
"2","bot_learned_evidence","1721","631","bot:/botfiles/mediumds.jkb","1","2","1677787295","3","4","0","0","48","4422","6422","54","0","13","c407c7c46","1791243742","0"
"2","bot_learned_evidence","1722","631","bot:/botfiles/mediumds.jkb","1","2","1711350202","7","6","0","0","99","8580","10580","19","0","13","c407c7c46","1791243742","0"
"2","bot_learned_evidence","1723","631","bot:/botfiles/mediumds.jkb","1","2","1677796778","7","6","0","0","138","10560","12560","50","0","13","c407c7c46","1791243742","0"
"2","bot_learned_evidence","1724","631","bot:/botfiles/mediumds.jkb","1","2","1879131610","5","3","0","0","160","11748","13748","0","0","13","c407c7c46","1791243742","3"
"2","bot_learned_evidence","1725","631","bot:/botfiles/mediumds.jkb","1","2","2013332762","3","5","0","0","180","13530","15530","-20","0","13","c407c7c46","1791243742","2"
"2","bot_learned_evidence","1726","631","bot:/botfiles/mediumds.jkb","1","2","1814102378","1","5","0","0","196","15246","17246","20","0","13","c407c7c46","1791243742","0"
"2","bot_learned_evidence","1727","631","bot:/botfiles/mediumds.jkb","1","2","1812005205","1","6","0","0","215","16863","18863","10","0","13","c407c7c46","1791243742","0"
"2","bot_learned_evidence","1728","631","bot:/botfiles/mediumds.jkb","1","2","1744913733","7","3","0","0","221","17028","19028","10","0","13","c407c7c46","1791243742","1"
"2","bot_learned_evidence","1729","631","bot:/botfiles/mediumds.jkb","1","2","2013331780","1","5","0","0","258","19932","21932","0","0","13","c407c7c46","1791243742","2"
"2","bot_learned_evidence","1730","631","bot:/botfiles/mediumds.jkb","1","2","2013331512","6","5","0","0","292","25410","25575","-29","0","13","c407c7c46","1791243742","2"
"2","bot_learned_evidence","1731","632","iphash:98ad8e03","0","0","1879070975","7","7","7","9","3","3168","5168","-5","1","13","c407c7c46","1791244399","3"
"2","bot_learned_evidence","1732","632","iphash:98ad8e03","0","0","1610633470","7","7","7","0","36","5577","7577","0","1","13","c407c7c46","1791244399","1"
"2","bot_learned_evidence","1733","632","iphash:98ad8e03","0","0","1610633726","1","7","7","7","59","7095","9095","0","1","13","c407c7c46","1791244399","1"
"2","bot_learned_evidence","1734","632","iphash:98ad8e03","0","0","1610633470","1","7","0","0","88","9570","11570","40","1","13","c407c7c46","1791244399","1"
"2","bot_learned_evidence","1735","632","iphash:98ad8e03","0","0","1881149694","7","7","0","0","94","9933","11933","40","1","13","c407c7c46","1791244399","2"
"2","bot_learned_evidence","1736","632","iphash:98ad8e03","0","0","1610633470","1","7","7","7","110","11022","13022","40","1","13","c407c7c46","1791244399","1"
"2","bot_learned_evidence","1737","632","iphash:98ad8e03","0","0","1644188154","7","7","7","7","144","12639","14639","0","1","13","c407c7c46","1791244399","1"
"2","bot_learned_evidence","1738","632","iphash:98ad8e03","0","0","1610635514","1","7","7","0","191","16599","18599","0","1","13","c407c7c46","1791244399","1"
"2","bot_learned_evidence","1739","632","iphash:98ad8e03","0","0","1644188154","1","7","7","7","215","18018","20018","0","1","13","c407c7c46","1791244399","1"
"2","bot_learned_evidence","1740","632","iphash:98ad8e03","0","0","1616924922","1","7","0","0","272","21681","23681","0","1","13","c407c7c46","1791244399","1"
"2","bot_learned_evidence","1741","632","iphash:98ad8e03","0","0","1744851450","1","7","7","7","283","22836","24836","31","1","13","c407c7c46","1791244399","1"
"2","bot_learned_evidence","1742","632","iphash:98ad8e03","0","0","1610633462","1","7","7","0","351","27951","29951","-12","1","13","c407c7c46","1791244399","1"
"2","bot_learned_evidence","1743","632","iphash:98ad8e03","0","0","1644187894","7","7","0","0","368","29106","31106","30","1","13","c407c7c46","1791244399","1"
"2","bot_learned_evidence","1744","632","iphash:98ad8e03","0","0","1610633714","1","7","7","0","388","30195","31713","28","1","13","c407c7c46","1791244399","1"
"2","bot_learned_evidence","1745","632","iphash:98ad8e03","0","0","1610635506","1","7","0","0","410","31581","31713","28","1","13","c407c7c46","1791244399","1"
"2","bot_learned_evidence","1746","632","bot:/botfiles/mediumds.jkb","1","2","1610638591","1","7","0","0","3","2838","4838","5","0","13","c407c7c46","1791244399","1"
"2","bot_learned_evidence","1747","632","bot:/botfiles/mediumds.jkb","1","2","1610630395","1","7","0","0","43","5478","7478","0","0","13","c407c7c46","1791244399","1"
"2","bot_learned_evidence","1748","632","bot:/botfiles/mediumds.jkb","1","2","1879049467","7","7","0","0","80","9768","11768","-40","0","13","c407c7c46","1791244399","2"
"2","bot_learned_evidence","1749","632","bot:/botfiles/mediumds.jkb","1","2","1912604154","7","7","0","0","97","11946","13946","0","0","13","c407c7c46","1791244399","2"
"2","bot_learned_evidence","1750","632","bot:/botfiles/mediumds.jkb","1","2","1610638586","7","7","0","0","132","17127","19127","0","0","13","c407c7c46","1791244399","1"
"2","bot_learned_evidence","1751","632","bot:/botfiles/mediumds.jkb","1","2","1610630393","7","7","0","0","196","28710","30710","12","0","13","c407c7c46","1791244399","1"
"2","bot_learned_evidence","1752","633","iphash:98ad8e03","0","0","1610701311","6","7","7","7","7","3531","5531","22","1","13","c407c7c46","1791244494","1"
"2","bot_learned_evidence","1753","633","iphash:98ad8e03","0","0","1912688895","1","7","7","0","59","6468","8468","50","1","13","c407c7c46","1791244494","3"
"2","bot_learned_evidence","1754","633","iphash:98ad8e03","0","0","1879113983","5","6","3","9","82","7524","9524","80","1","13","c407c7c46","1791244494","2"
"2","bot_learned_evidence","1755","633","iphash:98ad8e03","0","0","1686176223","1","6","3","0","107","8580","10580","49","1","13","c407c7c46","1791244494","0"
"2","bot_learned_evidence","1756","633","iphash:98ad8e03","0","0","1744912603","6","3","0","0","137","10197","12197","39","1","13","c407c7c46","1791244494","1"
"2","bot_learned_evidence","1757","633","iphash:98ad8e03","0","0","1812004879","1","9","7","0","160","11649","13649","20","1","13","c407c7c46","1791244494","0"
"2","bot_learned_evidence","1758","633","iphash:98ad8e03","0","0","1677789419","1","9","0","0","190","13497","15497","-20","1","13","c407c7c46","1791244494","0"
"2","bot_learned_evidence","1759","633","iphash:98ad8e03","0","0","1677789343","5","7","0","0","195","13827","15827","-20","1","13","c407c7c46","1791244494","0"
"2","bot_learned_evidence","1760","633","iphash:98ad8e03","0","0","2013331807","6","5","0","0","213","14883","16883","60","1","13","c407c7c46","1791244494","2"
"2","bot_learned_evidence","1761","633","iphash:98ad8e03","0","0","1610699039","6","7","7","7","221","16104","18104","40","1","13","c407c7c46","1791244494","1"
"2","bot_learned_evidence","1762","633","iphash:98ad8e03","0","0","2046906615","1","5","0","0","259","19074","21074","0","1","13","c407c7c46","1791244494","3"
"2","bot_learned_evidence","1763","633","iphash:98ad8e03","0","0","1677787227","1","9","0","0","276","20427","22427","-21","1","13","c407c7c46","1791244494","0"
"2","bot_learned_evidence","1764","633","iphash:98ad8e03","0","0","1814102187","1","5","0","0","280","21549","23549","50","1","13","c407c7c46","1791244494","0"
"2","bot_learned_evidence","1765","633","iphash:98ad8e03","0","0","2013331531","1","7","0","0","296","22902","24902","20","1","13","c407c7c46","1791244494","2"
"2","bot_learned_evidence","1766","633","iphash:98ad8e03","0","0","1818296727","1","5","0","0","326","24024","26024","-10","1","13","c407c7c46","1791244494","0"
"2","bot_learned_evidence","1767","633","iphash:98ad8e03","0","0","1744912711","6","3","9","3","330","24849","26849","-10","1","13","c407c7c46","1791244494","1"
"2","bot_learned_evidence","1768","633","iphash:98ad8e03","0","0","1744912707","1","6","0","0","344","26136","28136","0","1","13","c407c7c46","1791244494","1"
"2","bot_learned_evidence","1769","633","iphash:98ad8e03","0","0","1879118275","1","6","0","0","363","27687","29687","0","1","13","c407c7c46","1791244494","2"
"2","bot_learned_evidence","1770","633","iphash:98ad8e03","0","0","1879118531","1","6","0","0","391","29469","31469","0","1","13","c407c7c46","1791244494","2"
"2","bot_learned_evidence","1771","633","iphash:98ad8e03","0","0","1879130851","1","6","0","0","442","34221","36221","0","1","13","c407c7c46","1791244494","3"
"2","bot_learned_evidence","1772","633","iphash:98ad8e03","0","0","1677791987","1","9","0","0","560","46629","48629","0","1","13","c407c7c46","1791244494","0"
"2","bot_learned_evidence","1773","633","iphash:98ad8e03","0","0","1879118535","5","6","0","0","570","49698","51698","0","1","13","c407c7c46","1791244494","2"
"2","bot_learned_evidence","1774","633","iphash:98ad8e03","0","0","1610701255","1","7","7","10","603","51645","53645","-20","1","13","c407c7c46","1791244494","1"
"2","bot_learned_evidence","1775","633","iphash:98ad8e03","0","0","1812011163","1","9","2","0","649","55374","57374","42","1","13","c407c7c46","1791244494","0"
"2","bot_learned_evidence","1776","633","iphash:98ad8e03","0","0","1812008967","1","9","0","0","673","56793","58793","-20","1","13","c407c7c46","1791244494","0"
"2","bot_learned_evidence","1777","633","iphash:98ad8e03","0","0","1812009030","1","6","0","0","681","57849","59849","0","1","13","c407c7c46","1791244494","0"
"2","bot_learned_evidence","1778","633","iphash:98ad8e03","0","0","1814102106","1","3","0","0","719","61446","63446","50","1","13","c407c7c46","1791244494","0"
"2","bot_learned_evidence","1779","633","iphash:98ad8e03","0","0","1686176166","10","6","0","0","727","62238","64238","30","1","13","c407c7c46","1791244494","0"
"2","bot_learned_evidence","1780","633","iphash:98ad8e03","0","0","2013331922","5","2","0","0","754","63426","65426","-2","1","13","c407c7c46","1791244494","2"
"2","bot_learned_evidence","1781","633","iphash:98ad8e03","0","0","1812005206","4","3","0","0","768","65043","67043","1","1","13","c407c7c46","1791244494","0"
"2","bot_learned_evidence","1782","633","iphash:98ad8e03","0","0","1879113798","5","6","0","0","775","65703","67703","-29","1","13","c407c7c46","1791244494","2"
"2","bot_learned_evidence","1783","633","iphash:98ad8e03","0","0","1812009253","1","5","0","0","811","68145","70145","0","1","13","c407c7c46","1791244494","0"
"2","bot_learned_evidence","1784","633","iphash:98ad8e03","0","0","1677787430","1","9","5","0","825","69762","71762","0","1","13","c407c7c46","1791244494","0"
"2","bot_learned_evidence","1785","633","iphash:98ad8e03","0","0","1744918550","1","7","7","9","842","71676","73676","20","1","13","c407c7c46","1791244494","1"
"2","bot_learned_evidence","1786","633","iphash:98ad8e03","0","0","1820398070","1","6","3","0","880","73260","75260","0","1","13","c407c7c46","1791244494","0"
"2","bot_learned_evidence","1787","633","iphash:98ad8e03","0","0","1879114058","1","6","0","0","941","76065","78065","0","1","13","c407c7c46","1791244494","2"
"2","bot_learned_evidence","1788","633","iphash:98ad8e03","0","0","1610699162","6","7","7","10","977","78045","80045","-50","1","13","c407c7c46","1791244494","1"
"2","bot_learned_evidence","1789","633","iphash:98ad8e03","0","0","1678840181","3","5","0","0","1005","79662","81662","-30","1","13","c407c7c46","1791244494","0"
"2","bot_learned_evidence","1790","633","iphash:98ad8e03","0","0","1879134553","6","5","3","0","1024","81741","83741","20","1","13","c407c7c46","1791244494","3"
"2","bot_learned_evidence","1791","633","iphash:98ad8e03","0","0","1879114054","1","5","0","0","1040","84150","86150","20","1","13","c407c7c46","1791244494","2"
"2","bot_learned_evidence","1792","633","iphash:98ad8e03","0","0","1812271190","1","9","0","0","1045","85041","87041","20","1","13","c407c7c46","1791244494","0"
"2","bot_learned_evidence","1793","633","iphash:98ad8e03","0","0","1812005190","1","5","0","0","1053","86031","88031","20","1","13","c407c7c46","1791244494","0"
"2","bot_learned_evidence","1794","633","iphash:98ad8e03","0","0","1744916486","5","3","0","0","1058","87219","89219","51","1","13","c407c7c46","1791244494","1"
"2","bot_learned_evidence","1795","633","iphash:98ad8e03","0","0","1812008966","9","9","3","0","1060","87384","89384","51","1","13","c407c7c46","1791244494","0"
"2","bot_learned_evidence","1796","633","iphash:98ad8e03","0","0","1677787458","3","6","0","0","1067","88176","90176","31","1","13","c407c7c46","1791244494","0"
"2","bot_learned_evidence","1797","633","iphash:98ad8e03","0","0","1879114114","1","2","0","0","1086","90156","91542","23","1","13","c407c7c46","1791244494","2"
"2","bot_learned_evidence","1798","633","iphash:98ad8e03","0","0","1744912578","5","3","6","0","1095","91443","91542","23","1","13","c407c7c46","1791244494","1"
"2","bot_learned_evidence","1799","633","bot:/botfiles/mediumds.jkb","1","2","1677795839","1","6","0","0","10","2904","4904","-2","0","13","c407c7c46","1791244494","0"
"2","bot_learned_evidence","1800","633","bot:/botfiles/mediumds.jkb","1","2","1812006079","4","7","0","0","38","5544","7544","-2","0","13","c407c7c46","1791244494","0"
"2","bot_learned_evidence","1801","633","bot:/botfiles/mediumds.jkb","1","2","1879113983","6","5","0","0","75","7524","9524","-80","0","13","c407c7c46","1791244494","2"
"2","bot_learned_evidence","1802","633","bot:/botfiles/mediumds.jkb","1","2","1677787518","1","6","0","0","100","9768","11768","-39","0","13","c407c7c46","1791244494","0"
"2","bot_learned_evidence","1803","633","bot:/botfiles/mediumds.jkb","1","2","1812005246","3","5","0","0","125","10692","12692","-20","0","13","c407c7c46","1791244494","0"
"2","bot_learned_evidence","1804","633","bot:/botfiles/mediumds.jkb","1","2","2013339838","9","5","0","0","147","13662","15662","20","0","13","c407c7c46","1791244494","2"
"2","bot_learned_evidence","1805","633","bot:/botfiles/mediumds.jkb","1","2","1677787487","5","6","6","0","162","14883","16883","-60","0","13","c407c7c46","1791244494","0"
"2","bot_learned_evidence","1806","633","bot:/botfiles/mediumds.jkb","1","2","1686177261","1","7","0","0","212","17919","19919","0","0","13","c407c7c46","1791244494","0"
"2","bot_learned_evidence","1807","633","bot:/botfiles/mediumds.jkb","1","2","1677787566","5","5","0","0","256","19602","21602","21","0","13","c407c7c46","1791244494","0"
"2","bot_learned_evidence","1808","633","bot:/botfiles/mediumds.jkb","1","2","1677787246","5","5","0","0","276","21846","23846","-50","0","13","c407c7c46","1791244494","0"
"2","bot_learned_evidence","1809","633","bot:/botfiles/mediumds.jkb","1","2","1677787421","5","6","0","0","304","24552","26552","10","0","13","c407c7c46","1791244494","0"
"2","bot_learned_evidence","1810","633","bot:/botfiles/mediumds.jkb","1","2","1812004876","3","5","0","0","317","25014","27014","0","0","13","c407c7c46","1791244494","0"
"2","bot_learned_evidence","1811","633","bot:/botfiles/mediumds.jkb","1","2","1610679868","1","6","0","0","337","34947","36947","0","0","13","c407c7c46","1791244494","0"
"2","bot_learned_evidence","1812","633","bot:/botfiles/mediumds.jkb","1","2","1610696316","1","5","0","0","369","49500","51500","0","0","13","c407c7c46","1791244494","1"
"2","bot_learned_evidence","1813","633","bot:/botfiles/mediumds.jkb","1","2","1879115309","6","6","0","0","377","50127","52127","0","0","13","c407c7c46","1791244494","2"
"2","bot_learned_evidence","1814","633","bot:/botfiles/mediumds.jkb","1","2","1820394877","1","5","3","10","405","52998","54998","-2","0","13","c407c7c46","1791244494","0"
"2","bot_learned_evidence","1815","633","bot:/botfiles/mediumds.jkb","1","2","1812014525","2","5","0","0","433","55968","57968","0","0","13","c407c7c46","1791244494","0"
"2","bot_learned_evidence","1816","633","bot:/botfiles/mediumds.jkb","1","2","1610694954","1","5","6","0","465","58806","60806","2","0","13","c407c7c46","1791244494","1"
"2","bot_learned_evidence","1817","633","bot:/botfiles/mediumds.jkb","1","2","1610694698","1","4","0","0","480","60192","62192","-16","0","13","c407c7c46","1791244494","1"
"2","bot_learned_evidence","1818","633","bot:/botfiles/mediumds.jkb","1","2","1812267098","3","9","10","0","498","61479","63479","-50","0","13","c407c7c46","1791244494","0"
"2","bot_learned_evidence","1819","633","bot:/botfiles/mediumds.jkb","1","2","1677787512","2","5","0","0","511","63426","65426","2","0","13","c407c7c46","1791244494","0"
"2","bot_learned_evidence","1820","633","bot:/botfiles/mediumds.jkb","1","2","1610696041","1","6","4","0","523","64680","66680","1","0","13","c407c7c46","1791244494","1"
"2","bot_learned_evidence","1821","633","bot:/botfiles/mediumds.jkb","1","2","1610694745","3","5","0","0","539","65538","67538","29","0","13","c407c7c46","1791244494","1"
"2","bot_learned_evidence","1822","633","bot:/botfiles/mediumds.jkb","1","2","1610696025","1","6","3","0","553","67221","69221","49","0","13","c407c7c46","1791244494","1"
"2","bot_learned_evidence","1823","633","bot:/botfiles/mediumds.jkb","1","2","1744912825","1","5","0","0","624","74382","76382","0","0","13","c407c7c46","1791244494","1"
"2","bot_learned_evidence","1824","633","bot:/botfiles/mediumds.jkb","1","2","1610694938","6","3","0","0","648","76494","78494","0","0","13","c407c7c46","1791244494","1"
"2","bot_learned_evidence","1825","633","bot:/botfiles/mediumds.jkb","1","2","1677788458","1","6","0","0","655","77781","79781","50","0","13","c407c7c46","1791244494","0"
"2","bot_learned_evidence","1826","633","bot:/botfiles/mediumds.jkb","1","2","1686177253","1","6","3","0","682","79332","81332","30","0","13","c407c7c46","1791244494","0"
"2","bot_learned_evidence","1827","633","bot:/botfiles/mediumds.jkb","1","2","1686176853","5","5","0","0","712","80322","82322","0","0","13","c407c7c46","1791244494","0"
"2","bot_learned_evidence","1828","633","bot:/botfiles/mediumds.jkb","1","2","1677788502","5","6","0","0","721","81741","83741","-20","0","13","c407c7c46","1791244494","0"
"2","bot_learned_evidence","1829","633","bot:/botfiles/mediumds.jkb","1","2","1812005897","3","5","0","0","746","82830","84830","0","0","13","c407c7c46","1791244494","0"
"2","bot_learned_evidence","1830","633","bot:/botfiles/mediumds.jkb","1","2","1610695961","5","6","0","0","755","84216","86216","-20","0","13","c407c7c46","1791244494","1"
"2","bot_learned_evidence","1831","633","bot:/botfiles/mediumds.jkb","1","2","1814103129","9","5","0","0","776","85140","87140","0","0","13","c407c7c46","1791244494","0"
"2","bot_learned_evidence","1832","633","bot:/botfiles/mediumds.jkb","1","2","1812006153","5","6","5","0","786","86130","88130","-20","0","13","c407c7c46","1791244494","0"
"2","bot_learned_evidence","1833","633","bot:/botfiles/mediumds.jkb","1","2","1677788169","3","9","0","0","799","87252","89252","-51","0","13","c407c7c46","1791244494","0"
"2","bot_learned_evidence","1834","633","bot:/botfiles/mediumds.jkb","1","2","2013331720","3","3","0","0","804","87978","89978","-31","0","13","c407c7c46","1791244494","2"
"2","bot_learned_evidence","1835","633","bot:/botfiles/mediumds.jkb","1","2","1677787160","6","5","0","0","814","88737","90737","0","0","13","c407c7c46","1791244494","0"
"2","bot_learned_evidence","1836","633","bot:/botfiles/mediumds.jkb","1","2","1610694776","1","5","0","0","827","91410","91542","-23","0","13","c407c7c46","1791244494","1"
"2","bot_learned_evidence","1837","634","bot:/botfiles/mediumds.jkb","1","2","1677788671","1","6","0","0","14","3894","5894","0","1","13","c407c7c46","1791244719","0"
"2","bot_learned_evidence","1838","634","bot:/botfiles/mediumds.jkb","1","2","1610679551","1","7","0","0","39","5973","7973","0","1","13","c407c7c46","1791244719","0"
"2","bot_learned_evidence","1839","634","bot:/botfiles/mediumds.jkb","1","2","1879115263","1","6","0","0","70","7656","9656","30","1","13","c407c7c46","1791244719","2"
"2","bot_learned_evidence","1840","634","bot:/botfiles/mediumds.jkb","1","2","1610696175","1","6","3","0","94","8877","10877","30","1","13","c407c7c46","1791244719","1"
"2","bot_learned_evidence","1841","634","bot:/botfiles/mediumds.jkb","1","2","1677788639","1","6","0","0","116","10098","12098","30","1","13","c407c7c46","1791244719","0"
"2","bot_learned_evidence","1842","634","bot:/botfiles/mediumds.jkb","1","2","1610679547","1","7","0","0","135","11517","13517","1","1","13","c407c7c46","1791244719","0"
"2","bot_learned_evidence","1843","634","bot:/botfiles/mediumds.jkb","1","2","1879131643","1","6","0","0","163","12969","14969","1","1","13","c407c7c46","1791244719","3"
"2","bot_learned_evidence","1844","634","bot:/botfiles/mediumds.jkb","1","2","1610679547","1","7","0","0","183","14421","16421","0","1","13","c407c7c46","1791244719","0"
"2","bot_learned_evidence","1845","634","bot:/botfiles/mediumds.jkb","1","2","1610696187","1","6","0","0","214","16104","18104","30","1","13","c407c7c46","1791244719","1"
"2","bot_learned_evidence","1846","634","bot:/botfiles/mediumds.jkb","1","2","1677788667","1","6","0","0","237","198066","200066","0","1","13","c407c7c46","1791244719","0"
"2","bot_learned_evidence","1847","634","bot:/botfiles/mediumds.jkb","1","2","1677788667","1","6","0","0","261","199485","201485","0","1","13","c407c7c46","1791244719","0"
"2","bot_learned_evidence","1848","634","bot:/botfiles/mediumds.jkb","1","2","1879115259","1","6","0","0","292","205194","205953","0","1","13","c407c7c46","1791244719","2"
"2","bot_learned_evidence","1849","634","iphash:98ad8e03","0","0","2013333759","1","7","7","0","4","2574","4574","-20","0","13","c407c7c46","1791244719","2"
"2","bot_learned_evidence","1850","635","iphash:98ad8e03","0","0","1610696959","1","7","7","7","7","5181","7181","2","1","13","c407c7c46","1791245270","1"
"2","bot_learned_evidence","1851","635","iphash:98ad8e03","0","0","1677787391","1","7","7","0","66","8547","10547","0","1","13","c407c7c46","1791245270","0"
"2","bot_learned_evidence","1852","635","iphash:98ad8e03","0","0","2015428783","5","7","9","0","90","9603","11603","-20","1","13","c407c7c46","1791245270","2"
"2","bot_learned_evidence","1853","635","iphash:98ad8e03","0","0","1812005375","1","6","3","0","112","11418","13418","5","1","13","c407c7c46","1791245270","0"
"2","bot_learned_evidence","1854","635","iphash:98ad8e03","0","0","1812004991","1","3","0","0","140","13002","15002","0","1","13","c407c7c46","1791245270","0"
"2","bot_learned_evidence","1855","635","iphash:98ad8e03","0","0","1812005247","6","5","3","3","142","13662","15662","21","1","13","c407c7c46","1791245270","0"
"2","bot_learned_evidence","1856","635","iphash:98ad8e03","0","0","1686176175","1","6","3","9","164","16434","18434","70","1","13","c407c7c46","1791245270","0"
"2","bot_learned_evidence","1857","635","iphash:98ad8e03","0","0","1812005003","6","3","6","0","202","17886","19886","50","1","13","c407c7c46","1791245270","0"
"2","bot_learned_evidence","1858","635","iphash:98ad8e03","0","0","1686176199","1","6","0","0","220","18744","20744","30","1","13","c407c7c46","1791245270","0"
"2","bot_learned_evidence","1859","635","iphash:98ad8e03","0","0","1812005250","1","9","0","0","262","21351","22572","63","1","13","c407c7c46","1791245270","0"
"2","bot_learned_evidence","1860","635","iphash:98ad8e03","0","0","1812007302","5","8","0","0","266","21879","22572","63","1","13","c407c7c46","1791245270","0"
"2","bot_learned_evidence","1861","635","bot:/botfiles/easyds.jkb","1","4","1680154879","7","5","0","0","23","9108","11108","20","0","13","c407c7c46","1791245270","0"
"2","bot_learned_evidence","1862","635","bot:/botfiles/easyds.jkb","1","4","2013340143","9","3","0","0","40","10692","12692","13","0","13","c407c7c46","1791245270","2"
"2","bot_learned_evidence","1863","635","bot:/botfiles/easyds.jkb","1","4","1677787583","3","6","4","0","50","11649","13649","-5","0","13","c407c7c46","1791245270","0"
"2","bot_learned_evidence","1864","635","bot:/botfiles/easyds.jkb","1","4","1812005343","3","6","0","0","93","13530","15530","-1","0","13","c407c7c46","1791245270","0"
"2","bot_learned_evidence","1865","635","bot:/botfiles/easyds.jkb","1","4","1812005230","6","6","0","0","152","17688","19688","-50","0","13","c407c7c46","1791245270","0"
"2","bot_learned_evidence","1866","635","bot:/botfiles/easyds.jkb","1","4","1677787452","1","5","3","0","187","19998","21998","20","0","13","c407c7c46","1791245270","0"
"2","bot_learned_evidence","1867","635","bot:/botfiles/easyds.jkb","1","4","1744920952","9","5","0","0","201","21780","22572","-63","0","13","c407c7c46","1791245270","1"
"2","bot_learned_evidence","1868","636","iphash:98ad8e03","0","0","1812007423","1","7","7","0","5","2508","4508","-30","1","13","c407c7c46","1791245365","0"
"2","bot_learned_evidence","1869","636","iphash:98ad8e03","0","0","1610697215","6","7","7","0","20","3102","5102","-30","1","13","c407c7c46","1791245365","1"
"2","bot_learned_evidence","1870","636","iphash:98ad8e03","0","0","1610694911","1","7","6","3","43","4785","6785","50","1","13","c407c7c46","1791245365","1"
"2","bot_learned_evidence","1871","636","iphash:98ad8e03","0","0","1686176239","1","6","3","0","75","6600","8600","1","1","13","c407c7c46","1791245365","0"
"2","bot_learned_evidence","1872","636","iphash:98ad8e03","0","0","1610696975","3","7","10","0","123","8679","10679","-20","1","13","c407c7c46","1791245365","1"
"2","bot_learned_evidence","1873","636","iphash:98ad8e03","0","0","1745944862","6","5","0","0","139","9999","11999","-20","1","13","c407c7c46","1791245365","0"
"2","bot_learned_evidence","1874","636","iphash:98ad8e03","0","0","2013348015","1","7","0","0","148","11682","13682","-20","1","13","c407c7c46","1791245365","3"
"2","bot_learned_evidence","1875","636","iphash:98ad8e03","0","0","1751206398","1","7","7","7","161","12771","14771","20","1","13","c407c7c46","1791245365","1"
"2","bot_learned_evidence","1876","636","iphash:98ad8e03","0","0","1686176254","1","6","3","10","206","15444","17444","10","1","13","c407c7c46","1791245365","0"
"2","bot_learned_evidence","1877","636","iphash:98ad8e03","0","0","1678836154","3","5","0","0","240","17523","19523","-50","1","13","c407c7c46","1791245365","0"
"2","bot_learned_evidence","1878","636","iphash:98ad8e03","0","0","1812004957","3","2","0","0","288","22110","24110","-20","1","13","c407c7c46","1791245365","0"
"2","bot_learned_evidence","1879","636","iphash:98ad8e03","0","0","1879114109","1","5","0","0","293","23529","25529","-20","1","13","c407c7c46","1791245365","2"
"2","bot_learned_evidence","1880","636","iphash:98ad8e03","0","0","1812004989","1","9","0","0","314","25872","27872","20","1","13","c407c7c46","1791245365","0"
"2","bot_learned_evidence","1881","636","iphash:98ad8e03","0","0","1812005165","1","5","0","0","322","26631","28631","0","1","13","c407c7c46","1791245365","0"
"2","bot_learned_evidence","1882","636","iphash:98ad8e03","0","0","1610696990","1","7","9","5","337","28017","30017","20","1","13","c407c7c46","1791245365","1"
"2","bot_learned_evidence","1883","636","iphash:98ad8e03","0","0","1677787422","5","5","9","9","375","30723","32723","-20","1","13","c407c7c46","1791245365","0"
"2","bot_learned_evidence","1884","636","iphash:98ad8e03","0","0","1812005310","1","5","0","0","394","33363","35363","-20","1","13","c407c7c46","1791245365","0"
"2","bot_learned_evidence","1885","636","iphash:98ad8e03","0","0","1879130174","5","5","7","9","411","35079","37079","-20","1","13","c407c7c46","1791245365","3"
"2","bot_learned_evidence","1886","636","iphash:98ad8e03","0","0","1812005147","5","5","3","9","460","39006","41006","20","1","13","c407c7c46","1791245365","0"
"2","bot_learned_evidence","1887","636","iphash:98ad8e03","0","0","1686176027","1","5","3","9","478","40755","42755","20","1","13","c407c7c46","1791245365","0"
"2","bot_learned_evidence","1888","636","iphash:98ad8e03","0","0","1812005019","1","9","0","0","493","43230","45230","-20","1","13","c407c7c46","1791245365","0"
"2","bot_learned_evidence","1889","636","iphash:98ad8e03","0","0","1711341642","7","9","0","0","510","45012","47012","-20","1","13","c407c7c46","1791245365","0"
"2","bot_learned_evidence","1890","636","iphash:98ad8e03","0","0","1677787406","5","9","0","0","521","45837","47837","0","1","13","c407c7c46","1791245365","0"
"2","bot_learned_evidence","1891","636","iphash:98ad8e03","0","0","1744912717","1","6","9","0","529","47058","49058","20","1","13","c407c7c46","1791245365","1"
"2","bot_learned_evidence","1892","636","iphash:98ad8e03","0","0","1879114125","1","6","0","0","553","49434","51434","1","1","13","c407c7c46","1791245365","2"
"2","bot_learned_evidence","1893","636","iphash:98ad8e03","0","0","1610699469","6","6","0","0","584","51513","53513","10","1","13","c407c7c46","1791245365","1"
"2","bot_learned_evidence","1894","636","iphash:98ad8e03","0","0","1812005321","1","9","0","0","621","53295","55295","-20","1","13","c407c7c46","1791245365","0"
"2","bot_learned_evidence","1895","636","iphash:98ad8e03","0","0","1744912856","1","3","0","0","639","55671","57671","-23","1","13","c407c7c46","1791245365","1"
"2","bot_learned_evidence","1896","636","iphash:98ad8e03","0","0","1812004952","1","3","0","0","651","56826","58826","0","1","13","c407c7c46","1791245365","0"
"2","bot_learned_evidence","1897","636","iphash:98ad8e03","0","0","1812005224","6","5","0","0","653","57486","59486","0","1","13","c407c7c46","1791245365","0"
"2","bot_learned_evidence","1898","636","iphash:98ad8e03","0","0","1610695017","6","5","9","0","667","59499","61499","-20","1","13","c407c7c46","1791245365","1"
"2","bot_learned_evidence","1899","636","iphash:98ad8e03","0","0","1745944953","6","5","0","0","690","62568","64568","-20","1","13","c407c7c46","1791245365","0"
"2","bot_learned_evidence","1900","636","iphash:98ad8e03","0","0","1812005050","1","9","5","0","702","64449","66449","-20","1","13","c407c7c46","1791245365","0"
"2","bot_learned_evidence","1901","636","iphash:98ad8e03","0","0","1879114106","6","5","0","0","713","66825","68825","-9","1","13","c407c7c46","1791245365","2"
"2","bot_learned_evidence","1902","636","iphash:98ad8e03","0","0","1744912489","1","3","9","5","722","67650","69650","41","1","13","c407c7c46","1791245365","1"
"2","bot_learned_evidence","1903","636","iphash:98ad8e03","0","0","1686176186","1","5","3","9","730","68508","70508","20","1","13","c407c7c46","1791245365","0"
"2","bot_learned_evidence","1904","636","iphash:98ad8e03","0","0","1812005158","5","5","3","9","747","70422","72422","20","1","13","c407c7c46","1791245365","0"
"2","bot_learned_evidence","1905","636","iphash:98ad8e03","0","0","1686176086","1","5","3","9","763","72270","74270","20","1","13","c407c7c46","1791245365","0"
"2","bot_learned_evidence","1906","636","iphash:98ad8e03","0","0","1686176082","1","5","3","9","778","74118","76118","20","1","13","c407c7c46","1791245365","0"
"2","bot_learned_evidence","1907","636","iphash:98ad8e03","0","0","1677787490","1","9","5","3","798","76527","78527","0","1","13","c407c7c46","1791245365","0"
"2","bot_learned_evidence","1908","636","iphash:98ad8e03","0","0","1812005346","1","9","6","3","820","79827","80850","10","1","13","c407c7c46","1791245365","0"
"2","bot_learned_evidence","1909","636","bot:/botfiles/easyds.jkb","1","4","1677795839","7","6","0","0","8","2871","4871","30","0","13","c407c7c46","1791245365","0"
"2","bot_learned_evidence","1910","636","bot:/botfiles/easyds.jkb","1","4","1677787519","1","5","3","0","51","7755","9755","20","0","13","c407c7c46","1791245365","0"
"2","bot_learned_evidence","1911","636","bot:/botfiles/easyds.jkb","1","4","1686176091","1","6","0","0","76","9669","11669","0","0","13","c407c7c46","1791245365","0"
"2","bot_learned_evidence","1912","636","bot:/botfiles/easyds.jkb","1","4","1686176250","1","6","3","0","142","17193","19193","30","0","13","c407c7c46","1791245365","0"
"2","bot_learned_evidence","1913","636","bot:/botfiles/easyds.jkb","1","4","1686175846","1","5","3","0","165","18315","20315","20","0","13","c407c7c46","1791245365","0"
"2","bot_learned_evidence","1914","636","bot:/botfiles/easyds.jkb","1","4","1619083607","1","5","0","0","189","20295","22295","0","0","13","c407c7c46","1791245365","1"
"2","bot_learned_evidence","1915","636","bot:/botfiles/easyds.jkb","1","4","1610694999","1","3","0","0","201","21945","23945","0","0","13","c407c7c46","1791245365","1"
"2","bot_learned_evidence","1916","636","bot:/botfiles/easyds.jkb","1","4","1610695063","2","6","0","0","209","22671","24671","20","0","13","c407c7c46","1791245365","1"
"2","bot_learned_evidence","1917","636","bot:/botfiles/easyds.jkb","1","4","1610678663","5","3","0","0","230","23595","25595","20","0","13","c407c7c46","1791245365","0"
"2","bot_learned_evidence","1918","636","bot:/botfiles/easyds.jkb","1","4","1812005078","9","5","0","0","247","25905","27905","0","0","13","c407c7c46","1791245365","0"
"2","bot_learned_evidence","1919","636","bot:/botfiles/easyds.jkb","1","4","1744912730","1","5","0","0","280","30657","32657","0","0","13","c407c7c46","1791245365","1"
"2","bot_learned_evidence","1920","636","bot:/botfiles/easyds.jkb","1","4","2015428767","9","7","7","0","291","32241","34241","40","0","13","c407c7c46","1791245365","2"
"2","bot_learned_evidence","1921","636","bot:/botfiles/easyds.jkb","1","4","1744912859","5","3","0","0","335","33759","35759","20","0","13","c407c7c46","1791245365","1"
"2","bot_learned_evidence","1922","636","bot:/botfiles/easyds.jkb","1","4","1677787611","1","5","0","0","347","34815","36815","20","0","13","c407c7c46","1791245365","0"
"2","bot_learned_evidence","1923","636","bot:/botfiles/easyds.jkb","1","4","1812005198","3","5","0","0","391","38709","40709","-20","0","13","c407c7c46","1791245365","0"
"2","bot_learned_evidence","1924","636","bot:/botfiles/easyds.jkb","1","4","1812004878","3","5","0","0","421","41943","43943","-20","0","13","c407c7c46","1791245365","0"
"2","bot_learned_evidence","1925","636","bot:/botfiles/easyds.jkb","1","4","1812005229","9","5","0","0","427","43527","45527","40","0","13","c407c7c46","1791245365","0"
"2","bot_learned_evidence","1926","636","bot:/botfiles/easyds.jkb","1","4","1610694686","1","7","0","0","442","44550","46550","60","0","13","c407c7c46","1791245365","1"
"2","bot_learned_evidence","1927","636","bot:/botfiles/easyds.jkb","1","4","1744912490","9","5","0","0","462","45441","47441","0","0","13","c407c7c46","1791245365","1"
"2","bot_learned_evidence","1928","636","bot:/botfiles/easyds.jkb","1","4","1744912651","9","3","0","0","471","46101","48101","0","0","13","c407c7c46","1791245365","1"
"2","bot_learned_evidence","1929","636","bot:/botfiles/easyds.jkb","1","4","1812005158","9","5","0","0","488","47883","49883","0","0","13","c407c7c46","1791245365","0"
"2","bot_learned_evidence","1930","636","bot:/botfiles/easyds.jkb","1","4","1812006455","1","6","0","0","505","50919","52919","-10","0","13","c407c7c46","1791245365","0"
"2","bot_learned_evidence","1931","636","bot:/botfiles/easyds.jkb","1","4","1879114039","1","3","0","0","522","52437","54437","-10","0","13","c407c7c46","1791245365","2"
"2","bot_learned_evidence","1932","636","bot:/botfiles/easyds.jkb","1","4","1812005174","9","5","0","0","533","53427","55427","20","0","13","c407c7c46","1791245365","0"
"2","bot_learned_evidence","1933","636","bot:/botfiles/easyds.jkb","1","4","1610694950","1","3","0","0","547","54681","56681","41","0","13","c407c7c46","1791245365","1"
"2","bot_learned_evidence","1934","636","bot:/botfiles/easyds.jkb","1","4","1677787490","3","4","0","0","559","55737","57737","23","0","13","c407c7c46","1791245365","0"
"2","bot_learned_evidence","1935","636","bot:/botfiles/easyds.jkb","1","4","1812005266","3","6","0","0","584","57420","59420","0","0","13","c407c7c46","1791245365","0"
"2","bot_learned_evidence","1936","636","bot:/botfiles/easyds.jkb","1","4","1879114134","5","6","0","0","617","59499","61499","20","0","13","c407c7c46","1791245365","2"
"2","bot_learned_evidence","1937","636","bot:/botfiles/easyds.jkb","1","4","2013331530","9","7","3","0","648","60489","62489","20","0","13","c407c7c46","1791245365","2"
"2","bot_learned_evidence","1938","636","bot:/botfiles/easyds.jkb","1","4","1686176214","1","6","0","0","674","62271","64271","0","0","13","c407c7c46","1791245365","0"
"2","bot_learned_evidence","1939","636","bot:/botfiles/easyds.jkb","1","4","1677787626","5","7","0","0","716","65241","67241","30","0","13","c407c7c46","1791245365","0"
"2","bot_learned_evidence","1940","636","bot:/botfiles/easyds.jkb","1","4","1879130586","1","6","0","0","734","66429","68429","9","0","13","c407c7c46","1791245365","3"
"2","bot_learned_evidence","1941","636","bot:/botfiles/easyds.jkb","1","4","1610695110","5","3","0","0","748","66891","68891","-21","0","13","c407c7c46","1791245365","1"
"2","bot_learned_evidence","1942","636","bot:/botfiles/easyds.jkb","1","4","1812005257","3","5","0","0","784","69927","71927","-20","0","13","c407c7c46","1791245365","0"
"2","bot_learned_evidence","1943","636","bot:/botfiles/easyds.jkb","1","4","1813053704","3","2","0","0","830","75273","77273","0","0","13","c407c7c46","1791245365","0"
"2","bot_learned_evidence","1944","637","bot:/botfiles/mediumds.jkb","1","2","1678836223","7","6","0","0","26","5643","7643","23","1","13","c407c7c46","1791245391","0"
"2","bot_learned_evidence","1945","637","bot:/botfiles/mediumds.jkb","1","2","1678835871","3","4","0","0","40","6204","8204","22","1","13","c407c7c46","1791245391","0"
"2","bot_learned_evidence","1946","637","user:void","0","0","1610701055","1","7","10","0","2","2277","4277","14","0","13","c407c7c46","1791245391","1"
"2","bot_learned_evidence","1947","637","user:void","0","0","1611727343","1","4","0","0","18","3531","5531","7","0","13","c407c7c46","1791245391","0"
"2","bot_learned_evidence","1948","637","user:void","0","0","1753301503","1","7","0","0","41","5412","7412","-23","0","13","c407c7c46","1791245391","1"
"2","bot_learned_evidence","1949","637","user:void","0","0","1753301503","6","6","3","0","55","6072","8072","-22","0","13","c407c7c46","1791245391","1"
"2","bot_learned_evidence","1950","637","user:void","0","0","1677787519","1","3","10","0","78","7722","9722","-31","0","13","c407c7c46","1791245391","0"
"2","bot_learned_evidence","1951","638","user:void","0","0","2013354239","1","7","7","7","2","2673","4673","30","1","13","c407c7c46","1791245432","3"
"2","bot_learned_evidence","1952","638","user:void","0","0","1686176239","1","6","3","0","62","4917","6917","11","1","13","c407c7c46","1791245432","0"
"2","bot_learned_evidence","1953","638","user:void","0","0","1744914927","1","7","0","0","86","6138","8138","10","1","13","c407c7c46","1791245432","1"
"2","bot_learned_evidence","1954","638","user:void","0","0","1744914655","5","7","5","0","100","6435","8435","10","1","13","c407c7c46","1791245432","1"
"2","bot_learned_evidence","1955","638","user:void","0","0","1677789519","6","9","0","0","125","7788","9788","-20","1","13","c407c7c46","1791245432","0"
"2","bot_learned_evidence","1956","638","user:void","0","0","1812009327","1","5","7","9","132","8943","10943","0","1","13","c407c7c46","1791245432","0"
"2","bot_learned_evidence","1957","638","user:void","0","0","1610694779","1","5","9","3","170","12474","14474","20","1","13","c407c7c46","1791245432","1"
"2","bot_learned_evidence","1958","638","user:void","0","0","1812005211","1","7","7","9","193","14619","16619","-20","1","13","c407c7c46","1791245432","0"
"2","bot_learned_evidence","1959","638","user:void","0","0","1744916511","5","3","9","3","246","17358","19358","21","1","13","c407c7c46","1791245432","1"
"2","bot_learned_evidence","1960","638","user:void","0","0","1812009307","1","5","3","9","255","18249","20249","0","1","13","c407c7c46","1791245432","0"
"2","bot_learned_evidence","1961","638","user:void","0","0","1812008971","5","9","6","9","272","20031","22031","20","1","13","c407c7c46","1791245432","0"
"2","bot_learned_evidence","1962","638","user:void","0","0","1812005099","5","9","0","0","307","24585","26585","80","1","13","c407c7c46","1791245432","0"
"2","bot_learned_evidence","1963","638","user:void","0","0","1812005135","1","7","7","9","325","25608","27608","60","1","13","c407c7c46","1791245432","0"
"2","bot_learned_evidence","1964","638","user:void","0","0","1610695127","1","6","6","3","372","27324","29324","19","1","13","c407c7c46","1791245432","1"
"2","bot_learned_evidence","1965","638","user:void","0","0","1812005063","1","6","0","0","415","29997","31997","20","1","13","c407c7c46","1791245432","0"
"2","bot_learned_evidence","1966","638","user:void","0","0","1677787335","1","9","0","0","444","31779","33779","70","1","13","c407c7c46","1791245432","0"
"2","bot_learned_evidence","1967","638","user:void","0","0","1812005319","5","6","0","0","458","32571","34571","50","1","13","c407c7c46","1791245432","0"
"2","bot_learned_evidence","1968","638","user:void","0","0","1677787587","3","6","9","0","492","34452","34815","11","1","13","c407c7c46","1791245432","0"
"2","bot_learned_evidence","1969","638","bot:/botfiles/mediumds.jkb","1","2","1677795519","7","5","0","0","32","6270","8270","-10","0","13","c407c7c46","1791245432","0"
"2","bot_learned_evidence","1970","638","bot:/botfiles/mediumds.jkb","1","2","1677795615","5","6","0","0","53","7491","9491","20","0","13","c407c7c46","1791245432","0"
"2","bot_learned_evidence","1971","638","bot:/botfiles/mediumds.jkb","1","2","1744921935","9","3","0","0","68","8184","10184","20","0","13","c407c7c46","1791245432","1"
"2","bot_learned_evidence","1972","638","bot:/botfiles/mediumds.jkb","1","2","1814102174","3","5","0","0","111","13596","15596","20","0","13","c407c7c46","1791245432","0"
"2","bot_learned_evidence","1973","638","bot:/botfiles/mediumds.jkb","1","2","2013332878","5","6","3","5","141","16434","18434","9","0","13","c407c7c46","1791245432","2"
"2","bot_learned_evidence","1974","638","bot:/botfiles/mediumds.jkb","1","2","1812005966","3","9","0","0","164","17523","19523","0","0","13","c407c7c46","1791245432","0"
"2","bot_learned_evidence","1975","638","bot:/botfiles/mediumds.jkb","1","2","1812005918","9","5","0","0","182","19602","21602","-20","0","13","c407c7c46","1791245432","0"
"2","bot_learned_evidence","1976","638","bot:/botfiles/mediumds.jkb","1","2","1812006190","9","5","0","0","197","21450","23450","20","0","13","c407c7c46","1791245432","0"
"2","bot_learned_evidence","1977","638","bot:/botfiles/mediumds.jkb","1","2","1686177150","1","7","5","0","216","23628","25628","-20","0","13","c407c7c46","1791245432","0"
"2","bot_learned_evidence","1978","638","bot:/botfiles/mediumds.jkb","1","2","1812005181","3","5","0","0","279","28644","30644","20","0","13","c407c7c46","1791245432","0"
"2","bot_learned_evidence","1979","638","bot:/botfiles/mediumds.jkb","1","2","1814102397","9","5","0","0","301","32406","34406","-50","0","13","c407c7c46","1791245432","0"
"2","bot_learned_evidence","1980","638","bot:/botfiles/mediumds.jkb","1","2","1677787196","1","7","3","0","322","33462","34815","-31","0","13","c407c7c46","1791245432","0"
"2","bot_learned_evidence","1981","639","user:void","0","0","1881237695","1","3","0","0","6","2805","4805","20","1","13","c407c7c46","1791245474","3"
"2","bot_learned_evidence","1982","639","user:void","0","0","1812007279","5","7","7","0","23","3861","5861","20","1","13","c407c7c46","1791245474","0"
"2","bot_learned_evidence","1983","639","user:void","0","0","1610701167","6","7","7","0","38","4455","6455","20","1","13","c407c7c46","1791245474","1"
"2","bot_learned_evidence","1984","639","user:void","0","0","1694572671","7","9","0","0","60","5313","7313","20","1","13","c407c7c46","1791245474","0"
"2","bot_learned_evidence","1985","639","user:void","0","0","1686184383","1","5","0","0","77","6105","8105","0","1","13","c407c7c46","1791245474","0"
"2","bot_learned_evidence","1986","639","user:void","0","0","1812013183","1","7","0","0","92","7326","9326","0","1","13","c407c7c46","1791245474","0"
"2","bot_learned_evidence","1987","639","user:void","0","0","1879140479","5","7","9","7","102","7656","9656","0","1","13","c407c7c46","1791245474","3"
"2","bot_learned_evidence","1988","639","user:void","0","0","2013356287","1","7","7","0","153","11418","13418","-74","1","13","c407c7c46","1791245474","3"
"2","bot_learned_evidence","1989","639","user:void","0","0","1812005375","6","9","0","0","172","12243","14243","-54","1","13","c407c7c46","1791245474","0"
"2","bot_learned_evidence","1990","639","user:void","0","0","1679892607","4","5","10","0","182","12738","14738","-43","1","13","c407c7c46","1791245474","0"
"2","bot_learned_evidence","1991","639","user:void","0","0","1679892543","1","3","5","7","199","14322","16322","-21","1","13","c407c7c46","1791245474","0"
"2","bot_learned_evidence","1992","639","user:void","0","0","1677795659","5","9","8","0","289","19767","21767","-20","1","13","c407c7c46","1791245474","0"
"2","bot_learned_evidence","1993","639","user:void","0","0","1610682970","6","5","0","0","312","21351","23351","20","1","13","c407c7c46","1791245474","0"
"2","bot_learned_evidence","1994","639","user:void","0","0","1610702859","3","3","0","0","323","22077","24077","70","1","13","c407c7c46","1791245474","1"
"2","bot_learned_evidence","1995","639","user:void","0","0","1812013131","1","6","9","0","335","23628","25628","50","1","13","c407c7c46","1791245474","0"
"2","bot_learned_evidence","1996","639","user:void","0","0","1686184327","1","6","0","0","360","24948","26948","10","1","13","c407c7c46","1791245474","0"
"2","bot_learned_evidence","1997","639","user:void","0","0","1677787523","5","9","0","0","389","26136","28136","10","1","13","c407c7c46","1791245474","0"
"2","bot_learned_evidence","1998","639","user:void","0","0","1814110594","1","6","0","0","403","27060","29060","30","1","13","c407c7c46","1791245474","0"
"2","bot_learned_evidence","1999","639","user:void","0","0","1812013698","1","9","0","0","433","28248","30248","0","1","13","c407c7c46","1791245474","0"
"2","bot_learned_evidence","2000","639","user:void","0","0","1677795970","3","2","0","0","437","28908","30908","0","1","13","c407c7c46","1791245474","0"
"2","bot_learned_evidence","2001","639","user:void","0","0","2013340354","5","2","9","6","440","29469","31469","0","1","13","c407c7c46","1791245474","2"
"2","bot_learned_evidence","2002","639","user:void","0","0","1686184386","1","6","6","0","485","33990","35990","-20","1","13","c407c7c46","1791245474","0"
"2","bot_learned_evidence","2003","639","bot:/botfiles/hardds.jkb","1","3","1610689007","1","4","0","0","5","1980","3980","-17","0","13","c407c7c46","1791245474","0"
"2","bot_learned_evidence","2004","639","bot:/botfiles/hardds.jkb","1","3","1812277487","3","9","5","0","17","2838","4838","-20","0","13","c407c7c46","1791245474","0"
"2","bot_learned_evidence","2005","639","bot:/botfiles/hardds.jkb","1","3","1879139743","7","6","0","0","34","4257","6257","-20","0","13","c407c7c46","1791245474","3"
"2","bot_learned_evidence","2006","639","bot:/botfiles/hardds.jkb","1","3","1912670431","7","7","0","0","58","5280","7280","-20","0","13","c407c7c46","1791245474","2"
"2","bot_learned_evidence","2007","639","bot:/botfiles/hardds.jkb","1","3","1846610143","9","9","10","0","63","5346","7346","0","0","13","c407c7c46","1791245474","0"
"2","bot_learned_evidence","2008","639","bot:/botfiles/hardds.jkb","1","3","1879124191","7","5","0","0","81","7590","9590","0","0","13","c407c7c46","1791245474","2"
"2","bot_learned_evidence","2009","639","bot:/botfiles/hardds.jkb","1","3","1677789695","7","6","0","0","116","12210","14210","54","0","13","c407c7c46","1791245474","0"
"2","bot_learned_evidence","2010","639","bot:/botfiles/hardds.jkb","1","3","1845559775","9","4","0","0","123","12276","14276","54","0","13","c407c7c46","1791245474","0"
"2","bot_learned_evidence","2011","639","bot:/botfiles/hardds.jkb","1","3","1677789550","6","5","0","0","212","19536","21536","20","0","13","c407c7c46","1791245474","0"
"2","bot_learned_evidence","2012","639","bot:/botfiles/hardds.jkb","1","3","1677789546","1","6","0","0","230","21054","23054","-20","0","13","c407c7c46","1791245474","0"
"2","bot_learned_evidence","2013","639","bot:/botfiles/hardds.jkb","1","3","1879115338","5","3","0","0","242","21384","23384","-20","0","13","c407c7c46","1791245474","2"
"2","bot_learned_evidence","2014","639","bot:/botfiles/hardds.jkb","1","3","1812006926","3","5","0","0","261","22440","24440","-50","0","13","c407c7c46","1791245474","0"
"2","bot_learned_evidence","2015","639","bot:/botfiles/hardds.jkb","1","3","1677789757","6","5","0","0","282","25575","27575","-10","0","13","c407c7c46","1791245474","0"
"2","bot_learned_evidence","2016","639","bot:/botfiles/hardds.jkb","1","3","2013333804","9","3","0","0","291","26268","28268","-10","0","13","c407c7c46","1791245474","2"
"2","bot_learned_evidence","2017","639","bot:/botfiles/hardds.jkb","1","3","1677789496","6","5","0","0","303","27456","29456","-30","0","13","c407c7c46","1791245474","0"
"2","bot_learned_evidence","2018","639","bot:/botfiles/hardds.jkb","1","3","2013334056","9","3","0","0","314","28710","30710","0","0","13","c407c7c46","1791245474","2"
"2","bot_learned_evidence","2019","639","bot:/botfiles/hardds.jkb","1","3","1677789752","2","5","0","0","318","29436","31436","0","0","13","c407c7c46","1791245474","0"
"2","bot_learned_evidence","2020","639","bot:/botfiles/hardds.jkb","1","3","1812006968","6","5","10","0","336","32538","34538","-21","0","13","c407c7c46","1791245474","0"
"2","bot_learned_evidence","2021","639","bot:/botfiles/hardds.jkb","1","3","1610697016","6","5","0","0","354","35178","36003","-7","0","13","c407c7c46","1791245474","1"
"2","bot_learned_evidence","2022","640","iphash:98ad8e03","0","0","1812009407","1","5","9","0","12","5016","7016","-20","1","13","306d64e7f","1791245725","0"
"2","bot_learned_evidence","2023","640","iphash:98ad8e03","0","0","1879117951","1","5","9","0","41","10197","12197","-20","1","13","306d64e7f","1791245725","2"
"2","bot_learned_evidence","2024","640","iphash:98ad8e03","0","0","1744916607","1","7","9","5","51","11781","13781","-20","1","13","306d64e7f","1791245725","1"
"2","bot_learned_evidence","2025","640","iphash:98ad8e03","0","0","1610694783","1","7","9","5","80","13662","15662","0","1","13","306d64e7f","1791245725","1"
"2","bot_learned_evidence","2026","640","iphash:98ad8e03","0","0","1879117935","1","5","7","10","128","17127","19127","10","1","13","306d64e7f","1791245725","2"
"2","bot_learned_evidence","2027","640","iphash:98ad8e03","0","0","1879130303","1","5","9","0","167","23067","25067","-20","1","13","306d64e7f","1791245725","3"
"2","bot_learned_evidence","2028","640","iphash:98ad8e03","0","0","1812005247","1","9","5","0","184","24420","26420","0","1","13","306d64e7f","1791245725","0"
"2","bot_learned_evidence","2029","640","iphash:98ad8e03","0","0","1677787519","1","9","0","0","193","26268","28268","-18","1","13","306d64e7f","1791245725","0"
"2","bot_learned_evidence","2030","640","iphash:98ad8e03","0","0","1745949039","6","4","0","0","207","27654","29654","4","1","13","306d64e7f","1791245725","0"
"2","bot_learned_evidence","2031","640","iphash:98ad8e03","0","0","1619071167","10","5","0","0","218","28941","30941","20","1","13","306d64e7f","1791245725","0"
"2","bot_learned_evidence","2032","640","iphash:98ad8e03","0","0","1744912671","1","3","9","3","232","30063","32063","40","1","13","306d64e7f","1791245725","1"
"2","bot_learned_evidence","2033","640","iphash:98ad8e03","0","0","1812005147","5","6","3","9","243","31086","33086","20","1","13","306d64e7f","1791245725","0"
"2","bot_learned_evidence","2034","640","iphash:98ad8e03","0","0","1812005195","5","7","7","0","274","32604","34604","20","1","13","306d64e7f","1791245725","0"
"2","bot_learned_evidence","2035","640","iphash:98ad8e03","0","0","1694566479","7","9","6","0","296","33462","35462","50","1","13","306d64e7f","1791245725","0"
"2","bot_learned_evidence","2036","640","iphash:98ad8e03","0","0","1686176139","1","6","0","0","316","34287","36287","30","1","13","306d64e7f","1791245725","0"
"2","bot_learned_evidence","2037","640","iphash:98ad8e03","0","0","1812005575","1","9","0","0","346","35376","37376","20","1","13","306d64e7f","1791245725","0"
"2","bot_learned_evidence","2038","640","iphash:98ad8e03","0","0","1820393607","3","9","6","0","358","36531","38531","30","1","13","306d64e7f","1791245725","0"
"2","bot_learned_evidence","2039","640","iphash:98ad8e03","0","0","1686176199","1","6","0","0","361","37290","39290","30","1","13","306d64e7f","1791245725","0"
"2","bot_learned_evidence","2040","640","iphash:98ad8e03","0","0","1744914823","3","8","0","0","400","39303","41303","-19","1","13","306d64e7f","1791245725","1"
"2","bot_learned_evidence","2041","640","iphash:98ad8e03","0","0","1812005319","1","6","0","0","418","40524","42524","31","1","13","306d64e7f","1791245725","0"
"2","bot_learned_evidence","2042","640","iphash:98ad8e03","0","0","1812005059","3","6","0","0","454","42438","44438","-19","1","13","306d64e7f","1791245725","0"
"2","bot_learned_evidence","2043","640","iphash:98ad8e03","0","0","1744912835","2","6","0","0","494","44583","44979","27","1","13","306d64e7f","1791245725","1"
"2","bot_learned_evidence","2044","640","bot:/botfiles/easyds.jkb","1","2","1744922095","1","3","6","3","7","2607","4607","30","0","13","306d64e7f","1791245725","1"
"2","bot_learned_evidence","2045","640","bot:/botfiles/easyds.jkb","1","2","1744912783","9","3","0","0","63","5841","7841","21","0","13","306d64e7f","1791245725","1"
"2","bot_learned_evidence","2046","640","bot:/botfiles/easyds.jkb","1","2","1686177247","1","6","3","6","76","7227","9227","21","0","13","306d64e7f","1791245725","0"
"2","bot_learned_evidence","2047","640","bot:/botfiles/easyds.jkb","1","2","1744913871","9","3","0","0","130","11055","13055","20","0","13","306d64e7f","1791245725","1"
"2","bot_learned_evidence","2048","640","bot:/botfiles/easyds.jkb","1","2","1610696047","1","6","3","0","169","16269","18269","-30","0","13","306d64e7f","1791245725","1"
"2","bot_learned_evidence","2049","640","bot:/botfiles/easyds.jkb","1","2","1686177247","1","6","0","0","205","19074","21074","19","0","13","306d64e7f","1791245725","0"
"2","bot_learned_evidence","2050","640","bot:/botfiles/easyds.jkb","1","2","1887502815","1","3","0","0","221","20097","22097","19","0","13","306d64e7f","1791245725","2"
"2","bot_learned_evidence","2051","640","bot:/botfiles/easyds.jkb","1","2","1686177263","1","6","3","0","233","21516","23516","0","0","13","306d64e7f","1791245725","0"
"2","bot_learned_evidence","2052","640","bot:/botfiles/easyds.jkb","1","2","1744912799","9","3","0","0","262","23661","25661","20","0","13","306d64e7f","1791245725","1"
"2","bot_learned_evidence","2053","640","bot:/botfiles/easyds.jkb","1","2","1812005343","5","6","0","0","274","25212","27212","20","0","13","306d64e7f","1791245725","0"
"2","bot_learned_evidence","2054","640","bot:/botfiles/easyds.jkb","1","2","1744912847","9","3","6","0","294","26301","28301","16","0","13","306d64e7f","1791245725","1"
"2","bot_learned_evidence","2055","640","bot:/botfiles/easyds.jkb","1","2","1686177247","1","6","0","0","305","27291","29291","-4","0","13","306d64e7f","1791245725","0"
"2","bot_learned_evidence","2056","640","bot:/botfiles/easyds.jkb","1","2","1686176927","4","3","10","0","321","28215","30215","-2","0","13","306d64e7f","1791245725","0"
"2","bot_learned_evidence","2057","640","bot:/botfiles/easyds.jkb","1","2","2015428942","3","5","0","0","349","30855","32855","-20","0","13","306d64e7f","1791245725","2"
"2","bot_learned_evidence","2058","640","bot:/botfiles/easyds.jkb","1","2","1812005166","1","5","0","0","363","32439","34439","-20","0","13","306d64e7f","1791245725","0"
"2","bot_learned_evidence","2059","640","bot:/botfiles/easyds.jkb","1","2","2046910495","9","7","10","0","378","33462","35462","-50","0","13","306d64e7f","1791245725","3"
"2","bot_learned_evidence","2060","640","bot:/botfiles/easyds.jkb","1","2","1812005438","9","5","3","0","395","35475","37475","-20","0","13","306d64e7f","1791245725","0"
"2","bot_learned_evidence","2061","640","bot:/botfiles/easyds.jkb","1","2","1812005437","1","5","3","0","418","38445","40445","20","0","13","306d64e7f","1791245725","0"
"2","bot_learned_evidence","2062","640","bot:/botfiles/easyds.jkb","1","2","1812005181","6","5","3","0","438","41184","43184","-30","0","13","306d64e7f","1791245725","0"
"2","bot_learned_evidence","2063","640","bot:/botfiles/easyds.jkb","1","2","1812004924","6","2","2","0","448","43065","44979","-8","0","13","306d64e7f","1791245725","0"
"2","bot_learned_evidence","2064","640","bot:/botfiles/easyds.jkb","1","2","1677787452","6","5","0","0","464","44979","44979","-27","0","13","306d64e7f","1791245725","0"
"2","bot_learned_evidence","2065","641","bot:/botfiles/easyds.jkb","1","2","1744921087","9","3","0","0","7","3036","5036","0","1","13","306d64e7f","1791245836","1"
"2","bot_learned_evidence","2066","641","bot:/botfiles/easyds.jkb","1","2","1677795839","2","6","0","0","14","3762","5762","0","1","13","306d64e7f","1791245836","0"
"2","bot_learned_evidence","2067","641","bot:/botfiles/easyds.jkb","1","2","1744922351","9","3","0","0","37","4752","6752","0","1","13","306d64e7f","1791245836","1"
"2","bot_learned_evidence","2068","641","bot:/botfiles/easyds.jkb","1","2","1879123695","2","6","0","0","43","5478","7478","0","1","13","306d64e7f","1791245836","2"
"2","bot_learned_evidence","2069","641","bot:/botfiles/easyds.jkb","1","2","1744921343","1","3","6","0","92","11880","13880","0","1","13","306d64e7f","1791245836","1"
"2","bot_learned_evidence","2070","641","bot:/botfiles/easyds.jkb","1","2","1610694911","1","7","0","0","131","17358","19358","0","1","13","306d64e7f","1791245836","1"
"2","bot_learned_evidence","2071","641","bot:/botfiles/easyds.jkb","1","2","1610694911","1","7","0","0","144","18447","20447","0","1","13","306d64e7f","1791245836","1"
"2","bot_learned_evidence","2072","641","bot:/botfiles/easyds.jkb","1","2","1610694911","1","7","0","0","162","19602","21602","0","1","13","306d64e7f","1791245836","1"
"2","bot_learned_evidence","2073","641","bot:/botfiles/easyds.jkb","1","2","1610694911","1","7","0","0","179","20757","22757","0","1","13","306d64e7f","1791245836","1"
"2","bot_learned_evidence","2074","641","bot:/botfiles/easyds.jkb","1","2","1879130623","1","7","7","0","197","22077","24077","0","1","13","306d64e7f","1791245836","3"
"2","bot_learned_evidence","2075","641","bot:/botfiles/easyds.jkb","1","2","1610694911","1","7","0","0","226","23892","25892","50","1","13","306d64e7f","1791245836","1"
"2","bot_learned_evidence","2076","641","bot:/botfiles/easyds.jkb","1","2","1818296831","9","6","0","0","255","25080","27080","30","1","13","306d64e7f","1791245836","0"
"2","bot_learned_evidence","2077","641","bot:/botfiles/easyds.jkb","1","2","1744913887","5","3","0","0","268","25344","27344","30","1","13","306d64e7f","1791245836","1"
"2","bot_learned_evidence","2078","641","bot:/botfiles/easyds.jkb","1","2","1744913151","9","3","6","0","298","33858","35858","0","1","13","306d64e7f","1791245836","1"
"2","bot_learned_evidence","2079","641","bot:/botfiles/easyds.jkb","1","2","1744912879","9","3","0","0","324","35838","37838","72","1","13","306d64e7f","1791245836","1"
"2","bot_learned_evidence","2080","641","bot:/botfiles/easyds.jkb","1","2","1677787583","3","6","4","0","333","37092","39092","54","1","13","306d64e7f","1791245836","0"
"2","bot_learned_evidence","2081","641","bot:/botfiles/easyds.jkb","1","2","1610694815","1","7","0","0","400","41415","43415","-20","1","13","306d64e7f","1791245836","1"
"2","bot_learned_evidence","2082","641","bot:/botfiles/easyds.jkb","1","2","1812005215","9","5","0","0","418","42372","44372","0","1","13","306d64e7f","1791245836","0"
"2","bot_learned_evidence","2083","641","bot:/botfiles/easyds.jkb","1","2","1677787487","5","5","0","0","446","45606","47606","0","1","13","306d64e7f","1791245836","0"
"2","bot_learned_evidence","2084","641","bot:/botfiles/easyds.jkb","1","2","2013331807","9","3","0","0","457","47190","49190","0","1","13","306d64e7f","1791245836","2"
"2","bot_learned_evidence","2085","641","bot:/botfiles/easyds.jkb","1","2","1677787403","3","5","0","0","467","48180","50180","-10","1","13","306d64e7f","1791245836","0"
"2","bot_learned_evidence","2086","641","bot:/botfiles/easyds.jkb","1","2","1677788443","1","6","0","0","476","49401","51401","10","1","13","306d64e7f","1791245836","0"
"2","bot_learned_evidence","2087","641","bot:/botfiles/easyds.jkb","1","2","1744896347","9","5","0","0","501","50490","52490","20","1","13","306d64e7f","1791245836","0"
"2","bot_learned_evidence","2088","641","bot:/botfiles/easyds.jkb","1","2","1677787431","5","5","0","0","519","52536","54536","-20","1","13","306d64e7f","1791245836","0"
"2","bot_learned_evidence","2089","641","bot:/botfiles/easyds.jkb","1","2","2013331735","9","3","0","0","538","54384","56384","20","1","13","306d64e7f","1791245836","2"
"2","bot_learned_evidence","2090","641","bot:/botfiles/easyds.jkb","1","2","1812005431","9","5","0","0","551","56232","58232","0","1","13","306d64e7f","1791245836","0"
"2","bot_learned_evidence","2091","641","bot:/botfiles/easyds.jkb","1","2","1744912983","9","3","0","0","570","58344","60344","-29","1","13","306d64e7f","1791245836","1"
"2","bot_learned_evidence","2092","641","bot:/botfiles/easyds.jkb","1","2","1677788439","3","6","0","0","576","59070","61070","-29","1","13","306d64e7f","1791245836","0"
"2","bot_learned_evidence","2093","641","bot:/botfiles/easyds.jkb","1","2","1812006311","5","5","0","0","603","60588","62588","0","1","13","306d64e7f","1791245836","0"
"2","bot_learned_evidence","2094","641","bot:/botfiles/easyds.jkb","1","2","1812006151","9","6","0","0","618","61908","63908","0","1","13","306d64e7f","1791245836","0"
"2","bot_learned_evidence","2095","641","bot:/botfiles/easyds.jkb","1","2","1744912903","6","5","0","0","633","62436","64436","-30","1","13","306d64e7f","1791245836","1"
"2","bot_learned_evidence","2096","641","bot:/botfiles/easyds.jkb","1","2","1610695207","1","5","3","0","636","64020","66020","-10","1","13","306d64e7f","1791245836","1"
"2","bot_learned_evidence","2097","641","bot:/botfiles/easyds.jkb","1","2","1677787510","6","5","6","0","692","69300","71300","0","1","13","306d64e7f","1791245836","0"
"2","bot_learned_evidence","2098","641","bot:/botfiles/easyds.jkb","1","2","1812005302","1","5","0","0","722","72006","74006","-30","1","13","306d64e7f","1791245836","0"
"2","bot_learned_evidence","2099","641","bot:/botfiles/easyds.jkb","1","2","1812005157","6","7","0","0","744","74019","76019","-20","1","13","306d64e7f","1791245836","0"
"2","bot_learned_evidence","2100","641","bot:/botfiles/easyds.jkb","1","2","2013331765","9","3","5","0","762","75174","77174","-20","1","13","306d64e7f","1791245836","2"
"2","bot_learned_evidence","2101","641","bot:/botfiles/easyds.jkb","1","2","1610694929","6","3","5","0","786","77682","79682","-20","1","13","306d64e7f","1791245836","1"
"2","bot_learned_evidence","2102","641","bot:/botfiles/easyds.jkb","1","2","1812005153","1","5","0","0","805","80190","82190","-10","1","13","306d64e7f","1791245836","0"
"2","bot_learned_evidence","2103","641","bot:/botfiles/easyds.jkb","1","2","1677787169","6","7","0","0","829","82302","84117","-8","1","13","306d64e7f","1791245836","0"
"2","bot_learned_evidence","2104","641","bot:/botfiles/easyds.jkb","1","2","1812005168","9","5","0","0","843","83094","84117","12","1","13","306d64e7f","1791245836","0"
"2","bot_learned_evidence","2105","641","iphash:98ad8e03","0","0","1744902655","1","2","9","0","1","1749","3749","0","0","13","306d64e7f","1791245836","0"
"2","bot_learned_evidence","2106","641","iphash:98ad8e03","0","0","1812007423","3","2","0","0","4","3135","5135","0","0","13","306d64e7f","1791245836","0"
"2","bot_learned_evidence","2107","641","iphash:98ad8e03","0","0","1812007679","1","9","0","0","10","4488","6488","0","0","13","306d64e7f","1791245836","0"
"2","bot_learned_evidence","2108","641","iphash:98ad8e03","0","0","1812011711","3","2","0","0","11","5082","7082","0","0","13","306d64e7f","1791245836","0"
"2","bot_learned_evidence","2109","641","iphash:98ad8e03","0","0","1677793983","6","9","0","0","14","5874","7874","0","0","13","306d64e7f","1791245836","0"
"2","bot_learned_evidence","2110","641","iphash:98ad8e03","0","0","1677794047","1","9","0","0","16","7887","9887","0","0","13","306d64e7f","1791245836","0"
"2","bot_learned_evidence","2111","641","iphash:98ad8e03","0","0","1677794047","1","9","9","9","18","9174","11174","0","0","13","306d64e7f","1791245836","0"
"2","bot_learned_evidence","2112","641","iphash:98ad8e03","0","0","1610697215","1","7","7","9","32","13596","15596","0","0","13","306d64e7f","1791245836","1"
"2","bot_learned_evidence","2113","641","iphash:98ad8e03","0","0","1879130367","1","7","0","0","59","15972","17972","0","0","13","306d64e7f","1791245836","3"
"2","bot_learned_evidence","2114","641","iphash:98ad8e03","0","0","1846346239","1","9","0","0","93","24915","26915","-30","0","13","306d64e7f","1791245836","0"
"2","bot_learned_evidence","2115","641","iphash:98ad8e03","0","0","1812005375","6","5","0","0","95","25146","27146","-30","0","13","306d64e7f","1791245836","0"
"2","bot_learned_evidence","2116","641","iphash:98ad8e03","0","0","1812009327","3","2","9","0","98","25674","27674","-30","0","13","306d64e7f","1791245836","0"
"2","bot_learned_evidence","2117","641","iphash:98ad8e03","0","0","1677789951","1","9","0","0","105","27720","29720","0","0","13","306d64e7f","1791245836","0"
"2","bot_learned_evidence","2118","641","iphash:98ad8e03","0","0","1677789951","1","9","0","0","107","28743","30743","0","0","13","306d64e7f","1791245836","0"
"2","bot_learned_evidence","2119","641","iphash:98ad8e03","0","0","1677787903","1","9","0","0","109","31053","33053","0","0","13","306d64e7f","1791245836","0"
"2","bot_learned_evidence","2120","641","iphash:98ad8e03","0","0","1677787903","1","9","0","0","111","33594","35594","0","0","13","306d64e7f","1791245836","0"
"2","bot_learned_evidence","2121","641","iphash:98ad8e03","0","0","1812005375","1","9","0","0","114","35607","37607","-52","0","13","306d64e7f","1791245836","0"
"2","bot_learned_evidence","2122","641","iphash:98ad8e03","0","0","2013331967","1","6","3","0","121","36861","38861","-54","0","13","306d64e7f","1791245836","2"
"2","bot_learned_evidence","2123","641","iphash:98ad8e03","0","0","1812005230","1","5","3","0","149","37884","39884","-2","0","13","306d64e7f","1791245836","0"
"2","bot_learned_evidence","2124","641","iphash:98ad8e03","0","0","2013348127","1","5","9","0","169","39864","41864","20","0","13","306d64e7f","1791245836","3"
"2","bot_learned_evidence","2125","641","iphash:98ad8e03","0","0","1644249199","7","5","9","0","183","41778","43778","20","0","13","306d64e7f","1791245836","1"
"2","bot_learned_evidence","2126","641","iphash:98ad8e03","0","0","1879130463","1","5","3","0","195","43395","45395","-20","0","13","306d64e7f","1791245836","3"
"2","bot_learned_evidence","2127","641","iphash:98ad8e03","0","0","1812005278","1","5","0","0","206","45375","47375","20","0","13","306d64e7f","1791245836","0"
"2","bot_learned_evidence","2128","641","iphash:98ad8e03","0","0","1812004943","1","9","0","0","216","46497","48497","20","0","13","306d64e7f","1791245836","0"
"2","bot_learned_evidence","2129","641","iphash:98ad8e03","0","0","1677787487","3","5","3","0","222","47289","49289","0","0","13","306d64e7f","1791245836","0"
"2","bot_learned_evidence","2130","641","iphash:98ad8e03","0","0","1812004878","5","9","3","0","233","48246","50246","10","0","13","306d64e7f","1791245836","0"
"2","bot_learned_evidence","2131","641","iphash:98ad8e03","0","0","1744912462","6","3","9","0","242","49797","51797","-30","0","13","306d64e7f","1791245836","1"
"2","bot_learned_evidence","2132","641","iphash:98ad8e03","0","0","1744912718","1","3","0","0","258","51282","53282","-20","0","13","306d64e7f","1791245836","1"
"2","bot_learned_evidence","2133","641","iphash:98ad8e03","0","0","2013331869","1","5","0","0","266","52338","54338","20","0","13","306d64e7f","1791245836","2"
"2","bot_learned_evidence","2134","641","iphash:98ad8e03","0","0","1812004941","1","9","0","0","276","53757","55757","0","0","13","306d64e7f","1791245836","0"
"2","bot_learned_evidence","2135","641","iphash:98ad8e03","0","0","1812004941","3","6","0","0","286","54714","56714","0","0","13","306d64e7f","1791245836","0"
"2","bot_learned_evidence","2136","641","iphash:98ad8e03","0","0","1812005581","1","9","0","0","313","56100","58100","0","0","13","306d64e7f","1791245836","0"
"2","bot_learned_evidence","2137","641","iphash:98ad8e03","0","0","1677787805","1","9","0","0","325","58311","60311","29","0","13","306d64e7f","1791245836","0"
"2","bot_learned_evidence","2138","641","iphash:98ad8e03","0","0","1610695325","3","6","3","0","327","58839","60839","29","0","13","306d64e7f","1791245836","1"
"2","bot_learned_evidence","2139","641","iphash:98ad8e03","0","0","1812009053","1","9","0","0","353","60027","62027","0","0","13","306d64e7f","1791245836","0"
"2","bot_learned_evidence","2140","641","iphash:98ad8e03","0","0","1812009373","5","5","9","0","355","60588","62588","0","0","13","306d64e7f","1791245836","0"
"2","bot_learned_evidence","2141","641","iphash:98ad8e03","0","0","1677791773","6","9","6","0","369","62304","64304","30","0","13","306d64e7f","1791245836","0"
"2","bot_learned_evidence","2142","641","iphash:98ad8e03","0","0","1744912397","3","7","7","7","423","65175","67175","-20","0","13","306d64e7f","1791245836","1"
"2","bot_learned_evidence","2143","641","iphash:98ad8e03","0","0","1812005273","6","9","8","0","510","69696","71696","20","0","13","306d64e7f","1791245836","0"
"2","bot_learned_evidence","2144","641","iphash:98ad8e03","0","0","1812005257","5","6","9","6","550","72402","74402","30","0","13","306d64e7f","1791245836","0"
"2","bot_learned_evidence","2145","641","iphash:98ad8e03","0","0","1845559493","7","9","0","0","596","74514","76514","20","0","13","306d64e7f","1791245836","0"
"2","bot_learned_evidence","2146","641","iphash:98ad8e03","0","0","1610695109","5","7","7","0","613","76065","78065","20","0","13","306d64e7f","1791245836","1"
"2","bot_learned_evidence","2147","641","iphash:98ad8e03","0","0","1610694980","3","6","0","0","653","77682","79682","20","0","13","306d64e7f","1791245836","1"
"2","bot_learned_evidence","2148","641","iphash:98ad8e03","0","0","1812004996","1","9","0","0","675","79464","81464","0","0","13","306d64e7f","1791245836","0"
"2","bot_learned_evidence","2149","641","iphash:98ad8e03","0","0","1812004936","1","9","6","0","690","81048","83048","50","0","13","306d64e7f","1791245836","0"
"2","bot_learned_evidence","2150","641","iphash:98ad8e03","0","0","1845559492","7","9","0","0","712","82731","84117","8","0","13","306d64e7f","1791245836","0"
"2","bot_learned_evidence","2151","642","bot:/botfiles/mediumds.jkb","1","4","1686186495","1","7","0","0","13","3960","5960","21","1","13","306d64e7f","1791247934","0"
"2","bot_learned_evidence","2152","642","bot:/botfiles/mediumds.jkb","1","4","1686185471","1","6","4","0","37","5775","7775","28","1","13","306d64e7f","1791247934","0"
"2","bot_learned_evidence","2153","642","bot:/botfiles/mediumds.jkb","1","4","1612785919","1","3","6","0","70","7788","9788","49","1","13","306d64e7f","1791247934","0"
"2","bot_learned_evidence","2154","642","bot:/botfiles/mediumds.jkb","1","4","1778469111","9","7","0","0","103","9339","11339","-20","1","13","306d64e7f","1791247934","1"
"2","bot_learned_evidence","2155","642","bot:/botfiles/mediumds.jkb","1","4","1610696107","5","6","0","0","128","10296","12296","-20","1","13","306d64e7f","1791247934","1"
"2","bot_learned_evidence","2156","642","bot:/botfiles/mediumds.jkb","1","4","1845559803","9","5","0","0","148","11748","13748","-51","1","13","306d64e7f","1791247934","0"
"2","bot_learned_evidence","2157","642","bot:/botfiles/mediumds.jkb","1","4","1677787643","1","5","0","0","173","14454","16454","-20","1","13","306d64e7f","1791247934","0"
"2","bot_learned_evidence","2158","642","bot:/botfiles/mediumds.jkb","1","4","1677787499","9","6","0","0","198","16863","18863","-5","1","13","306d64e7f","1791247934","0"
"2","bot_learned_evidence","2159","642","bot:/botfiles/mediumds.jkb","1","4","1677787483","6","4","0","0","208","17226","19226","-5","1","13","306d64e7f","1791247934","0"
"2","bot_learned_evidence","2160","642","bot:/botfiles/mediumds.jkb","1","4","2013350283","5","3","0","0","239","19008","21008","0","1","13","306d64e7f","1791247934","3"
"2","bot_learned_evidence","2161","642","bot:/botfiles/mediumds.jkb","1","4","1677789290","6","6","0","0","286","23826","25826","30","1","13","306d64e7f","1791247934","0"
"2","bot_learned_evidence","2162","642","bot:/botfiles/mediumds.jkb","1","4","1812005222","9","7","0","0","304","24321","26321","-20","1","13","306d64e7f","1791247934","0"
"2","bot_learned_evidence","2163","642","bot:/botfiles/mediumds.jkb","1","4","1879131478","6","3","6","0","325","25014","27014","-20","1","13","306d64e7f","1791247934","3"
"2","bot_learned_evidence","2164","642","bot:/botfiles/mediumds.jkb","1","4","1610680373","1","5","0","0","361","28380","30380","21","1","13","306d64e7f","1791247934","0"
"2","bot_learned_evidence","2165","642","bot:/botfiles/mediumds.jkb","1","4","1677789473","6","4","0","0","379","29898","30921","24","1","13","306d64e7f","1791247934","0"
"2","bot_learned_evidence","2166","642","iphash:98ad8e03","0","0","1678846319","4","4","0","0","24","6105","8105","-45","0","13","306d64e7f","1791247934","0"
"2","bot_learned_evidence","2167","642","iphash:98ad8e03","0","0","1744923134","6","7","9","0","51","8943","10943","-30","0","13","306d64e7f","1791247934","1"
"2","bot_learned_evidence","2168","642","iphash:98ad8e03","0","0","1711350014","7","5","0","0","66","9669","11669","20","0","13","306d64e7f","1791247934","0"
"2","bot_learned_evidence","2169","642","iphash:98ad8e03","0","0","1610701230","6","7","7","9","79","10593","12593","71","0","13","306d64e7f","1791247934","1"
"2","bot_learned_evidence","2170","642","iphash:98ad8e03","0","0","1677795758","5","6","3","9","121","12045","14045","51","0","13","306d64e7f","1791247934","0"
"2","bot_learned_evidence","2171","642","iphash:98ad8e03","0","0","1744920830","5","2","6","9","154","14487","16487","20","0","13","306d64e7f","1791247934","1"
"2","bot_learned_evidence","2172","642","iphash:98ad8e03","0","0","1744912798","6","6","0","0","196","17160","19160","5","0","13","306d64e7f","1791247934","1"
"2","bot_learned_evidence","2173","642","iphash:98ad8e03","0","0","1812013085","1","3","0","0","218","18348","20348","0","0","13","306d64e7f","1791247934","0"
"2","bot_learned_evidence","2174","642","iphash:98ad8e03","0","0","1677795694","3","5","0","0","221","19008","21008","0","0","13","306d64e7f","1791247934","0"
"2","bot_learned_evidence","2175","642","iphash:98ad8e03","0","0","2013358110","1","7","0","0","233","20031","22031","20","0","13","306d64e7f","1791247934","3"
"2","bot_learned_evidence","2176","642","iphash:98ad8e03","0","0","1744904558","1","6","5","9","249","21285","23285","50","0","13","306d64e7f","1791247934","0"
"2","bot_learned_evidence","2177","642","iphash:98ad8e03","0","0","1686184362","1","6","3","0","273","22605","24605","0","0","13","306d64e7f","1791247934","0"
"2","bot_learned_evidence","2178","642","iphash:98ad8e03","0","0","1744920794","1","6","0","0","303","23793","25793","-30","0","13","306d64e7f","1791247934","1"
"2","bot_learned_evidence","2179","642","iphash:98ad8e03","0","0","1812005017","6","9","0","0","311","23991","25991","20","0","13","306d64e7f","1791247934","0"
"2","bot_learned_evidence","2180","642","iphash:98ad8e03","0","0","1778450905","7","6","0","0","323","24849","26849","20","0","13","306d64e7f","1791247934","0"
"2","bot_learned_evidence","2181","642","iphash:98ad8e03","0","0","1820401793","1","9","6","3","353","25971","27971","0","0","13","306d64e7f","1791247934","0"
"2","bot_learned_evidence","2182","642","iphash:98ad8e03","0","0","1686184401","1","6","3","0","360","26862","28862","0","0","13","306d64e7f","1791247934","0"
"2","bot_learned_evidence","2183","642","iphash:98ad8e03","0","0","2013340100","1","6","0","0","404","29865","30921","-24","0","13","306d64e7f","1791247934","2"
"2","bot_learned_evidence","2184","643","user:void","0","0","1610705135","1","4","0","0","4","2343","4343","23","1","13","306d64e7f","1791248089","1"
"2","bot_learned_evidence","2185","643","user:void","0","0","1812015871","1","7","0","0","30","4257","6257","20","1","13","306d64e7f","1791248089","0"
"2","bot_learned_evidence","2186","643","user:void","0","0","2013340159","6","6","3","0","46","5313","7313","20","1","13","306d64e7f","1791248089","2"
"2","bot_learned_evidence","2187","643","user:void","0","0","1610699183","3","5","6","3","78","6897","8897","-20","1","13","306d64e7f","1791248089","1"
"2","bot_learned_evidence","2188","643","user:void","0","0","1744921071","5","6","3","7","110","9537","11537","29","1","13","306d64e7f","1791248089","1"
"2","bot_learned_evidence","2189","643","user:void","0","0","1744922815","5","7","7","0","179","11847","13847","0","1","13","306d64e7f","1791248089","1"
"2","bot_learned_evidence","2190","643","user:void","0","0","1610703215","6","6","3","10","213","13728","15728","10","1","13","306d64e7f","1791248089","1"
"2","bot_learned_evidence","2191","643","user:void","0","0","1813057983","3","5","0","0","240","15807","17807","0","1","13","306d64e7f","1791248089","0"
"2","bot_learned_evidence","2192","643","user:void","0","0","1814372603","1","9","0","0","260","17919","19919","20","1","13","306d64e7f","1791248089","0"
"2","bot_learned_evidence","2193","643","user:void","0","0","1677795759","5","5","9","0","270","18678","20678","20","1","13","306d64e7f","1791248089","0"
"2","bot_learned_evidence","2194","643","user:void","0","0","1744920683","3","5","9","0","289","20625","22625","0","1","13","306d64e7f","1791248089","1"
"2","bot_learned_evidence","2195","643","user:void","0","0","1610702955","1","5","0","0","303","22638","24638","-20","1","13","306d64e7f","1791248089","1"
"2","bot_learned_evidence","2196","643","user:void","0","0","1812013099","5","9","5","9","322","24783","26783","0","1","13","306d64e7f","1791248089","0"
"2","bot_learned_evidence","2197","643","user:void","0","0","1610703131","5","5","3","9","359","29370","31370","20","1","13","306d64e7f","1791248089","1"
"2","bot_learned_evidence","2198","643","user:void","0","0","1812013319","5","5","9","8","372","30921","32921","0","1","13","306d64e7f","1791248089","0"
"2","bot_learned_evidence","2199","643","user:void","0","0","1744920983","6","6","3","9","402","33363","35363","20","1","13","306d64e7f","1791248089","1"
"2","bot_learned_evidence","2200","643","user:void","0","0","1677795975","1","9","6","0","434","34782","36782","30","1","13","306d64e7f","1791248089","0"
"2","bot_learned_evidence","2201","643","user:void","0","0","1677795527","5","9","6","0","477","37092","39092","0","1","13","306d64e7f","1791248089","0"
"2","bot_learned_evidence","2202","643","user:void","0","0","1677795783","1","9","0","0","501","38412","40412","30","1","13","306d64e7f","1791248089","0"
"2","bot_learned_evidence","2203","643","user:void","0","0","1610699219","1","3","9","6","526","41052","43052","0","1","13","306d64e7f","1791248089","1"
"2","bot_learned_evidence","2204","643","bot:/botfiles/easyds.jkb","1","1","1677797567","4","7","0","0","6","2541","4541","-21","0","13","306d64e7f","1791248089","0"
"2","bot_learned_evidence","2205","643","bot:/botfiles/easyds.jkb","1","1","1677787647","1","6","0","0","27","5181","7181","-20","0","13","306d64e7f","1791248089","0"
"2","bot_learned_evidence","2206","643","bot:/botfiles/easyds.jkb","1","1","2013332911","1","3","6","0","55","6501","8501","0","0","13","306d64e7f","1791248089","2"
"2","bot_learned_evidence","2207","643","bot:/botfiles/easyds.jkb","1","1","1879115183","5","3","0","0","62","6897","8897","20","0","13","306d64e7f","1791248089","2"
"2","bot_learned_evidence","2208","643","bot:/botfiles/easyds.jkb","1","1","1677789631","6","5","0","0","89","9537","11537","-29","0","13","306d64e7f","1791248089","0"
"2","bot_learned_evidence","2209","643","bot:/botfiles/easyds.jkb","1","1","1677797615","7","5","0","0","120","11847","13847","0","0","13","306d64e7f","1791248089","0"
"2","bot_learned_evidence","2210","643","bot:/botfiles/easyds.jkb","1","1","1711341983","1","6","0","0","132","13035","15035","-10","0","13","306d64e7f","1791248089","0"
"2","bot_learned_evidence","2211","643","bot:/botfiles/easyds.jkb","1","1","1686177279","1","6","3","0","158","15477","17477","0","0","13","306d64e7f","1791248089","0"
"2","bot_learned_evidence","2212","643","bot:/botfiles/easyds.jkb","1","1","1814104574","9","5","0","0","192","18315","20315","-20","0","13","306d64e7f","1791248089","0"
"2","bot_learned_evidence","2213","643","bot:/botfiles/easyds.jkb","1","1","1812006942","9","9","3","0","213","19536","21536","0","0","13","306d64e7f","1791248089","0"
"2","bot_learned_evidence","2214","643","bot:/botfiles/easyds.jkb","1","1","1879115934","5","5","0","0","238","22671","24671","20","0","13","306d64e7f","1791248089","2"
"2","bot_learned_evidence","2215","643","bot:/botfiles/easyds.jkb","1","1","1619085711","1","5","0","0","254","24387","26387","-20","0","13","306d64e7f","1791248089","1"
"2","bot_learned_evidence","2216","643","bot:/botfiles/easyds.jkb","1","1","1812005150","9","6","5","0","288","28446","30446","-20","0","13","306d64e7f","1791248089","0"
"2","bot_learned_evidence","2217","643","bot:/botfiles/easyds.jkb","1","1","1812006925","3","9","5","0","309","30129","32129","0","0","13","306d64e7f","1791248089","0"
"2","bot_learned_evidence","2218","643","bot:/botfiles/easyds.jkb","1","1","2013341789","8","7","6","0","324","32175","34175","-20","0","13","306d64e7f","1791248089","2"
"2","bot_learned_evidence","2219","643","bot:/botfiles/easyds.jkb","1","1","1812004893","3","2","0","0","354","33825","35825","0","0","13","306d64e7f","1791248089","0"
"2","bot_learned_evidence","2220","643","bot:/botfiles/easyds.jkb","1","1","1879116092","1","5","0","0","371","36630","38630","0","0","13","306d64e7f","1791248089","2"
"2","bot_learned_evidence","2221","643","bot:/botfiles/easyds.jkb","1","1","1677789500","1","5","6","0","381","39402","41402","0","0","13","306d64e7f","1791248089","0"
"2","bot_learned_evidence","2222","643","bot:/botfiles/easyds.jkb","1","1","1879114876","6","6","2","0","412","41745","43560","18","0","13","306d64e7f","1791248089","2"
"2","bot_learned_evidence","2223","643","bot:/botfiles/easyds.jkb","1","1","1879131244","1","6","2","0","439","43329","43560","18","0","13","306d64e7f","1791248089","3"
"2","bot_learned_evidence","2224","644","user:void","0","0","1744922879","1","7","10","0","2","2739","4739","-17","1","13","306d64e7f","1791248154","1"
"2","bot_learned_evidence","2225","644","user:void","0","0","1678840239","3","4","0","0","19","4257","6257","4","1","13","306d64e7f","1791248154","0"
"2","bot_learned_evidence","2226","644","user:void","0","0","2021720511","6","5","0","0","43","6402","8402","10","1","13","306d64e7f","1791248154","2"
"2","bot_learned_evidence","2227","644","user:void","0","0","1744914607","1","7","7","6","57","7458","9458","30","1","13","306d64e7f","1791248154","1"
"2","bot_learned_evidence","2228","644","user:void","0","0","1686176239","1","6","3","0","107","9372","11372","51","1","13","306d64e7f","1791248154","0"
"2","bot_learned_evidence","2229","644","user:void","0","0","1744912859","1","6","0","0","135","10725","12725","21","1","13","306d64e7f","1791248154","1"
"2","bot_learned_evidence","2230","644","user:void","0","0","1820393611","5","9","0","0","155","11088","13088","30","1","13","306d64e7f","1791248154","0"
"2","bot_learned_evidence","2231","644","user:void","0","0","1686176203","1","9","6","0","161","12309","14309","28","1","13","306d64e7f","1791248154","0"
"2","bot_learned_evidence","2232","644","user:void","0","0","1812005003","1","3","9","3","195","15213","17213","1","1","13","306d64e7f","1791248154","0"
"2","bot_learned_evidence","2233","644","user:void","0","0","1812004875","3","7","6","9","216","16467","18467","0","1","13","306d64e7f","1791248154","0"
"2","bot_learned_evidence","2234","644","user:void","0","0","1812005579","1","9","0","0","258","18777","20777","-20","1","13","306d64e7f","1791248154","0"
"2","bot_learned_evidence","2235","644","user:void","0","0","1820393547","1","9","6","0","287","21912","23912","0","1","13","306d64e7f","1791248154","0"
"2","bot_learned_evidence","2236","644","user:void","0","0","1686176139","1","6","0","0","290","22704","24704","20","1","13","306d64e7f","1791248154","0"
"2","bot_learned_evidence","2237","644","user:void","0","0","1812005003","5","9","0","0","318","24123","26123","59","1","13","306d64e7f","1791248154","0"
"2","bot_learned_evidence","2238","644","user:void","0","0","1812005259","1","7","0","0","323","25146","27146","89","1","13","306d64e7f","1791248154","0"
"2","bot_learned_evidence","2239","644","user:void","0","0","1744912779","6","7","9","0","331","25443","27443","89","1","13","306d64e7f","1791248154","1"
"2","bot_learned_evidence","2240","644","user:void","0","0","1677787463","5","6","0","0","372","26631","28631","30","1","13","306d64e7f","1791248154","0"
"2","bot_learned_evidence","2241","644","user:void","0","0","1745953030","5","5","0","0","427","30789","32789","0","1","13","306d64e7f","1791248154","0"
"2","bot_learned_evidence","2242","644","user:void","0","0","1879122202","5","5","7","9","434","32406","34406","0","1","13","306d64e7f","1791248154","2"
"2","bot_learned_evidence","2243","644","user:void","0","0","1812013419","5","5","0","0","463","34320","36320","-50","1","13","306d64e7f","1791248154","0"
"2","bot_learned_evidence","2244","644","user:void","0","0","1678836090","3","5","0","0","483","37323","39323","-20","1","13","306d64e7f","1791248154","0"
"2","bot_learned_evidence","2245","644","user:void","0","0","1744912426","1","7","0","0","505","39006","41006","51","1","13","306d64e7f","1791248154","1"
"2","bot_learned_evidence","2246","644","user:void","0","0","1812005226","5","6","3","9","523","40029","42029","31","1","13","306d64e7f","1791248154","0"
"2","bot_learned_evidence","2247","644","user:void","0","0","1879130150","1","7","5","0","551","41712","43712","-1","1","13","306d64e7f","1791248154","3"
"2","bot_learned_evidence","2248","644","user:void","0","0","1677787415","1","3","9","5","579","43296","45296","19","1","13","306d64e7f","1791248154","0"
"2","bot_learned_evidence","2249","644","user:void","0","0","1686176099","1","5","0","0","591","44385","46385","20","1","13","306d64e7f","1791248154","0"
"2","bot_learned_evidence","2250","644","user:void","0","0","1812004883","1","9","0","0","604","45408","47408","0","1","13","306d64e7f","1791248154","0"
"2","bot_learned_evidence","2251","644","user:void","0","0","1677787427","5","5","0","0","607","46266","48266","20","1","13","306d64e7f","1791248154","0"
"2","bot_learned_evidence","2252","644","user:void","0","0","1610694915","1","3","0","0","619","47388","49388","20","1","13","306d64e7f","1791248154","1"
"2","bot_learned_evidence","2253","644","user:void","0","0","1610694979","1","7","7","0","645","50160","50622","21","1","13","306d64e7f","1791248154","1"
"2","bot_learned_evidence","2254","644","bot:/botfiles/mediumds.jkb","1","4","1686177279","1","6","3","0","14","3828","5828","-3","0","13","306d64e7f","1791248154","0"
"2","bot_learned_evidence","2255","644","bot:/botfiles/mediumds.jkb","1","4","1813053935","1","6","0","0","49","6006","8006","-10","0","13","306d64e7f","1791248154","0"
"2","bot_learned_evidence","2256","644","bot:/botfiles/mediumds.jkb","1","4","1677787454","6","5","0","0","107","10758","12758","-21","0","13","306d64e7f","1791248154","0"
"2","bot_learned_evidence","2257","644","bot:/botfiles/mediumds.jkb","1","4","1677787454","1","5","4","0","131","13464","15464","-16","0","13","306d64e7f","1791248154","0"
"2","bot_learned_evidence","2258","644","bot:/botfiles/mediumds.jkb","1","4","1812004909","9","5","0","0","155","15510","17510","19","0","13","306d64e7f","1791248154","0"
"2","bot_learned_evidence","2259","644","bot:/botfiles/mediumds.jkb","1","4","1744912654","3","3","0","0","166","16170","18170","19","0","13","306d64e7f","1791248154","1"
"2","bot_learned_evidence","2260","644","bot:/botfiles/mediumds.jkb","1","4","1812005438","9","5","3","0","184","18810","20810","20","0","13","306d64e7f","1791248154","0"
"2","bot_learned_evidence","2261","644","bot:/botfiles/mediumds.jkb","1","4","1686176110","1","5","0","0","200","20658","22658","-20","0","13","306d64e7f","1791248154","0"
"2","bot_learned_evidence","2262","644","bot:/botfiles/mediumds.jkb","1","4","1677787454","1","5","0","0","224","23826","25826","-59","0","13","306d64e7f","1791248154","0"
"2","bot_learned_evidence","2263","644","bot:/botfiles/mediumds.jkb","1","4","1677787438","7","6","0","0","239","25443","27443","-89","0","13","306d64e7f","1791248154","0"
"2","bot_learned_evidence","2264","644","bot:/botfiles/mediumds.jkb","1","4","2046886252","9","5","0","0","263","26400","28400","-30","0","13","306d64e7f","1791248154","2"
"2","bot_learned_evidence","2265","644","bot:/botfiles/mediumds.jkb","1","4","1610680940","1","5","3","0","280","28512","30512","20","0","13","306d64e7f","1791248154","0"
"2","bot_learned_evidence","2266","644","bot:/botfiles/mediumds.jkb","1","4","1686178137","1","5","0","0","303","30492","32492","0","0","13","306d64e7f","1791248154","0"
"2","bot_learned_evidence","2267","644","bot:/botfiles/mediumds.jkb","1","4","1619085657","1","5","0","0","311","32076","34076","0","0","13","306d64e7f","1791248154","1"
"2","bot_learned_evidence","2268","644","bot:/botfiles/mediumds.jkb","1","4","1814104478","9","5","0","0","332","34254","36254","50","0","13","306d64e7f","1791248154","0"
"2","bot_learned_evidence","2269","644","bot:/botfiles/mediumds.jkb","1","4","2013333646","1","7","0","0","346","36036","38036","70","0","13","306d64e7f","1791248154","2"
"2","bot_learned_evidence","2270","644","bot:/botfiles/mediumds.jkb","1","4","1619083738","1","3","0","0","380","37290","39290","20","0","13","306d64e7f","1791248154","1"
"2","bot_learned_evidence","2271","644","bot:/botfiles/mediumds.jkb","1","4","1812005338","1","5","0","0","405","39732","41732","-51","0","13","306d64e7f","1791248154","0"
"2","bot_learned_evidence","2272","644","bot:/botfiles/mediumds.jkb","1","4","1812005209","3","6","3","0","414","40623","42623","20","0","13","306d64e7f","1791248154","0"
"2","bot_learned_evidence","2273","644","bot:/botfiles/mediumds.jkb","1","4","1677787609","5","5","0","0","447","42570","44570","-19","0","13","306d64e7f","1791248154","0"
"2","bot_learned_evidence","2274","644","bot:/botfiles/mediumds.jkb","1","4","2013331852","1","5","0","0","484","46200","48200","-20","0","13","306d64e7f","1791248154","2"
"2","bot_learned_evidence","2275","644","bot:/botfiles/mediumds.jkb","1","4","1812004876","3","2","0","0","494","47817","49817","0","0","13","306d64e7f","1791248154","0"
"2","bot_learned_evidence","2276","644","bot:/botfiles/mediumds.jkb","1","4","1610695324","1","5","0","0","505","49104","50622","-21","0","13","306d64e7f","1791248154","1"
"2","bot_learned_evidence","2277","645","user:void","0","0","1610705151","1","7","4","9","2","2277","4277","24","1","13","306d64e7f","1791248213","1"
"2","bot_learned_evidence","2278","645","user:void","0","0","1820401919","1","7","7","6","43","4752","6752","30","1","13","306d64e7f","1791248213","0"
"2","bot_learned_evidence","2279","645","user:void","0","0","1744912895","6","7","7","7","87","6930","8930","10","1","13","306d64e7f","1791248213","1"
"2","bot_learned_evidence","2280","645","user:void","0","0","1610705007","5","7","7","6","118","8085","10085","59","1","13","306d64e7f","1791248213","1"
"2","bot_learned_evidence","2281","645","user:void","0","0","1812004939","6","9","3","0","168","9438","11438","20","1","13","306d64e7f","1791248213","0"
"2","bot_learned_evidence","2282","645","user:void","0","0","1619091883","1","7","0","0","183","10593","12593","50","1","13","306d64e7f","1791248213","1"
"2","bot_learned_evidence","2283","645","user:void","0","0","1744921067","5","6","3","9","200","11385","13385","50","1","13","306d64e7f","1791248213","1"
"2","bot_learned_evidence","2284","645","user:void","0","0","2013339671","3","7","7","6","237","13002","15002","0","1","13","306d64e7f","1791248213","2"
"2","bot_learned_evidence","2285","645","user:void","0","0","1812013131","1","7","0","0","301","15840","17840","-50","1","13","306d64e7f","1791248213","0"
"2","bot_learned_evidence","2286","645","user:void","0","0","1744920923","6","7","0","0","315","16863","18863","-11","1","13","306d64e7f","1791248213","1"
"2","bot_learned_evidence","2287","645","user:void","0","0","1677795691","1","7","0","0","333","17919","19919","19","1","13","306d64e7f","1791248213","0"
"2","bot_learned_evidence","2288","645","user:void","0","0","1879138807","5","5","9","6","367","19701","21701","0","1","13","306d64e7f","1791248213","3"
"2","bot_learned_evidence","2289","645","user:void","0","0","1845567702","7","9","6","0","422","22374","24374","0","1","13","306d64e7f","1791248213","0"
"2","bot_learned_evidence","2290","645","user:void","0","0","1610705366","5","7","7","7","446","23991","25991","10","1","13","306d64e7f","1791248213","1"
"2","bot_learned_evidence","2291","645","user:void","0","0","1610703178","5","7","7","0","503","26565","28565","0","1","13","306d64e7f","1791248213","1"
"2","bot_learned_evidence","2292","645","user:void","0","0","2013331882","6","5","0","0","531","28908","30908","-20","1","13","306d64e7f","1791248213","2"
"2","bot_learned_evidence","2293","645","user:void","0","0","2013341881","1","5","0","0","548","31416","33416","20","1","13","306d64e7f","1791248213","2"
"2","bot_learned_evidence","2294","645","user:void","0","0","1879124121","1","5","3","9","568","33264","35264","20","1","13","306d64e7f","1791248213","2"
"2","bot_learned_evidence","2295","645","user:void","0","0","1812013066","1","9","0","0","596","36267","38267","0","1","13","306d64e7f","1791248213","0"
"2","bot_learned_evidence","2296","645","user:void","0","0","1677797702","3","5","10","0","600","37125","39125","-20","1","13","306d64e7f","1791248213","0"
"2","bot_learned_evidence","2297","645","user:void","0","0","2013339738","1","5","9","0","615","39303","41303","20","1","13","306d64e7f","1791248213","2"
"2","bot_learned_evidence","2298","645","user:void","0","0","1677797782","1","5","0","0","624","40953","42953","0","1","13","306d64e7f","1791248213","0"
"2","bot_learned_evidence","2299","645","user:void","0","0","1610705478","5","3","0","0","633","41712","43712","0","1","13","306d64e7f","1791248213","1"
"2","bot_learned_evidence","2300","645","user:void","0","0","1912676759","7","5","0","0","644","43329","45329","-20","1","13","306d64e7f","1791248213","2"
"2","bot_learned_evidence","2301","645","user:void","0","0","1610699079","6","3","0","0","648","44022","46022","-20","1","13","306d64e7f","1791248213","1"
"2","bot_learned_evidence","2302","645","user:void","0","0","1812013478","1","9","0","0","656","45210","47210","29","1","13","306d64e7f","1791248213","0"
"2","bot_learned_evidence","2303","645","user:void","0","0","1812015370","5","8","9","6","666","45771","47771","78","1","13","306d64e7f","1791248213","0"
"2","bot_learned_evidence","2304","645","user:void","0","0","1677795394","5","9","0","0","717","47652","49652","0","1","13","306d64e7f","1791248213","0"
"2","bot_learned_evidence","2305","645","user:void","0","0","1812015442","2","7","7","9","728","48906","50906","0","1","13","306d64e7f","1791248213","0"
"2","bot_learned_evidence","2306","645","user:void","0","0","1610703138","1","5","3","9","766","51909","53909","2","1","13","306d64e7f","1791248213","1"
"2","bot_learned_evidence","2307","645","user:void","0","0","1677795602","5","5","3","0","786","53823","54516","4","1","13","306d64e7f","1791248213","0"
"2","bot_learned_evidence","2308","645","bot:/botfiles/easyds.jkb","1","1","1677787647","1","6","0","0","30","6864","8864","-10","0","13","306d64e7f","1791248213","0"
"2","bot_learned_evidence","2309","645","bot:/botfiles/easyds.jkb","1","1","1610705407","7","5","0","0","51","7755","9755","-59","0","13","306d64e7f","1791248213","1"
"2","bot_learned_evidence","2310","645","bot:/botfiles/easyds.jkb","1","1","1677787423","3","6","0","0","71","9273","11273","-49","0","13","306d64e7f","1791248213","0"
"2","bot_learned_evidence","2311","645","bot:/botfiles/easyds.jkb","1","1","1677789614","6","5","0","0","100","11385","13385","-50","0","13","306d64e7f","1791248213","0"
"2","bot_learned_evidence","2312","645","bot:/botfiles/easyds.jkb","1","1","2013333773","3","3","0","0","119","12441","14441","0","0","13","306d64e7f","1791248213","2"
"2","bot_learned_evidence","2313","645","bot:/botfiles/easyds.jkb","1","1","1610680445","1","5","0","0","135","14916","16916","0","0","13","306d64e7f","1791248213","0"
"2","bot_learned_evidence","2314","645","bot:/botfiles/easyds.jkb","1","1","1677787422","1","6","0","0","162","16797","18797","11","0","13","306d64e7f","1791248213","0"
"2","bot_learned_evidence","2315","645","bot:/botfiles/easyds.jkb","1","1","1879116285","5","5","0","0","196","19701","21701","0","0","13","306d64e7f","1791248213","2"
"2","bot_learned_evidence","2316","645","bot:/botfiles/easyds.jkb","1","1","1879113790","1","7","0","0","220","21747","23747","10","0","13","306d64e7f","1791248213","2"
"2","bot_learned_evidence","2317","645","bot:/botfiles/easyds.jkb","1","1","2013333817","6","7","0","0","246","23133","25133","-10","0","13","306d64e7f","1791248213","2"
"2","bot_learned_evidence","2318","645","bot:/botfiles/easyds.jkb","1","1","1879124345","7","5","0","0","260","23991","25991","-10","0","13","306d64e7f","1791248213","2"
"2","bot_learned_evidence","2319","645","bot:/botfiles/easyds.jkb","1","1","1610697065","1","5","0","0","284","26037","28037","0","0","13","306d64e7f","1791248213","1"
"2","bot_learned_evidence","2320","645","bot:/botfiles/easyds.jkb","1","1","1610696746","1","7","6","0","303","27588","29588","20","0","13","306d64e7f","1791248213","1"
"2","bot_learned_evidence","2321","645","bot:/botfiles/easyds.jkb","1","1","1879131546","5","3","0","0","334","28941","30941","20","0","13","306d64e7f","1791248213","3"
"2","bot_learned_evidence","2322","645","bot:/botfiles/easyds.jkb","1","1","1686185430","1","6","0","0","354","30195","32195","-20","0","13","306d64e7f","1791248213","0"
"2","bot_learned_evidence","2323","645","bot:/botfiles/easyds.jkb","1","1","1812015270","5","5","0","0","376","31911","33911","0","0","13","306d64e7f","1791248213","0"
"2","bot_learned_evidence","2324","645","bot:/botfiles/easyds.jkb","1","1","1744914730","5","5","0","0","406","35343","37343","0","0","13","306d64e7f","1791248213","1"
"2","bot_learned_evidence","2325","645","bot:/botfiles/easyds.jkb","1","1","2013341977","1","3","0","0","419","36993","38993","20","0","13","306d64e7f","1791248213","2"
"2","bot_learned_evidence","2326","645","bot:/botfiles/easyds.jkb","1","1","1686176090","1","5","0","0","429","38181","40181","-20","0","13","306d64e7f","1791248213","0"
"2","bot_learned_evidence","2327","645","bot:/botfiles/easyds.jkb","1","1","1610689049","1","5","0","0","456","41679","43679","0","0","13","306d64e7f","1791248213","0"
"2","bot_learned_evidence","2328","645","bot:/botfiles/easyds.jkb","1","1","2013333529","1","7","0","0","465","42636","44636","20","0","13","306d64e7f","1791248213","2"
"2","bot_learned_evidence","2329","645","bot:/botfiles/easyds.jkb","1","1","1879115037","5","6","0","0","485","43428","45428","20","0","13","306d64e7f","1791248213","2"
"2","bot_learned_evidence","2330","645","bot:/botfiles/easyds.jkb","1","1","1812007273","9","5","0","0","512","45243","47243","-29","0","13","306d64e7f","1791248213","0"
"2","bot_learned_evidence","2331","645","bot:/botfiles/easyds.jkb","1","1","1677789225","6","5","0","0","536","47421","49421","-49","0","13","306d64e7f","1791248213","0"
"2","bot_learned_evidence","2332","645","bot:/botfiles/easyds.jkb","1","1","1677789528","1","2","0","0","558","48807","50807","0","0","13","306d64e7f","1791248213","0"
"2","bot_learned_evidence","2333","645","bot:/botfiles/easyds.jkb","1","1","2013333832","1","5","0","0","583","53757","54516","-4","0","13","306d64e7f","1791248213","2"
"2","bot_learned_evidence","2334","646","user:void","0","0","1879132415","7","7","7","7","4","2805","4805","10","1","13","306d64e7f","1791248342","3"
"2","bot_learned_evidence","2335","646","user:void","0","0","1751204351","1","6","0","0","37","4719","6719","20","1","13","306d64e7f","1791248342","1"
"2","bot_learned_evidence","2336","646","user:void","0","0","1812005359","5","3","9","3","45","4851","6851","20","1","13","306d64e7f","1791248342","0"
"2","bot_learned_evidence","2337","646","user:void","0","0","1677791403","3","6","0","0","69","5907","7907","10","1","13","306d64e7f","1791248342","0"
"2","bot_learned_evidence","2338","646","user:void","0","0","2013331871","5","5","0","0","83","6567","8567","10","1","13","306d64e7f","1791248342","2"
"2","bot_learned_evidence","2339","646","user:void","0","0","1677789199","3","7","10","0","92","7293","9293","-16","1","13","306d64e7f","1791248342","0"
"2","bot_learned_evidence","2340","646","user:void","0","0","1745965147","6","4","5","9","110","8976","10976","-26","1","13","306d64e7f","1791248342","1"
"2","bot_learned_evidence","2341","646","user:void","0","0","1619067242","10","5","9","8","117","9801","11801","0","1","13","306d64e7f","1791248342","0"
"2","bot_learned_evidence","2342","646","user:void","0","0","1610699099","6","5","3","0","152","12342","14342","-11","1","13","306d64e7f","1791248342","1"
"2","bot_learned_evidence","2343","646","user:void","0","0","1820393546","9","9","3","5","166","13266","15266","0","1","13","306d64e7f","1791248342","0"
"2","bot_learned_evidence","2344","646","user:void","0","0","1686176154","1","5","0","0","170","14124","16124","20","1","13","306d64e7f","1791248342","0"
"2","bot_learned_evidence","2345","646","user:void","0","0","1744912650","5","3","9","6","183","15312","17312","50","1","13","306d64e7f","1791248342","1"
"2","bot_learned_evidence","2346","646","user:void","0","0","1686176070","1","6","0","0","192","16467","18467","30","1","13","306d64e7f","1791248342","0"
"2","bot_learned_evidence","2347","646","user:void","0","0","1812005254","1","9","0","0","218","17490","19490","10","1","13","306d64e7f","1791248342","0"
"2","bot_learned_evidence","2348","646","user:void","0","0","1677789574","6","7","0","0","224","18117","20117","10","1","13","306d64e7f","1791248342","0"
"2","bot_learned_evidence","2349","646","user:void","0","0","1610697094","5","7","7","7","234","18414","20414","10","1","13","306d64e7f","1791248342","1"
"2","bot_learned_evidence","2350","646","user:void","0","0","1610696774","1","7","7","0","299","21615","23615","40","1","13","306d64e7f","1791248342","1"
"2","bot_learned_evidence","2351","646","user:void","0","0","1812007041","7","7","6","0","321","22242","24242","30","1","13","306d64e7f","1791248342","0"
"2","bot_learned_evidence","2352","646","user:void","0","0","1677791489","6","9","7","9","370","24684","26684","0","1","13","306d64e7f","1791248342","0"
"2","bot_learned_evidence","2353","646","user:void","0","0","1677789873","1","5","0","0","392","26994","28994","21","1","13","306d64e7f","1791248342","0"
"2","bot_learned_evidence","2354","646","user:void","0","0","1610694914","1","3","9","0","407","28116","30116","21","1","13","306d64e7f","1791248342","1"
"2","bot_learned_evidence","2355","646","user:void","0","0","1812005138","5","5","9","0","417","29139","31139","0","1","13","306d64e7f","1791248342","0"
"2","bot_learned_evidence","2356","646","user:void","0","0","1677795682","8","5","3","9","428","30789","31713","9","1","13","306d64e7f","1791248342","0"
"2","bot_learned_evidence","2357","646","bot:/botfiles/mediumds.jkb","1","4","1610686719","1","7","0","0","5","2574","4574","-10","0","13","306d64e7f","1791248342","0"
"2","bot_learned_evidence","2358","646","bot:/botfiles/mediumds.jkb","1","4","1812005311","3","5","0","0","30","4851","6851","-20","0","13","306d64e7f","1791248342","0"
"2","bot_learned_evidence","2359","646","bot:/botfiles/mediumds.jkb","1","4","1812005054","3","6","3","0","36","5280","7280","30","0","13","306d64e7f","1791248342","0"
"2","bot_learned_evidence","2360","646","bot:/botfiles/mediumds.jkb","1","4","1677787566","6","5","0","0","68","6435","8435","-10","0","13","306d64e7f","1791248342","0"
"2","bot_learned_evidence","2361","646","bot:/botfiles/mediumds.jkb","1","4","1879130383","5","3","0","0","78","7161","9161","16","0","13","306d64e7f","1791248342","3"
"2","bot_learned_evidence","2362","646","bot:/botfiles/mediumds.jkb","1","4","1686177182","1","6","0","0","92","8745","10745","26","0","13","306d64e7f","1791248342","0"
"2","bot_learned_evidence","2363","646","bot:/botfiles/mediumds.jkb","1","4","1610696094","1","6","0","0","138","12144","14144","11","0","13","306d64e7f","1791248342","1"
"2","bot_learned_evidence","2364","646","bot:/botfiles/mediumds.jkb","1","4","1677787162","3","9","0","0","165","13200","15200","-20","0","13","306d64e7f","1791248342","0"
"2","bot_learned_evidence","2365","646","bot:/botfiles/mediumds.jkb","1","4","1677787482","1","5","0","0","181","15213","17213","-50","0","13","306d64e7f","1791248342","0"
"2","bot_learned_evidence","2366","646","bot:/botfiles/mediumds.jkb","1","4","1812005161","9","6","0","0","202","17655","19655","-10","0","13","306d64e7f","1791248342","0"
"2","bot_learned_evidence","2367","646","bot:/botfiles/mediumds.jkb","1","4","1744904489","7","5","0","0","212","18315","20315","-10","0","13","306d64e7f","1791248342","0"
"2","bot_learned_evidence","2368","646","bot:/botfiles/mediumds.jkb","1","4","1677787433","1","5","0","0","240","20691","22691","-10","0","13","306d64e7f","1791248342","0"
"2","bot_learned_evidence","2369","646","bot:/botfiles/mediumds.jkb","1","4","1879121961","7","7","0","0","252","22011","24011","-40","0","13","306d64e7f","1791248342","2"
"2","bot_learned_evidence","2370","646","bot:/botfiles/mediumds.jkb","1","4","1610694964","6","5","0","0","287","23364","25364","-30","0","13","306d64e7f","1791248342","1"
"2","bot_learned_evidence","2371","646","bot:/botfiles/mediumds.jkb","1","4","1744913668","9","6","0","0","307","24684","26684","0","0","13","306d64e7f","1791248342","1"
"2","bot_learned_evidence","2372","646","bot:/botfiles/mediumds.jkb","1","4","1812005192","9","5","0","0","352","28875","30875","0","0","13","306d64e7f","1791248342","0"
"2","bot_learned_evidence","2373","646","bot:/botfiles/mediumds.jkb","1","4","2013333912","1","8","0","0","366","30756","31713","-9","0","13","306d64e7f","1791248342","2"
"2","bot_learned_evidence","2374","647","user:void","0","0","2013342207","1","5","0","0","2","462","2462","2","1","13","306d64e7f","1791248402","2"
"2","bot_learned_evidence","2375","647","user:void","0","0","1610696943","1","4","0","0","9","2409","4409","-43","1","13","306d64e7f","1791248402","1"
"2","bot_learned_evidence","2376","647","user:void","0","0","1678842287","3","4","0","0","22","3729","5729","-3","1","13","306d64e7f","1791248402","0"
"2","bot_learned_evidence","2377","647","user:void","0","0","1678051583","1","9","0","0","47","5643","7643","21","1","13","306d64e7f","1791248402","0"
"2","bot_learned_evidence","2378","647","user:void","0","0","1744912735","6","6","3","9","63","6831","8831","1","1","13","306d64e7f","1791248402","1"
"2","bot_learned_evidence","2379","647","user:void","0","0","1744912591","1","6","0","0","111","9075","11075","1","1","13","306d64e7f","1791248402","1"
"2","bot_learned_evidence","2380","647","user:void","0","0","1610695119","3","6","9","0","135","10362","12362","19","1","13","306d64e7f","1791248402","1"
"2","bot_learned_evidence","2381","647","user:void","0","0","1812005006","1","3","5","0","166","12639","14639","-2","1","13","306d64e7f","1791248402","0"
"2","bot_learned_evidence","2382","647","user:void","0","0","1812005278","1","3","0","0","182","14553","16553","-2","1","13","306d64e7f","1791248402","0"
"2","bot_learned_evidence","2383","647","user:void","0","0","1610678782","5","5","7","9","189","16368","18368","20","1","13","306d64e7f","1791248402","0"
"2","bot_learned_evidence","2384","647","user:void","0","0","1686176239","1","6","9","0","229","18909","20909","11","1","13","306d64e7f","1791248402","0"
"2","bot_learned_evidence","2385","647","user:void","0","0","1812007407","5","2","0","0","256","20097","22097","-38","1","13","306d64e7f","1791248402","0"
"2","bot_learned_evidence","2386","647","user:void","0","0","1812005342","1","9","0","0","270","21351","23351","-18","1","13","306d64e7f","1791248402","0"
"2","bot_learned_evidence","2387","647","user:void","0","0","1677789678","3","8","5","9","271","21846","23846","-18","1","13","306d64e7f","1791248402","0"
"2","bot_learned_evidence","2388","647","user:void","0","0","1812007006","5","8","0","0","299","23496","25496","20","1","13","306d64e7f","1791248402","0"
"2","bot_learned_evidence","2389","647","user:void","0","0","1616986446","1","6","9","0","330","24849","26849","20","1","13","306d64e7f","1791248402","1"
"2","bot_learned_evidence","2390","647","user:void","0","0","1686176206","1","6","0","0","354","26202","28202","30","1","13","306d64e7f","1791248402","0"
"2","bot_learned_evidence","2391","647","user:void","0","0","1812005322","1","9","0","0","382","27423","29423","-23","1","13","306d64e7f","1791248402","0"
"2","bot_learned_evidence","2392","647","user:void","0","0","1812007370","5","8","9","0","390","27984","29984","-26","1","13","306d64e7f","1791248402","0"
"2","bot_learned_evidence","2393","647","user:void","0","0","1812004954","1","3","5","7","420","29964","31964","-20","1","13","306d64e7f","1791248402","0"
"2","bot_learned_evidence","2394","647","user:void","0","0","1812005226","1","3","5","0","456","33198","35198","0","1","13","306d64e7f","1791248402","0"
"2","bot_learned_evidence","2395","647","user:void","0","0","1610696731","1","7","0","0","475","34947","36947","-11","1","13","306d64e7f","1791248402","1"
"2","bot_learned_evidence","2396","647","user:void","0","0","1677789211","7","7","6","3","484","35244","37244","-11","1","13","306d64e7f","1791248402","0"
"2","bot_learned_evidence","2397","647","user:void","0","0","1744914506","1","7","7","7","545","38346","40346","-13","1","13","306d64e7f","1791248402","1"
"2","bot_learned_evidence","2398","647","user:void","0","0","1812005162","1","3","5","0","594","40656","42656","0","1","13","306d64e7f","1791248402","0"
"2","bot_learned_evidence","2399","647","user:void","0","0","2013331498","1","7","7","7","613","42438","44438","89","1","13","306d64e7f","1791248402","2"
"2","bot_learned_evidence","2400","647","user:void","0","0","1887519202","1","6","3","0","681","44913","45309","2","1","13","306d64e7f","1791248402","3"
"2","bot_learned_evidence","2401","647","bot:/botfiles/mediumds.jkb","1","4","1677795519","4","3","6","3","10","2442","4442","45","0","13","306d64e7f","1791248402","0"
"2","bot_learned_evidence","2402","647","bot:/botfiles/mediumds.jkb","1","4","1686185471","1","6","3","0","21","3399","5399","23","0","13","306d64e7f","1791248402","0"
"2","bot_learned_evidence","2403","647","bot:/botfiles/mediumds.jkb","1","4","1814102527","9","5","0","0","60","5940","7940","-1","0","13","306d64e7f","1791248402","0"
"2","bot_learned_evidence","2404","647","bot:/botfiles/mediumds.jkb","1","4","1677787487","6","6","0","0","74","6831","8831","-1","0","13","306d64e7f","1791248402","0"
"2","bot_learned_evidence","2405","647","bot:/botfiles/mediumds.jkb","1","4","1879114047","1","3","0","0","109","10098","12098","-19","0","13","306d64e7f","1791248402","2"
"2","bot_learned_evidence","2406","647","bot:/botfiles/mediumds.jkb","1","4","1812005183","9","5","4","0","117","10890","12890","22","0","13","306d64e7f","1791248402","0"
"2","bot_learned_evidence","2407","647","bot:/botfiles/mediumds.jkb","1","4","1812004907","5","4","0","0","140","13662","15662","4","0","13","306d64e7f","1791248402","0"
"2","bot_learned_evidence","2408","647","bot:/botfiles/mediumds.jkb","1","4","1879114235","5","5","0","0","166","16368","18368","-20","0","13","306d64e7f","1791248402","2"
"2","bot_learned_evidence","2409","647","bot:/botfiles/mediumds.jkb","1","4","1812005311","9","5","0","0","194","20064","22064","38","0","13","306d64e7f","1791248402","0"
"2","bot_learned_evidence","2410","647","bot:/botfiles/mediumds.jkb","1","4","1744921003","9","3","0","0","211","21714","23714","18","0","13","306d64e7f","1791248402","1"
"2","bot_learned_evidence","2411","647","bot:/botfiles/mediumds.jkb","1","4","1812013163","9","5","0","0","234","23364","25364","-20","0","13","306d64e7f","1791248402","0"
"2","bot_learned_evidence","2412","647","bot:/botfiles/mediumds.jkb","1","4","1812005178","9","5","0","0","268","27588","29588","24","0","13","306d64e7f","1791248402","0"
"2","bot_learned_evidence","2413","647","bot:/botfiles/mediumds.jkb","1","4","1812004906","9","4","0","0","282","28776","30776","26","0","13","306d64e7f","1791248402","0"
"2","bot_learned_evidence","2414","647","bot:/botfiles/mediumds.jkb","1","4","1677787546","3","4","0","0","320","32406","34406","3","0","13","306d64e7f","1791248402","0"
"2","bot_learned_evidence","2415","647","bot:/botfiles/mediumds.jkb","1","4","2013339726","7","7","0","0","355","35211","37211","11","0","13","306d64e7f","1791248402","2"
"2","bot_learned_evidence","2416","647","bot:/botfiles/mediumds.jkb","1","4","1812005226","9","5","0","0","382","37290","39290","0","0","13","306d64e7f","1791248402","0"
"2","bot_learned_evidence","2417","647","bot:/botfiles/mediumds.jkb","1","4","1677787226","7","4","0","0","403","39336","41336","15","0","13","306d64e7f","1791248402","0"
"2","bot_learned_evidence","2418","647","bot:/botfiles/mediumds.jkb","1","4","1879114122","5","3","0","0","435","41448","43448","-40","0","13","306d64e7f","1791248402","2"
