"export_format_version","record_type","source_context","record_id","summary_id","participant_key","participant_label","participant_kind","opponent_key","won","side","opponent_side","matchup","total_force_spent","total_force_regen","ending_force","ending_hp","ending_armor","low_force_windows","grip_cripple_events","saber_throw_punishes","knockdown_events","late_defense_spends","opening_tactic","primary_issue","spent_neutral","spent_advantage","spent_disadvantage","spent_panic","spent_finishing","force_push","force_pull","force_grip","force_drain","force_rage","force_absorb","force_protect","force_heal","force_speed","force_seeing","force_unknown"
"2","duel_participant","duel","1","1","iphash:f51458ac","^7Padawan","2","bot:/botfiles/mediumds.jkb","1","2","2","3","91","53","56","100","100","0","0","0","0","0","seeing","forced_entries","0","0","67","0","24","0","0","0","0","0","0","0","0","0","91","0"
"2","duel_participant","duel","2","1","bot:/botfiles/mediumds.jkb","galak","0","iphash:f51458ac","0","2","2","3","19","10","100","-8","100","0","1","0","2","0","push","knockdown","0","0","0","19","0","19","0","0","0","0","0","0","0","0","0","0"
"2","duel_participant","duel","3","2","bot:/botfiles/mediumds.jkb","galak","0","iphash:f51458ac","1","2","2","3","605","513","8","64","98","15","3","0","3","0","pull","low_force","153","38","1","188","225","75","146","44","284","0","0","0","0","56","0","0"
"2","duel_participant","duel","4","2","iphash:f51458ac","^7Padawan","2","bot:/botfiles/mediumds.jkb","0","2","2","3","541","541","100","-14","70","39","1","0","1","0","seeing","low_force","62","0","179","287","13","0","0","0","0","0","0","0","0","0","541","0"
"2","duel_participant","duel","5","3","bot:/botfiles/mediumds.jkb","galak","0","iphash:f51458ac","1","2","2","3","234","175","41","94","99","0","2","0","0","0","speed","late_defense","29","18","187","0","0","19","78","113","0","0","0","0","0","24","0","0"
"2","duel_participant","duel","6","3","iphash:f51458ac","^7Padawan","2","bot:/botfiles/mediumds.jkb","0","2","2","3","132","125","100","-6","38","0","1","2","1","0","unknown","saber_throw","0","0","132","0","0","0","0","0","0","0","0","0","0","0","132","0"
"2","duel_participant","duel","7","4","bot:/botfiles/mediumds.jkb","galak","0","iphash:f51458ac","1","2","2","3","674","576","2","54","94","29","3","0","2","0","pull","low_force","161","19","101","292","101","129","278","67","200","0","0","0","0","0","0","0"
"2","duel_participant","duel","8","4","iphash:f51458ac","^7Padawan","2","bot:/botfiles/mediumds.jkb","0","2","2","3","551","551","100","-6","37","23","1","4","3","0","unknown","low_force","78","0","158","250","65","0","0","0","0","0","0","0","0","0","551","0"
"2","duel_participant","duel","9","5","bot:/botfiles/mediumds.jkb","galak","0","iphash:f51458ac","1","2","2","3","1199","1099","0","79","31","42","4","3","1","0","pull","low_force","62","5","251","568","313","131","459","13","462","0","0","0","0","134","0","0"
"2","duel_participant","duel","10","5","iphash:f51458ac","^7Padawan","2","bot:/botfiles/mediumds.jkb","0","2","2","3","1041","1041","100","-12","10","69","0","1","3","0","unknown","low_force","90","24","99","652","176","0","0","0","0","0","0","0","0","0","1041","0"
"2","duel_participant","duel","11","6","bot:/botfiles/mediumds.jkb","galak","0","iphash:f51458ac","1","2","2","3","2976","2898","22","100","2","131","12","5","6","0","push","low_force","666","238","431","1005","636","265","1450","151","1110","0","0","0","0","0","0","0"
"2","duel_participant","duel","12","6","iphash:f51458ac","^7Padawan","2","bot:/botfiles/mediumds.jkb","0","2","2","3","2793","2793","100","-8","2","154","1","5","7","0","seeing","low_force","359","0","883","1070","481","0","0","0","0","0","0","0","0","0","2793","0"
"2","duel_participant","duel","13","7","bot:/botfiles/mediumds.jkb","galak","0","iphash:f51458ac","1","2","2","3","779","715","36","100","94","46","4","0","0","0","pull","low_force","190","61","87","329","112","76","397","59","247","0","0","0","0","0","0","0"
"2","duel_participant","duel","14","7","iphash:f51458ac","^7Padawan","2","bot:/botfiles/mediumds.jkb","0","2","2","3","673","673","100","-16","0","31","1","3","1","0","seeing","low_force","4","0","368","183","118","0","0","0","0","0","0","0","0","0","673","0"
"2","duel_participant","duel","15","8","iphash:f51458ac","^7Padawan","2","bot:/botfiles/mediumds.jkb","1","2","2","3","146","113","61","100","100","0","0","0","0","0","seeing","late_defense","0","0","132","0","14","0","0","0","0","0","0","0","0","0","146","0"
"2","duel_participant","duel","16","8","bot:/botfiles/mediumds.jkb","galak","0","iphash:f51458ac","0","2","2","3","37","37","100","-12","98","0","3","0","0","0","push","grip_control","37","0","0","0","0","37","0","0","0","0","0","0","0","0","0","0"
"2","duel_participant","duel","17","9","bot:/botfiles/mediumds.jkb","galak","0","iphash:f51458ac","1","2","2","3","919","852","33","96","67","28","3","4","2","0","pull","low_force","63","43","98","474","241","150","313","24","432","0","0","0","0","0","0","0"
"2","duel_participant","duel","18","9","iphash:f51458ac","^7Padawan","2","bot:/botfiles/mediumds.jkb","0","2","2","3","825","754","100","-20","0","63","0","2","0","0","seeing","low_force","104","23","165","372","161","0","0","0","0","0","0","0","0","0","825","0"
"2","duel_participant","duel","19","10","iphash:f51458ac","^7Padawan","2","bot:/botfiles/mediumds.jkb","1","2","2","3","190","124","28","60","100","0","0","0","0","0","seeing","late_defense","0","0","124","0","66","0","0","0","0","0","0","0","0","0","190","0"
"2","duel_participant","duel","20","10","bot:/botfiles/mediumds.jkb","galak","0","iphash:f51458ac","0","2","2","3","157","63","100","-10","100","1","4","0","0","0","drain","grip_control","47","0","90","20","0","19","39","5","44","0","0","0","0","50","0","0"
"2","duel_participant","duel","21","11","iphash:f51458ac","^7Padawan","2","bot:/botfiles/mediumds.jkb","1","2","2","3","189","170","75","100","100","0","0","0","0","0","seeing","forced_entries","0","0","67","0","122","0","0","0","0","0","0","0","0","0","189","0"
"2","duel_participant","duel","22","11","bot:/botfiles/mediumds.jkb","galak","0","iphash:f51458ac","0","2","2","3","117","109","100","-12","100","0","1","0","2","0","push","low_force","0","0","0","117","0","97","0","0","20","0","0","0","0","0","0","0"
"2","duel_participant","duel","23","12","bot:/botfiles/mediumds.jkb","galak","0","iphash:f51458ac","1","2","2","3","116","39","23","94","98","2","1","0","0","0","grip","low_force","47","0","20","24","25","0","24","92","0","0","0","0","0","0","0","0"
"2","duel_participant","duel","24","12","iphash:f51458ac","^7Padawan","2","bot:/botfiles/mediumds.jkb","0","2","2","3","149","149","100","-8","69","18","1","1","0","0","seeing","low_force","0","0","82","67","0","0","0","0","0","0","0","0","0","0","149","0"
"2","duel_participant","duel","25","13","iphash:f51458ac","^7Padawan","2","bot:/botfiles/easyds2.jkb","1","2","2","3","75","0","25","100","100","1","0","0","0","0","seeing","low_force","0","0","65","4","6","0","0","0","0","0","0","0","0","0","75","0"
"2","duel_participant","duel","26","13","bot:/botfiles/easyds2.jkb","Stormtrooper","0","iphash:f51458ac","0","2","2","3","0","0","100","-8","100","0","1","0","0","0","","grip_control","0","0","0","0","0","0","0","0","0","0","0","0","0","0","0","0"
"2","duel_participant","duel","27","14","iphash:f51458ac","^7Padawan","2","bot:/botfiles/easyds2.jkb","1","2","2","3","1892","1830","32","54","0","52","0","5","1","0","seeing","low_force","473","4","511","529","375","0","0","0","0","0","0","0","0","0","1892","0"
"2","duel_participant","duel","28","14","bot:/botfiles/easyds2.jkb","Stormtrooper","0","iphash:f51458ac","0","2","2","3","1835","1835","100","-10","64","56","6","3","4","0","push","low_force","482","0","441","556","356","305","604","40","756","0","0","0","0","130","0","0"
"2","duel_participant","duel","29","15","iphash:f51458ac","^7Padawan","2","bot:/botfiles/easyds2.jkb","1","2","2","3","77","0","17","100","99","3","0","0","0","0","seeing","low_force","0","0","65","3","9","0","0","0","0","0","0","0","0","0","77","0"
"2","duel_participant","duel","30","15","bot:/botfiles/easyds2.jkb","Stormtrooper","0","iphash:f51458ac","0","2","2","3","0","0","100","-8","99","0","1","0","1","0","","grip_control","0","0","0","0","0","0","0","0","0","0","0","0","0","0","0","0"
"2","duel_participant","duel","31","16","iphash:f51458ac","^7Padawan","2","bot:/botfiles/easyds2.jkb","1","2","2","3","71","0","29","100","100","0","0","0","0","0","seeing","forced_entries","31","0","40","0","0","0","0","0","0","0","0","0","0","0","71","0"
"2","duel_participant","duel","32","16","bot:/botfiles/easyds2.jkb","Stormtrooper","0","iphash:f51458ac","0","2","2","3","19","19","100","-6","99","0","1","0","0","0","pull","grip_control","19","0","0","0","0","0","19","0","0","0","0","0","0","0","0","0"
"2","duel_participant","duel","33","17","iphash:f51458ac","^7Padawan","2","bot:/botfiles/easyds2.jkb","1","2","2","3","1152","1127","69","32","69","57","1","2","3","0","seeing","low_force","13","0","617","401","121","0","0","0","0","0","0","0","0","0","1152","0"
"2","duel_participant","duel","34","17","bot:/botfiles/easyds2.jkb","Stormtrooper","0","iphash:f51458ac","0","2","2","3","1429","1429","100","-8","91","45","6","0","5","0","pull","low_force","358","122","223","581","145","201","591","89","548","0","0","0","0","0","0","0"
"2","duel_participant","duel","35","18","iphash:f51458ac","^7Padawan","2","bot:/botfiles/easyds2.jkb","1","2","2","3","1348","1330","76","41","0","53","1","7","0","0","seeing","low_force","32","0","758","243","315","0","0","0","0","0","0","0","0","0","1348","0"
"2","duel_participant","duel","36","18","bot:/botfiles/easyds2.jkb","Stormtrooper","0","iphash:f51458ac","0","2","2","3","1746","1746","100","-8","95","40","6","0","1","0","push","low_force","335","14","823","483","91","252","753","308","343","0","0","0","0","90","0","0"
"2","duel_participant","duel","37","19","iphash:f51458ac","^7Padawan","2","bot:/botfiles/easyds2.jkb","1","2","2","3","90","90","94","100","100","0","0","0","0","0","seeing","forced_entries","0","0","67","0","23","0","0","0","0","0","0","0","0","0","90","0"
"2","duel_participant","duel","38","19","bot:/botfiles/easyds2.jkb","Stormtrooper","0","iphash:f51458ac","0","2","2","3","40","0","100","-8","99","0","1","0","2","0","push","knockdown","0","0","0","40","0","20","20","0","0","0","0","0","0","0","0","0"
"2","duel_participant","duel","39","20","iphash:f51458ac","^7Padawan","2","bot:/botfiles/easyds2.jkb","1","2","2","3","325","316","85","100","70","14","0","1","0","0","seeing","low_force","75","0","190","37","23","0","0","0","0","0","0","0","0","0","325","0"
"2","duel_participant","duel","40","20","bot:/botfiles/easyds2.jkb","Stormtrooper","0","iphash:f51458ac","0","2","2","3","270","234","100","-8","99","1","2","0","3","0","drain","low_force","53","0","128","20","69","76","79","0","115","0","0","0","0","0","0","0"
"2","duel_participant","duel","41","21","iphash:f51458ac","^7Padawan","2","bot:/botfiles/easyds2.jkb","1","2","2","3","73","8","35","100","99","0","0","0","0","0","seeing","forced_entries","0","0","65","0","8","0","0","0","0","0","0","0","0","0","73","0"
"2","duel_participant","duel","42","21","bot:/botfiles/easyds2.jkb","Stormtrooper","0","iphash:f51458ac","0","2","2","3","0","0","100","-4","100","0","1","0","1","0","","grip_control","0","0","0","0","0","0","0","0","0","0","0","0","0","0","0","0"
"2","duel_participant","duel","43","22","iphash:f51458ac","^7Padawan","2","bot:/botfiles/easyds2.jkb","1","2","2","3","1355","1299","38","49","0","44","2","6","3","0","seeing","low_force","153","0","885","236","81","0","0","0","0","0","0","0","0","0","1355","0"
"2","duel_participant","duel","44","22","bot:/botfiles/easyds2.jkb","Stormtrooper","0","iphash:f51458ac","0","2","2","3","1570","1570","100","-14","68","19","14","1","1","0","pull","low_force","660","29","624","126","131","167","614","271","410","0","0","0","0","108","0","0"
"2","duel_participant","duel","45","23","iphash:f51458ac","^7Padawan","2","bot:/botfiles/hardds4.jkb","1","2","2","3","69","0","25","100","100","0","0","0","0","0","seeing","low_force","0","0","65","0","4","0","0","0","0","0","0","0","0","0","69","0"
"2","duel_participant","duel","46","23","bot:/botfiles/hardds4.jkb","New_Reborn","0","iphash:f51458ac","0","2","2","3","0","0","100","-8","100","0","1","0","1","0","","grip_control","0","0","0","0","0","0","0","0","0","0","0","0","0","0","0","0"
"2","duel_participant","duel","47","24","iphash:f51458ac","^7Padawan","2","bot:/botfiles/hardds4.jkb","1","2","2","3","66","0","28","100","100","0","0","0","0","0","seeing","forced_entries","0","0","65","0","1","0","0","0","0","0","0","0","0","0","66","0"
"2","duel_participant","duel","48","24","bot:/botfiles/hardds4.jkb","New_Reborn","0","iphash:f51458ac","0","2","2","3","19","19","100","-8","100","0","1","0","1","0","push","grip_control","0","0","19","0","0","19","0","0","0","0","0","0","0","0","0","0"
"2","duel_participant","duel","49","25","bot:/botfiles/hardds4.jkb","New_Reborn","0","iphash:f51458ac","1","2","2","3","1566","1498","32","100","85","53","8","0","3","0","push","low_force","396","168","289","375","338","173","658","132","603","0","0","0","0","0","0","0"
"2","duel_participant","duel","50","25","iphash:f51458ac","^7Padawan","2","bot:/botfiles/hardds4.jkb","0","2","2","3","1283","1283","100","-11","0","60","1","3","4","0","seeing","low_force","71","4","621","442","145","0","0","0","0","0","0","0","0","0","1283","0"
"2","duel_participant","duel","51","26","iphash:f51458ac","^7Padawan","2","bot:/botfiles/easyds2.jkb","1","2","2","3","68","0","26","100","100","0","0","0","0","0","seeing","forced_entries","0","0","65","0","3","0","0","0","0","0","0","0","0","0","68","0"
"2","duel_participant","duel","52","26","bot:/botfiles/easyds2.jkb","Stormtrooper","0","iphash:f51458ac","0","2","2","3","0","0","100","-8","100","0","1","0","0","0","","grip_control","0","0","0","0","0","0","0","0","0","0","0","0","0","0","0","0"
"2","duel_participant","duel","53","27","iphash:f51458ac","^7Padawan","2","bot:/botfiles/easyds2.jkb","1","2","2","3","905","814","3","100","97","39","0","0","1","0","seeing","low_force","274","20","64","365","182","0","0","0","0","0","0","0","0","0","905","0"
"2","duel_participant","duel","54","27","bot:/botfiles/easyds2.jkb","Stormtrooper","0","iphash:f51458ac","0","2","2","3","838","739","100","-16","100","52","1","0","2","0","push","low_force","32","0","291","487","28","286","199","0","353","0","0","0","0","0","0","0"
"2","duel_participant","duel","55","28","iphash:f51458ac","^7Padawan","2","iphash:cb041f6d","1","2","2","3","384","337","47","94","69","0","3","1","0","0","seeing","grip_control","0","0","104","0","280","0","0","0","0","0","0","0","0","0","384","0"
"2","duel_participant","duel","56","28","iphash:cb041f6d","Mpkill","2","iphash:f51458ac","0","2","2","3","266","250","100","-8","100","0","3","0","0","0","seeing","low_force","36","0","0","230","0","0","0","0","0","0","0","0","0","0","266","0"
"2","duel_participant","duel","57","29","iphash:f51458ac","^7Padawan","2","iphash:cb041f6d","1","2","2","3","546","479","33","82","95","17","2","0","0","0","seeing","low_force","228","0","139","132","47","0","0","0","0","0","0","0","0","0","546","0"
"2","duel_participant","duel","58","29","iphash:cb041f6d","Mpkill","2","iphash:f51458ac","0","2","2","3","427","427","100","-8","99","6","3","0","1","0","seeing","low_force","158","0","126","109","34","0","0","0","0","0","0","0","0","0","427","0"
"2","duel_participant","duel","59","30","iphash:f51458ac","^7Padawan","2","iphash:cb041f6d","1","2","2","3","1720","1671","45","70","95","14","22","0","0","0","seeing","grip_control","987","0","566","141","26","0","0","0","0","0","0","0","0","0","1720","0"
"2","duel_participant","duel","60","30","iphash:cb041f6d","Mpkill","2","iphash:f51458ac","0","2","2","3","1427","1427","100","-8","99","3","12","0","3","0","seeing","grip_control","908","0","445","13","61","0","0","0","0","0","0","0","0","0","1427","0"
"2","duel_participant","duel","61","31","iphash:d16d474d","^0-=^3'/^7o^3!^0d^0=-^6","2","bot:/botfiles/mediumds.jkb","1","2","2","3","416","325","9","80","67","21","0","1","2","0","seeing","low_force","91","50","8","185","82","0","0","0","0","0","0","0","0","0","416","0"
"2","duel_participant","duel","62","31","bot:/botfiles/mediumds.jkb","Saboteur","0","iphash:d16d474d","0","2","2","3","539","498","100","-2","0","17","0","4","1","0","drain","low_force","25","0","223","172","119","24","246","20","249","0","0","0","0","0","0","0"
"2","duel_participant","duel","63","32","bot:/botfiles/mediumds.jkb","Saboteur","0","user:void","1","2","2","3","471","387","16","40","7","6","1","6","2","0","pull","low_force","133","0","141","58","139","38","152","81","150","0","0","0","0","50","0","0"
"2","duel_participant","duel","64","32","user:void","void","1","bot:/botfiles/mediumds.jkb","0","2","2","3","426","426","100","-2","4","24","1","2","0","0","unknown","low_force","40","0","164","222","0","0","0","0","0","0","0","0","0","0","426","0"
"2","duel_participant","duel","65","33","user:void","void","1","bot:/botfiles/mediumds.jkb","1","2","2","3","329","250","15","80","69","25","0","1","1","0","unknown","low_force","51","48","0","184","46","0","0","0","0","0","0","0","0","0","329","0"
"2","duel_participant","duel","66","33","bot:/botfiles/mediumds.jkb","Saboteur","0","user:void","0","2","2","3","326","319","100","-10","0","16","0","4","0","0","pull","low_force","0","0","135","103","88","0","147","0","179","0","0","0","0","0","0","0"
"2","duel_participant","duel","67","34","bot:/botfiles/mediumds.jkb","Saboteur","0","user:void","1","2","2","3","1253","1154","1","100","0","66","0","6","0","0","drain","low_force","10","0","419","435","389","99","513","154","487","0","0","0","0","0","0","0"
"2","duel_participant","duel","68","34","user:void","void","1","bot:/botfiles/mediumds.jkb","0","2","2","3","1001","1001","100","-12","68","50","2","4","5","0","seeing","low_force","181","113","58","403","246","0","0","0","0","0","0","0","0","0","1001","0"
"2","duel_participant","duel","69","35","user:void","void","1","bot:/botfiles/mediumds.jkb","1","2","2","3","521","421","0","100","68","19","0","1","0","0","seeing","low_force","17","65","70","152","217","0","0","0","0","0","0","0","0","0","521","0"
"2","duel_participant","duel","70","35","bot:/botfiles/mediumds.jkb","Saboteur","0","user:void","0","2","2","3","363","363","100","-9","0","35","0","4","2","0","unknown","low_force","30","0","87","211","35","55","150","0","158","0","0","0","0","0","0","0"
"2","duel_participant","duel","71","36","user:void","void","1","bot:/botfiles/mediumds.jkb","1","2","2","3","1201","1121","20","100","37","63","2","3","4","0","seeing","low_force","157","16","121","518","389","0","0","0","0","0","0","0","0","0","1201","0"
"2","duel_participant","duel","72","36","bot:/botfiles/mediumds.jkb","Saboteur","0","user:void","0","2","2","3","1135","1103","100","-3","0","97","0","4","3","0","drain","low_force","0","0","309","635","191","114","292","159","570","0","0","0","0","0","0","0"
"2","duel_participant","duel","73","37","user:void","void","1","bot:/botfiles/mediumds.jkb","1","2","2","3","311","277","60","86","38","7","1","4","0","0","seeing","low_force","68","55","66","45","77","0","0","0","0","0","0","0","0","0","311","0"
"2","duel_participant","duel","74","37","bot:/botfiles/mediumds.jkb","Saboteur","0","user:void","0","2","2","3","368","295","100","0","0","9","0","4","1","0","unknown","low_force","0","0","210","143","15","71","126","51","120","0","0","0","0","0","0","0"
"2","duel_participant","duel","75","38","user:void","void","1","bot:/botfiles/mediumds.jkb","1","2","2","3","937","839","0","66","0","43","1","2","3","0","seeing","low_force","24","0","428","381","104","0","0","0","0","0","0","0","0","0","937","0"
"2","duel_participant","duel","76","38","bot:/botfiles/mediumds.jkb","Saboteur","0","user:void","0","2","2","3","1059","981","100","0","0","43","0","7","1","0","pull","low_force","250","35","250","348","176","88","492","64","365","0","0","0","0","50","0","0"
"2","duel_participant","duel","77","39","bot:/botfiles/mediumds.jkb","Saboteur","0","user:void","1","2","2","3","772","722","50","22","0","27","1","8","2","0","drain","low_force","50","0","221","337","164","62","283","57","320","0","0","0","0","50","0","0"
"2","duel_participant","duel","78","39","user:void","void","1","bot:/botfiles/mediumds.jkb","0","2","2","3","580","522","100","-2","69","30","1","1","2","0","seeing","low_force","219","32","74","203","52","0","0","0","0","0","0","0","0","0","580","0"
"2","duel_participant","duel","79","40","user:void","void","1","bot:/botfiles/hardds4.jkb","1","2","2","3","528","428","0","48","28","23","0","2","4","0","seeing","low_force","183","15","53","169","108","0","0","0","0","0","0","0","0","0","528","0"
"2","duel_participant","duel","80","40","bot:/botfiles/hardds4.jkb","Reborn_Twin","0","user:void","0","2","2","3","702","675","100","-12","0","22","0","6","1","0","grip","low_force","73","0","250","270","109","48","314","16","324","0","0","0","0","0","0","0"
"2","duel_participant","duel","81","41","user:void","void","1","bot:/botfiles/hardds4.jkb","1","2","2","3","707","607","0","80","69","39","0","2","3","0","unknown","low_force","101","44","94","315","153","0","0","0","0","0","0","0","0","0","707","0"
"2","duel_participant","duel","82","41","bot:/botfiles/hardds4.jkb","Reborn_Twin","0","user:void","0","2","2","3","669","645","100","-8","0","46","1","5","1","0","pull","low_force","68","0","152","382","67","59","235","0","375","0","0","0","0","0","0","0"
"2","duel_participant","duel","83","42","user:void","void","1","bot:/botfiles/hardds4.jkb","1","2","2","3","530","434","0","55","0","27","2","4","1","0","unknown","low_force","0","0","64","268","198","0","0","0","0","0","0","0","0","0","530","0"
"2","duel_participant","duel","84","42","bot:/botfiles/hardds4.jkb","Reborn_Twin","0","user:void","0","2","2","3","599","514","100","-4","98","40","0","1","1","0","pull","low_force","59","0","218","236","86","79","271","175","74","0","0","0","0","0","0","0"
"2","duel_participant","duel","85","43","user:void","void","1","bot:/botfiles/hardds4.jkb","1","2","2","3","501","501","100","60","98","6","2","1","2","0","seeing","low_force","140","62","55","113","131","0","0","0","0","0","0","0","0","0","501","0"
"2","duel_participant","duel","86","43","bot:/botfiles/hardds4.jkb","Reborn_Twin","0","user:void","0","2","2","3","565","565","100","-39","0","30","1","2","1","0","push","low_force","68","0","313","155","29","24","115","140","226","0","0","0","0","60","0","0"
"2","duel_participant","duel","87","44","iphash:eea7995d","LWL","2","bot:/botfiles/hardds4.jkb","1","1","2","2","33","33","100","100","91","0","0","0","0","0","pull","linear_entries","33","0","0","0","0","0","33","0","0","0","0","0","0","0","0","0"
"2","duel_participant","duel","88","44","bot:/botfiles/hardds4.jkb","New_Reborn","0","iphash:eea7995d","0","2","1","2","0","0","100","-26","0","0","0","0","0","0","","forced_entries","0","0","0","0","0","0","0","0","0","0","0","0","0","0","0","0"
"2","duel_participant","duel","89","45","bot:/botfiles/hardds4.jkb","New_Reborn","0","iphash:eea7995d","1","2","1","2","323","247","24","100","98","10","0","0","0","0","pull","low_force","85","44","40","109","45","0","163","0","110","0","0","0","0","50","0","0"
"2","duel_participant","duel","90","45","iphash:eea7995d","LWL","2","bot:/botfiles/hardds4.jkb","0","1","2","2","222","222","100","0","69","14","0","1","2","0","pull","low_force","18","0","136","66","2","0","222","0","0","0","0","0","0","0","0","0"
"2","duel_participant","duel","91","46","bot:/botfiles/hardds2.jkb","Skryptr","0","iphash:eea7995d","1","2","1","2","2064","1975","11","64","0","26","0","7","4","0","grip","low_force","700","15","658","351","340","126","836","277","685","0","0","0","0","140","0","0"
"2","duel_participant","duel","92","46","iphash:eea7995d","LWL","2","bot:/botfiles/hardds2.jkb","0","1","2","2","2085","2085","100","-11","0","58","3","7","4","0","pull","low_force","727","5","617","664","72","0","2018","0","0","0","0","0","0","0","67","0"
"2","duel_participant","duel","93","47","iphash:4cdd29ac","^0-=^3'/^7o^3!^0d^0=-^6","2","bot:/botfiles/hardds.jkb","1","2","2","3","1461","1368","1","100","0","47","3","5","3","0","unknown","low_force","91","0","537","422","411","0","0","0","0","0","0","0","0","0","1461","0"
"2","duel_participant","duel","94","47","bot:/botfiles/hardds.jkb","Desann","0","iphash:4cdd29ac","0","2","2","3","1388","1374","100","-4","0","103","0","7","4","0","unknown","low_force","113","19","525","558","173","239","448","277","404","0","0","0","0","0","0","20"
"2","duel_participant","duel","95","48","iphash:4cdd29ac","^0-=^3'/^7o^3!^0d^0=-^6","2","bot:/botfiles/hardds.jkb","1","2","2","3","222","128","6","80","70","12","0","1","0","0","seeing","low_force","20","0","106","96","0","0","0","0","0","0","0","0","0","0","222","0"
"2","duel_participant","duel","96","48","bot:/botfiles/hardds.jkb","Desann","0","iphash:4cdd29ac","0","2","2","3","205","193","100","-10","0","0","0","7","3","0","pull","saber_throw","43","0","18","19","125","56","99","0","50","0","0","0","0","0","0","0"
"2","duel_participant","duel","97","49","iphash:4cdd29ac","^0-=^3'/^7o^3!^0d^0=-^6","2","bot:/botfiles/hardds.jkb","1","2","2","3","488","449","55","68","68","11","0","1","1","0","seeing","low_force","12","0","180","114","182","0","0","0","0","0","0","0","0","0","488","0"
"2","duel_participant","duel","98","49","bot:/botfiles/hardds.jkb","Desann","0","iphash:4cdd29ac","0","2","2","3","291","210","100","0","67","11","1","3","1","0","push","low_force","93","0","59","139","0","19","40","0","105","0","0","0","0","127","0","0"
"2","duel_participant","duel","99","50","iphash:4cdd29ac","^0-=^3'/^7o^3!^0d^0=-^6","2","iphash:72feb6d1","1","2","1","2","158","158","100","100","100","0","0","0","0","0","seeing","forced_entries","146","0","12","0","0","0","0","0","0","0","0","0","0","0","158","0"
"2","duel_participant","duel","100","50","iphash:72feb6d1","123c741_12ock37","2","iphash:4cdd29ac","0","1","2","2","8","8","100","-23","0","0","0","0","0","0","seeing","linear_entries","8","0","0","0","0","0","0","0","0","0","0","0","0","0","8","0"
"2","duel_participant","duel","101","51","iphash:4cdd29ac","^0-=^3'/^7o^3!^0d^0=-^6","2","iphash:72feb6d1","1","2","1","2","160","160","100","92","0","0","0","0","0","0","seeing","late_defense","68","0","82","0","10","0","0","0","0","0","0","0","0","0","160","0"
"2","duel_participant","duel","102","51","iphash:72feb6d1","123c741_12ock37","2","iphash:4cdd29ac","0","1","2","2","65","65","100","-26","0","0","1","0","0","0","seeing","forced_entries","11","0","54","0","0","0","0","0","0","0","0","0","0","0","65","0"
"2","duel_participant","duel","103","52","iphash:4cdd29ac","^0-=^3'/^7o^3!^0d^0=-^6","2","bot:/botfiles/mediumds.jkb","1","2","2","3","663","563","0","80","28","19","2","2","2","0","seeing","low_force","105","97","45","171","245","0","0","0","0","0","0","0","0","0","663","0"
"2","duel_participant","duel","104","52","bot:/botfiles/mediumds.jkb","Saboteur","0","iphash:4cdd29ac","0","2","2","3","657","592","100","-23","0","52","0","3","2","0","unknown","low_force","80","0","262","310","5","19","217","186","235","0","0","0","0","0","0","0"
"2","duel_participant","duel","105","53","bot:/botfiles/hardds4.jkb","New_Reborn","0","iphash:72feb6d1","1","2","1","2","108","35","27","100","100","0","0","0","0","0","unknown","late_defense","5","0","103","0","0","0","24","59","0","0","0","0","0","0","0","25"
"2","duel_participant","duel","106","53","iphash:72feb6d1","123c741_12ock37","2","bot:/botfiles/hardds4.jkb","0","1","2","2","0","0","100","-6","69","0","1","1","2","0","unknown","knockdown","0","0","0","0","0","0","0","0","0","0","0","0","0","0","0","0"
"2","duel_participant","duel","107","54","iphash:4cdd29ac","^0-=^3'/^7o^3!^0d^0=-^6","2","bot:/botfiles/hardds.jkb","1","2","2","3","407","321","14","80","38","16","0","3","3","0","seeing","low_force","25","0","109","130","143","0","0","0","0","0","0","0","0","0","407","0"
"2","duel_participant","duel","108","54","bot:/botfiles/hardds.jkb","Desann","0","iphash:4cdd29ac","0","2","2","3","492","432","100","-10","0","23","0","4","1","0","speed","low_force","25","0","240","143","84","54","207","44","162","0","0","0","0","25","0","0"
"2","duel_participant","duel","109","55","bot:/botfiles/hardds4.jkb","New_Reborn","0","iphash:72feb6d1","1","2","1","2","94","29","35","100","89","0","0","0","0","0","speed","forced_entries","9","0","77","0","8","0","0","69","0","0","0","0","0","25","0","0"
"2","duel_participant","duel","110","55","iphash:72feb6d1","123c741_12ock37","2","bot:/botfiles/hardds4.jkb","0","1","2","2","16","16","100","-26","99","0","1","0","1","0","seeing","grip_control","8","0","8","0","0","0","0","0","0","0","0","0","0","0","16","0"
"2","duel_participant","duel","111","56","bot:/botfiles/hardds.jkb","Desann","0","iphash:4cdd29ac","1","2","2","3","374","295","21","100","100","5","0","0","0","0","pull","late_defense","51","0","304","5","14","20","243","104","0","0","0","0","0","0","0","7"
"2","duel_participant","duel","112","56","iphash:4cdd29ac","^0-=^3'/^7o^3!^0d^0=-^6","2","bot:/botfiles/hardds.jkb","0","2","2","3","60","60","100","-28","0","0","1","6","1","0","seeing","saber_throw","25","0","35","0","0","0","0","0","0","0","0","0","0","0","60","0"
"2","duel_participant","duel","113","57","bot:/botfiles/hardds.jkb","Desann","0","iphash:72feb6d1","1","2","1","2","154","59","5","100","97","15","0","0","0","0","pull","low_force","24","0","109","21","0","0","49","105","0","0","0","0","0","0","0","0"
"2","duel_participant","duel","114","57","iphash:72feb6d1","123c741_12ock37","2","bot:/botfiles/hardds.jkb","0","1","2","2","6","6","100","-26","70","0","1","2","1","0","seeing","saber_throw","6","0","0","0","0","0","0","0","0","0","0","0","0","0","6","0"
"2","duel_participant","duel","115","58","bot:/botfiles/hardds2.jkb","Skryptr","0","iphash:4cdd29ac","1","2","2","3","540","452","12","51","0","15","1","5","1","0","pull","low_force","43","0","206","62","229","47","250","113","130","0","0","0","0","0","0","0"
"2","duel_participant","duel","116","58","iphash:4cdd29ac","^0-=^3'/^7o^3!^0d^0=-^6","2","bot:/botfiles/hardds2.jkb","0","2","2","3","385","385","100","-12","69","27","1","1","2","0","seeing","low_force","147","0","6","209","23","0","0","0","0","0","0","0","0","0","385","0"
"2","duel_participant","duel","117","59","iphash:4cdd29ac","^0-=^3'/^7o^3!^0d^0=-^6","2","iphash:72feb6d1","1","2","1","2","140","140","100","100","90","0","0","0","0","0","seeing","late_defense","0","0","140","0","0","0","0","0","0","0","0","0","0","0","140","0"
"2","duel_participant","duel","118","59","iphash:72feb6d1","123c741_12ock37","2","iphash:4cdd29ac","0","1","2","2","8","8","100","-10","0","0","0","3","0","0","unknown","saber_throw","0","0","8","0","0","0","0","0","0","0","0","0","0","0","8","0"
"2","duel_participant","duel","119","60","iphash:4cdd29ac","^0-=^3'/^7o^3!^0d^0=-^6","2","iphash:72feb6d1","1","2","1","2","254","254","100","100","86","0","0","0","0","0","seeing","late_defense","114","0","140","0","0","0","0","0","0","0","0","0","0","0","254","0"
"2","duel_participant","duel","120","60","iphash:72feb6d1","123c741_12ock37","2","iphash:4cdd29ac","0","1","2","2","144","144","100","-12","0","0","1","1","0","0","seeing","forced_entries","34","0","110","0","0","0","0","0","0","0","0","0","0","0","144","0"
"2","duel_participant","duel","121","61","bot:/botfiles/hardds.jkb","Desann","0","iphash:4cdd29ac","1","2","2","3","175","90","15","100","100","2","0","0","0","0","push","low_force","5","0","97","25","48","25","69","81","0","0","0","0","0","0","0","0"
"2","duel_participant","duel","122","61","iphash:4cdd29ac","^0-=^3'/^7o^3!^0d^0=-^6","2","bot:/botfiles/hardds.jkb","0","2","2","3","0","0","100","-8","10","0","1","3","1","0","unknown","saber_throw","0","0","0","0","0","0","0","0","0","0","0","0","0","0","0","0"
"2","duel_participant","duel","123","62","bot:/botfiles/easyds2.jkb","Swamptrooper","0","iphash:72feb6d1","1","2","1","2","458","453","95","100","89","1","0","0","0","0","grip","late_defense","10","0","297","40","111","80","177","201","0","0","0","0","0","0","0","0"
"2","duel_participant","duel","124","62","iphash:72feb6d1","123c741_12ock37","2","bot:/botfiles/easyds2.jkb","0","1","2","2","25","25","100","-17","38","0","1","2","2","0","seeing","saber_throw","8","0","8","9","0","0","0","0","0","0","0","0","0","0","25","0"
"2","duel_participant","duel","125","63","bot:/botfiles/easyds2.jkb","Swamptrooper","0","iphash:72feb6d1","1","2","1","2","582","501","19","100","68","2","0","1","0","0","pull","late_defense","68","0","282","26","206","65","315","61","35","0","0","0","0","106","0","0"
"2","duel_participant","duel","126","63","iphash:72feb6d1","123c741_12ock37","2","bot:/botfiles/easyds2.jkb","0","1","2","2","290","290","100","-2","68","0","1","2","4","0","seeing","low_force","45","0","99","146","0","0","0","0","0","0","0","0","0","0","290","0"
"2","duel_participant","duel","127","64","bot:/botfiles/easyds2.jkb","Swamptrooper","0","iphash:72feb6d1","1","2","1","2","237","220","83","100","99","0","0","0","0","0","pull","late_defense","14","0","176","0","47","0","41","196","0","0","0","0","0","0","0","0"
"2","duel_participant","duel","128","64","iphash:72feb6d1","123c741_12ock37","2","bot:/botfiles/easyds2.jkb","0","1","2","2","25","25","100","-6","99","0","3","0","1","0","seeing","grip_control","0","0","25","0","0","0","0","0","0","0","0","0","0","0","25","0"
"2","duel_participant","duel","129","65","bot:/botfiles/easyds2.jkb","Swamptrooper","0","iphash:72feb6d1","1","2","1","2","288","237","49","100","90","0","0","0","0","0","speed","late_defense","9","0","139","0","140","0","59","144","0","0","0","0","0","85","0","0"
"2","duel_participant","duel","130","65","iphash:72feb6d1","123c741_12ock37","2","bot:/botfiles/easyds2.jkb","0","1","2","2","24","24","100","-4","10","0","2","4","1","0","unknown","saber_throw","0","0","24","0","0","0","0","0","0","0","0","0","0","0","24","0"
"2","duel_participant","duel","131","66","bot:/botfiles/mediumds.jkb","Saboteur","0","user:void","1","2","2","3","614","518","4","66","0","17","1","7","1","0","seeing","low_force","35","0","288","148","143","111","217","103","109","0","0","0","0","50","24","0"
"2","duel_participant","duel","132","66","user:void","void","1","bot:/botfiles/mediumds.jkb","0","2","2","3","434","434","100","-10","37","13","2","2","2","0","unknown","low_force","20","0","157","95","162","0","0","0","0","0","0","0","0","0","434","0"
"2","duel_participant","duel","133","67","bot:/botfiles/mediumds.jkb","Saboteur","0","user:void","1","2","2","3","808","729","21","74","0","26","1","5","2","0","pull","low_force","101","0","116","206","385","63","410","65","270","0","0","0","0","0","0","0"
"2","duel_participant","duel","134","67","user:void","void","1","bot:/botfiles/mediumds.jkb","0","2","2","3","571","571","100","-8","19","40","0","2","2","0","seeing","low_force","0","0","227","234","110","0","0","0","0","0","0","0","0","0","571","0"
"2","duel_participant","duel","135","68","user:void","void","1","bot:/botfiles/mediumds.jkb","1","2","2","3","593","544","45","68","5","37","3","4","3","0","unknown","low_force","0","0","232","107","254","0","0","0","0","0","0","0","0","0","593","0"
"2","duel_participant","duel","136","68","bot:/botfiles/mediumds.jkb","Saboteur","0","user:void","0","2","2","3","567","492","100","-8","7","30","1","5","1","0","pull","low_force","86","15","211","165","90","0","130","195","171","0","0","0","0","71","0","0"
"2","duel_participant","duel","137","69","user:void","void","1","bot:/botfiles/mediumds.jkb","1","2","2","3","500","423","23","100","70","24","0","1","1","0","seeing","low_force","162","8","74","166","90","0","0","0","0","0","0","0","0","0","500","0"
"2","duel_participant","duel","138","69","bot:/botfiles/mediumds.jkb","Saboteur","0","user:void","0","2","2","3","436","420","100","-23","0","32","0","5","1","0","speed","low_force","28","0","187","201","20","19","93","0","319","0","0","0","0","5","0","0"
"2","duel_participant","duel","139","70","bot:/botfiles/mediumds.jkb","Saboteur","0","user:void","1","2","2","3","1641","1587","46","54","0","98","0","6","4","0","pull","low_force","224","0","265","695","457","154","711","25","751","0","0","0","0","0","0","0"
"2","duel_participant","duel","140","70","user:void","void","1","bot:/botfiles/mediumds.jkb","0","2","2","3","1464","1385","100","-5","8","82","0","3","6","0","unknown","low_force","185","5","348","554","372","0","0","0","0","0","0","0","0","0","1464","0"
"2","duel_participant","duel","141","71","user:void","void","1","bot:/botfiles/mediumds.jkb","1","2","2","3","679","579","0","72","8","42","0","3","1","0","seeing","low_force","134","15","128","325","77","0","0","0","0","0","0","0","0","0","679","0"
"2","duel_participant","duel","142","71","bot:/botfiles/mediumds.jkb","Saboteur","0","user:void","0","2","2","3","805","715","100","-2","0","34","0","10","0","0","unknown","low_force","0","0","230","375","200","16","344","48","397","0","0","0","0","0","0","0"
"2","duel_participant","duel","143","72","user:void","void","1","bot:/botfiles/mediumds.jkb","1","2","2","3","676","606","24","100","70","37","0","1","3","0","seeing","low_force","89","39","70","247","231","0","0","0","0","0","0","0","0","0","676","0"
"2","duel_participant","duel","144","72","bot:/botfiles/mediumds.jkb","Saboteur","0","user:void","0","2","2","3","615","535","100","-15","7","46","0","13","2","0","pull","low_force","9","0","134","340","132","123","222","0","220","50","0","0","0","0","0","0"
"2","duel_participant","duel","145","73","user:void","void","1","bot:/botfiles/mediumds.jkb","1","2","2","3","982","953","65","100","65","23","2","2","3","0","seeing","low_force","191","248","43","240","260","0","0","0","0","0","0","0","0","0","982","0"
"2","duel_participant","duel","146","73","bot:/botfiles/mediumds.jkb","Saboteur","0","user:void","0","2","2","3","1041","945","100","-19","0","32","0","10","1","0","push","low_force","40","0","604","340","57","193","307","163","328","50","0","0","0","0","0","0"
"2","duel_participant","duel","147","74","user:void","void","1","bot:/botfiles/mediumds.jkb","1","2","2","3","434","351","11","56","0","7","1","4","2","0","seeing","low_force","137","0","173","61","63","0","0","0","0","0","0","0","0","0","434","0"
"2","duel_participant","duel","148","74","bot:/botfiles/mediumds.jkb","Saboteur","0","user:void","0","2","2","3","426","406","100","-8","0","7","0","5","0","0","drain","low_force","52","0","290","75","9","0","265","91","70","0","0","0","0","0","0","0"
"2","duel_participant","duel","149","75","user:void","void","1","bot:/botfiles/mediumds.jkb","1","2","2","3","383","299","16","85","0","5","0","6","2","0","seeing","low_force","78","0","144","76","85","0","0","0","0","0","0","0","0","0","383","0"
"2","duel_participant","duel","150","75","bot:/botfiles/mediumds.jkb","Saboteur","0","user:void","0","2","2","3","492","488","100","-13","0","14","1","2","3","0","drain","low_force","152","0","205","93","42","154","225","16","97","0","0","0","0","0","0","0"
"2","duel_participant","duel","151","76","user:void","void","1","bot:/botfiles/mediumds.jkb","1","2","2","3","643","545","2","70","38","26","1","3","1","0","seeing","low_force","130","5","116","253","139","0","0","0","0","0","0","0","0","0","643","0"
"2","duel_participant","duel","152","76","bot:/botfiles/mediumds.jkb","Saboteur","0","user:void","0","2","2","3","579","579","100","-17","0","30","0","5","2","0","push","low_force","59","0","209","129","182","24","229","118","188","0","0","0","0","20","0","0"
"2","duel_participant","duel","153","77","user:void","void","1","bot:/botfiles/mediumds.jkb","1","2","2","3","322","230","8","57","9","5","0","3","2","0","unknown","low_force","29","0","154","60","79","0","0","0","0","0","0","0","0","0","322","0"
"2","duel_participant","duel","154","77","bot:/botfiles/mediumds.jkb","Saboteur","0","user:void","0","2","2","3","361","346","100","-11","0","9","1","5","0","0","drain","low_force","15","0","195","108","43","0","210","25","126","0","0","0","0","0","0","0"
"2","duel_participant","duel","155","78","bot:/botfiles/mediumds.jkb","Cultist","0","user:void","1","2","2","3","287","217","30","100","69","19","0","1","0","0","pull","low_force","4","0","195","88","0","65","222","0","0","0","0","0","0","0","0","0"
"2","duel_participant","duel","156","78","user:void","void","1","bot:/botfiles/mediumds.jkb","0","2","2","3","190","179","100","-9","0","0","0","5","1","0","unknown","saber_throw","0","0","75","0","115","0","0","0","0","0","0","0","0","0","190","0"
"2","duel_participant","duel","157","79","user:void","void","1","bot:/botfiles/mediumds.jkb","1","2","2","3","478","378","0","96","69","29","0","1","0","0","seeing","low_force","92","0","118","244","24","0","0","0","0","0","0","0","0","0","478","0"
"2","duel_participant","duel","158","79","bot:/botfiles/mediumds.jkb","Cultist","0","user:void","0","2","2","3","450","399","100","-2","0","12","0","7","3","0","pull","low_force","10","0","240","95","105","56","69","25","300","0","0","0","0","0","0","0"
"2","duel_participant","duel","159","80","user:void","void","1","bot:/botfiles/mediumds.jkb","1","2","2","3","395","316","21","72","9","10","0","3","2","0","unknown","low_force","63","0","112","112","108","0","0","0","0","0","0","0","0","0","395","0"
"2","duel_participant","duel","160","80","bot:/botfiles/mediumds.jkb","Cultist","0","user:void","0","2","2","3","352","311","100","-10","0","23","0","3","2","0","pull","low_force","40","0","132","160","20","38","132","4","178","0","0","0","0","0","0","0"
"2","duel_participant","duel","161","81","user:void","void","1","bot:/botfiles/hardds2.jkb","1","2","2","3","915","815","0","32","95","72","0","0","2","0","seeing","low_force","110","0","122","592","91","0","0","0","0","0","0","0","0","0","915","0"
"2","duel_participant","duel","162","81","bot:/botfiles/hardds2.jkb","Skryptr","0","user:void","0","2","2","3","921","858","100","-6","0","47","1","5","0","0","unknown","low_force","39","0","114","401","367","19","409","5","488","0","0","0","0","0","0","0"
"2","duel_participant","duel","163","82","user:void","void","1","bot:/botfiles/hardds2.jkb","1","2","2","3","246","216","70","96","68","1","0","1","0","0","seeing","low_force","40","53","86","6","61","0","0","0","0","0","0","0","0","0","246","0"
"2","duel_participant","duel","164","82","bot:/botfiles/hardds2.jkb","Skryptr","0","user:void","0","2","2","3","234","153","100","-20","0","14","0","3","0","0","pull","low_force","0","0","169","65","0","0","24","0","210","0","0","0","0","0","0","0"
"2","duel_participant","duel","165","83","user:void","void","1","bot:/botfiles/hardds2.jkb","1","2","2","3","0","0","100","100","99","0","0","0","0","0","","linear_entries","0","0","0","0","0","0","0","0","0","0","0","0","0","0","0","0"
"2","duel_participant","duel","166","83","bot:/botfiles/hardds2.jkb","Skryptr","0","user:void","0","2","2","3","0","0","100","-21","0","0","0","0","0","0","","linear_entries","0","0","0","0","0","0","0","0","0","0","0","0","0","0","0","0"
"2","duel_participant","duel","167","84","user:void","void","1","bot:/botfiles/hardds2.jkb","1","2","2","3","0","0","100","100","98","0","0","0","0","0","","linear_entries","0","0","0","0","0","0","0","0","0","0","0","0","0","0","0","0"
"2","duel_participant","duel","168","84","bot:/botfiles/hardds2.jkb","Skryptr","0","user:void","0","2","2","3","0","0","100","-32","0","0","0","0","0","0","","linear_entries","0","0","0","0","0","0","0","0","0","0","0","0","0","0","0","0"
"2","duel_participant","duel","169","85","user:void","void","1","bot:/botfiles/hardds2.jkb","1","2","2","3","0","0","100","100","98","0","0","0","0","0","","linear_entries","0","0","0","0","0","0","0","0","0","0","0","0","0","0","0","0"
"2","duel_participant","duel","170","85","bot:/botfiles/hardds2.jkb","Skryptr","0","user:void","0","2","2","3","0","0","100","-11","0","0","0","0","0","0","","linear_entries","0","0","0","0","0","0","0","0","0","0","0","0","0","0","0","0"
"2","duel_participant","duel","171","86","user:void","void","1","bot:/botfiles/hardds2.jkb","1","2","2","3","25","25","100","100","94","0","0","0","0","0","seeing","late_defense","0","0","25","0","0","0","0","0","0","0","0","0","0","0","25","0"
"2","duel_participant","duel","172","86","bot:/botfiles/hardds2.jkb","Skryptr","0","user:void","0","2","2","3","0","0","100","-4","0","0","0","0","0","0","","linear_entries","0","0","0","0","0","0","0","0","0","0","0","0","0","0","0","0"
"2","duel_participant","duel","173","87","user:void","void","1","bot:/botfiles/hardds2.jkb","1","2","2","3","0","0","100","100","99","0","0","0","0","0","","linear_entries","0","0","0","0","0","0","0","0","0","0","0","0","0","0","0","0"
"2","duel_participant","duel","174","87","bot:/botfiles/hardds2.jkb","Skryptr","0","user:void","0","2","2","3","0","0","100","-12","0","0","0","0","0","0","","linear_entries","0","0","0","0","0","0","0","0","0","0","0","0","0","0","0","0"
"2","duel_participant","duel","175","88","user:void","void","1","bot:/botfiles/hardds2.jkb","1","2","2","3","95","58","63","100","99","0","0","0","0","0","seeing","forced_entries","0","0","67","0","28","0","0","0","0","0","0","0","0","0","95","0"
"2","duel_participant","duel","176","88","bot:/botfiles/hardds2.jkb","Skryptr","0","user:void","0","2","2","3","40","40","100","-16","99","0","1","0","1","0","pull","low_force","0","0","0","40","0","0","40","0","0","0","0","0","0","0","0","0"
"2","duel_participant","duel","177","89","user:void","void","1","bot:/botfiles/hardds2.jkb","1","2","2","3","364","283","19","68","70","18","0","1","2","0","unknown","low_force","0","0","118","192","54","0","0","0","0","0","0","0","0","0","364","0"
"2","duel_participant","duel","178","89","bot:/botfiles/hardds2.jkb","Skryptr","0","user:void","0","2","2","3","485","416","100","-4","0","14","0","6","1","0","push","low_force","20","5","59","223","178","99","256","5","125","0","0","0","0","0","0","0"
"2","duel_participant","duel","179","90","user:void","void","1","bot:/botfiles/hardds2.jkb","1","2","2","3","163","63","0","100","99","9","0","0","0","0","seeing","low_force","0","0","110","53","0","0","0","0","0","0","0","0","0","0","163","0"
"2","duel_participant","duel","180","90","bot:/botfiles/hardds2.jkb","Skryptr","0","user:void","0","2","2","3","164","79","100","-10","0","2","0","2","0","0","unknown","low_force","0","0","80","25","59","0","39","0","125","0","0","0","0","0","0","0"
"2","duel_participant","duel","181","91","bot:/botfiles/hardds2.jkb","Skryptr","0","user:void","1","2","2","3","467","371","4","100","37","35","0","1","0","0","drain","low_force","70","0","257","136","4","25","104","173","165","0","0","0","0","0","0","0"
"2","duel_participant","duel","182","91","user:void","void","1","bot:/botfiles/hardds2.jkb","0","2","2","3","379","379","100","-8","8","5","2","3","0","0","seeing","low_force","53","0","147","53","126","0","0","0","0","0","0","0","0","0","379","0"
"2","duel_participant","duel","183","92","bot:/botfiles/hardds2.jkb","Skryptr","0","user:void","1","2","2","3","708","655","47","23","0","17","2","3","0","0","grip","low_force","177","5","208","146","172","38","322","134","214","0","0","0","0","0","0","0"
"2","duel_participant","duel","184","92","user:void","void","1","bot:/botfiles/hardds2.jkb","0","2","2","3","503","503","100","-13","9","23","1","4","5","0","unknown","low_force","175","30","120","150","28","0","0","0","0","0","0","0","0","0","503","0"
"2","duel_participant","duel","185","93","user:void","void","1","bot:/botfiles/hardds2.jkb","1","2","2","3","402","305","3","12","66","40","0","1","2","0","seeing","low_force","104","20","0","273","5","0","0","0","0","0","0","0","0","0","402","0"
"2","duel_participant","duel","186","93","bot:/botfiles/hardds2.jkb","Skryptr","0","user:void","0","2","2","3","550","512","100","-24","0","10","0","7","1","0","pull","low_force","38","0","66","185","261","19","322","5","204","0","0","0","0","0","0","0"
"2","duel_participant","duel","187","94","bot:/botfiles/hardds2.jkb","Skryptr","0","user:void","1","2","2","3","357","272","15","100","30","37","1","0","0","0","drain","low_force","127","0","77","106","47","24","50","174","109","0","0","0","0","0","0","0"
"2","duel_participant","duel","188","94","user:void","void","1","bot:/botfiles/hardds2.jkb","0","2","2","3","390","390","100","-19","68","14","2","1","3","0","seeing","low_force","109","0","38","143","100","0","0","0","0","0","0","0","0","0","390","0"
"2","duel_participant","duel","189","95","user:void","void","1","bot:/botfiles/hardds2.jkb","1","2","2","3","189","144","55","80","99","7","0","0","0","0","seeing","low_force","60","20","0","43","66","0","0","0","0","0","0","0","0","0","189","0"
"2","duel_participant","duel","190","95","bot:/botfiles/hardds2.jkb","Skryptr","0","user:void","0","2","2","3","134","68","100","-1","0","3","0","3","0","0","pull","low_force","0","0","44","65","25","20","64","0","50","0","0","0","0","0","0","0"
"2","duel_participant","duel","191","96","user:void","void","1","bot:/botfiles/hardds2.jkb","1","2","2","3","988","919","31","61","0","50","0","8","5","0","seeing","low_force","57","0","459","315","157","0","0","0","0","0","0","0","0","0","988","0"
"2","duel_participant","duel","192","96","bot:/botfiles/hardds2.jkb","Skryptr","0","user:void","0","2","2","3","1305","1289","100","-12","0","43","2","6","5","0","push","low_force","236","5","317","321","426","234","593","5","473","0","0","0","0","0","0","0"
"2","duel_participant","duel","193","97","user:void","void","1","bot:/botfiles/hardds2.jkb","1","2","2","3","422","322","0","80","7","14","0","3","0","0","seeing","low_force","82","10","110","113","107","0","0","0","0","0","0","0","0","0","422","0"
"2","duel_participant","duel","194","97","bot:/botfiles/hardds2.jkb","Skryptr","0","user:void","0","2","2","3","379","322","100","-6","0","12","1","6","1","0","unknown","low_force","0","0","214","105","60","24","220","0","135","0","0","0","0","0","0","0"
"2","duel_participant","duel","195","98","user:void","void","1","bot:/botfiles/hardds2.jkb","1","2","2","3","274","174","0","100","40","10","0","2","0","0","unknown","low_force","104","0","0","98","72","0","0","0","0","0","0","0","0","0","274","0"
"2","duel_participant","duel","196","98","bot:/botfiles/hardds2.jkb","Skryptr","0","user:void","0","2","2","3","268","268","100","-13","0","17","0","6","0","0","pull","low_force","4","0","139","120","5","0","128","0","140","0","0","0","0","0","0","0"
"2","duel_participant","duel","197","99","user:void","void","1","bot:/botfiles/hardds2.jkb","1","2","2","3","1347","1313","66","70","34","43","4","4","5","0","unknown","low_force","255","67","155","468","402","0","0","0","0","0","0","0","0","0","1347","0"
"2","duel_participant","duel","198","99","bot:/botfiles/hardds2.jkb","Skryptr","0","user:void","0","2","2","3","1384","1334","100","-6","0","106","0","4","3","0","pull","low_force","46","0","635","493","210","89","359","234","702","0","0","0","0","0","0","0"
"2","duel_participant","duel","199","100","user:void","void","1","bot:/botfiles/hardds2.jkb","1","2","2","3","1062","976","14","56","7","35","2","5","3","0","seeing","low_force","152","67","224","337","282","0","0","0","0","0","0","0","0","0","1062","0"
"2","duel_participant","duel","200","100","bot:/botfiles/hardds2.jkb","Skryptr","0","user:void","0","2","2","3","1052","994","100","-4","0","57","1","4","4","0","unknown","low_force","247","0","345","356","104","100","249","212","491","0","0","0","0","0","0","0"
"2","duel_participant","duel","201","101","user:void","void","1","bot:/botfiles/hardds2.jkb","1","2","2","3","97","39","42","80","70","0","0","1","1","0","seeing","forced_entries","31","0","35","0","31","0","0","0","0","0","0","0","0","0","97","0"
"2","duel_participant","duel","202","101","bot:/botfiles/hardds2.jkb","Skryptr","0","user:void","0","2","2","3","45","45","100","-8","99","0","1","0","1","0","drain","forced_entries","5","0","40","0","0","0","20","0","25","0","0","0","0","0","0","0"
"2","duel_participant","duel","203","102","user:void","void","1","bot:/botfiles/hardds2.jkb","1","2","2","3","338","257","19","60","37","11","0","3","0","0","seeing","low_force","34","66","86","75","77","0","0","0","0","0","0","0","0","0","338","0"
"2","duel_participant","duel","204","102","bot:/botfiles/hardds2.jkb","Skryptr","0","user:void","0","2","2","3","376","315","100","-13","0","19","0","5","2","0","drain","low_force","0","0","162","194","20","62","148","0","166","0","0","0","0","0","0","0"
"2","duel_participant","duel","205","103","bot:/botfiles/hardds2.jkb","Skryptr","0","user:void","1","2","2","3","491","398","7","100","0","17","0","5","2","0","drain","low_force","108","0","171","118","94","55","107","86","243","0","0","0","0","0","0","0"
"2","duel_participant","duel","206","103","user:void","void","1","bot:/botfiles/hardds2.jkb","0","2","2","3","436","436","100","-2","70","19","2","1","1","0","unknown","low_force","139","19","86","182","10","0","0","0","0","0","0","0","0","0","436","0"
"2","duel_participant","duel","207","104","bot:/botfiles/hardds2.jkb","Skryptr","0","user:void","1","2","2","3","305","234","29","98","94","0","1","0","1","0","pull","late_defense","24","0","263","0","18","72","149","84","0","0","0","0","0","0","0","0"
"2","duel_participant","duel","208","104","user:void","void","1","bot:/botfiles/hardds2.jkb","0","2","2","3","37","37","100","-26","10","0","1","3","2","0","seeing","saber_throw","31","0","6","0","0","0","0","0","0","0","0","0","0","0","37","0"
"2","duel_participant","duel","209","105","bot:/botfiles/mediumds.jkb","Alora","0","iphash:4cdd29ac","1","2","2","3","189","92","3","98","35","22","1","0","1","0","seeing","low_force","104","0","55","30","0","38","20","106","0","0","0","0","0","0","25","0"
"2","duel_participant","duel","210","105","iphash:4cdd29ac","^0-=^3'/^7o^3!^0d^0=-^6","2","bot:/botfiles/mediumds.jkb","0","2","2","3","133","133","100","0","38","1","1","3","1","0","unknown","low_force","35","0","93","5","0","0","0","0","0","0","0","0","0","0","133","0"
"2","duel_participant","duel","211","106","iphash:4cdd29ac","^0-=^3'/^7o^3!^0d^0=-^6","2","bot:/botfiles/mediumds.jkb","1","2","2","3","1068","981","7","100","40","33","2","2","2","0","unknown","low_force","179","5","266","275","343","0","0","0","0","0","0","0","0","0","1068","0"
"2","duel_participant","duel","212","106","bot:/botfiles/mediumds.jkb","Alora","0","iphash:4cdd29ac","0","2","2","3","1010","1010","100","-8","37","57","0","1","3","0","grip","low_force","258","12","299","367","74","188","313","144","365","0","0","0","0","0","0","0"
"2","duel_participant","duel","213","107","bot:/botfiles/mediumds.jkb","Alora","0","iphash:4cdd29ac","1","2","2","3","721","638","17","100","57","14","1","1","2","0","pull","low_force","161","0","272","136","152","55","425","116","125","0","0","0","0","0","0","0"
"2","duel_participant","duel","214","107","iphash:4cdd29ac","^0-=^3'/^7o^3!^0d^0=-^6","2","bot:/botfiles/mediumds.jkb","0","2","2","3","473","473","100","-11","0","13","2","5","0","0","seeing","low_force","66","0","283","64","60","0","0","0","0","0","0","0","0","0","473","0"
"2","duel_participant","duel","215","108","bot:/botfiles/mediumds.jkb","Alora","0","iphash:4cdd29ac","1","2","2","3","147","59","12","100","100","9","0","0","0","0","pull","low_force","38","0","61","25","23","0","62","59","26","0","0","0","0","0","0","0"
"2","duel_participant","duel","216","108","iphash:4cdd29ac","^0-=^3'/^7o^3!^0d^0=-^6","2","bot:/botfiles/mediumds.jkb","0","2","2","3","128","128","100","-1","68","0","1","3","1","0","seeing","saber_throw","0","0","94","15","19","0","0","0","0","0","0","0","0","0","128","0"
"2","duel_participant","duel","217","109","iphash:4cdd29ac","^0-=^3'/^7o^3!^0d^0=-^6","2","bot:/botfiles/mediumds.jkb","1","2","2","3","756","715","53","18","40","16","2","2","2","0","unknown","low_force","76","0","268","274","138","0","0","0","0","0","0","0","0","0","756","0"
"2","duel_participant","duel","218","109","bot:/botfiles/mediumds.jkb","Alora","0","iphash:4cdd29ac","0","2","2","3","533","433","100","-5","0","33","0","5","0","0","pull","low_force","122","0","148","170","93","36","112","134","161","0","0","0","0","90","0","0"
"2","duel_participant","duel","219","110","iphash:4cdd29ac","^0-=^3'/^7o^3!^0d^0=-^6","2","bot:/botfiles/mediumds.jkb","1","2","2","3","901","826","19","52","8","32","2","3","4","0","unknown","low_force","166","0","286","265","184","0","0","0","0","0","0","0","0","0","901","0"
"2","duel_participant","duel","220","110","bot:/botfiles/mediumds.jkb","Alora","0","iphash:4cdd29ac","0","2","2","3","1019","1019","100","-2","0","52","1","4","0","0","speed","low_force","165","29","308","353","164","0","406","241","347","0","0","0","0","25","0","0"
"2","duel_participant","duel","221","111","user:void","void","1","user:goon","1","2","2","3","612","514","2","37","0","24","0","4","0","0","seeing","low_force","25","0","199","268","120","0","0","0","0","0","0","0","0","0","612","0"
"2","duel_participant","duel","222","111","user:goon","goon","1","user:void","0","2","2","3","585","553","100","-12","0","17","0","3","1","0","seeing","low_force","86","0","114","129","256","0","0","0","0","0","0","0","0","0","585","0"
"2","duel_participant","duel","223","112","user:goon","goon","1","user:void","1","2","2","3","359","319","54","80","40","0","1","2","0","0","seeing","late_defense","138","97","124","0","0","0","0","0","0","0","0","0","0","0","359","0"
"2","duel_participant","duel","224","112","user:void","void","1","user:goon","0","2","2","3","351","289","100","-2","0","0","1","3","2","0","seeing","saber_throw","97","15","239","0","0","0","0","0","0","0","0","0","0","0","351","0"
"2","duel_participant","duel","225","113","user:void","void","1","user:goon","1","2","2","3","754","660","6","74","7","31","1","4","2","0","unknown","low_force","46","0","366","294","48","0","0","0","0","0","0","0","0","0","754","0"
"2","duel_participant","duel","226","113","user:goon","goon","1","user:void","0","2","2","3","805","786","100","-19","0","13","2","8","2","0","seeing","low_force","158","37","245","105","260","0","0","0","0","0","0","0","0","0","805","0"
"2","duel_participant","duel","227","114","user:goon","goon","1","user:void","1","2","2","3","189","179","84","80","8","0","0","4","1","0","seeing","saber_throw","0","0","164","0","25","0","0","0","0","0","0","0","0","0","189","0"
"2","duel_participant","duel","228","114","user:void","void","1","user:goon","0","2","2","3","171","161","100","-8","60","1","4","1","1","0","unknown","grip_control","59","0","84","28","0","0","0","0","0","0","0","0","0","0","171","0"
"2","duel_participant","duel","229","115","user:goon","goon","1","user:void","1","2","2","3","909","857","42","27","0","17","1","5","1","0","seeing","low_force","247","29","391","105","137","0","0","0","0","0","0","0","0","0","909","0"
"2","duel_participant","duel","230","115","user:void","void","1","user:goon","0","2","2","3","702","653","100","-16","0","7","2","8","2","0","unknown","low_force","124","0","315","150","113","0","0","0","0","0","0","0","0","0","702","0"
"2","duel_participant","duel","231","116","user:goon","goon","1","user:void","1","2","2","3","374","305","25","22","0","15","0","4","1","0","seeing","low_force","52","0","91","131","100","0","0","0","0","0","0","0","0","0","374","0"
"2","duel_participant","duel","232","116","user:void","void","1","user:goon","0","2","2","3","283","217","100","0","0","12","0","6","2","0","unknown","low_force","0","0","138","76","69","0","0","0","0","0","0","0","0","0","283","0"
"2","duel_participant","duel","233","117","user:goon","goon","1","user:void","1","2","2","3","282","203","15","80","70","12","1","1","1","0","seeing","low_force","44","0","172","66","0","0","0","0","0","0","0","0","0","0","282","0"
"2","duel_participant","duel","234","117","user:void","void","1","user:goon","0","2","2","3","248","182","100","-5","0","1","3","4","1","0","seeing","low_force","31","0","162","20","35","0","0","0","0","0","0","0","0","0","248","0"
"2","duel_participant","duel","235","118","user:void","void","1","user:goon","1","2","2","3","945","892","47","14","69","45","1","1","0","0","seeing","low_force","128","8","321","445","43","0","0","0","0","0","0","0","0","0","945","0"
"2","duel_participant","duel","236","118","user:goon","goon","1","user:void","0","2","2","3","921","881","100","-15","0","16","1","8","4","0","seeing","low_force","43","0","330","108","440","0","0","0","0","0","0","0","0","0","921","0"
"2","duel_participant","duel","237","119","user:void","void","1","user:goon","1","2","2","3","1493","1397","4","76","26","44","3","2","3","0","seeing","low_force","316","22","444","436","275","0","0","0","0","0","0","0","0","0","1493","0"
"2","duel_participant","duel","238","119","user:goon","goon","1","user:void","0","2","2","3","1478","1478","100","0","0","53","1","9","4","0","seeing","low_force","291","37","473","373","304","0","0","0","0","0","0","0","0","0","1478","0"
"2","duel_participant","duel","239","120","user:void","void","1","user:goon","1","2","2","3","210","110","0","60","30","2","0","1","1","0","unknown","low_force","33","0","150","27","0","0","0","0","0","0","0","0","0","0","210","0"
"2","duel_participant","duel","240","120","user:goon","goon","1","user:void","0","2","2","3","212","172","100","-1","0","0","0","5","0","0","seeing","saber_throw","83","10","76","18","25","0","0","0","0","0","0","0","0","0","212","0"
"2","duel_participant","duel","241","121","user:void","void","1","user:goon","1","2","2","3","1058","958","0","40","0","47","2","4","3","0","seeing","low_force","87","0","505","433","33","0","0","0","0","0","0","0","0","0","1058","0"
"2","duel_participant","duel","242","121","user:goon","goon","1","user:void","0","2","2","3","1208","1208","100","-29","0","11","0","6","2","0","seeing","low_force","376","81","162","195","394","0","0","0","0","0","0","0","0","0","1208","0"
"2","duel_participant","duel","243","122","user:void","void","1","user:goon","1","2","2","3","998","906","8","79","0","31","2","9","2","0","unknown","low_force","41","0","511","296","150","0","0","0","0","0","0","0","0","0","998","0"
"2","duel_participant","duel","244","122","user:goon","goon","1","user:void","0","2","2","3","1245","1245","100","-25","0","34","1","5","1","0","seeing","low_force","364","13","375","272","221","0","0","0","0","0","0","0","0","0","1245","0"
"2","duel_participant","duel","245","123","user:void","void","1","user:goon","1","2","2","3","638","538","0","69","0","13","0","4","0","0","unknown","low_force","133","0","325","144","36","0","0","0","0","0","0","0","0","0","638","0"
"2","duel_participant","duel","246","123","user:goon","goon","1","user:void","0","2","2","3","668","642","100","-1","0","4","1","4","3","0","seeing","low_force","183","43","288","83","71","0","0","0","0","0","0","0","0","0","668","0"
"2","duel_participant","duel","247","124","user:goon","goon","1","user:void","1","2","2","3","1418","1353","35","76","0","26","0","10","1","0","seeing","low_force","152","0","345","336","585","0","0","0","0","0","0","0","0","0","1418","0"
"2","duel_participant","duel","248","124","user:void","void","1","user:goon","0","2","2","3","1381","1361","100","-16","37","68","5","3","2","0","unknown","low_force","221","46","200","777","137","0","0","0","0","0","0","0","0","0","1381","0"
"2","duel_participant","duel","249","125","user:goon","goon","1","user:void","1","2","2","3","966","888","22","15","0","8","0","9","1","0","seeing","low_force","240","0","257","175","294","0","0","0","0","0","0","0","0","0","966","0"
"2","duel_participant","duel","250","125","user:void","void","1","user:goon","0","2","2","3","880","880","100","-12","0","43","0","5","1","0","unknown","low_force","127","0","428","305","20","0","0","0","0","0","0","0","0","0","880","0"
"2","duel_participant","duel","251","126","user:goon","goon","1","user:void","1","2","2","3","266","247","75","80","10","4","0","3","0","0","seeing","low_force","30","0","190","38","8","0","0","0","0","0","0","0","0","0","266","0"
"2","duel_participant","duel","252","126","user:void","void","1","user:goon","0","2","2","3","314","243","100","-11","39","2","3","3","2","0","unknown","low_force","69","19","146","80","0","0","0","0","0","0","0","0","0","0","314","0"
"2","duel_participant","duel","253","127","user:void","void","1","user:goon","1","2","2","3","383","304","21","98","9","8","3","2","0","0","unknown","low_force","174","0","80","124","5","0","0","0","0","0","0","0","0","0","383","0"
"2","duel_participant","duel","254","127","user:goon","goon","1","user:void","0","2","2","3","412","397","100","-21","0","5","0","6","4","0","seeing","low_force","105","0","160","147","0","0","0","0","0","0","0","0","0","0","412","0"
"2","duel_participant","duel","255","128","user:goon","goon","1","user:void","1","2","2","3","439","339","0","50","0","1","0","9","2","0","unknown","saber_throw","139","20","120","75","85","0","0","0","0","0","0","0","0","0","439","0"
"2","duel_participant","duel","256","128","user:void","void","1","user:goon","0","2","2","3","422","368","100","-5","0","12","1","1","0","0","seeing","low_force","43","0","283","76","20","0","0","0","0","0","0","0","0","0","422","0"
"2","duel_participant","duel","257","129","user:void","void","1","user:goon","1","2","2","3","678","613","29","74","0","10","2","4","2","0","seeing","low_force","104","0","359","82","133","0","0","0","0","0","0","0","0","0","678","0"
"2","duel_participant","duel","258","129","user:goon","goon","1","user:void","0","2","2","3","711","643","100","-1","0","24","0","6","1","0","seeing","low_force","195","76","162","186","92","0","0","0","0","0","0","0","0","0","711","0"
"2","duel_participant","duel","259","130","user:void","void","1","user:goon","1","2","2","3","564","564","82","6","0","11","3","1","2","0","unknown","low_force","47","0","212","150","155","0","0","0","0","0","0","0","0","0","564","0"
"2","duel_participant","duel","260","130","user:goon","goon","1","user:void","0","2","2","3","584","527","100","-7","0","23","0","7","0","0","seeing","low_force","86","45","163","142","148","0","0","0","0","0","0","0","0","0","584","0"
"2","duel_participant","duel","261","131","user:goon","goon","1","user:void","1","2","2","3","378","313","35","44","49","0","1","1","2","0","seeing","knockdown","85","20","173","0","100","0","0","0","0","0","0","0","0","0","378","0"
"2","duel_participant","duel","262","131","user:void","void","1","user:goon","0","2","2","3","372","359","100","0","67","21","4","1","2","0","seeing","low_force","37","0","166","169","0","0","0","0","0","0","0","0","0","0","372","0"
"2","duel_participant","duel","263","132","user:void","void","1","user:goon","1","2","2","3","457","367","10","58","0","8","1","0","0","0","seeing","low_force","162","39","130","48","78","0","0","0","0","0","0","0","0","0","457","0"
"2","duel_participant","duel","264","132","user:goon","goon","1","user:void","0","2","2","3","428","428","100","-4","0","3","0","8","2","0","seeing","low_force","10","0","288","130","0","0","0","0","0","0","0","0","0","0","428","0"
"2","duel_participant","duel","265","133","user:void","void","1","user:goon","1","2","2","3","494","415","15","16","37","9","1","5","1","0","unknown","low_force","114","0","257","123","0","0","0","0","0","0","0","0","0","0","494","0"
"2","duel_participant","duel","266","133","user:goon","goon","1","user:void","0","2","2","3","504","484","100","-2","0","0","1","5","1","0","seeing","saber_throw","199","0","212","23","70","0","0","0","0","0","0","0","0","0","504","0"
"2","duel_participant","duel","267","134","user:void","void","1","user:goon","1","2","2","3","913","822","9","92","10","31","0","3","3","0","unknown","low_force","227","25","330","245","86","0","0","0","0","0","0","0","0","0","913","0"
"2","duel_participant","duel","268","134","user:goon","goon","1","user:void","0","2","2","3","979","973","100","0","0","22","1","9","2","0","seeing","low_force","81","0","394","256","248","0","0","0","0","0","0","0","0","0","979","0"
"2","duel_participant","duel","269","135","user:void","void","1","user:goon","1","2","2","3","2529","2475","40","65","0","115","5","8","6","0","unknown","low_force","437","5","727","1034","326","0","0","0","0","0","0","0","0","0","2529","0"
"2","duel_participant","duel","270","135","user:goon","goon","1","user:void","0","2","2","3","2655","2652","100","-1","0","72","0","23","7","0","seeing","low_force","439","9","495","846","866","0","0","0","0","0","0","0","0","0","2655","0"
"2","duel_participant","duel","271","136","bot:/botfiles/mediumds.jkb","Alora","0","user:void","1","2","2","3","342","259","17","76","8","20","0","5","1","0","pull","low_force","24","0","107","128","83","18","185","59","80","0","0","0","0","0","0","0"
"2","duel_participant","duel","272","136","user:void","void","1","bot:/botfiles/mediumds.jkb","0","2","2","3","317","251","100","-6","100","18","1","0","0","0","seeing","low_force","30","10","98","136","43","0","0","0","0","0","0","0","0","0","317","0"
"2","duel_participant","duel","273","137","user:void","void","1","bot:/botfiles/mediumds.jkb","1","2","2","3","690","601","5","79","40","32","1","3","3","0","unknown","low_force","180","8","87","249","166","0","0","0","0","0","0","0","0","0","690","0"
"2","duel_participant","duel","274","137","bot:/botfiles/mediumds.jkb","Alora","0","user:void","0","2","2","3","788","736","100","-2","0","42","1","6","1","0","grip","low_force","29","0","264","333","162","94","213","111","292","0","0","0","0","78","0","0"
"2","duel_participant","duel","275","138","user:void","void","1","bot:/botfiles/mediumds.jkb","1","2","2","3","429","336","7","38","38","20","1","3","0","0","unknown","low_force","79","0","154","191","5","0","0","0","0","0","0","0","0","0","429","0"
"2","duel_participant","duel","276","138","bot:/botfiles/mediumds.jkb","Alora","0","user:void","0","2","2","3","552","492","100","-8","0","12","0","9","1","0","drain","low_force","174","5","110","193","70","38","218","56","240","0","0","0","0","0","0","0"
"2","duel_participant","duel","277","139","user:void","void","1","user:goon","1","2","2","3","276","238","62","100","9","0","1","4","0","0","seeing","saber_throw","173","39","0","0","64","0","0","0","0","0","0","0","0","0","276","0"
"2","duel_participant","duel","278","139","user:goon","goon","1","user:void","0","2","2","3","323","319","100","-29","0","2","1","5","0","0","seeing","late_defense","20","0","253","50","0","0","0","0","0","0","0","0","0","0","323","0"
"2","duel_participant","duel","279","140","user:void","void","1","user:goon","1","2","2","3","1166","1078","12","72","0","43","2","4","3","0","unknown","low_force","77","19","402","521","147","0","0","0","0","0","0","0","0","0","1166","0"
"2","duel_participant","duel","280","140","user:goon","goon","1","user:void","0","2","2","3","1039","1029","100","-4","0","31","0","14","3","0","seeing","low_force","147","15","257","255","365","0","0","0","0","0","0","0","0","0","1039","0"
"2","duel_participant","duel","281","141","user:void","void","1","bot:/botfiles/mediumds.jkb","1","2","2","3","0","0","100","80","100","0","0","0","1","0","","knockdown","0","0","0","0","0","0","0","0","0","0","0","0","0","0","0","0"
"2","duel_participant","duel","282","141","bot:/botfiles/mediumds.jkb","Alora","0","user:void","0","2","2","3","5","1","96","100","100","0","0","0","0","0","speed","linear_entries","5","0","0","0","0","0","0","0","0","0","0","0","0","5","0","0"
"2","duel_participant","duel","283","142","user:void","void","1","user:goon","1","2","2","3","1611","1529","18","77","0","35","2","5","5","0","unknown","low_force","300","0","548","438","325","0","0","0","0","0","0","0","0","0","1611","0"
"2","duel_participant","duel","284","142","user:goon","goon","1","user:void","0","2","2","3","1634","1605","100","-5","0","64","0","3","2","0","seeing","low_force","503","22","303","517","289","0","0","0","0","0","0","0","0","0","1634","0"
"2","duel_participant","duel","285","143","user:void","void","1","user:goon","1","2","2","3","238","148","10","98","68","3","3","1","0","0","seeing","low_force","95","0","88","45","10","0","0","0","0","0","0","0","0","0","238","0"
"2","duel_participant","duel","286","143","user:goon","goon","1","user:void","0","2","2","3","194","181","100","-6","0","1","0","4","2","0","seeing","low_force","0","0","155","39","0","0","0","0","0","0","0","0","0","0","194","0"
"2","duel_participant","duel","287","144","user:void","void","1","user:goon","1","2","2","3","1814","1737","23","52","0","63","4","6","3","0","seeing","low_force","386","49","385","625","369","0","0","0","0","0","0","0","0","0","1814","0"
"2","duel_participant","duel","288","144","user:goon","goon","1","user:void","0","2","2","3","1947","1857","100","-14","0","59","3","7","2","0","seeing","low_force","297","5","609","543","493","0","0","0","0","0","0","0","0","0","1947","0"
"2","duel_participant","duel","289","145","user:goon","goon","1","user:void","1","2","2","3","974","974","100","91","25","9","2","3","1","0","unknown","low_force","270","90","169","171","274","0","0","0","0","0","0","0","0","0","974","0"
"2","duel_participant","duel","290","145","user:void","void","1","user:goon","0","2","2","3","911","911","100","-3","0","58","1","4","3","0","seeing","low_force","8","0","488","384","31","0","0","0","0","0","0","0","0","0","911","0"
"2","duel_participant","duel","291","146","user:void","void","1","user:goon","1","2","2","3","542","445","3","80","10","11","0","3","1","0","seeing","low_force","131","90","58","117","146","0","0","0","0","0","0","0","0","0","542","0"
"2","duel_participant","duel","292","146","user:goon","goon","1","user:void","0","2","2","3","537","537","100","-8","0","20","0","7","1","0","seeing","low_force","0","0","354","174","9","0","0","0","0","0","0","0","0","0","537","0"
"2","duel_participant","duel","293","147","user:void","void","1","user:goon","1","2","2","3","1409","1317","8","36","0","34","1","6","4","0","seeing","low_force","221","0","860","260","68","0","0","0","0","0","0","0","0","0","1409","0"
"2","duel_participant","duel","294","147","user:goon","goon","1","user:void","0","2","2","3","1340","1332","100","-1","0","18","0","8","4","0","seeing","low_force","604","23","327","169","217","0","0","0","0","0","0","0","0","0","1340","0"
"2","duel_participant","duel","295","148","user:void","void","1","user:goon","1","2","2","3","1196","1100","4","42","36","50","4","1","2","0","seeing","low_force","394","90","136","543","33","0","0","0","0","0","0","0","0","0","1196","0"
"2","duel_participant","duel","296","148","user:goon","goon","1","user:void","0","2","2","3","1473","1383","100","-5","0","14","3","11","2","0","seeing","low_force","48","0","623","405","397","0","0","0","0","0","0","0","0","0","1473","0"
"2","duel_participant","duel","297","149","user:void","void","1","user:goon","1","2","2","3","1864","1799","29","40","0","67","5","11","5","0","seeing","low_force","292","0","494","919","159","0","0","0","0","0","0","0","0","0","1864","0"
"2","duel_participant","duel","298","149","user:goon","goon","1","user:void","0","2","2","3","1968","1901","100","-15","0","39","0","14","5","0","seeing","low_force","544","85","233","407","699","0","0","0","0","0","0","0","0","0","1968","0"
"2","duel_participant","duel","299","150","user:void","void","1","user:goon","1","2","2","3","820","733","7","62","9","45","1","6","3","0","unknown","low_force","46","0","178","340","256","0","0","0","0","0","0","0","0","0","820","0"
"2","duel_participant","duel","300","150","user:goon","goon","1","user:void","0","2","2","3","875","840","100","-8","0","42","0","11","2","0","seeing","low_force","15","0","176","397","287","0","0","0","0","0","0","0","0","0","875","0"
"2","duel_participant","duel","301","151","user:void","void","1","user:goon","1","2","2","3","707","618","11","64","34","31","5","2","0","0","seeing","low_force","38","20","226","398","25","0","0","0","0","0","0","0","0","0","707","0"
"2","duel_participant","duel","302","151","user:goon","goon","1","user:void","0","2","2","3","646","579","100","-5","0","8","0","5","1","0","seeing","low_force","0","0","242","77","327","0","0","0","0","0","0","0","0","0","646","0"
"2","duel_participant","duel","303","152","user:goon","goon","1","user:void","1","2","2","3","740","722","76","85","0","16","0","5","2","0","seeing","low_force","193","8","153","163","223","0","0","0","0","0","0","0","0","0","740","0"
"2","duel_participant","duel","304","152","user:void","void","1","user:goon","0","2","2","3","695","595","100","-5","0","19","3","4","3","0","unknown","low_force","77","0","324","205","89","0","0","0","0","0","0","0","0","0","695","0"
"2","duel_participant","duel","305","153","user:void","void","1","user:goon","1","2","2","3","572","482","10","84","0","17","1","2","1","0","seeing","low_force","155","0","188","229","0","0","0","0","0","0","0","0","0","0","572","0"
"2","duel_participant","duel","306","153","user:goon","goon","1","user:void","0","2","2","3","510","510","100","-1","0","1","0","8","1","0","seeing","low_force","141","0","127","133","109","0","0","0","0","0","0","0","0","0","510","0"
"2","duel_participant","duel","307","154","user:void","void","1","user:goon","1","2","2","3","133","59","20","70","39","7","1","4","1","0","seeing","low_force","28","0","91","7","7","0","0","0","0","0","0","0","0","0","133","0"
"2","duel_participant","duel","308","154","user:goon","goon","1","user:void","0","2","2","3","216","216","100","-8","100","0","1","0","0","0","seeing","late_defense","61","38","117","0","0","0","0","0","0","0","0","0","0","0","216","0"
"2","duel_participant","duel","309","155","user:goon","goon","1","user:void","1","2","2","3","681","667","80","91","0","13","0","3","0","0","seeing","low_force","92","62","236","116","175","0","0","0","0","0","0","0","0","0","681","0"
"2","duel_participant","duel","310","155","user:void","void","1","user:goon","0","2","2","3","648","589","100","-8","38","13","4","3","2","0","seeing","low_force","231","0","194","188","35","0","0","0","0","0","0","0","0","0","648","0"
"2","duel_participant","duel","311","156","user:goon","goon","1","user:void","1","2","2","3","712","712","100","81","0","15","0","5","3","0","seeing","low_force","81","30","216","81","304","0","0","0","0","0","0","0","0","0","712","0"
"2","duel_participant","duel","312","156","user:void","void","1","user:goon","0","2","2","3","644","636","100","-26","0","36","1","6","0","0","seeing","low_force","104","0","145","330","65","0","0","0","0","0","0","0","0","0","644","0"
"2","duel_participant","duel","313","157","user:goon","goon","1","user:void","1","2","2","3","548","504","50","39","0","1","0","7","0","0","seeing","saber_throw","141","24","81","30","272","0","0","0","0","0","0","0","0","0","548","0"
"2","duel_participant","duel","314","157","user:void","void","1","user:goon","0","2","2","3","510","445","100","-19","0","28","1","2","0","0","seeing","low_force","10","0","177","323","0","0","0","0","0","0","0","0","0","0","510","0"
"2","duel_participant","duel","315","158","user:goon","goon","1","user:void","1","2","2","3","2246","2163","11","55","0","61","3","4","4","0","seeing","low_force","696","0","339","546","665","0","0","0","0","0","0","0","0","0","2246","0"
"2","duel_participant","duel","316","158","user:void","void","1","user:goon","0","2","2","3","2070","2007","100","-16","0","92","1","4","6","0","seeing","low_force","376","50","502","767","375","0","0","0","0","0","0","0","0","0","2070","0"
"2","duel_participant","duel","317","159","user:goon","goon","1","user:void","1","2","2","3","626","562","30","74","0","7","1","7","3","0","seeing","low_force","299","23","135","44","125","0","0","0","0","0","0","0","0","0","626","0"
"2","duel_participant","duel","318","159","user:void","void","1","user:goon","0","2","2","3","711","630","100","-5","0","17","5","3","2","0","seeing","low_force","67","0","481","153","10","0","0","0","0","0","0","0","0","0","711","0"
"2","duel_participant","duel","319","160","user:void","void","1","user:goon","1","2","2","3","817","731","14","73","16","23","2","0","2","0","seeing","low_force","286","111","189","172","59","0","0","0","0","0","0","0","0","0","817","0"
"2","duel_participant","duel","320","160","user:goon","goon","1","user:void","0","2","2","3","834","798","100","-13","0","8","0","7","3","0","seeing","low_force","136","0","486","54","158","0","0","0","0","0","0","0","0","0","834","0"
"2","duel_participant","duel","321","161","user:sugarkane","sugarkane","1","user:void","1","2","2","3","72","72","100","37","0","0","0","0","0","0","seeing","linear_entries","26","0","0","0","46","0","0","0","0","0","0","0","0","0","72","0"
"2","duel_participant","duel","322","161","user:void","void","1","user:sugarkane","0","2","2","3","301","301","100","-34","0","0","0","0","0","0","seeing","low_force","12","0","36","253","0","0","0","0","0","0","0","0","0","0","301","0"
"2","duel_participant","duel","323","162","user:sugarkane","sugarkane","1","user:void","1","2","2","3","7","7","100","100","10","0","0","0","0","0","seeing","linear_entries","7","0","0","0","0","0","0","0","0","0","0","0","0","0","7","0"
"2","duel_participant","duel","324","162","user:void","void","1","user:sugarkane","0","2","2","3","63","63","100","-8","0","0","0","0","0","0","seeing","forced_entries","0","0","63","0","0","0","0","0","0","0","0","0","0","0","63","0"
"2","duel_participant","duel","325","163","user:sugarkane","sugarkane","1","user:void","1","2","2","3","22","22","100","10","0","0","0","0","0","0","seeing","low_force","0","0","0","22","0","0","0","0","0","0","0","0","0","0","22","0"
"2","duel_participant","duel","326","163","user:void","void","1","user:sugarkane","0","2","2","3","82","82","100","-34","0","0","0","0","0","0","seeing","linear_entries","18","0","0","0","64","0","0","0","0","0","0","0","0","0","82","0"
"2","duel_participant","duel","327","164","user:void","void","1","user:sugarkane","1","2","2","3","132","132","100","87","0","0","0","0","0","0","seeing","linear_entries","132","0","0","0","0","0","0","0","0","0","0","0","0","0","132","0"
"2","duel_participant","duel","328","164","user:sugarkane","sugarkane","1","user:void","0","2","2","3","87","87","100","-10","0","0","0","0","0","0","seeing","forced_entries","16","0","71","0","0","0","0","0","0","0","0","0","0","0","87","0"
"2","duel_participant","duel","329","165","user:sugarkane","sugarkane","1","user:void","1","2","2","3","41","41","100","100","20","0","0","0","0","0","seeing","linear_entries","41","0","0","0","0","0","0","0","0","0","0","0","0","0","41","0"
"2","duel_participant","duel","330","165","user:void","void","1","user:sugarkane","0","2","2","3","66","66","100","-18","0","0","0","0","0","0","seeing","forced_entries","0","0","66","0","0","0","0","0","0","0","0","0","0","0","66","0"
"2","duel_participant","duel","331","166","user:sugarkane","sugarkane","1","user:void","1","2","2","3","53","53","100","100","60","0","0","0","0","0","seeing","linear_entries","53","0","0","0","0","0","0","0","0","0","0","0","0","0","53","0"
"2","duel_participant","duel","332","166","user:void","void","1","user:sugarkane","0","2","2","3","34","34","100","-16","0","0","0","0","0","0","seeing","linear_entries","26","0","8","0","0","0","0","0","0","0","0","0","0","0","34","0"
"2","duel_participant","duel","333","167","user:sugarkane","sugarkane","1","user:void","1","2","2","3","41","41","100","100","10","0","0","0","0","0","seeing","linear_entries","41","0","0","0","0","0","0","0","0","0","0","0","0","0","41","0"
"2","duel_participant","duel","334","167","user:void","void","1","user:sugarkane","0","2","2","3","46","46","100","-27","0","0","0","0","0","0","seeing","forced_entries","0","0","46","0","0","0","0","0","0","0","0","0","0","0","46","0"
"2","duel_participant","duel","335","168","user:void","void","1","user:sugarkane","1","2","2","3","8","8","100","68","0","0","0","0","0","0","seeing","linear_entries","8","0","0","0","0","0","0","0","0","0","0","0","0","0","8","0"
"2","duel_participant","duel","336","168","user:sugarkane","sugarkane","1","user:void","0","2","2","3","30","30","100","-20","0","0","0","0","0","0","seeing","linear_entries","0","0","22","8","0","0","0","0","0","0","0","0","0","0","30","0"
"2","duel_participant","duel","337","169","user:sugarkane","sugarkane","1","user:void","1","2","2","3","40","40","100","100","39","0","0","0","0","0","seeing","linear_entries","15","0","25","0","0","0","0","0","0","0","0","0","0","0","40","0"
"2","duel_participant","duel","338","169","user:void","void","1","user:sugarkane","0","2","2","3","8","8","100","-10","0","0","0","0","0","0","seeing","linear_entries","8","0","0","0","0","0","0","0","0","0","0","0","0","0","8","0"
"2","duel_participant","duel","339","170","user:void","void","1","user:sugarkane","1","2","2","3","0","0","100","100","40","0","0","0","0","0","","linear_entries","0","0","0","0","0","0","0","0","0","0","0","0","0","0","0","0"
"2","duel_participant","duel","340","170","user:sugarkane","sugarkane","1","user:void","0","2","2","3","15","13","100","0","0","0","0","0","0","0","seeing","linear_entries","0","0","15","0","0","0","0","0","0","0","0","0","0","0","15","0"
"2","duel_participant","duel","341","171","user:void","void","1","user:sugarkane","1","2","2","3","0","0","100","100","18","0","0","0","0","0","","linear_entries","0","0","0","0","0","0","0","0","0","0","0","0","0","0","0","0"
"2","duel_participant","duel","342","171","user:sugarkane","sugarkane","1","user:void","0","2","2","3","8","8","100","-1","0","0","0","0","0","0","seeing","linear_entries","0","0","8","0","0","0","0","0","0","0","0","0","0","0","8","0"
"2","duel_participant","duel","343","172","user:void","void","1","user:sugarkane","1","2","2","3","24","24","100","51","0","0","0","0","0","0","seeing","linear_entries","8","0","16","0","0","0","0","0","0","0","0","0","0","0","24","0"
"2","duel_participant","duel","344","172","user:sugarkane","sugarkane","1","user:void","0","2","2","3","39","39","100","-20","0","0","0","0","0","0","seeing","linear_entries","39","0","0","0","0","0","0","0","0","0","0","0","0","0","39","0"
"2","duel_participant","duel","345","173","iphash:5880f9c7","^7g ^0( ^7o ^0Y ^7o ^0) ^7n","2","user:sugarkane","1","2","2","3","311","276","59","100","0","0","0","4","0","0","seeing","saber_throw","128","50","46","0","87","0","0","0","0","0","0","0","0","0","311","0"
"2","duel_participant","duel","346","173","user:sugarkane","sugarkane","1","iphash:5880f9c7","0","2","2","3","338","244","100","-6","0","13","1","3","1","0","seeing","low_force","78","0","174","86","0","0","0","0","0","0","0","0","0","0","338","0"
"2","duel_participant","duel","347","174","iphash:5880f9c7","^7g ^0( ^7o ^0Y ^7o ^0) ^7n","2","user:sugarkane","1","2","2","3","1389","1297","2","44","67","24","3","2","2","0","seeing","low_force","424","101","409","199","256","0","0","0","0","0","0","0","0","0","1389","0"
"2","duel_participant","duel","348","174","user:sugarkane","sugarkane","1","iphash:5880f9c7","0","2","2","3","1217","1131","100","-1","0","30","1","6","0","0","unknown","low_force","49","0","720","398","50","0","0","0","0","0","0","0","0","0","1217","0"
"2","duel_participant","duel","349","175","iphash:5880f9c7","^7g ^0( ^7o ^0Y ^7o ^0) ^7n","2","user:void","1","2","2","3","500","400","0","100","69","4","0","3","0","0","seeing","low_force","277","15","114","49","45","0","0","0","0","0","0","0","0","0","500","0"
"2","duel_participant","duel","350","175","user:void","void","1","iphash:5880f9c7","0","2","2","3","447","400","100","-1","0","1","0","5","1","0","seeing","saber_throw","30","0","334","58","25","0","0","0","0","0","0","0","0","0","447","0"
"2","duel_participant","duel","351","176","user:sugarkane","sugarkane","1","iphash:0cf8da7a","1","2","2","3","303","214","5","100","0","18","0","1","0","0","seeing","low_force","68","0","153","82","0","0","0","0","0","0","0","0","0","0","303","0"
"2","duel_participant","duel","352","176","iphash:0cf8da7a","pasta masta","2","user:sugarkane","0","2","2","3","179","179","100","-19","0","4","1","6","0","0","seeing","low_force","18","0","56","68","37","0","0","0","0","0","0","0","0","0","179","0"
"2","duel_participant","duel","353","177","user:void","void","1","iphash:5880f9c7","1","2","2","3","445","369","24","78","0","2","2","3","0","0","unknown","low_force","259","4","157","25","0","0","0","0","0","0","0","0","0","0","445","0"
"2","duel_participant","duel","354","177","iphash:5880f9c7","^7g ^0( ^7o ^0Y ^7o ^0) ^7n","2","user:void","0","2","2","3","462","402","100","-24","0","0","0","5","4","0","seeing","late_defense","105","0","298","35","24","0","0","0","0","0","0","0","0","0","462","0"
"2","duel_participant","duel","355","178","user:void","void","1","user:sugarkane","1","2","2","3","500","410","4","100","0","15","1","2","1","0","seeing","low_force","84","49","153","149","65","0","0","0","0","0","0","0","0","0","500","0"
"2","duel_participant","duel","356","178","user:sugarkane","sugarkane","1","user:void","0","2","2","3","466","395","100","0","9","15","0","2","2","0","seeing","low_force","140","19","116","179","12","0","0","0","0","0","0","0","0","0","466","0"
"2","duel_participant","duel","357","179","user:sugarkane","sugarkane","1","user:void","1","2","2","3","692","592","0","80","69","37","0","0","1","0","seeing","low_force","37","0","316","266","73","0","0","0","0","0","0","0","0","0","692","0"
"2","duel_participant","duel","358","179","user:void","void","1","user:sugarkane","0","2","2","3","501","469","100","-19","0","1","2","8","3","0","unknown","low_force","0","0","196","158","147","0","0","0","0","0","0","0","0","0","501","0"
"2","duel_participant","duel","359","180","user:sugarkane","sugarkane","1","user:void","1","2","2","3","1133","1040","7","56","38","62","3","2","1","0","seeing","low_force","221","39","327","432","114","0","0","0","0","0","0","0","0","0","1133","0"
"2","duel_participant","duel","360","180","user:void","void","1","user:sugarkane","0","2","2","3","1048","968","100","-11","0","36","3","4","2","0","seeing","low_force","121","0","308","302","317","0","0","0","0","0","0","0","0","0","1048","0"
"2","duel_participant","duel","361","181","user:sugarkane","sugarkane","1","user:void","1","2","2","3","69","0","25","100","100","0","0","0","0","0","seeing","low_force","0","0","65","0","4","0","0","0","0","0","0","0","0","0","69","0"
"2","duel_participant","duel","362","181","user:void","void","1","user:sugarkane","0","2","2","3","18","18","100","-8","100","0","1","0","1","0","seeing","grip_control","0","0","18","0","0","0","0","0","0","0","0","0","0","0","18","0"
"2","duel_participant","duel","363","182","iphash:5880f9c7","^7g ^0( ^7o ^0Y ^7o ^0) ^7n","2","user:sugarkane","1","2","2","3","1132","1051","19","51","0","33","1","9","3","0","seeing","low_force","235","81","424","198","194","0","0","0","0","0","0","0","0","0","1132","0"
"2","duel_participant","duel","364","182","user:sugarkane","sugarkane","1","iphash:5880f9c7","0","2","2","3","1025","950","100","-10","0","31","2","4","1","0","seeing","low_force","216","51","328","309","121","0","0","0","0","0","0","0","0","0","1025","0"
"2","duel_participant","duel","365","183","user:void","void","1","iphash:5880f9c7","1","2","2","3","1628","1536","8","75","0","32","1","6","4","0","seeing","low_force","310","6","820","324","168","0","0","0","0","0","0","0","0","0","1628","0"
"2","duel_participant","duel","366","183","iphash:5880f9c7","^7g ^0( ^7o ^0Y ^7o ^0) ^7n","2","user:void","0","2","2","3","1913","1863","100","-5","0","41","8","1","3","0","seeing","low_force","767","91","574","326","155","0","0","0","0","0","0","0","0","0","1913","0"
"2","duel_participant","duel","367","184","iphash:5880f9c7","^7g ^0( ^7o ^0Y ^7o ^0) ^7n","2","user:void","1","2","2","3","107","107","100","100","100","0","0","0","0","0","seeing","late_defense","79","0","28","0","0","0","0","0","0","0","0","0","0","0","107","0"
"2","duel_participant","duel","368","184","user:void","void","1","iphash:5880f9c7","0","2","2","3","14","14","100","-30","0","0","0","1","0","0","seeing","saber_throw","14","0","0","0","0","0","0","0","0","0","0","0","0","0","14","0"
"2","duel_participant","duel","369","185","user:void","void","1","bot:/botfiles/mediumds.jkb","1","2","2","3","609","518","9","4","40","34","1","3","2","0","unknown","low_force","98","25","154","233","99","0","0","0","0","0","0","0","0","0","609","0"
"2","duel_participant","duel","370","185","bot:/botfiles/mediumds.jkb","Weequay","0","user:void","0","2","2","3","714","696","100","-9","0","40","0","8","3","0","pull","low_force","79","0","200","317","118","55","347","88","224","0","0","0","0","0","0","0"
"2","duel_participant","duel","371","186","user:void","void","1","iphash:5880f9c7","1","2","2","3","131","60","23","80","100","0","1","1","0","0","seeing","low_force","58","0","0","0","73","0","0","0","0","0","0","0","0","0","131","0"
"2","duel_participant","duel","372","186","iphash:5880f9c7","^7g ^0( ^7o ^0Y ^7o ^0) ^7n","2","user:void","0","2","2","3","133","79","100","-8","70","3","1","0","1","0","seeing","low_force","16","0","89","28","0","0","0","0","0","0","0","0","0","0","133","0"
"2","duel_participant","duel","373","187","user:void","void","1","user:sugarkane","1","2","2","3","173","122","49","72","70","0","0","3","1","0","seeing","saber_throw","55","0","73","0","45","0","0","0","0","0","0","0","0","0","173","0"
"2","duel_participant","duel","374","187","user:sugarkane","sugarkane","1","user:void","0","2","2","3","256","256","100","-4","98","3","3","0","1","0","seeing","low_force","41","19","182","14","0","0","0","0","0","0","0","0","0","0","256","0"
"2","duel_participant","duel","375","188","user:void","void","1","user:sugarkane","1","2","2","3","317","256","33","100","69","17","1","3","1","0","seeing","low_force","121","0","75","22","99","0","0","0","0","0","0","0","0","0","317","0"
"2","duel_participant","duel","376","188","user:sugarkane","sugarkane","1","user:void","0","2","2","3","324","324","100","-8","70","16","2","0","1","0","seeing","low_force","83","0","187","54","0","0","0","0","0","0","0","0","0","0","324","0"
"2","duel_participant","duel","377","189","user:void","void","1","iphash:a625b7c7","1","2","2","3","1273","1234","61","98","0","14","3","10","1","0","seeing","low_force","66","0","788","212","207","0","0","0","0","0","0","0","0","0","1273","0"
"2","duel_participant","duel","378","189","iphash:a625b7c7","^7g ^0( ^7o ^0Y ^7o ^0) ^7n","2","user:void","0","2","2","3","1725","1651","100","-1","0","41","0","1","2","0","seeing","low_force","590","70","597","268","200","0","0","0","0","0","0","0","0","0","1725","0"
"2","duel_participant","duel","379","190","iphash:a625b7c7","^7g ^0( ^7o ^0Y ^7o ^0) ^7n","2","user:void","1","2","2","3","1577","1505","22","56","28","68","0","3","3","0","seeing","low_force","373","117","362","393","332","0","0","0","0","0","0","0","0","0","1577","0"
"2","duel_participant","duel","380","190","user:void","void","1","iphash:a625b7c7","0","2","2","3","1434","1374","100","-6","0","33","3","12","3","0","unknown","low_force","28","0","661","399","346","0","0","0","0","0","0","0","0","0","1434","0"
"2","duel_participant","duel","381","191","user:jundon","jundon","1","user:sugarkane","1","2","2","3","285","218","33","100","70","0","0","1","0","0","seeing","forced_entries","160","0","58","0","67","0","0","0","0","0","0","0","0","0","285","0"
"2","duel_participant","duel","382","191","user:sugarkane","sugarkane","1","user:jundon","0","2","2","3","130","59","100","-10","64","1","2","1","1","0","seeing","low_force","0","0","110","20","0","0","0","0","0","0","0","0","0","0","130","0"
"2","duel_participant","duel","383","192","user:jundon","jundon","1","iphash:4cdd29ac","1","2","2","3","305","256","51","60","59","1","0","2","1","0","seeing","low_force","76","20","126","19","64","0","0","0","0","0","0","0","0","0","305","0"
"2","duel_participant","duel","384","192","iphash:4cdd29ac","^0-=^3'/^7o^3!^0d^0=-^6","2","user:jundon","0","2","2","3","177","177","100","-21","0","1","0","7","0","0","unknown","saber_throw","0","0","171","6","0","0","0","0","0","0","0","0","0","0","177","0"
"2","duel_participant","duel","385","193","user:jundon","jundon","1","user:void","1","2","2","3","973","873","0","100","0","55","0","6","2","0","seeing","low_force","0","0","493","350","130","0","0","0","0","0","0","0","0","0","973","0"
"2","duel_participant","duel","386","193","user:void","void","1","user:jundon","0","2","2","3","1097","1047","100","-9","0","19","1","11","2","0","seeing","low_force","230","96","160","293","318","0","0","0","0","0","0","0","0","0","1097","0"
"2","duel_participant","duel","387","194","user:void","void","1","user:jundon","1","2","2","3","377","301","24","83","0","8","0","2","1","0","seeing","low_force","86","0","171","64","56","0","0","0","0","0","0","0","0","0","377","0"
"2","duel_participant","duel","388","194","user:jundon","jundon","1","user:void","0","2","2","3","288","288","100","-7","0","2","0","5","2","0","seeing","saber_throw","48","0","196","29","15","0","0","0","0","0","0","0","0","0","288","0"
"2","duel_participant","duel","389","195","user:jundon","jundon","1","user:void","1","2","2","3","833","744","11","100","0","25","0","8","0","0","seeing","low_force","210","17","59","237","310","0","0","0","0","0","0","0","0","0","833","0"
"2","duel_participant","duel","390","195","user:void","void","1","user:jundon","0","2","2","3","900","900","100","-29","0","44","0","4","2","0","seeing","low_force","197","0","136","407","160","0","0","0","0","0","0","0","0","0","900","0"
"2","duel_participant","duel","391","196","user:void","void","1","user:sugarkane","1","2","2","3","418","358","34","100","9","8","1","7","2","0","unknown","low_force","95","90","46","86","101","0","0","0","0","0","0","0","0","0","418","0"
"2","duel_participant","duel","392","196","user:sugarkane","sugarkane","1","user:void","0","2","2","3","431","382","100","-6","0","13","0","6","1","0","seeing","low_force","0","0","262","129","40","0","0","0","0","0","0","0","0","0","431","0"
"2","duel_participant","duel","393","197","user:void","void","1","user:sugarkane","1","2","2","3","565","499","34","11","0","6","1","6","0","0","seeing","low_force","82","30","40","104","309","0","0","0","0","0","0","0","0","0","565","0"
"2","duel_participant","duel","394","197","user:sugarkane","sugarkane","1","user:void","0","2","2","3","482","462","100","-21","0","44","0","2","1","0","seeing","low_force","56","0","140","286","0","0","0","0","0","0","0","0","0","0","482","0"
"2","duel_participant","duel","395","198","user:void","void","1","user:sugarkane","1","2","2","3","522","474","52","72","10","10","0","6","0","0","seeing","low_force","51","10","220","86","155","0","0","0","0","0","0","0","0","0","522","0"
"2","duel_participant","duel","396","198","user:sugarkane","sugarkane","1","user:void","0","2","2","3","567","472","100","-11","0","16","0","3","1","0","seeing","low_force","100","0","236","162","69","0","0","0","0","0","0","0","0","0","567","0"
"2","duel_participant","duel","397","199","user:sugarkane","sugarkane","1","user:void","1","2","2","3","1157","1065","2","62","0","58","0","5","1","0","seeing","low_force","75","4","180","497","401","0","0","0","0","0","0","0","0","0","1157","0"
"2","duel_participant","duel","398","199","user:void","void","1","user:sugarkane","0","2","2","3","1116","1055","100","-15","0","56","2","11","4","0","unknown","low_force","0","0","187","636","293","0","0","0","0","0","0","0","0","0","1116","0"
"2","duel_participant","duel","399","200","user:sugarkane","sugarkane","1","user:void","1","2","2","3","273","182","3","34","0","12","0","4","0","0","seeing","low_force","0","0","182","91","0","0","0","0","0","0","0","0","0","0","273","0"
"2","duel_participant","duel","400","200","user:void","void","1","user:sugarkane","0","2","2","3","200","200","100","-8","90","0","1","1","1","0","unknown","late_defense","44","0","97","0","59","0","0","0","0","0","0","0","0","0","200","0"
"2","duel_participant","duel","401","201","user:void","void","1","user:sugarkane","1","2","2","3","1149","1085","36","60","4","24","3","3","3","0","seeing","low_force","334","60","182","268","305","0","0","0","0","0","0","0","0","0","1149","0"
"2","duel_participant","duel","402","201","user:sugarkane","sugarkane","1","user:void","0","2","2","3","1052","1039","100","-18","0","79","0","6","3","0","unknown","low_force","0","0","467","419","166","0","0","0","0","0","0","0","0","0","1052","0"
"2","duel_participant","duel","403","202","user:sugarkane","sugarkane","1","iphash:052707fc","1","2","2","3","313","248","35","100","70","2","0","1","0","0","seeing","low_force","120","0","182","2","9","0","0","0","0","0","0","0","0","0","313","0"
"2","duel_participant","duel","404","202","iphash:052707fc","^2?^0¿^2û^0k^2ö^0ñ^2?^0¿","2","user:sugarkane","0","2","2","3","201","201","100","-39","10","0","1","3","1","0","seeing","saber_throw","87","0","114","0","0","0","0","0","0","0","0","0","0","0","201","0"
"2","duel_participant","duel","405","203","iphash:052707fc","^2?^0¿^2û^0k^2ö^0ñ^2?^0¿","2","user:sugarkane","1","2","2","3","371","284","7","99","0","6","0","3","0","0","unknown","low_force","75","0","196","57","43","0","0","0","0","0","0","0","0","0","371","0"
"2","duel_participant","duel","406","203","user:sugarkane","sugarkane","1","iphash:052707fc","0","2","2","3","410","330","100","-5","0","13","0","1","3","0","seeing","low_force","136","0","172","97","5","0","0","0","0","0","0","0","0","0","410","0"
"2","duel_participant","duel","407","204","iphash:052707fc","^2?^0¿^2û^0k^2ö^0ñ^2?^0¿","2","user:sugarkane","1","2","2","3","900","838","32","65","0","18","1","3","1","0","seeing","low_force","334","0","304","156","106","0","0","0","0","0","0","0","0","0","900","0"
"2","duel_participant","duel","408","204","user:sugarkane","sugarkane","1","iphash:052707fc","0","2","2","3","755","705","100","-19","0","10","0","2","3","0","seeing","low_force","358","0","163","143","91","0","0","0","0","0","0","0","0","0","755","0"
"2","duel_participant","duel","409","205","user:jundon","jundon","1","user:sugarkane","1","2","2","3","352","261","9","80","99","13","0","1","0","0","seeing","low_force","104","0","51","130","67","0","0","0","0","0","0","0","0","0","352","0"
"2","duel_participant","duel","410","205","user:sugarkane","sugarkane","1","user:jundon","0","2","2","3","284","231","100","-15","0","6","0","6","1","0","unknown","low_force","0","0","110","114","60","0","0","0","0","0","0","0","0","0","284","0"
"2","duel_participant","duel","411","206","iphash:052707fc","^2?^0¿^2û^0k^2ö^0ñ^2?^0¿","2","user:void","1","2","2","3","485","426","41","80","69","15","1","0","0","0","seeing","low_force","88","0","84","159","154","0","0","0","0","0","0","0","0","0","485","0"
"2","duel_participant","duel","412","206","user:void","void","1","iphash:052707fc","0","2","2","3","309","309","100","-9","0","27","0","5","2","0","seeing","low_force","39","0","40","123","107","0","0","0","0","0","0","0","0","0","309","0"
"2","duel_participant","duel","413","207","user:jundon","jundon","1","user:sugarkane","1","2","2","3","687","604","11","100","99","9","1","1","0","0","seeing","low_force","243","39","284","71","50","0","0","0","0","0","0","0","0","0","687","0"
"2","duel_participant","duel","414","207","user:sugarkane","sugarkane","1","user:jundon","0","2","2","3","597","546","100","-8","0","0","3","10","4","0","unknown","saber_throw","0","0","498","56","43","0","0","0","0","0","0","0","0","0","597","0"
"2","duel_participant","duel","415","208","user:jundon","jundon","1","iphash:cb041f6d","1","2","2","3","709","645","30","86","7","25","5","2","2","0","seeing","low_force","225","0","212","164","108","0","0","0","0","0","0","0","0","0","709","0"
"2","duel_participant","duel","416","208","iphash:cb041f6d","Mpkill","2","user:jundon","0","2","2","3","641","587","100","-8","9","13","2","3","1","0","seeing","low_force","144","0","221","101","175","0","0","0","0","0","0","0","0","0","641","0"
"2","duel_participant","duel","417","209","user:jundon","jundon","1","user:sugarkane","1","2","2","3","161","94","27","45","39","0","0","4","1","0","seeing","saber_throw","32","0","127","0","2","0","0","0","0","0","0","0","0","0","161","0"
"2","duel_participant","duel","418","209","user:sugarkane","sugarkane","1","user:jundon","0","2","2","3","167","167","100","-10","67","0","5","2","0","0","unknown","grip_control","84","37","46","0","0","0","0","0","0","0","0","0","0","0","167","0"
"2","duel_participant","duel","419","210","user:goon","goon","1","iphash:cb041f6d","1","2","2","3","873","782","9","68","49","35","8","1","0","0","seeing","low_force","64","44","297","404","64","0","0","0","0","0","0","0","0","0","873","0"
"2","duel_participant","duel","420","210","iphash:cb041f6d","Mpkill","2","user:goon","0","2","2","3","670","618","100","-10","0","11","0","8","2","0","unknown","low_force","46","12","211","98","303","0","0","0","0","0","0","0","0","0","670","0"
"2","duel_participant","duel","421","211","user:jundon","jundon","1","user:sugarkane","1","2","2","3","364","276","12","80","40","11","0","1","0","0","seeing","low_force","161","5","60","108","30","0","0","0","0","0","0","0","0","0","364","0"
"2","duel_participant","duel","422","211","user:sugarkane","sugarkane","1","user:jundon","0","2","2","3","273","273","100","-29","0","5","0","8","3","0","unknown","saber_throw","60","0","75","74","64","0","0","0","0","0","0","0","0","0","273","0"
"2","duel_participant","duel","423","212","user:jundon","jundon","1","iphash:cb041f6d","1","2","2","3","596","496","0","70","96","29","4","0","0","0","seeing","low_force","42","0","341","213","0","0","0","0","0","0","0","0","0","0","596","0"
"2","duel_participant","duel","424","212","iphash:cb041f6d","Mpkill","2","user:jundon","0","2","2","3","373","343","100","-3","0","0","0","7","1","0","unknown","saber_throw","0","0","126","54","193","0","0","0","0","0","0","0","0","0","373","0"
"2","duel_participant","duel","425","213","user:jundon","jundon","1","iphash:cb041f6d","1","2","2","3","744","652","8","79","0","37","5","0","1","0","seeing","low_force","320","0","187","190","47","0","0","0","0","0","0","0","0","0","744","0"
"2","duel_participant","duel","426","213","iphash:cb041f6d","Mpkill","2","user:jundon","0","2","2","3","793","756","100","-4","0","18","4","3","0","0","seeing","low_force","180","0","318","152","143","0","0","0","0","0","0","0","0","0","793","0"
"2","duel_participant","duel","427","214","user:jundon","jundon","1","iphash:cb041f6d","1","2","2","3","761","690","23","100","0","21","6","0","1","0","seeing","low_force","399","23","244","89","6","0","0","0","0","0","0","0","0","0","761","0"
"2","duel_participant","duel","428","214","iphash:cb041f6d","Mpkill","2","user:jundon","0","2","2","3","751","751","100","-8","0","6","1","2","1","0","seeing","low_force","327","0","264","74","86","0","0","0","0","0","0","0","0","0","751","0"
"2","duel_participant","duel","429","215","user:goon","goon","1","user:sugarkane","1","2","2","3","532","532","100","100","69","1","0","1","0","0","seeing","late_defense","166","20","326","20","0","0","0","0","0","0","0","0","0","0","532","0"
"2","duel_participant","duel","430","215","user:sugarkane","sugarkane","1","user:goon","0","2","2","3","331","331","100","-11","0","0","2","4","2","0","seeing","saber_throw","19","0","312","0","0","0","0","0","0","0","0","0","0","0","331","0"
"2","duel_participant","duel","431","216","iphash:052707fc","^2?^0¿^2û^0k^2ö^0ñ^2?^0¿","2","iphash:2b03bc65","1","2","2","3","337","245","8","100","39","3","0","0","0","0","seeing","low_force","97","0","175","60","5","0","0","0","0","0","0","0","0","0","337","0"
"2","duel_participant","duel","432","216","iphash:2b03bc65","^0-=^3'/^7o^3!^0d^0=-^6","2","iphash:052707fc","0","2","2","3","269","234","100","-7","0","0","0","5","1","0","seeing","saber_throw","84","0","132","35","18","0","0","0","0","0","0","0","0","0","269","0"
"2","duel_participant","duel","433","217","iphash:052707fc","^2?^0¿^2û^0k^2ö^0ñ^2?^0¿","2","iphash:2b03bc65","1","2","2","3","382","330","42","98","99","2","1","1","0","0","seeing","late_defense","145","0","229","8","0","0","0","0","0","0","0","0","0","0","382","0"
"2","duel_participant","duel","434","217","iphash:2b03bc65","^0-=^3'/^7o^3!^0d^0=-^6","2","iphash:052707fc","0","2","2","3","182","182","100","-10","0","0","0","7","1","0","unknown","saber_throw","0","0","167","0","15","0","0","0","0","0","0","0","0","0","182","0"
"2","duel_participant","duel","435","218","iphash:052707fc","^2?^0¿^2û^0k^2ö^0ñ^2?^0¿","2","iphash:2b03bc65","1","2","2","3","686","586","0","60","6","54","0","2","0","0","seeing","low_force","110","0","171","401","4","0","0","0","0","0","0","0","0","0","686","0"
"2","duel_participant","duel","436","218","iphash:2b03bc65","^0-=^3'/^7o^3!^0d^0=-^6","2","iphash:052707fc","0","2","2","3","673","652","100","-7","0","6","0","7","6","0","seeing","low_force","85","0","125","149","314","0","0","0","0","0","0","0","0","0","673","0"
"2","duel_participant","duel","437","219","iphash:cb041f6d","Mpkill","2","iphash:2b03bc65","1","2","2","3","293","217","24","96","70","2","0","2","1","0","seeing","low_force","73","8","91","2","119","0","0","0","0","0","0","0","0","0","293","0"
"2","duel_participant","duel","438","219","iphash:2b03bc65","^0-=^3'/^7o^3!^0d^0=-^6","2","iphash:cb041f6d","0","2","2","3","354","274","100","-22","100","9","4","0","0","0","seeing","low_force","0","37","116","201","0","0","0","0","0","0","0","0","0","0","354","0"
"2","duel_participant","duel","439","220","user:goon","goon","1","iphash:cb041f6d","1","2","2","3","1209","1168","59","100","7","13","6","0","1","0","seeing","low_force","400","96","544","118","51","0","0","0","0","0","0","0","0","0","1209","0"
"2","duel_participant","duel","440","220","iphash:cb041f6d","Mpkill","2","user:goon","0","2","2","3","952","952","100","-25","0","5","0","8","3","0","seeing","low_force","91","0","629","176","56","0","0","0","0","0","0","0","0","0","952","0"
"2","duel_participant","duel","441","221","iphash:6d27bf9b","pad","2","user:sugarkane","1","1","2","2","186","153","61","80","70","0","0","2","1","0","seeing","saber_throw","64","0","77","0","45","0","0","0","0","0","0","0","0","0","186","0"
"2","duel_participant","duel","442","221","user:sugarkane","sugarkane","1","iphash:6d27bf9b","0","2","1","2","206","206","100","0","100","0","0","0","1","0","seeing","late_defense","46","0","142","18","0","0","0","0","0","0","0","0","0","0","206","0"
"2","duel_participant","duel","443","222","iphash:6d27bf9b","pad","2","iphash:2b03bc65","1","1","2","2","140","49","4","100","70","4","0","1","0","0","seeing","low_force","58","0","55","27","0","0","0","0","0","0","0","0","0","0","140","0"
"2","duel_participant","duel","444","222","iphash:2b03bc65","^0-=^3'/^7o^3!^0d^0=-^6","2","iphash:6d27bf9b","0","2","1","2","105","60","100","0","99","0","0","0","0","0","seeing","low_force","40","0","20","45","0","0","0","0","0","0","0","0","0","0","105","0"
"2","duel_participant","duel","445","223","iphash:6d27bf9b","pad","2","iphash:2b03bc65","1","1","2","2","118","36","12","100","69","7","0","1","0","0","unknown","low_force","42","0","46","30","0","0","0","0","0","0","0","0","0","0","118","0"
"2","duel_participant","duel","446","223","iphash:2b03bc65","^0-=^3'/^7o^3!^0d^0=-^6","2","iphash:6d27bf9b","0","2","1","2","153","138","100","0","100","0","0","0","1","0","seeing","forced_entries","6","0","92","40","15","0","0","0","0","0","0","0","0","0","153","0"
"2","duel_participant","duel","447","224","user:goon","goon","1","iphash:cb041f6d","1","2","2","3","75","0","25","100","100","1","0","0","0","0","seeing","low_force","0","0","65","4","6","0","0","0","0","0","0","0","0","0","75","0"
"2","duel_participant","duel","448","224","iphash:cb041f6d","Mpkill","2","user:goon","0","2","2","3","56","56","100","-8","100","0","1","0","1","0","seeing","forced_entries","19","0","37","0","0","0","0","0","0","0","0","0","0","0","56","0"
"2","duel_participant","duel","449","225","user:goon","goon","1","iphash:2b03bc65","1","2","2","3","328","255","27","100","8","13","0","3","0","0","seeing","low_force","31","72","80","66","79","0","0","0","0","0","0","0","0","0","328","0"
"2","duel_participant","duel","450","225","iphash:2b03bc65","^0-=^3'/^7o^3!^0d^0=-^6","2","user:goon","0","2","2","3","269","269","100","-3","0","9","0","5","0","0","seeing","low_force","19","0","107","123","20","0","0","0","0","0","0","0","0","0","269","0"
"2","duel_participant","duel","451","226","iphash:2b03bc65","^0-=^3'/^7o^3!^0d^0=-^6","2","user:goon","1","2","2","3","196","155","59","94","70","20","1","2","0","0","seeing","low_force","40","0","0","30","126","0","0","0","0","0","0","0","0","0","196","0"
"2","duel_participant","duel","452","226","user:goon","goon","1","iphash:2b03bc65","0","2","2","3","148","148","100","-13","70","14","1","0","1","0","seeing","low_force","0","0","94","54","0","0","0","0","0","0","0","0","0","0","148","0"
"2","duel_participant","duel","453","227","user:jundon","jundon","1","iphash:cb041f6d","1","2","2","3","472","389","11","76","68","8","4","1","1","0","seeing","low_force","98","69","73","97","135","0","0","0","0","0","0","0","0","0","472","0"
"2","duel_participant","duel","454","227","iphash:cb041f6d","Mpkill","2","user:jundon","0","2","2","3","327","302","100","-16","68","28","2","1","1","0","unknown","low_force","0","0","183","140","4","0","0","0","0","0","0","0","0","0","327","0"
"2","duel_participant","duel","455","228","iphash:2b03bc65","^0-=^3'/^7o^3!^0d^0=-^6","2","user:goon","1","2","2","3","632","572","40","95","0","1","1","5","2","0","seeing","saber_throw","386","62","78","5","101","0","0","0","0","0","0","0","0","0","632","0"
"2","duel_participant","duel","456","228","user:goon","goon","1","iphash:2b03bc65","0","2","2","3","736","736","100","-27","0","9","1","2","1","0","seeing","low_force","118","19","516","83","0","0","0","0","0","0","0","0","0","0","736","0"
"2","duel_participant","duel","457","229","user:goon","goon","1","iphash:2b03bc65","1","2","2","3","574","511","31","54","0","29","0","5","0","0","seeing","low_force","108","0","219","243","4","0","0","0","0","0","0","0","0","0","574","0"
"2","duel_participant","duel","458","229","iphash:2b03bc65","^0-=^3'/^7o^3!^0d^0=-^6","2","user:goon","0","2","2","3","629","568","100","-11","0","4","1","5","1","0","unknown","low_force","87","5","150","109","278","0","0","0","0","0","0","0","0","0","629","0"
"2","duel_participant","duel","459","230","user:goon","goon","1","iphash:2b03bc65","1","2","2","3","274","229","49","23","0","0","0","4","0","0","seeing","saber_throw","110","34","90","0","40","0","0","0","0","0","0","0","0","0","274","0"
"2","duel_participant","duel","460","230","iphash:2b03bc65","^0-=^3'/^7o^3!^0d^0=-^6","2","user:goon","0","2","2","3","275","182","100","-19","0","3","1","2","0","0","seeing","low_force","19","0","196","60","0","0","0","0","0","0","0","0","0","0","275","0"
"2","duel_participant","duel","461","231","iphash:cb041f6d","Mpkill","2","iphash:2b03bc65","1","2","2","3","447","447","100","97","0","13","0","6","1","0","unknown","low_force","50","15","134","118","130","0","0","0","0","0","0","0","0","0","447","0"
"2","duel_participant","duel","462","231","iphash:2b03bc65","^0-=^3'/^7o^3!^0d^0=-^6","2","iphash:cb041f6d","0","2","2","3","626","537","100","-6","0","28","3","0","1","0","seeing","low_force","49","85","210","216","66","0","0","0","0","0","0","0","0","0","626","0"
"2","duel_participant","duel","463","232","iphash:cb041f6d","Mpkill","2","iphash:2b03bc65","1","2","2","3","1610","1528","12","60","0","78","0","8","2","0","seeing","low_force","168","0","257","674","511","0","0","0","0","0","0","0","0","0","1610","0"
"2","duel_participant","duel","464","232","iphash:2b03bc65","^0-=^3'/^7o^3!^0d^0=-^6","2","iphash:cb041f6d","0","2","2","3","1791","1712","100","-11","2","87","6","2","4","0","seeing","low_force","192","19","303","878","399","0","0","0","0","0","0","0","0","0","1791","0"
"2","duel_participant","duel","465","233","iphash:2b03bc65","^0-=^3'/^7o^3!^0d^0=-^6","2","iphash:cb041f6d","1","2","2","3","134","72","38","100","100","0","0","0","0","0","seeing","forced_entries","0","0","63","0","71","0","0","0","0","0","0","0","0","0","134","0"
"2","duel_participant","duel","466","233","iphash:cb041f6d","Mpkill","2","iphash:2b03bc65","0","2","2","3","34","34","100","-16","98","0","1","0","2","0","seeing","knockdown","19","0","0","15","0","0","0","0","0","0","0","0","0","0","34","0"
"2","duel_participant","duel","467","234","iphash:cb041f6d","Mpkill","2","iphash:2b03bc65","1","2","2","3","216","157","41","96","99","0","0","2","0","0","seeing","saber_throw","100","0","116","0","0","0","0","0","0","0","0","0","0","0","216","0"
"2","duel_participant","duel","468","234","iphash:2b03bc65","^0-=^3'/^7o^3!^0d^0=-^6","2","iphash:cb041f6d","0","2","2","3","165","165","100","-8","99","0","4","0","2","0","seeing","grip_control","19","0","146","0","0","0","0","0","0","0","0","0","0","0","165","0"
"2","duel_participant","duel","469","235","iphash:cb041f6d","Mpkill","2","iphash:2b03bc65","1","2","2","3","703","615","12","80","39","28","0","3","3","0","seeing","low_force","178","5","132","170","218","0","0","0","0","0","0","0","0","0","703","0"
"2","duel_participant","duel","470","235","iphash:2b03bc65","^0-=^3'/^7o^3!^0d^0=-^6","2","iphash:cb041f6d","0","2","2","3","866","866","100","-17","0","35","5","2","1","0","seeing","low_force","138","0","235","280","213","0","0","0","0","0","0","0","0","0","866","0"
"2","duel_participant","duel","471","236","iphash:2b03bc65","^0-=^3'/^7o^3!^0d^0=-^6","2","iphash:cb041f6d","1","2","2","3","1479","1388","9","5","0","90","3","1","0","0","seeing","low_force","64","0","292","1044","79","0","0","0","0","0","0","0","0","0","1479","0"
"2","duel_participant","duel","472","236","iphash:cb041f6d","Mpkill","2","iphash:2b03bc65","0","2","2","3","1229","1201","100","0","0","30","0","8","6","0","seeing","low_force","85","0","101","288","755","0","0","0","0","0","0","0","0","0","1229","0"
"2","duel_participant","duel","473","237","iphash:cb041f6d","Mpkill","2","iphash:2b03bc65","1","2","2","3","1006","907","0","52","0","24","0","8","2","0","seeing","low_force","22","0","465","245","274","0","0","0","0","0","0","0","0","0","1006","0"
"2","duel_participant","duel","474","237","iphash:2b03bc65","^0-=^3'/^7o^3!^0d^0=-^6","2","iphash:cb041f6d","0","2","2","3","1298","1230","100","-19","38","42","10","0","1","0","seeing","low_force","260","36","322","466","214","0","0","0","0","0","0","0","0","0","1298","0"
"2","duel_participant","duel","475","238","iphash:2b03bc65","^0-=^3'/^7o^3!^0d^0=-^6","2","iphash:cb041f6d","1","2","2","3","543","526","59","10","99","3","9","0","0","0","seeing","grip_control","311","15","50","16","151","0","0","0","0","0","0","0","0","0","543","0"
"2","duel_participant","duel","476","238","iphash:cb041f6d","Mpkill","2","iphash:2b03bc65","0","2","2","3","485","399","100","0","70","58","1","2","1","0","seeing","low_force","65","0","323","91","6","0","0","0","0","0","0","0","0","0","485","0"
"2","duel_participant","duel","477","239","iphash:2b03bc65","^0-=^3'/^7o^3!^0d^0=-^6","2","iphash:052707fc","1","2","2","3","378","332","48","79","0","7","0","4","2","0","seeing","low_force","150","45","127","46","10","0","0","0","0","0","0","0","0","0","378","0"
"2","duel_participant","duel","478","239","iphash:052707fc","^2?^0¿^2û^0k^2ö^0ñ^2?^0¿","2","iphash:2b03bc65","0","2","2","3","444","423","100","0","0","5","0","6","1","0","seeing","low_force","96","0","238","51","59","0","0","0","0","0","0","0","0","0","444","0"
"2","duel_participant","duel","479","240","iphash:052707fc","^2?^0¿^2û^0k^2ö^0ñ^2?^0¿","2","iphash:2b03bc65","1","2","2","3","760","685","25","100","0","8","0","9","1","0","seeing","low_force","276","30","199","59","196","0","0","0","0","0","0","0","0","0","760","0"
"2","duel_participant","duel","480","240","iphash:2b03bc65","^0-=^3'/^7o^3!^0d^0=-^6","2","iphash:052707fc","0","2","2","3","642","564","100","-7","0","30","0","5","2","0","unknown","low_force","5","0","385","183","69","0","0","0","0","0","0","0","0","0","642","0"
"2","duel_participant","duel","481","241","iphash:052707fc","^2?^0¿^2û^0k^2ö^0ñ^2?^0¿","2","iphash:2b03bc65","1","2","2","3","579","493","14","37","0","23","1","3","0","0","seeing","low_force","97","0","273","201","8","0","0","0","0","0","0","0","0","0","579","0"
"2","duel_participant","duel","482","241","iphash:2b03bc65","^0-=^3'/^7o^3!^0d^0=-^6","2","iphash:052707fc","0","2","2","3","468","370","100","-19","0","6","0","6","4","0","unknown","low_force","126","0","70","76","196","0","0","0","0","0","0","0","0","0","468","0"
"2","duel_participant","duel","483","242","iphash:052707fc","^2?^0¿^2û^0k^2ö^0ñ^2?^0¿","2","iphash:2b03bc65","1","2","2","3","212","127","9","100","99","2","0","0","0","0","seeing","low_force","35","0","114","25","38","0","0","0","0","0","0","0","0","0","212","0"
"2","duel_participant","duel","484","242","iphash:2b03bc65","^0-=^3'/^7o^3!^0d^0=-^6","2","iphash:052707fc","0","2","2","3","96","31","100","-7","100","2","1","0","3","0","seeing","low_force","11","0","70","15","0","0","0","0","0","0","0","0","0","0","96","0"
"2","duel_participant","duel","485","243","iphash:052707fc","^2?^0¿^2û^0k^2ö^0ñ^2?^0¿","2","iphash:2b03bc65","1","2","2","3","478","409","25","56","37","29","0","0","1","0","seeing","low_force","68","0","175","158","77","0","0","0","0","0","0","0","0","0","478","0"
"2","duel_participant","duel","486","243","iphash:2b03bc65","^0-=^3'/^7o^3!^0d^0=-^6","2","iphash:052707fc","0","2","2","3","479","437","100","-8","67","22","2","2","1","0","seeing","low_force","54","10","19","266","130","0","0","0","0","0","0","0","0","0","479","0"
"2","duel_participant","duel","487","244","iphash:cb041f6d","Mpkill","2","iphash:8fac4823","1","2","2","3","435","359","18","82","98","2","4","0","0","0","seeing","grip_control","159","0","271","2","3","0","0","0","0","0","0","0","0","0","435","0"
"2","duel_participant","duel","488","244","iphash:8fac4823","TUA^tiw","2","iphash:cb041f6d","0","2","2","3","337","337","100","-2","97","0","8","0","1","0","seeing","grip_control","202","0","135","0","0","0","0","0","0","0","0","0","0","0","337","0"
"2","duel_participant","duel","489","245","iphash:2b03bc65","^0-=^3'/^7o^3!^0d^0=-^6","2","iphash:052707fc","1","2","2","3","908","886","78","64","9","27","1","3","1","0","seeing","low_force","96","10","137","303","362","0","0","0","0","0","0","0","0","0","908","0"
"2","duel_participant","duel","490","245","iphash:052707fc","^2?^0¿^2û^0k^2ö^0ñ^2?^0¿","2","iphash:2b03bc65","0","2","2","3","757","757","100","-39","0","42","0","7","1","0","seeing","low_force","93","0","124","368","172","0","0","0","0","0","0","0","0","0","757","0"
"2","duel_participant","duel","491","246","iphash:cb041f6d","Mpkill","2","iphash:8fac4823","1","2","2","3","422","388","66","100","79","19","1","0","1","0","seeing","low_force","114","30","148","25","105","0","0","0","0","0","0","0","0","0","422","0"
"2","duel_participant","duel","492","246","iphash:8fac4823","TUA^tiw","2","iphash:cb041f6d","0","2","2","3","377","377","100","-22","0","5","7","1","0","0","unknown","low_force","0","0","222","86","69","0","0","0","0","0","0","0","0","0","377","0"
"2","duel_participant","duel","493","247","iphash:cb041f6d","Mpkill","2","iphash:8fac4823","1","2","2","3","505","474","69","94","59","18","1","0","0","0","seeing","low_force","107","4","153","38","203","0","0","0","0","0","0","0","0","0","505","0"
"2","duel_participant","duel","494","247","iphash:8fac4823","TUA^tiw","2","iphash:cb041f6d","0","2","2","3","515","443","100","0","63","16","8","0","1","0","seeing","low_force","44","0","248","203","20","0","0","0","0","0","0","0","0","0","515","0"
"2","duel_participant","duel","495","248","iphash:cb041f6d","Mpkill","2","iphash:8fac4823","1","2","2","3","123","48","19","100","12","1","0","0","0","0","seeing","low_force","42","0","73","1","7","0","0","0","0","0","0","0","0","0","123","0"
"2","duel_participant","duel","496","248","iphash:8fac4823","TUA^tiw","2","iphash:cb041f6d","0","2","2","3","50","50","100","-14","10","0","1","0","1","0","seeing","forced_entries","0","0","50","0","0","0","0","0","0","0","0","0","0","0","50","0"
"2","duel_participant","duel","497","249","iphash:cb041f6d","Mpkill","2","iphash:8fac4823","1","2","2","3","501","500","99","50","0","8","1","0","1","0","seeing","low_force","92","0","151","50","208","0","0","0","0","0","0","0","0","0","501","0"
"2","duel_participant","duel","498","249","iphash:8fac4823","TUA^tiw","2","iphash:cb041f6d","0","2","2","3","234","203","100","-18","0","1","4","8","2","0","seeing","saber_throw","8","0","176","50","0","0","0","0","0","0","0","0","0","0","234","0"
"2","duel_participant","duel","499","250","iphash:c526d4d6","^7-=^0Alias^7=-","2","iphash:052707fc","1","2","2","3","364","295","31","80","30","0","1","4","1","0","seeing","saber_throw","131","5","113","0","115","0","0","0","0","0","0","0","0","0","364","0"
"2","duel_participant","duel","500","250","iphash:052707fc","^2?^0¿^2û^0k^2ö^0ñ^2?^0¿","2","iphash:c526d4d6","0","2","2","3","505","505","100","-26","98","10","2","1","1","0","seeing","low_force","255","0","128","122","0","0","0","0","0","0","0","0","0","0","505","0"
"2","duel_participant","duel","501","251","user:sugarkane","sugarkane","1","iphash:2b03bc65","1","2","2","3","1403","1303","0","73","0","68","0","5","0","0","seeing","low_force","117","4","527","435","320","0","0","0","0","0","0","0","0","0","1403","0"
"2","duel_participant","duel","502","251","iphash:2b03bc65","^0-=^3'/^7o^3!^0d^0=-^6","2","user:sugarkane","0","2","2","3","1220","1216","100","-23","0","41","3","13","4","0","unknown","low_force","167","43","307","470","233","0","0","0","0","0","0","0","0","0","1220","0"
"2","duel_participant","duel","503","252","iphash:cb041f6d","Mpkill","2","iphash:8fac4823","1","2","2","3","825","751","26","100","0","21","1","0","1","0","seeing","low_force","161","20","492","34","118","0","0","0","0","0","0","0","0","0","825","0"
"2","duel_participant","duel","504","252","iphash:8fac4823","TUA^tiw","2","iphash:cb041f6d","0","2","2","3","638","604","100","-1","0","10","7","2","2","0","seeing","low_force","274","68","188","89","19","0","0","0","0","0","0","0","0","0","638","0"
"2","duel_participant","duel","505","253","iphash:052707fc","^2?^0¿^2û^0k^2ö^0ñ^2?^0¿","2","iphash:c526d4d6","1","2","2","3","2024","1989","65","94","0","27","3","4","6","0","seeing","low_force","341","0","995","233","455","0","0","0","0","0","0","0","0","0","2024","0"
"2","duel_participant","duel","506","253","iphash:c526d4d6","^7-=^0Alias^7=-","2","iphash:052707fc","0","2","2","3","1607","1607","100","-9","6","62","6","1","3","0","seeing","low_force","637","20","468","398","84","0","0","0","0","0","0","0","0","0","1607","0"
"2","duel_participant","duel","507","254","iphash:cb041f6d","Mpkill","2","iphash:8fac4823","1","2","2","3","540","532","86","98","55","2","1","0","0","0","seeing","low_force","198","24","124","21","173","0","0","0","0","0","0","0","0","0","540","0"
"2","duel_participant","duel","508","254","iphash:8fac4823","TUA^tiw","2","iphash:cb041f6d","0","2","2","3","518","446","100","-19","35","3","8","2","1","0","seeing","low_force","56","0","247","215","0","0","0","0","0","0","0","0","0","0","518","0"
"2","duel_participant","duel","509","255","iphash:cb041f6d","Mpkill","2","iphash:8fac4823","1","2","2","3","838","764","26","98","15","29","3","0","0","0","seeing","low_force","211","0","386","99","142","0","0","0","0","0","0","0","0","0","838","0"
"2","duel_participant","duel","510","255","iphash:8fac4823","TUA^tiw","2","iphash:cb041f6d","0","2","2","3","607","554","100","-6","0","2","11","17","2","0","seeing","saber_throw","196","0","264","25","122","0","0","0","0","0","0","0","0","0","607","0"
"2","duel_participant","duel","511","256","iphash:2b03bc65","^0-=^3'/^7o^3!^0d^0=-^6","2","user:sugarkane","1","2","2","3","1285","1185","0","100","0","25","1","8","4","0","seeing","low_force","241","0","186","266","592","0","0","0","0","0","0","0","0","0","1285","0"
"2","duel_participant","duel","512","256","user:sugarkane","sugarkane","1","iphash:2b03bc65","0","2","2","3","1244","1164","100","-4","0","77","2","3","4","0","seeing","low_force","199","0","287","694","64","0","0","0","0","0","0","0","0","0","1244","0"
"2","duel_participant","duel","513","257","iphash:cb041f6d","Mpkill","2","iphash:8fac4823","1","2","2","3","572","572","100","100","10","23","2","0","0","0","seeing","low_force","61","26","182","241","62","0","0","0","0","0","0","0","0","0","572","0"
"2","duel_participant","duel","514","257","iphash:8fac4823","TUA^tiw","2","iphash:cb041f6d","0","2","2","3","570","570","100","0","0","6","3","3","1","0","seeing","low_force","202","0","172","39","157","0","0","0","0","0","0","0","0","0","570","0"
"2","duel_participant","duel","515","258","bot:/botfiles/mediumds.jkb","Lannik","0","iphash:2b03bc65","1","2","2","3","1184","1095","11","65","0","77","2","4","0","0","seeing","low_force","169","0","376","476","163","56","627","182","294","0","0","0","0","0","25","0"
"2","duel_participant","duel","516","258","iphash:2b03bc65","^0-=^3'/^7o^3!^0d^0=-^6","2","bot:/botfiles/mediumds.jkb","0","2","2","3","1044","1044","100","-19","0","36","4","6","6","0","unknown","low_force","170","0","163","333","378","0","0","0","0","0","0","0","0","0","1044","0"
"2","duel_participant","duel","517","259","iphash:8fac4823","TUA^tiw","2","iphash:cb041f6d","1","2","2","3","432","432","100","43","0","4","5","4","0","0","seeing","low_force","117","50","114","102","49","0","0","0","0","0","0","0","0","0","432","0"
"2","duel_participant","duel","518","259","iphash:cb041f6d","Mpkill","2","iphash:8fac4823","0","2","2","3","499","499","100","-34","0","9","1","0","0","0","seeing","low_force","72","0","282","58","87","0","0","0","0","0","0","0","0","0","499","0"
"2","duel_participant","duel","519","260","iphash:cb041f6d","Mpkill","2","iphash:8fac4823","1","2","2","3","134","134","100","98","25","0","1","0","0","0","seeing","forced_entries","7","0","126","0","1","0","0","0","0","0","0","0","0","0","134","0"
"2","duel_participant","duel","520","260","iphash:8fac4823","TUA^tiw","2","iphash:cb041f6d","0","2","2","3","102","38","100","-1","0","1","3","0","1","0","seeing","low_force","0","0","82","20","0","0","0","0","0","0","0","0","0","0","102","0"
"2","duel_participant","duel","521","261","iphash:cb041f6d","Mpkill","2","iphash:8fac4823","1","2","2","3","0","0","100","100","97","0","0","0","0","0","","linear_entries","0","0","0","0","0","0","0","0","0","0","0","0","0","0","0","0"
"2","duel_participant","duel","522","261","iphash:8fac4823","TUA^tiw","2","iphash:cb041f6d","0","2","2","3","58","58","100","-17","0","0","0","0","0","0","seeing","forced_entries","8","0","50","0","0","0","0","0","0","0","0","0","0","0","58","0"
"2","duel_participant","duel","523","262","iphash:cb041f6d","Mpkill","2","iphash:8fac4823","1","2","2","3","0","0","100","100","36","0","0","0","0","0","","linear_entries","0","0","0","0","0","0","0","0","0","0","0","0","0","0","0","0"
"2","duel_participant","duel","524","262","iphash:8fac4823","TUA^tiw","2","iphash:cb041f6d","0","2","2","3","100","35","100","-37","0","2","0","0","0","0","seeing","low_force","0","0","50","50","0","0","0","0","0","0","0","0","0","0","100","0"
"2","duel_participant","duel","525","263","iphash:cb041f6d","Mpkill","2","bot:/botfiles/mediumds.jkb","1","2","2","3","851","807","50","30","0","9","0","4","4","0","unknown","low_force","0","0","386","229","236","0","0","0","0","0","0","0","0","0","851","0"
"2","duel_participant","duel","526","263","bot:/botfiles/mediumds.jkb","Lannik","0","iphash:cb041f6d","0","2","2","3","773","753","100","-10","64","39","4","0","1","0","speed","low_force","102","19","271","331","50","58","478","25","113","0","0","0","0","99","0","0"
"2","duel_participant","duel","527","264","iphash:cb041f6d","Mpkill","2","bot:/botfiles/mediumds.jkb","1","2","2","3","120","107","81","80","68","0","0","1","0","0","unknown","forced_entries","0","0","74","0","46","0","0","0","0","0","0","0","0","0","120","0"
"2","duel_participant","duel","528","264","bot:/botfiles/mediumds.jkb","Lannik","0","iphash:cb041f6d","0","2","2","3","85","85","100","-8","100","0","1","0","1","0","push","late_defense","25","0","60","0","0","20","45","20","0","0","0","0","0","0","0","0"
"2","duel_participant","duel","529","265","user:sugarkane","sugarkane","1","iphash:2b03bc65","1","2","2","3","1244","1196","46","35","0","35","2","3","2","0","seeing","low_force","227","0","307","459","251","0","0","0","0","0","0","0","0","0","1244","0"
"2","duel_participant","duel","530","265","iphash:2b03bc65","^0-=^3'/^7o^3!^0d^0=-^6","2","user:sugarkane","0","2","2","3","1249","1205","100","-1","0","33","3","7","4","0","seeing","low_force","244","0","269","447","289","0","0","0","0","0","0","0","0","0","1249","0"
"2","duel_participant","duel","531","266","iphash:cb041f6d","Mpkill","2","bot:/botfiles/mediumds.jkb","1","2","2","3","153","84","25","56","70","22","1","1","1","0","seeing","low_force","0","0","105","48","0","0","0","0","0","0","0","0","0","0","153","0"
"2","duel_participant","duel","532","266","bot:/botfiles/mediumds.jkb","Lannik","0","iphash:cb041f6d","0","2","2","3","180","180","100","-6","100","1","1","0","0","0","push","low_force","34","0","128","18","0","24","81","40","35","0","0","0","0","0","0","0"
"2","duel_participant","duel","533","267","iphash:cb041f6d","Mpkill","2","bot:/botfiles/mediumds.jkb","1","2","2","3","1218","1135","11","100","35","68","0","3","5","0","unknown","low_force","46","0","424","341","407","0","0","0","0","0","0","0","0","0","1218","0"
"2","duel_participant","duel","534","267","bot:/botfiles/mediumds.jkb","Lannik","0","iphash:cb041f6d","0","2","2","3","1513","1433","100","-2","65","67","8","1","4","0","push","low_force","113","68","505","594","233","209","734","20","433","0","0","0","0","117","0","0"
"2","duel_participant","duel","535","268","iphash:cb041f6d","Mpkill","2","bot:/botfiles/mediumds.jkb","1","2","2","3","217","158","41","60","70","0","0","1","1","0","seeing","forced_entries","64","0","153","0","0","0","0","0","0","0","0","0","0","0","217","0"
"2","duel_participant","duel","536","268","bot:/botfiles/mediumds.jkb","Lannik","0","iphash:cb041f6d","0","2","2","3","165","165","100","0","97","0","4","0","1","0","drain","grip_control","86","19","60","0","0","57","59","5","44","0","0","0","0","0","0","0"
"2","duel_participant","duel","537","269","bot:/botfiles/mediumds.jkb","Lannik","0","iphash:cb041f6d","1","2","2","3","667","567","0","92","96","9","3","0","2","0","pull","low_force","174","63","210","74","146","75","337","39","216","0","0","0","0","0","0","0"
"2","duel_participant","duel","538","269","iphash:cb041f6d","Mpkill","2","bot:/botfiles/mediumds.jkb","0","2","2","3","476","424","100","-2","0","18","1","5","0","0","unknown","low_force","0","0","345","126","5","0","0","0","0","0","0","0","0","0","476","0"
"2","duel_participant","duel","539","270","iphash:cb041f6d","Mpkill","2","iphash:2b03bc65","1","2","2","3","990","921","31","38","0","29","0","11","3","0","seeing","low_force","37","0","460","353","140","0","0","0","0","0","0","0","0","0","990","0"
"2","duel_participant","duel","540","270","iphash:2b03bc65","^0-=^3'/^7o^3!^0d^0=-^6","2","iphash:cb041f6d","0","2","2","3","1089","1083","100","-13","97","19","8","0","1","0","seeing","low_force","272","171","254","228","164","0","0","0","0","0","0","0","0","0","1089","0"
"2","duel_participant","duel","541","271","bot:/botfiles/mediumds.jkb","Lannik","0","iphash:d4cfd1d8","1","2","1","2","591","561","70","100","10","3","0","4","1","0","unknown","low_force","177","4","138","75","197","44","233","0","150","0","0","0","0","160","0","4"
"2","duel_participant","duel","542","271","iphash:d4cfd1d8","^3Wookiee","2","bot:/botfiles/mediumds.jkb","0","1","2","2","480","474","94","65","58","33","0","1","0","0","seeing","low_force","98","2","101","173","106","0","0","0","0","0","0","0","0","0","480","0"
"2","duel_participant","duel","543","272","iphash:cb041f6d","Mpkill","2","iphash:2b03bc65","1","2","2","3","1050","950","0","99","0","136","1","3","0","0","seeing","low_force","94","0","184","572","200","0","0","0","0","0","0","0","0","0","1050","0"
"2","duel_participant","duel","544","272","iphash:2b03bc65","^0-=^3'/^7o^3!^0d^0=-^6","2","iphash:cb041f6d","0","2","2","3","1162","1162","100","-9","0","22","5","2","5","0","seeing","low_force","30","0","291","431","410","0","0","0","0","0","0","0","0","0","1162","0"
"2","duel_participant","duel","545","273","user:sugarkane","sugarkane","1","iphash:8fac4823","1","2","2","3","338","242","4","96","26","2","1","0","0","0","seeing","low_force","109","38","121","24","46","0","0","0","0","0","0","0","0","0","338","0"
"2","duel_participant","duel","546","273","iphash:8fac4823","TUA^tiw","2","user:sugarkane","0","2","2","3","193","193","100","-6","37","0","1","6","2","0","unknown","saber_throw","0","0","162","31","0","0","0","0","0","0","0","0","0","0","193","0"
"2","duel_participant","duel","547","274","iphash:2b03bc65","^0-=^3'/^7o^3!^0d^0=-^6","2","iphash:cb041f6d","1","2","2","3","829","734","5","97","0","25","5","2","1","0","seeing","low_force","141","0","215","325","148","0","0","0","0","0","0","0","0","0","829","0"
"2","duel_participant","duel","548","274","iphash:cb041f6d","Mpkill","2","iphash:2b03bc65","0","2","2","3","599","545","100","-16","0","44","0","4","1","0","seeing","low_force","69","14","132","288","96","0","0","0","0","0","0","0","0","0","599","0"
"2","duel_participant","duel","549","275","user:sugarkane","sugarkane","1","iphash:8fac4823","1","2","2","3","579","479","0","76","0","37","1","0","2","0","seeing","low_force","20","0","104","239","216","0","0","0","0","0","0","0","0","0","579","0"
"2","duel_participant","duel","550","275","iphash:8fac4823","TUA^tiw","2","user:sugarkane","0","2","2","3","342","302","100","-4","0","8","1","6","3","0","seeing","low_force","6","0","66","180","90","0","0","0","0","0","0","0","0","0","342","0"
"2","duel_participant","duel","551","276","user:sugarkane","sugarkane","1","iphash:8fac4823","1","2","2","3","804","715","11","100","0","59","0","0","0","0","seeing","low_force","52","24","255","322","151","0","0","0","0","0","0","0","0","0","804","0"
"2","duel_participant","duel","552","276","iphash:8fac4823","TUA^tiw","2","user:sugarkane","0","2","2","3","629","629","100","-7","40","27","3","5","0","0","seeing","low_force","77","0","164","192","196","0","0","0","0","0","0","0","0","0","629","0"
"2","duel_participant","duel","553","277","user:sugarkane","sugarkane","1","iphash:8fac4823","1","2","2","3","73","0","21","100","99","0","0","0","0","0","seeing","low_force","0","0","65","0","8","0","0","0","0","0","0","0","0","0","73","0"
"2","duel_participant","duel","554","277","iphash:8fac4823","TUA^tiw","2","user:sugarkane","0","2","2","3","37","37","100","-8","100","0","1","0","1","0","seeing","forced_entries","0","0","37","0","0","0","0","0","0","0","0","0","0","0","37","0"
"2","duel_participant","duel","555","278","iphash:2b03bc65","^0-=^3'/^7o^3!^0d^0=-^6","2","iphash:cb041f6d","1","2","2","3","704","629","19","63","0","20","0","4","0","0","seeing","low_force","53","43","110","213","285","0","0","0","0","0","0","0","0","0","704","0"
"2","duel_participant","duel","556","278","iphash:cb041f6d","Mpkill","2","iphash:2b03bc65","0","2","2","3","577","536","100","-2","0","46","0","4","1","0","seeing","low_force","27","0","159","324","67","0","0","0","0","0","0","0","0","0","577","0"
"2","duel_participant","duel","557","279","iphash:cb041f6d","Mpkill","2","iphash:8fac4823","1","2","2","3","0","0","100","23","0","0","0","0","0","0","","linear_entries","0","0","0","0","0","0","0","0","0","0","0","0","0","0","0","0"
"2","duel_participant","duel","558","279","iphash:8fac4823","TUA^tiw","2","iphash:cb041f6d","0","2","2","3","50","5","100","-29","0","0","0","0","0","0","seeing","low_force","0","0","0","50","0","0","0","0","0","0","0","0","0","0","50","0"
"2","duel_participant","duel","559","280","iphash:cb041f6d","Mpkill","2","iphash:8fac4823","1","2","2","3","916","843","27","100","13","15","2","0","0","0","seeing","low_force","174","0","387","142","213","0","0","0","0","0","0","0","0","0","916","0"
"2","duel_participant","duel","560","280","iphash:8fac4823","TUA^tiw","2","iphash:cb041f6d","0","2","2","3","567","507","100","-20","65","11","3","7","0","0","seeing","low_force","175","0","106","197","89","0","0","0","0","0","0","0","0","0","567","0"
"2","duel_participant","duel","561","281","iphash:cb041f6d","Mpkill","2","iphash:8fac4823","1","2","2","3","1012","919","7","80","0","34","1","0","1","0","seeing","low_force","230","52","426","178","126","0","0","0","0","0","0","0","0","0","1012","0"
"2","duel_participant","duel","562","281","iphash:8fac4823","TUA^tiw","2","iphash:cb041f6d","0","2","2","3","991","991","100","-15","0","10","14","2","0","0","seeing","grip_control","254","0","482","154","101","0","0","0","0","0","0","0","0","0","991","0"
"2","duel_participant","duel","563","282","iphash:cb041f6d","Mpkill","2","iphash:8fac4823","1","2","2","3","499","402","3","2","0","18","2","0","2","0","seeing","low_force","16","0","317","97","69","0","0","0","0","0","0","0","0","0","499","0"
"2","duel_participant","duel","564","282","iphash:8fac4823","TUA^tiw","2","iphash:cb041f6d","0","2","2","3","456","420","100","-5","0","2","4","7","1","0","seeing","low_force","98","111","70","109","68","0","0","0","0","0","0","0","0","0","456","0"
"2","duel_participant","duel","565","283","bot:/botfiles/mediumds.jkb","Lannik","0","iphash:2b03bc65","1","2","2","3","264","164","0","100","37","8","1","2","0","0","pull","low_force","16","23","195","30","0","0","164","4","20","0","0","0","0","76","0","0"
"2","duel_participant","duel","566","283","iphash:2b03bc65","^0-=^3'/^7o^3!^0d^0=-^6","2","bot:/botfiles/mediumds.jkb","0","2","2","3","251","251","100","0","0","1","0","2","2","0","unknown","low_force","40","0","63","5","143","0","0","0","0","0","0","0","0","0","251","0"
"2","duel_participant","duel","567","284","iphash:cb041f6d","Mpkill","2","iphash:8fac4823","1","2","2","3","777","687","4","100","0","35","2","0","2","0","seeing","low_force","316","19","304","72","66","0","0","0","0","0","0","0","0","0","777","0"
"2","duel_participant","duel","568","284","iphash:8fac4823","TUA^tiw","2","iphash:cb041f6d","0","2","2","3","639","639","100","-16","0","3","8","4","0","0","seeing","grip_control","169","0","309","106","55","0","0","0","0","0","0","0","0","0","639","0"
"2","duel_participant","duel","569","285","user:sugarkane","sugarkane","1","iphash:2b03bc65","1","2","2","3","125","125","100","98","60","1","1","0","0","0","seeing","low_force","24","19","58","24","0","0","0","0","0","0","0","0","0","0","125","0"
"2","duel_participant","duel","570","285","iphash:2b03bc65","^0-=^3'/^7o^3!^0d^0=-^6","2","user:sugarkane","0","2","2","3","101","101","100","-10","0","0","0","3","0","0","seeing","saber_throw","0","0","101","0","0","0","0","0","0","0","0","0","0","0","101","0"
"2","duel_participant","duel","571","286","iphash:8fac4823","TUA^tiw","2","iphash:cb041f6d","1","2","2","3","343","330","81","98","68","2","7","0","1","0","seeing","grip_control","118","35","50","44","96","0","0","0","0","0","0","0","0","0","343","0"
"2","duel_participant","duel","572","286","iphash:cb041f6d","Mpkill","2","iphash:8fac4823","0","2","2","3","291","262","100","-13","0","18","1","0","0","0","seeing","low_force","12","0","174","62","43","0","0","0","0","0","0","0","0","0","291","0"
"2","duel_participant","duel","573","287","user:sugarkane","sugarkane","1","iphash:2b03bc65","1","2","2","3","467","395","22","100","9","9","0","3","0","0","seeing","low_force","71","53","144","76","123","0","0","0","0","0","0","0","0","0","467","0"
"2","duel_participant","duel","574","287","iphash:2b03bc65","^0-=^3'/^7o^3!^0d^0=-^6","2","user:sugarkane","0","2","2","3","356","306","100","-14","0","10","1","6","1","0","unknown","low_force","0","0","241","70","45","0","0","0","0","0","0","0","0","0","356","0"
"2","duel_participant","duel","575","288","iphash:cb041f6d","Mpkill","2","iphash:8fac4823","1","2","2","3","715","643","28","73","0","26","0","0","1","0","seeing","low_force","131","0","258","171","155","0","0","0","0","0","0","0","0","0","715","0"
"2","duel_participant","duel","576","288","iphash:8fac4823","TUA^tiw","2","iphash:cb041f6d","0","2","2","3","668","668","100","-5","0","14","5","3","0","0","seeing","low_force","130","19","152","239","128","0","0","0","0","0","0","0","0","0","668","0"
"2","duel_participant","duel","577","289","user:sugarkane","sugarkane","1","iphash:2b03bc65","1","2","2","3","1754","1699","39","99","0","68","5","5","1","0","seeing","low_force","257","20","714","597","166","0","0","0","0","0","0","0","0","0","1754","0"
"2","duel_participant","duel","578","289","iphash:2b03bc65","^0-=^3'/^7o^3!^0d^0=-^6","2","user:sugarkane","0","2","2","3","1618","1577","100","-3","0","32","5","16","5","0","seeing","low_force","337","261","392","226","402","0","0","0","0","0","0","0","0","0","1618","0"
"2","duel_participant","duel","579","290","iphash:cb041f6d","Mpkill","2","iphash:8fac4823","1","2","2","3","1017","948","31","84","0","55","4","0","2","0","seeing","low_force","148","43","164","457","205","0","0","0","0","0","0","0","0","0","1017","0"
"2","duel_participant","duel","580","290","iphash:8fac4823","TUA^tiw","2","iphash:cb041f6d","0","2","2","3","986","986","100","-19","0","20","7","5","2","0","seeing","low_force","0","0","218","577","191","0","0","0","0","0","0","0","0","0","986","0"
"2","duel_participant","duel","581","291","iphash:2b03bc65","^0-=^3'/^7o^3!^0d^0=-^6","2","user:sugarkane","1","2","2","3","169","95","20","96","100","0","0","1","1","0","seeing","low_force","116","0","46","0","7","0","0","0","0","0","0","0","0","0","169","0"
"2","duel_participant","duel","582","291","user:sugarkane","sugarkane","1","iphash:2b03bc65","0","2","2","3","186","186","100","-8","30","0","3","1","0","0","seeing","grip_control","50","0","136","0","0","0","0","0","0","0","0","0","0","0","186","0"
"2","duel_participant","duel","583","292","iphash:cb041f6d","Mpkill","2","iphash:8fac4823","1","2","2","3","1097","1066","69","70","0","43","1","0","3","0","seeing","low_force","78","0","462","279","278","0","0","0","0","0","0","0","0","0","1097","0"
"2","duel_participant","duel","584","292","iphash:8fac4823","TUA^tiw","2","iphash:cb041f6d","0","2","2","3","1055","1055","100","-1","57","31","6","1","4","0","seeing","low_force","327","63","234","258","173","0","0","0","0","0","0","0","0","0","1055","0"
"2","duel_participant","duel","585","293","iphash:cb041f6d","Mpkill","2","iphash:8fac4823","1","2","2","3","275","275","100","100","54","0","1","0","0","0","seeing","late_defense","89","35","126","0","25","0","0","0","0","0","0","0","0","0","275","0"
"2","duel_participant","duel","586","293","iphash:8fac4823","TUA^tiw","2","iphash:cb041f6d","0","2","2","3","188","114","100","-11","0","1","0","6","0","0","seeing","saber_throw","8","0","155","25","0","0","0","0","0","0","0","0","0","0","188","0"
"2","duel_participant","duel","587","294","iphash:cb041f6d","Mpkill","2","iphash:2b03bc65","1","2","2","3","583","510","27","54","9","11","1","2","0","0","seeing","low_force","186","5","83","136","173","0","0","0","0","0","0","0","0","0","583","0"
"2","duel_participant","duel","588","294","iphash:2b03bc65","^0-=^3'/^7o^3!^0d^0=-^6","2","iphash:cb041f6d","0","2","2","3","677","620","100","-6","0","29","8","0","0","0","seeing","low_force","35","0","265","282","95","0","0","0","0","0","0","0","0","0","677","0"
"2","duel_participant","duel","589","295","iphash:2b03bc65","^0-=^3'/^7o^3!^0d^0=-^6","2","iphash:cb041f6d","1","2","2","3","637","587","44","43","0","14","6","1","0","0","seeing","low_force","274","0","114","144","105","0","0","0","0","0","0","0","0","0","637","0"
"2","duel_participant","duel","590","295","iphash:cb041f6d","Mpkill","2","iphash:2b03bc65","0","2","2","3","627","586","100","-11","0","13","2","2","1","0","seeing","low_force","58","30","333","103","103","0","0","0","0","0","0","0","0","0","627","0"
"2","duel_participant","duel","591","296","iphash:cb041f6d","Mpkill","2","iphash:2b03bc65","1","2","2","3","121","50","23","100","100","2","0","0","0","0","seeing","low_force","43","0","19","23","36","0","0","0","0","0","0","0","0","0","121","0"
"2","duel_participant","duel","592","296","iphash:2b03bc65","^0-=^3'/^7o^3!^0d^0=-^6","2","iphash:cb041f6d","0","2","2","3","151","110","100","-19","99","0","3","0","0","0","seeing","grip_control","37","0","40","74","0","0","0","0","0","0","0","0","0","0","151","0"
"2","duel_participant","duel","593","297","iphash:2b03bc65","^0-=^3'/^7o^3!^0d^0=-^6","2","iphash:cb041f6d","1","2","2","3","605","542","31","59","0","16","6","0","1","0","seeing","low_force","180","76","98","113","138","0","0","0","0","0","0","0","0","0","605","0"
"2","duel_participant","duel","594","297","iphash:cb041f6d","Mpkill","2","iphash:2b03bc65","0","2","2","3","517","517","100","-15","0","18","1","2","0","0","seeing","low_force","76","0","302","93","46","0","0","0","0","0","0","0","0","0","517","0"
"2","duel_participant","duel","595","298","iphash:2b03bc65","^0-=^3'/^7o^3!^0d^0=-^6","2","iphash:cb041f6d","1","2","2","3","2087","2000","13","99","0","80","16","0","2","0","seeing","low_force","599","143","273","530","542","0","0","0","0","0","0","0","0","0","2087","0"
"2","duel_participant","duel","596","298","iphash:cb041f6d","Mpkill","2","iphash:2b03bc65","0","2","2","3","1779","1779","100","-19","0","126","2","4","2","0","unknown","low_force","156","0","851","492","280","0","0","0","0","0","0","0","0","0","1779","0"
"2","duel_participant","duel","597","299","iphash:cb041f6d","Mpkill","2","iphash:2b03bc65","1","2","2","3","183","96","13","100","70","15","0","0","0","0","seeing","low_force","72","0","86","25","0","0","0","0","0","0","0","0","0","0","183","0"
"2","duel_participant","duel","598","299","iphash:2b03bc65","^0-=^3'/^7o^3!^0d^0=-^6","2","iphash:cb041f6d","0","2","2","3","205","205","100","-1","99","0","4","0","1","0","seeing","grip_control","140","45","20","0","0","0","0","0","0","0","0","0","0","0","205","0"
"2","duel_participant","duel","599","300","iphash:2b03bc65","^0-=^3'/^7o^3!^0d^0=-^6","2","iphash:cb041f6d","1","2","2","3","771","690","19","99","0","19","3","1","1","0","seeing","low_force","234","84","190","150","113","0","0","0","0","0","0","0","0","0","771","0"
"2","duel_participant","duel","600","300","iphash:cb041f6d","Mpkill","2","iphash:2b03bc65","0","2","2","3","594","594","100","-4","0","27","1","6","2","0","unknown","low_force","109","0","286","169","30","0","0","0","0","0","0","0","0","0","594","0"
"2","duel_participant","duel","601","301","iphash:cb041f6d","Mpkill","2","user:void","1","2","2","3","1020","1000","74","100","0","21","0","9","1","0","seeing","low_force","59","0","314","121","526","0","0","0","0","0","0","0","0","0","1020","0"
"2","duel_participant","duel","602","301","user:void","void","1","iphash:cb041f6d","0","2","2","3","1241","1207","100","-19","69","50","13","0","1","0","seeing","low_force","190","15","312","664","60","0","0","0","0","0","0","0","0","0","1241","0"
"2","duel_participant","duel","603","302","iphash:cb041f6d","Mpkill","2","user:void","1","2","2","3","148","63","9","76","0","2","0","2","1","0","unknown","low_force","0","0","63","24","61","0","0","0","0","0","0","0","0","0","148","0"
"2","duel_participant","duel","604","302","user:void","void","1","iphash:cb041f6d","0","2","2","3","229","155","100","-11","9","7","3","0","1","0","seeing","low_force","24","0","105","100","0","0","0","0","0","0","0","0","0","0","229","0"
"2","duel_participant","duel","605","303","iphash:cb041f6d","Mpkill","2","user:void","1","2","2","3","739","639","0","59","0","35","1","6","1","0","seeing","low_force","106","0","260","199","174","0","0","0","0","0","0","0","0","0","739","0"
"2","duel_participant","duel","606","303","user:void","void","1","iphash:cb041f6d","0","2","2","3","742","674","100","-12","0","30","2","3","2","0","seeing","low_force","188","0","219","282","53","0","0","0","0","0","0","0","0","0","742","0"
"2","duel_participant","duel","607","304","user:void","void","1","iphash:cb041f6d","1","2","2","3","252","228","70","56","70","1","2","1","0","0","seeing","low_force","69","0","57","5","121","0","0","0","0","0","0","0","0","0","252","0"
"2","duel_participant","duel","608","304","iphash:cb041f6d","Mpkill","2","user:void","0","2","2","3","191","191","100","-8","90","16","1","0","1","0","seeing","low_force","31","0","87","73","0","0","0","0","0","0","0","0","0","0","191","0"
"2","duel_participant","duel","609","305","iphash:cb041f6d","Mpkill","2","user:void","1","2","2","3","8","8","100","100","99","0","0","0","0","0","seeing","linear_entries","8","0","0","0","0","0","0","0","0","0","0","0","0","0","8","0"
"2","duel_participant","duel","610","305","user:void","void","1","iphash:cb041f6d","0","2","2","3","0","0","100","-10","0","0","0","0","0","0","","linear_entries","0","0","0","0","0","0","0","0","0","0","0","0","0","0","0","0"
"2","duel_participant","duel","611","306","user:void","void","1","iphash:cb041f6d","1","2","2","3","85","18","33","48","0","0","1","0","0","0","seeing","forced_entries","5","0","40","0","40","0","0","0","0","0","0","0","0","0","85","0"
"2","duel_participant","duel","612","306","iphash:cb041f6d","Mpkill","2","user:void","0","2","2","3","33","0","100","0","0","0","0","1","1","0","unknown","low_force","0","0","0","33","0","0","0","0","0","0","0","0","0","0","33","0"
"2","duel_participant","duel","613","307","user:void","void","1","iphash:cb041f6d","1","2","2","3","902","885","53","32","25","50","8","0","1","0","seeing","low_force","222","8","161","406","105","0","0","0","0","0","0","0","0","0","902","0"
"2","duel_participant","duel","614","307","iphash:cb041f6d","Mpkill","2","user:void","0","2","2","3","909","847","100","-18","0","23","0","5","3","0","seeing","low_force","46","4","285","68","506","0","0","0","0","0","0","0","0","0","909","0"
"2","duel_participant","duel","615","308","iphash:cb041f6d","Mpkill","2","user:void","1","2","2","3","252","193","41","80","70","12","0","2","0","0","seeing","low_force","12","40","134","59","7","0","0","0","0","0","0","0","0","0","252","0"
"2","duel_participant","duel","616","308","user:void","void","1","iphash:cb041f6d","0","2","2","3","285","249","100","-10","67","0","5","1","0","0","seeing","grip_control","56","0","116","38","75","0","0","0","0","0","0","0","0","0","285","0"
"2","duel_participant","duel","617","309","user:void","void","1","iphash:cb041f6d","1","2","2","3","305","260","49","100","100","0","0","0","0","0","seeing","forced_entries","76","24","70","0","135","0","0","0","0","0","0","0","0","0","305","0"
"2","duel_participant","duel","618","309","iphash:cb041f6d","Mpkill","2","user:void","0","2","2","3","262","260","100","0","70","5","1","1","2","0","unknown","low_force","0","0","175","87","0","0","0","0","0","0","0","0","0","0","262","0"
"2","duel_participant","duel","619","310","bot:/botfiles/hardds4.jkb","Reborn_Twin","0","iphash:f51458ac","1","2","2","3","3176","3090","14","100","0","175","7","6","6","0","push","low_force","521","57","327","1531","740","310","1317","50","1349","0","0","0","0","150","0","0"
"2","duel_participant","duel","620","310","iphash:f51458ac","^7Padawan","2","bot:/botfiles/hardds4.jkb","0","2","2","3","2957","2957","100","-11","0","203","0","5","7","0","seeing","low_force","297","0","608","1672","380","0","0","0","0","0","0","0","0","0","2957","0"
"2","duel_participant","duel","621","311","iphash:f51458ac","^7Padawan","2","bot:/botfiles/hardds4.jkb","1","2","2","3","237","138","1","100","100","6","0","0","0","0","seeing","low_force","0","0","74","38","125","0","0","0","0","0","0","0","0","0","237","0"
"2","duel_participant","duel","622","311","bot:/botfiles/hardds4.jkb","Reborn_Twin","0","iphash:f51458ac","0","2","2","3","141","141","100","-8","99","7","1","0","1","0","push","low_force","0","0","0","141","0","102","39","0","0","0","0","0","0","0","0","0"
"2","duel_participant","duel","623","312","bot:/botfiles/hardds.jkb","Desann","0","iphash:f51458ac","1","2","2","3","868","786","18","60","99","25","3","0","2","0","push","low_force","146","58","188","182","294","55","336","169","240","0","0","0","0","68","0","0"
"2","duel_participant","duel","624","312","iphash:f51458ac","^7Padawan","2","bot:/botfiles/hardds.jkb","0","2","2","3","1059","1059","100","-14","0","37","2","3","1","0","seeing","low_force","72","0","429","453","105","0","0","0","0","0","0","0","0","0","1059","0"
"2","duel_participant","duel","625","313","bot:/botfiles/hardds4.jkb","Reborn_Twin","0","iphash:f51458ac","1","2","2","3","373","281","8","100","100","18","3","0","1","0","pull","low_force","58","39","89","27","160","57","144","72","100","0","0","0","0","0","0","0"
"2","duel_participant","duel","626","313","iphash:f51458ac","^7Padawan","2","bot:/botfiles/hardds4.jkb","0","2","2","3","273","273","100","-8","40","14","1","2","2","0","unknown","low_force","0","0","210","63","0","0","0","0","0","0","0","0","0","0","273","0"
