"export_format_version","record_type","source","skill_band","ctx_key","self_ha_bucket","enemy_ha_bucket","self_force_bucket","enemy_force_bucket","range_bucket","self_stance","enemy_stance","stimulus","response","follow1","follow2","samples","wins","net_damage","avg_response_ms","capture_version"
"1","bot_learned_sequence","human","0","2559","3","3","3","3","1","2","0","idle","swing","none","none","47","39","177","0","9"
"1","bot_learned_sequence","human","0","767","3","3","3","3","2","0","0","idle","jump","none","none","30","8","71","0","9"
"1","bot_learned_sequence","human","0","2303","3","3","3","3","0","2","0","idle","swing","swing","swing","23","19","446","0","9"
"1","bot_learned_sequence","human","0","2559","3","3","3","3","1","2","0","idle","jump","none","none","19","6","-12","0","9"
"1","bot_learned_sequence","human","0","10495","3","3","3","3","0","2","2","swing","swing","none","none","14","6","-226","119","9"
"1","bot_learned_sequence","bot","4","9711","3","3","2","3","1","1","2","idle","pull","none","none","13","6","229","0","9"
"1","bot_learned_sequence","bot","4","9711","3","3","2","3","1","1","2","swing","pull","none","none","13","2","-5","251","9"
"1","bot_learned_sequence","human","0","2559","3","3","3","3","1","2","0","idle","swing","swing","swing","13","9","103","0","9"
"1","bot_learned_sequence","human","0","511","3","3","3","3","1","0","0","idle","drain","none","none","11","8","-79","0","9"
"1","bot_learned_sequence","bot","4","2303","3","3","3","3","0","2","0","idle","swing","none","none","10","1","-43","0","9"
"1","bot_learned_sequence","bot","4","1519","3","3","2","3","1","1","0","idle","pull","none","none","10","4","230","0","9"
"1","bot_learned_sequence","bot","3","2303","3","3","3","3","0","2","0","idle","swing","none","none","10","0","0","0","9"
"1","bot_learned_sequence","human","0","8959","3","3","3","3","2","0","2","idle","jump","none","none","10","7","130","0","9"
"1","bot_learned_sequence","human","0","255","3","3","3","3","0","0","0","idle","swing","none","none","9","8","60","0","9"
"1","bot_learned_sequence","human","0","8447","3","3","3","3","0","0","2","swing","swing","none","none","9","4","-106","138","9"
"1","bot_learned_sequence","human","0","2815","3","3","3","3","2","2","0","idle","jump","none","none","9","0","-18","0","9"
"1","bot_learned_sequence","human","0","2559","3","3","3","3","1","2","0","idle","swing","jump","none","9","7","111","0","9"
"1","bot_learned_sequence","human","0","2303","3","3","3","3","0","2","0","idle","jump","none","none","8","6","85","0","9"
"1","bot_learned_sequence","human","0","8447","3","3","3","3","0","0","2","idle","swing","swing","swing","8","7","119","0","9"
"1","bot_learned_sequence","human","0","703","3","3","3","2","2","0","0","idle","jump","none","none","8","1","-7","0","9"
"1","bot_learned_sequence","human","0","511","3","3","3","3","1","0","0","idle","jump","none","none","8","1","-20","0","9"
"1","bot_learned_sequence","human","0","2303","3","3","3","3","0","2","0","idle","swing","swing","none","7","7","32","0","9"
"1","bot_learned_sequence","human","0","2287","3","3","2","3","0","2","0","idle","grip","none","none","7","3","-46","0","9"
"1","bot_learned_sequence","bot","4","8687","3","3","2","3","1","0","2","swing","pull","none","none","7","3","149","242","9"
"1","bot_learned_sequence","human","0","479","3","3","1","3","1","0","0","idle","pull","none","none","7","6","288","0","9"
"1","bot_learned_sequence","bot","3","2303","3","3","3","3","0","2","0","swing","swing","none","none","7","0","-49","635","9"
"1","bot_learned_sequence","human","0","711","3","1","0","3","2","0","0","idle","jump","none","none","7","6","20","0","9"
"1","bot_learned_sequence","human","0","382","2","3","3","1","1","0","0","idle","drain","none","none","7","4","-58","0","9"
"1","bot_learned_sequence","human","0","8959","3","3","3","3","2","0","2","idle","swing","none","none","7","5","-30","0","9"
"1","bot_learned_sequence","human","0","2303","3","3","3","3","0","2","0","swing","swing","none","none","7","5","140","168","9"
"1","bot_learned_sequence","human","0","74","2","2","0","1","0","0","0","idle","jump","none","none","6","6","198","0","9"
"1","bot_learned_sequence","bot","4","9695","3","3","1","3","1","1","2","idle","pull","none","none","6","2","89","0","9"
"1","bot_learned_sequence","human","0","8447","3","3","3","3","0","0","2","idle","swing","swing","none","6","6","91","0","9"
"1","bot_learned_sequence","human","0","10495","3","3","3","3","0","2","2","idle","swing","swing","swing","6","6","343","0","9"
"1","bot_learned_sequence","bot","4","10735","3","3","2","3","1","2","2","idle","pull","none","none","6","2","121","0","9"
"1","bot_learned_sequence","human","0","2303","3","3","3","3","0","2","0","idle","swing","none","none","6","5","13","0","9"
"1","bot_learned_sequence","bot","4","255","3","3","3","3","0","0","0","idle","swing","none","none","6","3","35","0","9"
"1","bot_learned_sequence","human","0","8687","3","3","2","3","1","0","2","swing","pull","none","none","6","4","195","317","9"
"1","bot_learned_sequence","human","0","459","3","2","0","3","1","0","0","idle","pull","none","none","6","6","252","0","9"
"1","bot_learned_sequence","human","0","475","3","2","1","3","1","0","0","idle","pull","none","none","5","4","202","0","9"
"1","bot_learned_sequence","bot","4","10495","3","3","3","3","0","2","2","idle","swing","none","none","5","0","20","0","9"
"1","bot_learned_sequence","human","0","134","2","1","0","2","0","0","0","idle","jump","none","none","5","3","29","0","9"
"1","bot_learned_sequence","human","0","2495","3","3","3","2","1","2","0","idle","swing","none","none","5","3","36","0","9"
"1","bot_learned_sequence","human","0","2559","3","3","3","3","1","2","0","idle","swing","swing","none","5","2","-86","0","9"
"1","bot_learned_sequence","human","0","2239","3","3","3","2","0","2","0","pull","swing","none","none","5","2","-48","156","9"
"1","bot_learned_sequence","human","0","8443","3","2","3","3","0","0","2","idle","swing","swing","none","5","5","180","0","9"
"1","bot_learned_sequence","human","0","239","3","3","2","3","0","0","0","idle","grip","none","none","5","3","34","0","9"
"1","bot_learned_sequence","bot","3","6399","3","3","3","3","0","2","1","idle","swing","none","none","5","0","29","0","9"
"1","bot_learned_sequence","human","0","495","3","3","2","3","1","0","0","idle","pull","none","none","5","1","-119","0","9"
"1","bot_learned_sequence","human","0","642","2","0","0","2","2","0","0","idle","jump","none","none","5","3","0","0","9"
"1","bot_learned_sequence","human","0","381","1","3","3","1","1","0","0","idle","drain","none","none","5","3","17","0","9"
"1","bot_learned_sequence","human","0","286","2","3","1","0","1","0","0","drain","drain","none","none","5","2","38","331","9"
"1","bot_learned_sequence","human","0","8687","3","3","2","3","1","0","2","jump","pull","none","none","5","2","10","239","9"
"1","bot_learned_sequence","human","0","10751","3","3","3","3","1","2","2","swing","jump","none","none","5","1","30","245","9"
"1","bot_learned_sequence","human","0","495","3","3","2","3","1","0","0","jump","pull","none","none","5","3","198","386","9"
"1","bot_learned_sequence","human","0","8687","3","3","2","3","1","0","2","idle","pull","none","none","5","4","123","0","9"
"1","bot_learned_sequence","human","0","10751","3","3","3","3","1","2","2","swing","swing","swing","swing","5","0","-318","329","9"
"1","bot_learned_sequence","human","0","2239","3","3","3","2","0","2","0","swing","swing","none","none","5","2","-123","119","9"
"1","bot_learned_sequence","human","0","191","3","3","3","2","0","0","0","pull","swing","none","none","5","4","-49","80","9"
"1","bot_learned_sequence","human","0","573","1","3","3","0","2","0","0","idle","jump","none","none","5","1","-1","0","9"
"1","bot_learned_sequence","human","0","10490","2","2","3","3","0","2","2","swing","swing","none","none","5","2","0","171","9"
"1","bot_learned_sequence","human","0","767","3","3","3","3","2","0","0","jump","jump","none","none","5","3","-60","186","9"
"1","bot_learned_sequence","human","0","431","3","3","2","2","1","0","0","idle","pull","none","none","5","3","115","0","9"
"1","bot_learned_sequence","human","0","10431","3","3","3","2","0","2","2","swing","swing","none","none","5","0","276","218","9"
"1","bot_learned_sequence","human","0","2559","3","3","3","3","1","2","0","swing","swing","swing","swing","5","1","-84","300","9"
"1","bot_learned_sequence","human","0","5","1","1","0","0","0","0","0","drain","jump","none","none","4","1","0","311","9"
"1","bot_learned_sequence","bot","4","9695","3","3","1","3","1","1","2","swing","pull","none","none","4","0","50","133","9"
"1","bot_learned_sequence","human","0","207","3","3","0","3","0","0","0","idle","jump","none","none","4","4","36","0","9"
"1","bot_learned_sequence","human","0","6335","3","3","3","2","0","2","1","pull","swing","none","none","4","3","1","161","9"
"1","bot_learned_sequence","human","0","4271","3","3","2","2","0","0","1","pull","grip","none","none","4","3","-13","236","9"
"1","bot_learned_sequence","human","0","47","3","3","2","0","0","0","0","idle","jump","none","none","4","4","0","0","9"
"1","bot_learned_sequence","bot","4","312","0","2","3","0","1","0","0","idle","drain","none","none","4","0","-2","0","9"
"1","bot_learned_sequence","human","0","8447","3","3","3","3","0","0","2","idle","swing","none","none","4","4","63","0","9"
"1","bot_learned_sequence","human","0","8439","3","1","3","3","0","0","2","idle","swing","swing","none","4","4","79","0","9"
"1","bot_learned_sequence","human","0","8435","3","0","3","3","0","0","2","idle","swing","swing","none","4","4","26","0","9"
"1","bot_learned_sequence","bot","4","415","3","3","1","2","1","0","0","pull","grip","none","none","4","1","95","0","9"
"1","bot_learned_sequence","human","0","75","3","2","0","1","0","0","0","idle","jump","none","none","4","4","1","0","9"
"1","bot_learned_sequence","human","0","255","3","3","3","3","0","0","0","idle","swing","swing","swing","4","4","0","0","9"
"1","bot_learned_sequence","human","0","11","3","2","0","0","0","0","0","drain","jump","none","none","4","3","81","527","9"
"1","bot_learned_sequence","human","0","446","2","3","3","2","1","0","0","idle","drain","none","none","4","1","79","0","9"
"1","bot_learned_sequence","human","0","66","2","0","0","1","0","0","0","idle","jump","none","none","4","4","8","0","9"
"1","bot_learned_sequence","human","0","2239","3","3","3","2","0","2","0","pull","swing","swing","swing","4","1","-90","190","9"
"1","bot_learned_sequence","human","0","363","3","2","2","1","1","0","0","idle","drain","none","none","4","3","-19","0","9"
"1","bot_learned_sequence","human","0","2287","3","3","2","3","0","2","0","idle","grip","jump","grip","4","3","47","0","9"
"1","bot_learned_sequence","bot","4","9691","3","2","1","3","1","1","2","idle","pull","none","none","4","0","60","0","9"
"1","bot_learned_sequence","human","0","8651","3","2","0","3","1","0","2","idle","pull","none","none","4","3","110","0","9"
"1","bot_learned_sequence","human","0","8671","3","3","1","3","1","0","2","idle","pull","none","none","4","4","95","0","9"
"1","bot_learned_sequence","human","0","8447","3","3","3","3","0","0","2","swing","swing","swing","none","4","3","-11","387","9"
"1","bot_learned_sequence","human","0","8447","3","3","3","3","0","0","2","swing","swing","swing","swing","4","4","49","462","9"
"1","bot_learned_sequence","human","0","255","3","3","3","3","0","0","0","idle","swing","swing","none","4","4","78","0","9"
"1","bot_learned_sequence","human","0","255","3","3","3","3","0","0","0","idle","jump","none","none","4","3","0","0","9"
"1","bot_learned_sequence","bot","2","1275","3","2","3","3","0","1","0","idle","swing","none","none","4","0","0","0","9"
"1","bot_learned_sequence","human","0","130","2","0","0","2","0","0","0","idle","jump","none","none","4","4","79","0","9"
"1","bot_learned_sequence","bot","2","1519","3","3","2","3","1","1","0","idle","pull","none","none","4","2","58","0","9"
"1","bot_learned_sequence","bot","1","495","3","3","2","3","1","0","0","idle","pull","none","none","4","0","17","0","9"
"1","bot_learned_sequence","bot","1","8687","3","3","2","3","1","0","2","swing","pull","none","none","4","0","-23","219","9"
"1","bot_learned_sequence","bot","1","255","3","3","3","3","0","0","0","idle","swing","none","none","4","0","4","0","9"
"1","bot_learned_sequence","human","0","194","2","0","0","3","0","0","0","drain","jump","none","none","4","4","22","153","9"
"1","bot_learned_sequence","human","0","2303","3","3","3","3","0","2","0","swing","swing","swing","swing","4","2","28","323","9"
"1","bot_learned_sequence","human","0","2287","3","3","2","3","0","2","0","idle","jump","grip","none","4","3","331","0","9"
"1","bot_learned_sequence","human","0","389","1","1","0","2","1","0","0","idle","jump","none","none","4","3","58","0","9"
"1","bot_learned_sequence","human","0","705","1","0","0","3","2","0","0","idle","jump","none","none","4","3","-20","0","9"
"1","bot_learned_sequence","human","0","2271","3","3","1","3","0","2","0","idle","jump","grip","none","4","2","228","0","9"
"1","bot_learned_sequence","human","0","2303","3","3","3","3","0","2","0","swing","swing","swing","none","4","1","91","91","9"
"1","bot_learned_sequence","human","0","751","3","3","2","3","2","0","0","idle","push","none","none","4","3","11","0","9"
"1","bot_learned_sequence","human","0","8943","3","3","2","3","2","0","2","jump","push","none","none","4","4","60","186","9"
"1","bot_learned_sequence","human","0","2559","3","3","3","3","1","2","0","jump","jump","none","none","4","1","-52","189","9"
"1","bot_learned_sequence","human","0","8383","3","3","3","2","0","0","2","idle","pull","none","none","4","4","-3","0","9"
"1","bot_learned_sequence","human","0","8703","3","3","3","3","1","0","2","swing","swing","none","none","4","2","-88","200","9"
"1","bot_learned_sequence","human","0","751","3","3","2","3","2","0","0","idle","jump","none","none","4","3","1","0","9"
"1","bot_learned_sequence","human","0","431","3","3","2","2","1","0","0","pull","pull","jump","pull","4","3","269","597","9"
"1","bot_learned_sequence","human","0","347","3","2","1","1","1","0","0","drain","drain","none","none","4","4","-19","293","9"
"1","bot_learned_sequence","human","0","10751","3","3","3","3","1","2","2","jump","swing","jump","none","4","2","-41","322","9"
"1","bot_learned_sequence","human","0","446","2","3","3","2","1","0","0","pull","drain","none","none","4","0","-119","318","9"
"1","bot_learned_sequence","human","0","2559","3","3","3","3","1","2","0","idle","jump","swing","none","4","4","0","0","9"
"1","bot_learned_sequence","human","0","11007","3","3","3","3","2","2","2","idle","swing","none","none","4","4","0","0","9"
"1","bot_learned_sequence","human","0","8431","3","3","2","3","0","0","2","swing","pull","none","none","4","4","197","181","9"
"1","bot_learned_sequence","human","0","293","1","1","2","0","1","0","0","idle","drain","none","none","4","4","-50","0","9"
"1","bot_learned_sequence","human","0","431","3","3","2","2","1","0","0","pull","pull","none","none","4","3","100","273","9"
"1","bot_learned_sequence","human","0","8431","3","3","2","3","0","0","2","swing","pull","jump","pull","4","2","241","116","9"
"1","bot_learned_sequence","human","0","431","3","3","2","2","1","0","0","idle","pull","jump","none","4","2","121","0","9"
"1","bot_learned_sequence","human","0","316","0","3","3","0","1","0","0","idle","drain","none","none","4","0","-48","0","9"
"1","bot_learned_sequence","human","0","767","3","3","3","3","2","0","0","idle","swing","jump","none","4","2","0","0","9"
"1","bot_learned_sequence","human","0","321","1","0","0","1","1","0","0","idle","jump","none","none","4","2","-44","0","9"
"1","bot_learned_sequence","human","0","577","1","0","0","1","2","0","0","idle","jump","none","none","4","2","0","0","9"
"1","bot_learned_sequence","human","0","1519","3","3","2","3","1","1","0","idle","grip","none","none","4","4","-24","0","9"
"1","bot_learned_sequence","bot","1","8447","3","3","3","3","0","0","2","swing","swing","none","none","4","3","-122","200","9"
"1","bot_learned_sequence","human","0","292","0","1","2","0","1","0","0","idle","drain","none","none","4","2","-24","0","9"
"1","bot_learned_sequence","human","0","511","3","3","3","3","1","0","0","idle","swing","none","none","4","3","-80","0","9"
"1","bot_learned_sequence","human","0","10751","3","3","3","3","1","2","2","swing","swing","jump","none","4","0","-30","162","9"
"1","bot_learned_sequence","bot","4","302","2","3","2","0","1","0","0","jump","drain","none","none","3","1","20","366","9"
"1","bot_learned_sequence","human","0","318","2","3","3","0","1","0","0","idle","drain","none","none","3","2","-21","0","9"
"1","bot_learned_sequence","human","0","366","2","3","2","1","1","0","0","idle","drain","none","none","3","2","21","0","9"
"1","bot_learned_sequence","human","0","283","3","2","1","0","1","0","0","drain","drain","pull","jump","3","2","41","254","9"
"1","bot_learned_sequence","human","0","6","2","1","0","0","0","0","0","drain","jump","none","none","3","1","-9","387","9"
"1","bot_learned_sequence","human","0","2303","3","3","3","3","0","2","0","idle","swing","swing","pull","3","3","37","0","9"
"1","bot_learned_sequence","human","0","279","3","1","1","0","1","0","0","drain","drain","pull","jump","3","3","60","133","9"
"1","bot_learned_sequence","bot","4","495","3","3","2","3","1","0","0","idle","grip","none","none","3","0","12","0","9"
"1","bot_learned_sequence","bot","4","318","2","3","3","0","1","0","0","idle","drain","none","none","3","0","3","0","9"
"1","bot_learned_sequence","bot","4","12","0","3","0","0","0","0","0","jump","push","none","none","3","0","-20","83","9"
"1","bot_learned_sequence","human","0","194","2","0","0","3","0","0","0","idle","jump","none","none","3","3","3","0","9"
"1","bot_learned_sequence","human","0","2459","3","2","1","2","1","2","0","drain","swing","swing","swing","3","1","-51","133","9"
"1","bot_learned_sequence","bot","4","77","1","3","0","1","0","0","0","drain","swing","none","none","3","0","-51","300","9"
"1","bot_learned_sequence","bot","4","332","0","3","0","1","1","0","0","idle","drain","none","none","3","0","-71","0","9"
"1","bot_learned_sequence","bot","4","346","2","2","1","1","1","0","0","idle","drain","none","none","3","1","10","0","9"
"1","bot_learned_sequence","human","0","10495","3","3","3","3","0","2","2","swing","swing","swing","swing","3","3","0","433","9"
"1","bot_learned_sequence","human","0","10495","3","3","3","3","0","2","2","swing","swing","swing","none","3","3","102","166","9"
"1","bot_learned_sequence","human","0","10495","3","3","3","3","0","2","2","idle","swing","none","none","3","1","30","0","9"
"1","bot_learned_sequence","human","0","8435","3","0","3","3","0","0","2","idle","swing","none","none","3","3","54","0","9"
"1","bot_learned_sequence","human","0","2239","3","3","3","2","0","2","0","pull","swing","swing","pull","3","3","168","259","9"
"1","bot_learned_sequence","bot","4","270","2","3","0","0","1","0","0","idle","pull","none","none","3","0","39","0","9"
"1","bot_learned_sequence","human","0","351","3","3","1","1","1","0","0","idle","drain","none","none","3","2","-80","0","9"
"1","bot_learned_sequence","human","0","135","3","1","0","2","0","0","0","idle","jump","none","none","3","3","70","0","9"
"1","bot_learned_sequence","bot","4","8591","3","3","0","2","1","0","2","swing","drain","none","none","3","0","1","133","9"
"1","bot_learned_sequence","human","0","106","2","2","2","1","0","0","0","idle","jump","drain","none","3","3","0","0","9"
"1","bot_learned_sequence","human","0","334","2","3","0","1","1","0","0","drain","pull","jump","pull","3","2","62","27","9"
"1","bot_learned_sequence","human","0","394","2","2","0","2","1","0","0","idle","jump","none","none","3","1","56","0","9"
"1","bot_learned_sequence","human","0","198","2","1","0","3","0","0","0","drain","jump","none","none","3","3","1","233","9"
"1","bot_learned_sequence","bot","4","8687","3","3","2","3","1","0","2","idle","pull","none","none","3","1","80","0","9"
"1","bot_learned_sequence","human","0","330","2","2","0","1","1","0","0","idle","pull","jump","none","3","3","-19","0","9"
"1","bot_learned_sequence","human","0","344","0","2","1","1","1","0","0","idle","drain","none","none","3","2","-32","0","9"
"1","bot_learned_sequence","bot","4","410","2","2","1","2","1","0","0","pull","drain","none","none","3","0","-20","481","9"
"1","bot_learned_sequence","bot","4","293","1","1","2","0","1","0","0","idle","drain","none","none","3","1","-40","0","9"
"1","bot_learned_sequence","human","0","431","3","3","2","2","1","0","0","pull","grip","none","none","3","2","-19","283","9"
"1","bot_learned_sequence","human","0","277","1","1","1","0","1","0","0","idle","drain","none","none","3","3","0","0","9"
"1","bot_learned_sequence","bot","4","495","3","3","2","3","1","0","0","drain","pull","none","none","3","0","141","100","9"
"1","bot_learned_sequence","human","0","645","1","1","0","2","2","0","0","idle","jump","none","none","3","2","31","0","9"
"1","bot_learned_sequence","human","0","393","1","2","0","2","1","0","0","idle","drain","none","none","3","3","-10","0","9"
"1","bot_learned_sequence","bot","4","41","1","2","2","0","0","0","0","jump","drain","none","none","3","1","41","205","9"
"1","bot_learned_sequence","human","0","126","2","3","3","1","0","0","0","idle","drain","none","none","3","3","-21","0","9"
"1","bot_learned_sequence","human","0","308","0","1","3","0","1","0","0","idle","drain","none","none","3","2","19","0","9"
"1","bot_learned_sequence","human","0","175","3","3","2","2","0","0","0","pull","pull","none","none","3","3","100","359","9"
"1","bot_learned_sequence","human","0","71","3","1","0","1","0","0","0","idle","jump","none","none","3","2","50","0","9"
"1","bot_learned_sequence","human","0","193","1","0","0","3","0","0","0","idle","jump","none","none","3","3","47","0","9"
"1","bot_learned_sequence","bot","4","1495","3","1","1","3","1","1","0","drain","pull","none","none","3","2","-10","66","9"
"1","bot_learned_sequence","bot","4","1499","3","2","1","3","1","1","0","idle","pull","none","none","3","3","44","0","9"
"1","bot_learned_sequence","human","0","6575","3","3","2","2","1","2","1","pull","grip","none","none","3","2","-70","133","9"
"1","bot_learned_sequence","human","0","10479","3","3","2","3","0","2","2","swing","grip","none","none","3","3","43","304","9"
"1","bot_learned_sequence","bot","4","10495","3","3","3","3","0","2","2","idle","drain","none","none","3","1","-16","0","9"
"1","bot_learned_sequence","human","0","4478","2","3","3","1","1","0","1","pull","drain","none","none","3","2","-89","154","9"
"1","bot_learned_sequence","human","0","262","2","1","0","0","1","0","0","drain","pull","jump","none","3","3","120","498","9"
"1","bot_learned_sequence","human","0","8687","3","3","2","3","1","0","2","idle","pull","jump","none","3","2","95","0","9"
"1","bot_learned_sequence","human","0","10751","3","3","3","3","1","2","2","idle","swing","none","none","3","2","26","0","9"
"1","bot_learned_sequence","human","0","10430","2","3","3","2","0","2","2","swing","swing","none","none","3","2","13","165","9"
"1","bot_learned_sequence","human","0","8641","1","0","0","3","1","0","2","idle","pull","none","none","3","2","48","0","9"
"1","bot_learned_sequence","bot","3","2303","3","3","3","3","0","2","0","idle","swing","swing","none","3","0","32","0","9"
"1","bot_learned_sequence","human","0","474","2","2","1","3","1","0","0","idle","pull","none","none","3","1","145","0","9"
"1","bot_learned_sequence","bot","2","255","3","3","3","3","0","0","0","idle","swing","none","none","3","0","20","0","9"
"1","bot_learned_sequence","human","0","2415","3","3","2","1","1","2","0","idle","swing","swing","swing","3","3","0","0","9"
"1","bot_learned_sequence","human","0","239","3","3","2","3","0","0","0","idle","jump","none","none","3","1","12","0","9"
"1","bot_learned_sequence","human","0","255","3","3","3","3","0","0","0","idle","drain","none","none","3","3","-20","0","9"
"1","bot_learned_sequence","human","0","707","3","0","0","3","2","0","0","idle","jump","none","none","3","3","-10","0","9"
"1","bot_learned_sequence","bot","1","8687","3","3","2","3","1","0","2","idle","pull","none","none","3","0","9","0","9"
"1","bot_learned_sequence","human","0","2559","3","3","3","3","1","2","0","idle","drain","none","none","3","2","-60","0","9"
"1","bot_learned_sequence","human","0","386","2","0","0","2","1","0","0","idle","pull","none","none","3","2","18","0","9"
"1","bot_learned_sequence","human","0","475","3","2","1","3","1","0","0","drain","pull","none","none","3","3","90","77","9"
"1","bot_learned_sequence","bot","1","8703","3","3","3","3","1","0","2","idle","pull","none","none","3","0","-34","0","9"
"1","bot_learned_sequence","human","0","449","1","0","0","3","1","0","0","idle","pull","none","none","3","2","16","0","9"
"1","bot_learned_sequence","human","0","111","3","3","2","1","0","0","0","idle","pull","none","none","3","3","29","0","9"
"1","bot_learned_sequence","human","0","239","3","3","2","3","0","0","0","idle","jump","grip","none","3","2","58","0","9"
"1","bot_learned_sequence","human","0","510","2","3","3","3","1","0","0","idle","drain","none","none","3","1","-81","0","9"
"1","bot_learned_sequence","human","0","154","2","2","1","2","0","0","0","idle","pull","none","none","3","0","-21","0","9"
"1","bot_learned_sequence","human","0","2303","3","3","3","3","0","2","0","idle","swing","knockdown","none","3","2","-80","0","9"
"1","bot_learned_sequence","human","0","239","3","3","2","3","0","0","0","idle","pull","none","none","3","0","77","0","9"
"1","bot_learned_sequence","human","0","14","2","3","0","0","0","0","0","drain","jump","none","none","3","1","-70","387","9"
"1","bot_learned_sequence","human","0","260","0","1","0","0","1","0","0","drain","jump","none","none","3","0","-36","376","9"
"1","bot_learned_sequence","bot","4","1503","3","3","1","3","1","1","0","idle","pull","none","none","3","2","35","0","9"
"1","bot_learned_sequence","human","0","326","2","1","0","1","1","0","0","idle","pull","jump","none","3","3","98","0","9"
"1","bot_learned_sequence","human","0","495","3","3","2","3","1","0","0","pull","grip","none","none","3","3","14","238","9"
"1","bot_learned_sequence","human","0","379","3","2","3","1","1","0","0","idle","drain","none","none","3","3","-31","0","9"
"1","bot_learned_sequence","human","0","447","3","3","3","2","1","0","0","idle","drain","none","none","3","2","-71","0","9"
"1","bot_learned_sequence","human","0","367","3","3","2","1","1","0","0","idle","pull","none","none","3","1","139","0","9"
"1","bot_learned_sequence","human","0","415","3","3","1","2","1","0","0","drain","drain","none","none","3","2","-51","248","9"
"1","bot_learned_sequence","human","0","2543","3","3","2","3","1","2","0","idle","grip","none","none","3","1","11","0","9"
"1","bot_learned_sequence","human","0","6383","3","3","2","3","0","2","1","idle","grip","none","none","3","3","-63","0","9"
"1","bot_learned_sequence","bot","4","9407","3","3","3","2","0","1","2","grip","push","none","none","3","0","27","308","9"
"1","bot_learned_sequence","human","0","10495","3","3","3","3","0","2","2","kick","swing","none","none","3","3","52","209","9"
"1","bot_learned_sequence","human","0","2559","3","3","3","3","1","2","0","jump","jump","kick","none","3","2","64","396","9"
"1","bot_learned_sequence","human","0","2287","3","3","2","3","0","2","0","pull","jump","grip","none","3","1","-7","352","9"
"1","bot_learned_sequence","human","0","8959","3","3","3","3","2","0","2","jump","jump","none","none","3","3","20","266","9"
"1","bot_learned_sequence","human","0","61","1","3","3","0","0","0","0","pull","drain","none","none","3","0","-70","265","9"
"1","bot_learned_sequence","human","0","2239","3","3","3","2","0","2","0","grip","pull","none","none","3","0","-83","429","9"
"1","bot_learned_sequence","human","0","431","3","3","2","2","1","0","0","jump","pull","none","none","3","2","109","215","9"
"1","bot_learned_sequence","human","0","541","1","3","1","0","2","0","0","jump","drain","none","none","3","2","0","149","9"
"1","bot_learned_sequence","human","0","8327","3","1","0","2","0","0","2","idle","pull","none","none","3","3","39","0","9"
"1","bot_learned_sequence","human","0","11007","3","3","3","3","2","2","2","jump","jump","none","none","3","1","0","341","9"
"1","bot_learned_sequence","human","0","415","3","3","1","2","1","0","0","idle","pull","none","none","3","3","128","0","9"
"1","bot_learned_sequence","human","0","276","0","1","1","0","1","0","0","idle","jump","drain","none","3","1","0","0","9"
"1","bot_learned_sequence","human","0","761","1","2","3","3","2","0","0","jump","jump","none","none","3","3","0","462","9"
"1","bot_learned_sequence","human","0","742","2","1","2","3","2","0","0","jump","jump","none","none","3","0","0","253","9"
"1","bot_learned_sequence","human","0","308","0","1","3","0","1","0","0","pull","drain","none","none","3","1","12","121","9"
"1","bot_learned_sequence","human","0","347","3","2","1","1","1","0","0","idle","drain","none","none","3","3","-23","0","9"
"1","bot_learned_sequence","human","0","411","3","2","1","2","1","0","0","idle","drain","none","none","3","2","30","0","9"
"1","bot_learned_sequence","human","0","459","3","2","0","3","1","0","0","idle","pull","jump","none","3","2","81","0","9"
"1","bot_learned_sequence","human","0","583","3","1","0","1","2","0","0","idle","jump","none","none","3","2","0","0","9"
"1","bot_learned_sequence","human","0","345","1","2","1","1","1","0","0","idle","drain","none","none","3","1","20","0","9"
"1","bot_learned_sequence","human","0","10479","3","3","2","3","0","2","2","swing","swing","none","none","3","3","-206","55","9"
"1","bot_learned_sequence","human","0","10751","3","3","3","3","1","2","2","jump","swing","none","none","3","2","-80","171","9"
"1","bot_learned_sequence","human","0","399","3","3","0","2","1","0","0","drain","jump","none","none","3","1","-40","601","9"
"1","bot_learned_sequence","human","0","532","0","1","1","0","2","0","0","jump","drain","none","none","3","1","-30","404","9"
"1","bot_learned_sequence","human","0","10463","3","3","1","3","0","2","2","swing","swing","none","none","3","3","-228","77","9"
"1","bot_learned_sequence","human","0","267","3","2","0","0","1","0","0","drain","swing","none","none","3","3","-19","342","9"
"1","bot_learned_sequence","human","0","131","3","0","0","2","0","0","0","idle","jump","none","none","3","3","-27","0","9"
"1","bot_learned_sequence","human","0","10751","3","3","3","3","1","2","2","swing","swing","none","none","3","3","9","50","9"
"1","bot_learned_sequence","human","0","495","3","3","2","3","1","0","0","jump","jump","none","none","3","2","-20","316","9"
"1","bot_learned_sequence","human","0","494","2","3","2","3","1","0","0","idle","pull","none","none","3","3","60","0","9"
"1","bot_learned_sequence","human","0","70","2","1","0","1","0","0","0","idle","jump","none","none","3","3","35","0","9"
"1","bot_learned_sequence","human","0","362","2","2","2","1","1","0","0","idle","drain","none","none","3","2","-2","0","9"
"1","bot_learned_sequence","bot","4","9471","3","3","3","3","0","1","2","idle","swing","none","none","3","0","30","0","9"
"1","bot_learned_sequence","bot","4","10431","3","3","3","2","0","2","2","grip","pull","none","none","3","1","106","166","9"
"1","bot_learned_sequence","bot","4","10479","3","3","2","3","0","2","2","idle","pull","none","none","3","3","86","0","9"
"1","bot_learned_sequence","bot","1","4591","3","3","2","3","1","0","1","pull","pull","none","none","3","0","-20","433","9"
"1","bot_learned_sequence","human","0","1530","2","2","3","3","1","1","0","idle","jump","none","none","3","3","0","0","9"
"1","bot_learned_sequence","human","0","495","3","3","2","3","1","0","0","swing","pull","none","none","3","2","12","150","9"
"1","bot_learned_sequence","human","0","399","3","3","0","2","1","0","0","drain","pull","none","none","3","3","120","250","9"
"1","bot_learned_sequence","human","0","755","3","0","3","3","2","0","0","idle","jump","none","none","3","3","0","0","9"
"1","bot_learned_sequence","human","0","277","1","1","1","0","1","0","0","idle","drain","pull","jump","3","2","40","0","9"
"1","bot_learned_sequence","human","0","280","0","2","1","0","1","0","0","pull","drain","none","none","3","1","-40","150","9"
"1","bot_learned_sequence","human","0","459","3","2","0","3","1","0","0","jump","pull","none","none","3","3","48","166","9"
"1","bot_learned_sequence","human","0","255","3","3","3","3","0","0","0","swing","jump","none","none","3","0","-108","250","9"
"1","bot_learned_sequence","human","0","10751","3","3","3","3","1","2","2","swing","jump","swing","none","3","1","28","133","9"
"1","bot_learned_sequence","human","0","239","3","3","2","3","0","0","0","swing","pull","jump","none","3","0","69","133","9"
"1","bot_learned_sequence","human","0","316","0","3","3","0","1","0","0","jump","drain","none","none","3","0","15","116","9"
"1","bot_learned_sequence","human","0","2815","3","3","3","3","2","2","0","idle","swing","jump","none","3","1","0","0","9"
"1","bot_learned_sequence","human","0","377","1","2","3","1","1","0","0","idle","drain","none","none","3","3","-10","0","9"
"1","bot_learned_sequence","human","0","175","3","3","2","2","0","0","0","idle","pull","jump","pull","3","2","201","0","9"
"1","bot_learned_sequence","human","0","349","1","3","1","1","1","0","0","idle","drain","none","none","3","2","-30","0","9"
"1","bot_learned_sequence","human","0","11007","3","3","3","3","2","2","2","idle","jump","none","none","3","1","-30","0","9"
"1","bot_learned_sequence","human","0","511","3","3","3","3","1","0","0","idle","swing","jump","none","3","2","0","0","9"
"1","bot_learned_sequence","human","0","302","2","3","2","0","1","0","0","idle","grip","none","none","3","0","-12","0","9"
"1","bot_learned_sequence","bot","4","334","2","3","0","1","1","0","0","pull","drain","none","none","2","1","0","550","9"
"1","bot_learned_sequence","bot","4","297","1","2","2","0","1","0","0","idle","drain","none","none","2","1","-40","0","9"
"1","bot_learned_sequence","bot","4","296","0","2","2","0","1","0","0","idle","drain","none","none","2","1","-10","0","9"
"1","bot_learned_sequence","human","0","2303","3","3","3","3","0","2","0","idle","push","none","none","2","1","-30","0","9"
"1","bot_learned_sequence","human","0","2559","3","3","3","3","1","2","0","pull","swing","swing","swing","2","1","0","325","9"
"1","bot_learned_sequence","human","0","199","3","1","0","3","0","0","0","jump","jump","none","none","2","0","-1","150","9"
"1","bot_learned_sequence","human","0","401","1","0","1","2","1","0","0","idle","drain","none","none","2","1","-20","0","9"
"1","bot_learned_sequence","human","0","271","3","3","0","0","1","0","0","drain","jump","none","none","2","2","-39","406","9"
"1","bot_learned_sequence","human","0","6271","3","3","3","1","0","2","1","pull","swing","swing","none","2","2","0","225","9"
"1","bot_learned_sequence","human","0","343","3","1","1","1","1","0","0","idle","drain","pull","jump","2","2","40","0","9"
"1","bot_learned_sequence","human","0","195","3","0","0","3","0","0","0","idle","jump","none","none","2","2","36","0","9"
"1","bot_learned_sequence","human","0","2079","3","3","1","0","0","2","0","swing","swing","swing","swing","2","2","-60","191","9"
"1","bot_learned_sequence","human","0","267","3","2","0","0","1","0","0","drain","swing","swing","none","2","2","110","550","9"
"1","bot_learned_sequence","human","0","203","3","2","0","3","0","0","0","drain","jump","none","none","2","2","20","547","9"
"1","bot_learned_sequence","human","0","459","3","2","0","3","1","0","0","drain","pull","none","none","2","2","50","33","9"
"1","bot_learned_sequence","human","0","2379","3","2","0","1","1","2","0","idle","swing","swing","swing","2","2","30","0","9"
"1","bot_learned_sequence","human","0","343","3","1","1","1","1","0","0","idle","drain","none","none","2","2","-19","0","9"
"1","bot_learned_sequence","human","0","87","3","1","1","1","0","0","0","idle","jump","none","none","2","2","30","0","9"
"1","bot_learned_sequence","bot","4","415","3","3","1","2","1","0","0","drain","drain","none","none","2","0","-51","150","9"
"1","bot_learned_sequence","bot","4","348","0","3","1","1","1","0","0","idle","drain","none","none","2","1","0","0","9"
"1","bot_learned_sequence","bot","4","365","1","3","2","1","1","0","0","jump","drain","none","none","2","0","-10","625","9"
"1","bot_learned_sequence","human","0","4479","3","3","3","1","1","0","1","pull","drain","none","none","2","1","50","99","9"
"1","bot_learned_sequence","human","0","2242","2","0","0","3","0","2","0","idle","swing","swing","none","2","2","-19","0","9"
"1","bot_learned_sequence","human","0","294","2","1","2","0","1","0","0","idle","drain","pull","jump","2","2","60","0","9"
"1","bot_learned_sequence","bot","4","267","3","2","0","0","1","0","0","jump","pull","none","none","2","1","68","575","9"
"1","bot_learned_sequence","bot","4","8312","0","2","3","1","0","0","2","swing","drain","none","none","2","0","19","200","9"
"1","bot_learned_sequence","bot","4","8344","0","2","1","2","0","0","2","swing","drain","none","none","2","0","39","158","9"
"1","bot_learned_sequence","human","0","23","3","1","1","0","0","0","0","swing","jump","none","none","2","2","30","375","9"
"1","bot_learned_sequence","bot","4","8286","2","3","1","1","0","0","2","swing","grip","none","none","2","0","14","125","9"
"1","bot_learned_sequence","human","0","383","3","3","3","1","1","0","0","idle","drain","none","none","2","1","1","0","9"
"1","bot_learned_sequence","human","0","637","1","3","3","1","2","0","0","idle","drain","none","none","2","2","0","0","9"
"1","bot_learned_sequence","human","0","701","1","3","3","2","2","0","0","idle","jump","none","none","2","2","0","0","9"
"1","bot_learned_sequence","human","0","8238","2","3","2","0","0","0","2","idle","jump","none","none","2","2","90","0","9"
"1","bot_learned_sequence","human","0","8315","3","2","3","1","0","0","2","idle","drain","none","none","2","2","-3","0","9"
"1","bot_learned_sequence","bot","4","30","2","3","1","0","0","0","0","idle","swing","none","none","2","0","-10","0","9"
"1","bot_learned_sequence","human","0","8703","3","3","3","3","1","0","2","swing","swing","swing","swing","2","2","60","350","9"
"1","bot_learned_sequence","human","0","8439","3","1","3","3","0","0","2","idle","swing","swing","swing","2","2","40","0","9"
"1","bot_learned_sequence","human","0","11","3","2","0","0","0","0","0","idle","pull","jump","pull","2","1","80","0","9"
"1","bot_learned_sequence","bot","4","8383","3","3","3","2","0","0","2","grip","pull","none","none","2","1","-1","157","9"
"1","bot_learned_sequence","bot","4","333","1","3","0","1","1","0","0","jump","drain","none","none","2","0","-19","463","9"
"1","bot_learned_sequence","bot","4","316","0","3","3","0","1","0","0","jump","drain","none","none","2","0","20","300","9"
"1","bot_learned_sequence","human","0","382","2","3","3","1","1","0","0","pull","drain","none","none","2","2","21","250","9"
"1","bot_learned_sequence","human","0","287","3","3","1","0","1","0","0","drain","drain","swing","swing","2","2","10","525","9"
"1","bot_learned_sequence","human","0","95","3","3","1","1","0","0","0","pull","grip","none","none","2","1","-19","175","9"
"1","bot_learned_sequence","human","0","278","2","1","1","0","1","0","0","drain","drain","pull","jump","2","2","61","281","9"
"1","bot_learned_sequence","bot","4","317","1","3","3","0","1","0","0","jump","drain","none","none","2","0","0","249","9"
"1","bot_learned_sequence","human","0","2495","3","3","3","2","1","2","0","pull","swing","swing","knockdown","2","2","-8","0","9"
"1","bot_learned_sequence","human","0","121","1","2","3","1","0","0","0","pull","drain","none","none","2","1","-67","132","9"
"1","bot_learned_sequence","human","0","265","1","2","0","0","1","0","0","drain","pull","jump","none","2","2","101","99","9"
"1","bot_learned_sequence","human","0","258","2","0","0","0","1","0","0","idle","pull","none","none","2","2","9","0","9"
"1","bot_learned_sequence","bot","4","495","3","3","2","3","1","0","0","idle","pull","none","none","2","0","111","0","9"
"1","bot_learned_sequence","bot","4","8666","2","2","1","3","1","0","2","idle","pull","none","none","2","1","67","0","9"
"1","bot_learned_sequence","human","0","351","3","3","1","1","1","0","0","idle","pull","jump","pull","2","2","9","0","9"
"1","bot_learned_sequence","human","0","203","3","2","0","3","0","0","0","idle","jump","none","none","2","2","-5","0","9"
"1","bot_learned_sequence","human","0","490","2","2","2","3","1","0","0","idle","grip","none","none","2","2","27","0","9"
"1","bot_learned_sequence","bot","4","94","2","3","1","1","0","0","0","pull","drain","none","none","2","0","20","300","9"
"1","bot_learned_sequence","human","0","127","3","3","3","1","0","0","0","idle","drain","none","none","2","1","-5","0","9"
"1","bot_learned_sequence","human","0","30","2","3","1","0","0","0","0","swing","pull","none","none","2","2","31","341","9"
"1","bot_learned_sequence","bot","4","8447","3","3","3","3","0","0","2","jump","drain","pull","none","2","0","38","25","9"
"1","bot_learned_sequence","bot","4","121","1","2","3","1","0","0","0","idle","swing","none","none","2","0","-1","0","9"
"1","bot_learned_sequence","bot","4","141","1","3","0","2","0","0","0","idle","drain","none","none","2","0","-70","0","9"
"1","bot_learned_sequence","bot","4","318","2","3","3","0","1","0","0","jump","drain","none","none","2","0","-39","390","9"
"1","bot_learned_sequence","human","0","2495","3","3","3","2","1","2","0","idle","swing","swing","swing","2","2","25","0","9"
"1","bot_learned_sequence","human","0","47","3","3","2","0","0","0","0","idle","pull","none","none","2","2","20","0","9"
"1","bot_learned_sequence","human","0","425","1","2","2","2","1","0","0","drain","drain","none","none","2","1","-20","249","9"
"1","bot_learned_sequence","human","0","505","1","2","3","3","1","0","0","idle","drain","none","none","2","2","-8","0","9"
"1","bot_learned_sequence","human","0","261","1","1","0","0","1","0","0","drain","pull","jump","none","2","1","30","116","9"
"1","bot_learned_sequence","bot","4","8437","1","1","3","3","0","0","2","swing","drain","none","none","2","1","-70","314","9"
"1","bot_learned_sequence","bot","4","309","1","1","3","0","1","0","0","jump","drain","grip","none","2","1","49","450","9"
"1","bot_learned_sequence","bot","4","325","1","1","0","1","1","0","0","pull","drain","none","none","2","0","0","550","9"
"1","bot_learned_sequence","bot","4","8703","3","3","3","3","1","0","2","swing","drain","none","none","2","0","-49","25","9"
"1","bot_learned_sequence","human","0","110","2","3","2","1","0","0","0","idle","jump","none","none","2","1","-28","0","9"
"1","bot_learned_sequence","human","0","2222","2","3","2","2","0","2","0","swing","kick","none","none","2","1","-71","75","9"
"1","bot_learned_sequence","human","0","73","1","2","0","1","0","0","0","idle","jump","none","none","2","2","40","0","9"
"1","bot_learned_sequence","human","0","89","1","2","1","1","0","0","0","pull","drain","none","none","2","1","-1","405","9"
"1","bot_learned_sequence","bot","4","255","3","3","3","3","0","0","0","jump","swing","none","none","2","0","-2","480","9"
"1","bot_learned_sequence","bot","4","278","2","1","1","0","1","0","0","drain","drain","none","none","2","0","10","375","9"
"1","bot_learned_sequence","bot","4","401","1","0","1","2","1","0","0","idle","drain","none","none","2","0","-70","0","9"
"1","bot_learned_sequence","human","0","398","2","3","0","2","1","0","0","idle","pull","none","none","2","2","20","0","9"
"1","bot_learned_sequence","human","0","1","1","0","0","0","0","0","0","jump","jump","none","none","2","2","59","150","9"
"1","bot_learned_sequence","bot","4","341","1","1","1","1","1","0","0","idle","drain","none","none","2","1","20","0","9"
"1","bot_learned_sequence","human","0","334","2","3","0","1","1","0","0","idle","pull","jump","none","2","0","71","0","9"
"1","bot_learned_sequence","human","0","74","2","2","0","1","0","0","0","idle","pull","jump","pull","2","1","30","0","9"
"1","bot_learned_sequence","human","0","262","2","1","0","0","1","0","0","drain","jump","none","none","2","1","60","450","9"
"1","bot_learned_sequence","bot","4","267","3","2","0","0","1","0","0","idle","pull","none","none","2","2","40","0","9"
"1","bot_learned_sequence","bot","4","282","2","2","1","0","1","0","0","idle","drain","none","none","2","2","-30","0","9"
"1","bot_learned_sequence","human","0","495","3","3","2","3","1","0","0","idle","pull","jump","none","2","0","80","0","9"
"1","bot_learned_sequence","human","0","2218","2","2","2","2","0","2","0","idle","swing","swing","none","2","0","25","0","9"
"1","bot_learned_sequence","human","0","239","3","3","2","3","0","0","0","drain","pull","jump","pull","2","1","131","141","9"
"1","bot_learned_sequence","human","0","2127","3","3","0","1","0","2","0","idle","swing","none","none","2","2","-12","0","9"
"1","bot_learned_sequence","human","0","478","2","3","1","3","1","0","0","idle","drain","none","none","2","2","19","0","9"
"1","bot_learned_sequence","human","0","155","3","2","1","2","0","0","0","drain","jump","none","none","2","2","30","41","9"
"1","bot_learned_sequence","human","0","294","2","1","2","0","1","0","0","drain","drain","pull","jump","2","2","40","190","9"
"1","bot_learned_sequence","human","0","138","2","2","0","2","0","0","0","drain","jump","none","none","2","1","-50","150","9"
"1","bot_learned_sequence","bot","4","126","2","3","3","1","0","0","0","idle","drain","none","none","2","0","-10","0","9"
"1","bot_learned_sequence","human","0","2431","3","3","3","1","1","2","0","pull","swing","swing","pull","2","1","139","66","9"
"1","bot_learned_sequence","human","0","395","3","2","0","2","1","0","0","idle","pull","jump","none","2","2","31","0","9"
"1","bot_learned_sequence","human","0","407","3","1","1","2","1","0","0","idle","pull","none","none","2","2","98","0","9"
"1","bot_learned_sequence","human","0","299","3","2","2","0","1","0","0","drain","drain","none","none","2","2","30","350","9"
"1","bot_learned_sequence","human","0","2331","3","2","1","0","1","2","0","idle","swing","swing","swing","2","2","30","0","9"
"1","bot_learned_sequence","bot","4","397","1","3","0","2","1","0","0","drain","drain","none","none","2","0","40","200","9"
"1","bot_learned_sequence","bot","4","493","1","3","2","3","1","0","0","idle","drain","none","none","2","1","-40","0","9"
"1","bot_learned_sequence","human","0","8639","3","3","3","2","1","0","2","idle","drain","none","none","2","2","-32","0","9"
"1","bot_learned_sequence","human","0","10607","3","3","2","1","1","2","2","idle","swing","swing","swing","2","2","-1","0","9"
"1","bot_learned_sequence","human","0","8569","1","2","3","1","1","0","2","idle","drain","none","none","2","1","-23","0","9"
"1","bot_learned_sequence","bot","4","9707","3","2","2","3","1","1","2","idle","pull","none","none","2","2","39","0","9"
"1","bot_learned_sequence","bot","4","2450","2","0","1","2","1","2","0","idle","pull","none","none","2","1","8","0","9"
"1","bot_learned_sequence","human","0","10687","3","3","3","2","1","2","2","idle","drain","none","none","2","1","0","0","9"
"1","bot_learned_sequence","human","0","8574","2","3","3","1","1","0","2","idle","drain","none","none","2","0","0","0","9"
"1","bot_learned_sequence","human","0","4542","2","3","3","2","1","0","1","pull","drain","none","none","2","1","-69","124","9"
"1","bot_learned_sequence","human","0","8554","2","2","2","1","1","0","2","idle","drain","none","none","2","1","19","0","9"
"1","bot_learned_sequence","human","0","361","1","2","2","1","1","0","0","swing","drain","none","none","2","1","0","149","9"
"1","bot_learned_sequence","human","0","10479","3","3","2","3","0","2","2","idle","jump","grip","none","2","2","106","0","9"
"1","bot_learned_sequence","bot","4","11007","3","3","3","3","2","2","2","idle","drain","none","none","2","0","-49","0","9"
"1","bot_learned_sequence","human","0","8703","3","3","3","3","1","0","2","idle","drain","none","none","2","1","9","0","9"
"1","bot_learned_sequence","human","0","8623","3","3","2","2","1","0","2","idle","drain","none","none","2","2","-20","0","9"
"1","bot_learned_sequence","human","0","8470","2","1","1","0","1","0","2","drain","drain","none","none","2","2","0","257","9"
"1","bot_learned_sequence","human","0","8583","3","1","0","2","1","0","2","idle","swing","none","none","2","2","65","0","9"
"1","bot_learned_sequence","bot","4","10431","3","3","3","2","0","2","2","grip","push","none","none","2","0","0","275","9"
"1","bot_learned_sequence","human","0","8686","2","3","2","3","1","0","2","idle","pull","jump","pull","2","2","38","0","9"
"1","bot_learned_sequence","human","0","10378","2","2","0","2","0","2","2","idle","swing","swing","swing","2","2","-19","0","9"
"1","bot_learned_sequence","human","0","8443","3","2","3","3","0","0","2","swing","swing","swing","swing","2","2","79","300","9"
"1","bot_learned_sequence","human","0","8439","3","1","3","3","0","0","2","swing","swing","swing","none","2","2","40","425","9"
"1","bot_learned_sequence","bot","4","2301","1","3","3","3","0","2","0","idle","swing","none","none","2","0","1","0","9"
"1","bot_learned_sequence","human","0","10491","3","2","3","3","0","2","2","idle","swing","swing","swing","2","2","-1","0","9"
"1","bot_learned_sequence","bot","4","10494","2","3","3","3","0","2","2","swing","swing","none","none","2","0","-31","375","9"
"1","bot_learned_sequence","human","0","4527","3","3","2","2","1","0","1","pull","grip","none","none","2","1","-21","124","9"
"1","bot_learned_sequence","human","0","170","2","2","2","2","0","0","0","idle","pull","none","none","2","1","7","0","9"
"1","bot_learned_sequence","human","0","8282","2","2","1","1","0","0","2","idle","pull","none","none","2","2","-20","0","9"
"1","bot_learned_sequence","bot","4","2394","2","2","1","1","1","2","0","drain","drain","none","none","2","0","-19","91","9"
"1","bot_learned_sequence","human","0","10431","3","3","3","2","0","2","2","pull","swing","swing","none","2","0","48","140","9"
"1","bot_learned_sequence","human","0","8234","2","2","2","0","0","0","2","idle","pull","none","none","2","0","-51","0","9"
"1","bot_learned_sequence","human","0","6319","3","3","2","2","0","2","1","pull","grip","none","none","2","2","-6","66","9"
"1","bot_learned_sequence","human","0","8366","2","3","2","2","0","0","2","swing","grip","none","none","2","2","6","116","9"
"1","bot_learned_sequence","human","0","10431","3","3","3","2","0","2","2","pull","swing","pull","jump","2","2","20","264","9"
"1","bot_learned_sequence","human","0","8527","3","3","0","1","1","0","2","idle","pull","none","none","2","2","100","0","9"
"1","bot_learned_sequence","human","0","8907","3","2","0","3","2","0","2","idle","jump","none","none","2","2","39","0","9"
"1","bot_learned_sequence","human","0","8282","2","2","1","1","0","0","2","idle","drain","none","none","2","2","-32","0","9"
"1","bot_learned_sequence","bot","4","287","3","3","1","0","1","0","0","idle","drain","none","none","2","0","39","0","9"
"1","bot_learned_sequence","human","0","10495","3","3","3","3","0","2","2","idle","swing","swing","none","2","1","8","0","9"
"1","bot_learned_sequence","human","0","8479","3","3","1","0","1","0","2","idle","jump","kick","none","2","1","0","0","9"
"1","bot_learned_sequence","bot","4","1422","2","3","0","2","1","1","0","idle","pull","none","none","2","0","80","0","9"
"1","bot_learned_sequence","human","0","8533","1","1","1","1","1","0","2","swing","drain","none","none","2","1","30","630","9"
"1","bot_learned_sequence","human","0","8331","3","2","0","2","0","0","2","swing","jump","none","none","2","2","80","371","9"
"1","bot_learned_sequence","human","0","199","3","1","0","3","0","0","0","idle","jump","none","none","2","2","37","0","9"
"1","bot_learned_sequence","human","0","8899","3","0","0","3","2","0","2","idle","jump","none","none","2","2","2","0","9"
"1","bot_learned_sequence","human","0","2503","3","1","0","3","1","2","0","drain","kick","none","none","2","2","26","561","9"
"1","bot_learned_sequence","human","0","1407","3","3","3","1","1","1","0","idle","drain","none","none","2","2","-42","0","9"
"1","bot_learned_sequence","human","0","1467","3","2","3","2","1","1","0","idle","swing","none","none","2","2","72","0","9"
"1","bot_learned_sequence","bot","3","4335","3","3","2","3","0","0","1","swing","grip","none","none","2","0","39","150","9"
"1","bot_learned_sequence","human","0","1279","3","3","3","3","0","1","0","idle","swing","none","none","2","2","100","0","9"
"1","bot_learned_sequence","human","0","9471","3","3","3","3","0","1","2","idle","swing","none","none","2","2","0","0","9"
"1","bot_learned_sequence","human","0","239","3","3","2","3","0","0","0","idle","pull","jump","none","2","2","48","0","9"
"1","bot_learned_sequence","bot","2","1279","3","3","3","3","0","1","0","idle","swing","none","none","2","0","78","0","9"
"1","bot_learned_sequence","bot","2","390","2","1","0","2","1","0","0","drain","pull","none","none","2","2","21","99","9"
"1","bot_learned_sequence","human","0","281","1","2","1","0","1","0","0","idle","jump","none","none","2","0","20","0","9"
"1","bot_learned_sequence","human","0","69","1","1","0","1","0","0","0","idle","pull","none","none","2","1","-20","0","9"
"1","bot_learned_sequence","human","0","2287","3","3","2","3","0","2","0","idle","swing","swing","swing","2","2","10","0","9"
"1","bot_learned_sequence","human","0","2078","2","3","1","0","0","2","0","idle","swing","swing","drain","2","2","-39","0","9"
"1","bot_learned_sequence","human","0","362","2","2","2","1","1","0","0","idle","jump","none","none","2","1","40","0","9"
"1","bot_learned_sequence","human","0","505","1","2","3","3","1","0","0","swing","drain","none","none","2","1","0","214","9"
"1","bot_learned_sequence","human","0","377","1","2","3","1","1","0","0","idle","jump","drain","none","2","2","39","0","9"
"1","bot_learned_sequence","human","0","326","2","1","0","1","1","0","0","idle","pull","jump","pull","2","1","100","0","9"
"1","bot_learned_sequence","bot","2","9707","3","2","2","3","1","1","2","idle","pull","none","none","2","0","79","0","9"
"1","bot_learned_sequence","human","0","2239","3","3","3","2","0","2","0","idle","pull","none","none","2","1","-21","0","9"
"1","bot_learned_sequence","human","0","297","1","2","2","0","1","0","0","idle","drain","pull","none","2","2","40","0","9"
"1","bot_learned_sequence","human","0","86","2","1","1","1","0","0","0","drain","pull","jump","pull","2","2","100","340","9"
"1","bot_learned_sequence","bot","2","264","0","2","0","0","1","0","0","pull","pull","none","none","2","0","0","544","9"
"1","bot_learned_sequence","bot","2","447","3","3","3","2","1","0","0","idle","drain","none","none","2","2","-30","0","9"
"1","bot_learned_sequence","bot","2","317","1","3","3","0","1","0","0","idle","drain","none","none","2","1","19","0","9"
"1","bot_learned_sequence","human","0","175","3","3","2","2","0","0","0","idle","pull","none","none","2","0","20","0","9"
"1","bot_learned_sequence","human","0","75","3","2","0","1","0","0","0","idle","pull","none","none","2","0","-12","0","9"
"1","bot_learned_sequence","human","0","135","3","1","0","2","0","0","0","drain","jump","none","none","2","1","-70","330","9"
"1","bot_learned_sequence","human","0","2191","3","3","0","2","0","2","0","idle","swing","swing","swing","2","1","50","0","9"
"1","bot_learned_sequence","human","0","158","2","3","1","2","0","0","0","idle","jump","none","none","2","2","-43","0","9"
"1","bot_learned_sequence","human","0","2222","2","3","2","2","0","2","0","idle","swing","none","none","2","1","-72","0","9"
"1","bot_learned_sequence","human","0","283","3","2","1","0","1","0","0","idle","drain","none","none","2","1","30","0","9"
"1","bot_learned_sequence","human","0","86","2","1","1","1","0","0","0","drain","jump","pull","none","2","2","104","66","9"
"1","bot_learned_sequence","bot","1","8671","3","3","1","3","1","0","2","idle","pull","none","none","2","0","-90","0","9"
"1","bot_learned_sequence","bot","1","479","3","3","1","3","1","0","0","drain","pull","none","none","2","0","30","132","9"
"1","bot_learned_sequence","bot","1","447","3","3","3","2","1","0","0","pull","drain","none","none","2","0","-71","456","9"
"1","bot_learned_sequence","human","0","431","3","3","2","2","1","0","0","drain","swing","swing","swing","2","2","1","323","9"
"1","bot_learned_sequence","human","0","79","3","3","0","1","0","0","0","idle","jump","none","none","2","1","27","0","9"
"1","bot_learned_sequence","human","0","350","2","3","1","1","1","0","0","idle","drain","none","none","2","2","-39","0","9"
"1","bot_learned_sequence","human","0","347","3","2","1","1","1","0","0","idle","swing","swing","swing","2","2","-20","0","9"
"1","bot_learned_sequence","bot","1","431","3","3","2","2","1","0","0","pull","drain","none","none","2","0","-40","490","9"
"1","bot_learned_sequence","bot","1","331","3","2","0","1","1","0","0","idle","pull","none","none","2","0","20","0","9"
"1","bot_learned_sequence","human","0","239","3","3","2","3","0","0","0","pull","grip","none","none","2","1","8","82","9"
"1","bot_learned_sequence","human","0","2155","3","2","2","1","0","2","0","drain","swing","swing","swing","2","2","22","66","9"
"1","bot_learned_sequence","human","0","506","2","2","3","3","1","0","0","idle","drain","none","none","2","1","-70","0","9"
"1","bot_learned_sequence","human","0","337","1","0","1","1","1","0","0","idle","pull","jump","pull","2","2","56","0","9"
"1","bot_learned_sequence","bot","1","174","2","3","2","2","0","0","0","pull","drain","none","none","2","0","-61","207","9"
"1","bot_learned_sequence","bot","1","56","0","2","3","0","0","0","0","idle","drain","none","none","2","0","-42","0","9"
"1","bot_learned_sequence","human","0","2431","3","3","3","1","1","2","0","idle","swing","none","none","2","2","60","0","9"
"1","bot_learned_sequence","human","0","2463","3","3","1","2","1","2","0","drain","swing","swing","swing","2","1","-20","141","9"
"1","bot_learned_sequence","human","0","175","3","3","2","2","0","0","0","idle","jump","none","none","2","1","17","0","9"
"1","bot_learned_sequence","human","0","426","2","2","2","2","1","0","0","jump","drain","none","none","2","0","-20","627","9"
"1","bot_learned_sequence","human","0","362","2","2","2","1","1","0","0","pull","drain","pull","jump","2","1","22","346","9"
"1","bot_learned_sequence","human","0","335","3","3","0","1","1","0","0","idle","drain","none","none","2","2","0","0","9"
"1","bot_learned_sequence","human","0","286","2","3","1","0","1","0","0","idle","drain","none","none","2","2","-30","0","9"
"1","bot_learned_sequence","human","0","339","3","0","1","1","1","0","0","idle","drain","none","none","2","2","0","0","9"
"1","bot_learned_sequence","human","0","275","3","0","1","0","1","0","0","drain","drain","jump","none","2","2","36","82","9"
"1","bot_learned_sequence","human","0","367","3","3","2","1","1","0","0","pull","grip","none","none","2","2","-3","99","9"
"1","bot_learned_sequence","human","0","366","2","3","2","1","1","0","0","idle","drain","pull","jump","2","2","40","0","9"
"1","bot_learned_sequence","human","0","391","3","1","0","2","1","0","0","drain","pull","jump","none","2","1","79","445","9"
"1","bot_learned_sequence","bot","2","8687","3","3","2","3","1","0","2","idle","pull","none","none","2","0","49","0","9"
"1","bot_learned_sequence","bot","2","8701","1","3","3","3","1","0","2","idle","drain","none","none","2","0","-80","0","9"
"1","bot_learned_sequence","bot","2","8411","3","2","1","3","0","0","2","swing","grip","none","none","2","2","38","214","9"
"1","bot_learned_sequence","human","0","349","1","3","1","1","1","0","0","drain","drain","none","none","2","1","0","49","9"
"1","bot_learned_sequence","human","0","448","0","0","0","3","1","0","0","idle","pull","jump","none","2","1","48","0","9"
"1","bot_learned_sequence","human","0","27","3","2","1","0","0","0","0","idle","pull","none","none","2","2","50","0","9"
"1","bot_learned_sequence","bot","2","568","0","2","3","0","2","0","0","idle","drain","none","none","2","0","-7","0","9"
"1","bot_learned_sequence","human","0","2223","3","3","2","2","0","2","0","pull","grip","none","none","2","1","-26","247","9"
"1","bot_learned_sequence","human","0","15","3","3","0","0","0","0","0","idle","pull","jump","none","2","2","20","0","9"
"1","bot_learned_sequence","human","0","14","2","3","0","0","0","0","0","idle","pull","none","none","2","2","20","0","9"
"1","bot_learned_sequence","human","0","350","2","3","1","1","1","0","0","idle","drain","pull","jump","2","2","39","0","9"
"1","bot_learned_sequence","human","0","31","3","3","1","0","0","0","0","idle","pull","none","none","2","1","20","0","9"
"1","bot_learned_sequence","human","0","2350","2","3","2","0","1","2","0","drain","drain","none","none","2","0","-20","429","9"
"1","bot_learned_sequence","human","0","2334","2","3","1","0","1","2","0","idle","swing","swing","swing","2","1","-20","0","9"
"1","bot_learned_sequence","human","0","61","1","3","3","0","0","0","0","idle","drain","none","none","2","0","31","0","9"
"1","bot_learned_sequence","human","0","385","1","0","0","2","1","0","0","idle","jump","none","none","2","1","-42","0","9"
"1","bot_learned_sequence","human","0","6655","3","3","3","3","1","2","1","swing","swing","swing","swing","2","1","29","165","9"
"1","bot_learned_sequence","human","0","334","2","3","0","1","1","0","0","drain","pull","jump","none","2","1","-20","256","9"
"1","bot_learned_sequence","human","0","462","2","3","0","3","1","0","0","idle","pull","none","none","2","1","80","0","9"
"1","bot_learned_sequence","human","0","350","2","3","1","1","1","0","0","idle","pull","none","none","2","1","80","0","9"
"1","bot_learned_sequence","human","0","281","1","2","1","0","1","0","0","drain","drain","none","none","2","1","0","456","9"
"1","bot_learned_sequence","bot","4","506","2","2","3","3","1","0","0","idle","drain","none","none","2","0","-120","0","9"
"1","bot_learned_sequence","bot","4","8350","2","3","1","2","0","0","2","swing","drain","none","none","2","0","-40","165","9"
"1","bot_learned_sequence","bot","4","303","3","3","2","0","1","0","0","pull","drain","none","none","2","2","20","231","9"
"1","bot_learned_sequence","bot","4","31","3","3","1","0","0","0","0","idle","grip","none","none","2","1","9","0","9"
"1","bot_learned_sequence","human","0","6335","3","3","3","2","0","2","1","pull","swing","swing","knockdown","2","1","18","165","9"
"1","bot_learned_sequence","human","0","106","2","2","2","1","0","0","0","idle","drain","none","none","2","2","-4","0","9"
"1","bot_learned_sequence","human","0","257","1","0","0","0","1","0","0","drain","pull","none","none","2","2","54","82","9"
"1","bot_learned_sequence","bot","4","1535","3","3","3","3","1","1","0","idle","swing","none","none","2","1","50","0","9"
"1","bot_learned_sequence","human","0","266","2","2","0","0","1","0","0","drain","pull","none","none","2","2","53","281","9"
"1","bot_learned_sequence","bot","4","1503","3","3","1","3","1","1","0","drain","pull","none","none","2","0","100","49","9"
"1","bot_learned_sequence","bot","4","313","1","2","3","0","1","0","0","idle","drain","none","none","2","0","42","0","9"
"1","bot_learned_sequence","human","0","191","3","3","3","2","0","0","0","grip","pull","none","none","2","1","-22","597","9"
"1","bot_learned_sequence","human","0","255","3","3","3","3","0","0","0","idle","pull","none","none","2","2","48","0","9"
"1","bot_learned_sequence","human","0","303","3","3","2","0","1","0","0","drain","drain","none","none","2","2","0","581","9"
"1","bot_learned_sequence","human","0","31","3","3","1","0","0","0","0","idle","jump","none","none","2","1","-20","0","9"
"1","bot_learned_sequence","human","0","287","3","3","1","0","1","0","0","idle","drain","jump","none","2","1","0","0","9"
"1","bot_learned_sequence","bot","4","8655","3","3","0","3","1","0","2","drain","pull","none","none","2","0","40","133","9"
"1","bot_learned_sequence","bot","4","415","3","3","1","2","1","0","0","jump","drain","none","none","2","0","-39","264","9"
"1","bot_learned_sequence","human","0","64","0","0","0","1","0","0","0","idle","jump","none","none","2","1","22","0","9"
"1","bot_learned_sequence","bot","4","276","0","1","1","0","1","0","0","jump","drain","none","none","2","0","-31","528","9"
"1","bot_learned_sequence","bot","4","0","0","0","0","0","0","0","0","jump","push","none","none","2","0","-2","148","9"
"1","bot_learned_sequence","human","0","4463","3","3","2","1","1","0","1","idle","pull","none","none","2","1","200","0","9"
"1","bot_learned_sequence","bot","4","8703","3","3","3","3","1","0","2","idle","pull","none","none","2","0","14","0","9"
"1","bot_learned_sequence","human","0","2091","3","2","2","0","0","2","0","swing","swing","swing","swing","2","1","30","107","9"
"1","bot_learned_sequence","human","0","6655","3","3","3","3","1","2","1","idle","swing","swing","swing","2","2","0","0","9"
"1","bot_learned_sequence","human","0","302","2","3","2","0","1","0","0","idle","drain","swing","swing","2","1","0","0","9"
"1","bot_learned_sequence","human","0","9","1","2","0","0","0","0","0","drain","jump","none","none","2","1","20","643","9"
"1","bot_learned_sequence","human","0","736","0","0","2","3","2","0","0","idle","jump","none","none","2","2","50","0","9"
"1","bot_learned_sequence","human","0","2159","3","3","2","1","0","2","0","pull","grip","none","none","2","2","1","256","9"
"1","bot_learned_sequence","human","0","174","2","3","2","2","0","0","0","idle","jump","none","none","2","1","40","0","9"
"1","bot_learned_sequence","human","0","329","1","2","0","1","1","0","0","drain","jump","none","none","2","1","20","544","9"
"1","bot_learned_sequence","human","0","277","1","1","1","0","1","0","0","drain","drain","jump","none","2","2","40","363","9"
"1","bot_learned_sequence","bot","4","479","3","3","1","3","1","0","0","drain","pull","none","none","2","0","90","107","9"
"1","bot_learned_sequence","human","0","277","1","1","1","0","1","0","0","drain","drain","pull","jump","2","1","39","407","9"
"1","bot_learned_sequence","human","0","325","1","1","0","1","1","0","0","idle","pull","jump","none","2","2","101","0","9"
"1","bot_learned_sequence","human","0","129","1","0","0","2","0","0","0","idle","jump","none","none","2","2","42","0","9"
"1","bot_learned_sequence","bot","4","8278","2","1","1","1","0","0","2","idle","grip","none","none","2","1","16","0","9"
"1","bot_learned_sequence","bot","4","308","0","1","3","0","1","0","0","jump","drain","none","none","2","0","-28","148","9"
"1","bot_learned_sequence","human","0","4335","3","3","2","3","0","0","1","idle","jump","grip","none","2","2","184","0","9"
"1","bot_learned_sequence","bot","4","9391","3","3","2","2","0","1","2","grip","pull","none","none","2","1","118","214","9"
"1","bot_learned_sequence","bot","4","1410","2","0","0","2","1","1","0","idle","pull","none","none","2","1","30","0","9"
"1","bot_learned_sequence","human","0","6847","3","3","3","2","2","2","1","idle","jump","none","none","2","0","0","0","9"
"1","bot_learned_sequence","human","0","2325","1","1","1","0","1","2","0","drain","drain","none","none","2","1","-20","339","9"
"1","bot_learned_sequence","human","0","2117","1","1","0","1","0","2","0","idle","swing","none","none","2","0","-40","0","9"
"1","bot_learned_sequence","bot","4","8367","3","3","2","2","0","0","2","grip","swing","none","none","2","2","-23","99","9"
"1","bot_learned_sequence","bot","4","8959","3","3","3","3","2","0","2","idle","drain","none","none","2","1","41","0","9"
"1","bot_learned_sequence","human","0","6319","3","3","2","2","0","2","1","idle","grip","none","none","2","0","-23","0","9"
"1","bot_learned_sequence","human","0","2090","2","2","2","0","0","2","0","idle","pull","none","none","2","0","-21","0","9"
"1","bot_learned_sequence","human","0","8703","3","3","3","3","1","0","2","idle","swing","none","none","2","1","-68","0","9"
"1","bot_learned_sequence","human","0","8431","3","3","2","3","0","0","2","swing","jump","none","none","2","1","20","66","9"
"1","bot_learned_sequence","human","0","2303","3","3","3","3","0","2","0","swing","kick","none","none","2","0","-24","214","9"
"1","bot_learned_sequence","human","0","8702","2","3","3","3","1","0","2","swing","drain","none","none","2","0","-62","181","9"
"1","bot_learned_sequence","human","0","8696","0","2","3","3","1","0","2","idle","drain","none","none","2","1","20","0","9"
"1","bot_learned_sequence","human","0","8703","3","3","3","3","1","0","2","swing","jump","none","none","2","2","0","181","9"
"1","bot_learned_sequence","human","0","10751","3","3","3","3","1","2","2","jump","swing","swing","none","2","0","-80","297","9"
"1","bot_learned_sequence","human","0","2559","3","3","3","3","1","2","0","jump","swing","swing","swing","2","0","20","216","9"
"1","bot_learned_sequence","human","0","8703","3","3","3","3","1","0","2","jump","jump","none","none","2","0","0","33","9"
"1","bot_learned_sequence","human","0","8319","3","3","3","1","0","0","2","idle","pull","none","none","2","1","39","0","9"
"1","bot_learned_sequence","human","0","8703","3","3","3","3","1","0","2","jump","jump","jump","none","2","2","0","0","9"
"1","bot_learned_sequence","human","0","299","3","2","2","0","1","0","0","idle","drain","none","none","2","2","40","0","9"
"1","bot_learned_sequence","human","0","2751","3","3","3","2","2","2","0","push","jump","none","none","2","0","-20","346","9"
"1","bot_learned_sequence","human","0","2414","2","3","2","1","1","2","0","idle","grip","none","none","2","0","-41","0","9"
"1","bot_learned_sequence","human","0","2431","3","3","3","1","1","2","0","drain","drain","none","none","2","1","0","33","9"
"1","bot_learned_sequence","human","0","397","1","3","0","2","1","0","0","pull","pull","jump","none","2","0","-50","643","9"
"1","bot_learned_sequence","human","0","8447","3","3","3","3","0","0","2","jump","swing","none","none","2","2","20","49","9"
"1","bot_learned_sequence","human","0","8447","3","3","3","3","0","0","2","idle","jump","none","none","2","1","0","0","9"
"1","bot_learned_sequence","human","0","309","1","1","3","0","1","0","0","jump","drain","none","none","2","2","52","99","9"
"1","bot_learned_sequence","human","0","2239","3","3","3","2","0","2","0","swing","jump","none","none","2","0","-49","181","9"
"1","bot_learned_sequence","human","0","10495","3","3","3","3","0","2","2","kick","kick","none","none","2","0","0","396","9"
"1","bot_learned_sequence","human","0","2334","2","3","1","0","1","2","0","pull","drain","none","none","2","1","-20","247","9"
"1","bot_learned_sequence","human","0","287","3","3","1","0","1","0","0","swing","swing","none","none","2","0","50","280","9"
"1","bot_learned_sequence","human","0","8687","3","3","2","3","1","0","2","idle","grip","none","none","2","2","32","0","9"
"1","bot_learned_sequence","human","0","399","3","3","0","2","1","0","0","idle","jump","none","none","2","2","-20","0","9"
"1","bot_learned_sequence","human","0","1","1","0","0","0","0","0","0","pull","swing","drain","none","2","2","-1","249","9"
"1","bot_learned_sequence","human","0","2559","3","3","3","3","1","2","0","jump","swing","none","none","2","1","-20","462","9"
"1","bot_learned_sequence","human","0","2559","3","3","3","3","1","2","0","swing","swing","jump","none","2","1","30","75","9"
"1","bot_learned_sequence","human","0","266","2","2","0","0","1","0","0","drain","swing","none","none","2","2","20","538","9"
"1","bot_learned_sequence","human","0","431","3","3","2","2","1","0","0","idle","pull","jump","pull","2","1","68","0","9"
"1","bot_learned_sequence","human","0","8671","3","3","1","3","1","0","2","swing","pull","none","none","2","1","40","382","9"
"1","bot_learned_sequence","human","0","8427","3","2","2","3","0","0","2","swing","jump","none","none","2","2","20","124","9"
"1","bot_learned_sequence","human","0","7","3","1","0","0","0","0","0","knockdown","pull","none","none","2","1","30","0","9"
"1","bot_learned_sequence","human","0","199","3","1","0","3","0","0","0","drain","jump","none","none","2","2","30","74","9"
"1","bot_learned_sequence","human","0","8523","3","2","0","1","1","0","2","swing","swing","none","none","2","2","-4","99","9"
"1","bot_learned_sequence","human","0","382","2","3","3","1","1","0","0","jump","drain","none","none","2","0","29","250","9"
"1","bot_learned_sequence","human","0","8558","2","3","2","1","1","0","2","swing","drain","none","none","2","1","0","66","9"
"1","bot_learned_sequence","human","0","2334","2","3","1","0","1","2","0","swing","swing","none","none","2","0","4","198","9"
"1","bot_learned_sequence","human","0","2222","2","3","2","2","0","2","0","pull","grip","none","none","2","0","9","231","9"
"1","bot_learned_sequence","human","0","8687","3","3","2","3","1","0","2","jump","grip","none","none","2","2","27","297","9"
"1","bot_learned_sequence","human","0","8431","3","3","2","3","0","0","2","idle","jump","grip","none","2","1","92","0","9"
"1","bot_learned_sequence","human","0","8667","3","2","1","3","1","0","2","idle","pull","none","none","2","1","87","0","9"
"1","bot_learned_sequence","human","0","8267","3","2","0","1","0","0","2","swing","jump","none","none","2","2","-22","346","9"
"1","bot_learned_sequence","human","0","8647","3","1","0","3","1","0","2","idle","pull","none","none","2","2","80","0","9"
"1","bot_learned_sequence","human","0","2685","1","3","3","1","2","2","0","idle","jump","none","none","2","0","0","0","9"
"1","bot_learned_sequence","human","0","2365","1","3","3","0","1","2","0","pull","drain","none","none","2","0","-80","396","9"
"1","bot_learned_sequence","human","0","8427","3","2","2","3","0","0","2","idle","jump","none","none","2","1","0","0","9"
"1","bot_learned_sequence","human","0","8367","3","3","2","2","0","0","2","grip","pull","none","none","2","1","127","223","9"
"1","bot_learned_sequence","human","0","10751","3","3","3","3","1","2","2","idle","push","none","none","2","1","-28","0","9"
"1","bot_learned_sequence","human","0","2815","3","3","3","3","2","2","0","idle","drain","none","none","2","1","-2","0","9"
"1","bot_learned_sequence","human","0","2365","1","3","3","0","1","2","0","idle","drain","none","none","2","0","-30","0","9"
"1","bot_learned_sequence","human","0","2559","3","3","3","3","1","2","0","idle","swing","jump","swing","2","2","0","0","9"
"1","bot_learned_sequence","human","0","447","3","3","3","2","1","0","0","idle","jump","grip","none","2","2","-41","0","9"
"1","bot_learned_sequence","human","0","431","3","3","2","2","1","0","0","jump","push","none","none","2","0","-50","257","9"
"1","bot_learned_sequence","human","0","8959","3","3","3","3","2","0","2","jump","swing","none","none","2","2","10","480","9"
"1","bot_learned_sequence","human","0","466","2","0","1","3","1","0","0","idle","pull","none","none","2","2","48","0","9"
"1","bot_learned_sequence","human","0","351","3","3","1","1","1","0","0","idle","pull","none","none","2","0","61","0","9"
"1","bot_learned_sequence","human","0","10426","2","2","3","2","0","2","2","swing","swing","none","none","2","1","-60","16","9"
"1","bot_learned_sequence","human","0","10495","3","3","3","3","0","2","2","idle","jump","none","none","2","1","0","0","9"
"1","bot_learned_sequence","human","0","2443","3","2","0","2","1","2","0","drain","swing","swing","none","2","1","-71","561","9"
"1","bot_learned_sequence","human","0","474","2","2","1","3","1","0","0","drain","drain","none","none","2","1","18","115","9"
"1","bot_learned_sequence","human","0","70","2","1","0","1","0","0","0","jump","pull","none","none","2","2","-39","266","9"
"1","bot_learned_sequence","human","0","8238","2","3","2","0","0","0","2","swing","jump","pull","none","2","1","30","49","9"
"1","bot_learned_sequence","human","0","298","2","2","2","0","1","0","0","idle","drain","none","none","2","0","-50","0","9"
"1","bot_learned_sequence","human","0","297","1","2","2","0","1","0","0","jump","drain","jump","none","2","0","20","423","9"
"1","bot_learned_sequence","human","0","69","1","1","0","1","0","0","0","idle","pull","pull","none","2","0","-45","0","9"
"1","bot_learned_sequence","human","0","697","1","2","3","2","2","0","0","idle","jump","none","none","2","1","0","0","9"
"1","bot_learned_sequence","human","0","8427","3","2","2","3","0","0","2","swing","swing","none","none","2","1","-90","165","9"
"1","bot_learned_sequence","human","0","409","1","2","1","2","1","0","0","idle","drain","none","none","2","1","41","0","9"
"1","bot_learned_sequence","human","0","393","1","2","0","2","1","0","0","drain","pull","jump","none","2","1","41","49","9"
"1","bot_learned_sequence","human","0","470","2","1","1","3","1","0","0","idle","drain","none","none","2","0","0","0","9"
"1","bot_learned_sequence","human","0","320","0","0","0","1","1","0","0","idle","pull","none","none","2","1","-9","0","9"
"1","bot_learned_sequence","human","0","8446","2","3","3","3","0","0","2","swing","jump","none","none","2","2","19","231","9"
"1","bot_learned_sequence","human","0","378","2","2","3","1","1","0","0","idle","drain","none","none","2","1","-9","0","9"
"1","bot_learned_sequence","human","0","309","1","1","3","0","1","0","0","idle","pull","none","none","2","1","-10","0","9"
"1","bot_learned_sequence","human","0","491","3","2","2","3","1","0","0","idle","pull","none","none","2","2","150","0","9"
"1","bot_learned_sequence","human","0","8346","2","2","1","2","0","0","2","swing","drain","none","none","2","1","-50","315","9"
"1","bot_learned_sequence","human","0","10495","3","3","3","3","0","2","2","swing","jump","none","none","2","0","-50","396","9"
"1","bot_learned_sequence","human","0","260","0","1","0","0","1","0","0","pull","drain","none","none","2","2","0","630","9"
"1","bot_learned_sequence","human","0","292","0","1","2","0","1","0","0","pull","drain","none","none","2","1","8","610","9"
"1","bot_learned_sequence","human","0","2495","3","3","3","2","1","2","0","pull","swing","none","none","2","1","-130","16","9"
"1","bot_learned_sequence","human","0","765","1","3","3","3","2","0","0","idle","drain","none","none","2","2","-1","0","9"
"1","bot_learned_sequence","human","0","296","0","2","2","0","1","0","0","drain","drain","none","none","2","2","20","313","9"
"1","bot_learned_sequence","human","0","341","1","1","1","1","1","0","0","idle","drain","none","none","2","1","0","0","9"
"1","bot_learned_sequence","human","0","534","2","1","1","0","2","0","0","idle","jump","pull","none","2","1","1","0","9"
"1","bot_learned_sequence","human","0","342","2","1","1","1","1","0","0","pull","grip","none","none","2","2","26","627","9"
"1","bot_learned_sequence","human","0","646","2","1","0","2","2","0","0","jump","push","none","none","2","1","0","241","9"
"1","bot_learned_sequence","human","0","329","1","2","0","1","1","0","0","idle","pull","none","none","2","0","-12","0","9"
"1","bot_learned_sequence","human","0","8666","2","2","1","3","1","0","2","idle","pull","none","none","2","1","-20","0","9"
"1","bot_learned_sequence","human","0","7","3","1","0","0","0","0","0","drain","jump","none","none","2","2","64","489","9"
"1","bot_learned_sequence","human","0","239","3","3","2","3","0","0","0","swing","pull","jump","pull","2","1","152","50","9"
"1","bot_learned_sequence","human","0","357","1","1","2","1","1","0","0","idle","drain","none","none","2","1","-20","0","9"
"1","bot_learned_sequence","human","0","10751","3","3","3","3","1","2","2","idle","swing","swing","swing","2","1","0","0","9"
"1","bot_learned_sequence","human","0","8647","3","1","0","3","1","0","2","swing","jump","none","none","2","2","-2","281","9"
"1","bot_learned_sequence","human","0","366","2","3","2","1","1","0","0","drain","drain","swing","swing","2","1","-30","482","9"
"1","bot_learned_sequence","human","0","549","1","1","2","0","2","0","0","idle","jump","none","none","2","0","-30","0","9"
"1","bot_learned_sequence","human","0","388","0","1","0","2","1","0","0","drain","pull","jump","pull","2","1","20","108","9"
"1","bot_learned_sequence","human","0","767","3","3","3","3","2","0","0","idle","jump","pull","none","2","0","19","0","9"
"1","bot_learned_sequence","human","0","511","3","3","3","3","1","0","0","idle","swing","swing","none","2","1","-8","0","9"
"1","bot_learned_sequence","human","0","8681","1","2","2","3","1","0","2","idle","pull","none","none","2","1","21","0","9"
"1","bot_learned_sequence","human","0","8446","2","3","3","3","0","0","2","swing","swing","none","none","2","1","10","116","9"
"1","bot_learned_sequence","human","0","442","2","2","3","2","1","0","0","idle","drain","none","none","2","1","28","0","9"
"1","bot_learned_sequence","human","0","427","3","2","2","2","1","0","0","idle","pull","none","none","2","2","77","0","9"
"1","bot_learned_sequence","human","0","8430","2","3","2","3","0","0","2","swing","jump","none","none","2","1","10","49","9"
"1","bot_learned_sequence","human","0","2203","3","2","1","2","0","2","0","idle","swing","none","none","2","2","-21","0","9"
"1","bot_learned_sequence","human","0","278","2","1","1","0","1","0","0","idle","jump","none","none","2","1","20","0","9"
"1","bot_learned_sequence","human","0","385","1","0","0","2","1","0","0","jump","pull","none","none","2","2","-10","132","9"
"1","bot_learned_sequence","human","0","321","1","0","0","1","1","0","0","pull","pull","none","none","2","2","10","522","9"
"1","bot_learned_sequence","human","0","2175","3","3","3","1","0","2","0","pull","swing","swing","none","2","0","-80","66","9"
"1","bot_learned_sequence","human","0","276","0","1","1","0","1","0","0","idle","jump","none","none","2","0","16","0","9"
"1","bot_learned_sequence","human","0","260","0","1","0","0","1","0","0","idle","pull","jump","pull","2","0","14","0","9"
"1","bot_learned_sequence","human","0","410","2","2","1","2","1","0","0","jump","drain","none","none","2","2","-20","462","9"
"1","bot_learned_sequence","human","0","613","1","1","2","1","2","0","0","idle","drain","none","none","2","0","0","0","9"
"1","bot_learned_sequence","human","0","596","0","1","1","1","2","0","0","idle","jump","none","none","2","0","0","0","9"
"1","bot_learned_sequence","human","0","548","0","1","2","0","2","0","0","idle","jump","drain","none","2","0","0","0","9"
"1","bot_learned_sequence","human","0","361","1","2","2","1","1","0","0","idle","drain","none","none","2","1","0","0","9"
"1","bot_learned_sequence","human","0","361","1","2","2","1","1","0","0","jump","drain","none","none","2","0","50","107","9"
"1","bot_learned_sequence","human","0","2559","3","3","3","3","1","2","0","idle","swing","push","none","2","2","30","0","9"
"1","bot_learned_sequence","human","0","319","3","3","3","0","1","0","0","idle","jump","none","none","2","1","29","0","9"
"1","bot_learned_sequence","human","0","155","3","2","1","2","0","0","0","idle","pull","none","none","2","1","91","0","9"
"1","bot_learned_sequence","human","0","431","3","3","2","2","1","0","0","jump","pull","jump","none","2","2","11","258","9"
"1","bot_learned_sequence","human","0","11","3","2","0","0","0","0","0","pull","swing","none","none","2","2","-20","315","9"
"1","bot_learned_sequence","human","0","711","3","1","0","3","2","0","0","jump","jump","none","none","2","2","1","396","9"
"1","bot_learned_sequence","human","0","10751","3","3","3","3","1","2","2","swing","swing","swing","jump","2","0","0","290","9"
"1","bot_learned_sequence","human","0","8399","3","3","0","3","0","0","2","swing","pull","none","none","2","2","70","231","9"
"1","bot_learned_sequence","human","0","395","3","2","0","2","1","0","0","drain","swing","none","none","2","2","0","455","9"
"1","bot_learned_sequence","human","0","318","2","3","3","0","1","0","0","pull","drain","none","none","2","0","-81","388","9"
"1","bot_learned_sequence","human","0","10751","3","3","3","3","1","2","2","swing","swing","jump","pull","2","0","30","25","9"
"1","bot_learned_sequence","human","0","11007","3","3","3","3","2","2","2","swing","jump","none","none","2","0","-10","539","9"
"1","bot_learned_sequence","human","0","8943","3","3","2","3","2","0","2","idle","push","none","none","2","1","30","0","9"
"1","bot_learned_sequence","human","0","494","2","3","2","3","1","0","0","idle","drain","none","none","2","2","-10","0","9"
"1","bot_learned_sequence","human","0","111","3","3","2","1","0","0","0","idle","jump","none","none","2","2","30","0","9"
"1","bot_learned_sequence","human","0","281","1","2","1","0","1","0","0","idle","drain","none","none","2","2","0","0","9"
"1","bot_learned_sequence","human","0","474","2","2","1","3","1","0","0","idle","pull","jump","pull","2","2","111","0","9"
"1","bot_learned_sequence","human","0","175","3","3","2","2","0","0","0","pull","swing","swing","none","2","1","-102","575","9"
"1","bot_learned_sequence","human","0","190","2","3","3","2","0","0","0","pull","drain","none","none","2","1","0","250","9"
"1","bot_learned_sequence","human","0","90","2","2","1","1","0","0","0","idle","jump","none","none","2","2","30","0","9"
"1","bot_learned_sequence","bot","4","8431","3","3","2","3","0","0","2","swing","swing","none","none","2","0","-58","125","9"
"1","bot_learned_sequence","bot","4","1271","3","1","3","3","0","1","0","idle","swing","none","none","2","0","-3","0","9"
"1","bot_learned_sequence","bot","4","1270","2","1","3","3","0","1","0","idle","swing","none","none","2","0","-1","0","9"
"1","bot_learned_sequence","human","0","8367","3","3","2","2","0","0","2","pull","grip","none","none","2","1","0","200","9"
"1","bot_learned_sequence","human","0","10415","3","3","2","2","0","2","2","pull","grip","none","none","2","1","-42","125","9"
"1","bot_learned_sequence","bot","4","2539","3","2","2","3","1","2","0","idle","pull","none","none","2","1","-1","0","9"
"1","bot_learned_sequence","human","0","431","3","3","2","2","1","0","0","pull","drain","none","none","2","1","-20","350","9"
"1","bot_learned_sequence","human","0","35","3","0","2","0","0","0","0","idle","jump","none","none","2","2","20","0","9"
"1","bot_learned_sequence","human","0","1279","3","3","3","3","0","1","0","idle","jump","none","none","2","2","2","0","9"
"1","bot_learned_sequence","human","0","1535","3","3","3","3","1","1","0","idle","jump","none","none","2","1","-10","0","9"
"1","bot_learned_sequence","human","0","1535","3","3","3","3","1","1","0","idle","pull","none","none","2","2","0","0","9"
"1","bot_learned_sequence","human","0","1423","3","3","0","2","1","1","0","idle","jump","pull","none","2","2","0","0","9"
"1","bot_learned_sequence","human","0","1243","3","2","1","3","0","1","0","idle","pull","none","none","2","2","40","0","9"
"1","bot_learned_sequence","bot","1","4607","3","3","3","3","1","0","1","jump","pull","none","none","2","0","-2","625","9"
"1","bot_learned_sequence","bot","1","4591","3","3","2","3","1","0","1","idle","pull","none","none","2","0","38","0","9"
"1","bot_learned_sequence","bot","1","4607","3","3","3","3","1","0","1","pull","pull","none","none","2","0","0","400","9"
"1","bot_learned_sequence","bot","1","4607","3","3","3","3","1","0","1","pull","push","none","none","2","0","0","450","9"
"1","bot_learned_sequence","bot","1","4383","3","3","1","0","1","0","1","pull","pull","none","none","2","0","0","550","9"
"1","bot_learned_sequence","human","0","511","3","3","3","3","1","0","0","idle","jump","pull","none","2","2","-10","0","9"
"1","bot_learned_sequence","bot","1","511","3","3","3","3","1","0","0","idle","pull","none","none","2","0","13","0","9"
"1","bot_learned_sequence","human","0","271","3","3","0","0","1","0","0","idle","pull","none","none","2","1","-30","0","9"
"1","bot_learned_sequence","human","0","415","3","3","1","2","1","0","0","idle","pull","jump","none","2","2","29","0","9"
"1","bot_learned_sequence","human","0","334","2","3","0","1","1","0","0","idle","jump","none","none","2","1","-6","0","9"
"1","bot_learned_sequence","bot","1","431","3","3","2","2","1","0","0","jump","drain","none","none","2","0","-20","450","9"
"1","bot_learned_sequence","bot","1","351","3","3","1","1","1","0","0","idle","pull","none","none","2","0","-20","0","9"
"1","bot_learned_sequence","bot","1","4431","3","3","0","1","1","0","1","idle","pull","none","none","2","0","20","0","9"
"1","bot_learned_sequence","human","0","9467","3","2","3","3","0","1","2","idle","swing","none","none","2","2","73","0","9"
"1","bot_learned_sequence","human","0","334","2","3","0","1","1","0","0","swing","drain","none","none","2","1","20","200","9"
"1","bot_learned_sequence","human","0","1355","3","2","0","1","1","1","0","idle","swing","none","none","2","2","20","0","9"
"1","bot_learned_sequence","human","0","1238","2","1","1","3","0","1","0","pull","pull","none","none","2","2","1","250","9"
"1","bot_learned_sequence","bot","1","4363","3","2","0","0","1","0","1","swing","pull","pull","none","2","0","10","300","9"
"1","bot_learned_sequence","bot","1","4602","2","2","3","3","1","0","1","jump","pull","none","none","2","0","-20","150","9"
"1","bot_learned_sequence","bot","1","4570","2","2","1","3","1","0","1","jump","pull","none","none","2","0","-20","225","9"
"1","bot_learned_sequence","bot","1","4602","2","2","3","3","1","0","1","pull","pull","none","none","2","0","4","650","9"
"1","bot_learned_sequence","human","0","425","1","2","2","2","1","0","0","idle","drain","none","none","2","2","39","0","9"
"1","bot_learned_sequence","human","0","455","3","1","0","3","1","0","0","pull","pull","jump","none","2","2","39","100","9"
"1","bot_learned_sequence","bot","1","124","0","3","3","1","0","0","0","pull","drain","none","none","2","0","0","425","9"
"1","bot_learned_sequence","bot","1","348","0","3","1","1","1","0","0","idle","drain","none","none","2","0","-30","0","9"
"1","bot_learned_sequence","human","0","2303","3","3","3","3","0","2","0","swing","swing","swing","pull","2","1","91","125","9"
"1","bot_learned_sequence","human","0","2431","3","3","3","1","1","2","0","idle","swing","swing","swing","2","2","100","0","9"
"1","bot_learned_sequence","bot","4","361","1","2","2","1","1","0","0","knockdown","drain","none","none","2","0","20","700","9"
"1","bot_learned_sequence","human","0","366","2","3","2","1","1","0","0","pull","grip","none","none","2","2","29","150","9"
"1","bot_learned_sequence","human","0","8286","2","3","1","1","0","0","2","swing","swing","none","none","2","2","1","100","9"
"1","bot_learned_sequence","human","0","30","2","3","1","0","0","0","0","idle","swing","none","none","2","2","-40","0","9"
"1","bot_learned_sequence","human","0","8298","2","2","2","1","0","0","2","swing","swing","none","none","2","2","41","125","9"
"1","bot_learned_sequence","human","0","165","1","1","2","2","0","0","0","jump","drain","none","none","2","1","-49","75","9"
"1","bot_learned_sequence","human","0","322","2","0","0","1","1","0","0","drain","pull","none","none","2","2","40","0","9"
"1","bot_learned_sequence","human","0","8431","3","3","2","3","0","0","2","knockdown","jump","pull","pull","2","1","79","0","9"
"1","bot_learned_sequence","human","0","2202","2","2","1","2","0","2","0","swing","swing","none","none","2","0","48","375","9"
"1","bot_learned_sequence","human","0","191","3","3","3","2","0","0","0","pull","swing","swing","none","2","2","30","100","9"
"1","bot_learned_sequence","human","0","203","3","2","0","3","0","0","0","idle","swing","none","none","2","2","70","0","9"
"1","bot_learned_sequence","human","0","8651","3","2","0","3","1","0","2","swing","swing","none","none","2","2","-21","125","9"
"1","bot_learned_sequence","human","0","2174","2","3","3","1","0","2","0","swing","swing","swing","swing","2","0","-50","100","9"
"1","bot_learned_sequence","human","0","256","0","0","0","0","1","0","0","pull","jump","none","none","2","0","0","675","9"
"1","bot_learned_sequence","human","0","447","3","3","3","2","1","0","0","drain","drain","none","none","2","1","18","275","9"
"1","bot_learned_sequence","human","0","767","3","3","3","3","2","0","0","idle","swing","swing","swing","2","1","0","0","9"
"1","bot_learned_sequence","human","0","767","3","3","3","3","2","0","0","swing","jump","none","none","2","0","-2","275","9"
"1","bot_learned_sequence","human","0","495","3","3","2","3","1","0","0","swing","jump","none","none","2","0","-70","500","9"
"1","bot_learned_sequence","human","0","175","3","3","2","2","0","0","0","pull","jump","none","none","2","0","-98","0","9"
"1","bot_learned_sequence","human","0","395","3","2","0","2","1","0","0","drain","jump","none","none","2","1","19","350","9"
"1","bot_learned_sequence","human","0","266","2","2","0","0","1","0","0","pull","swing","none","none","2","2","-30","50","9"
"1","bot_learned_sequence","human","0","82","2","0","1","1","0","0","0","knockdown","jump","pull","none","2","2","49","0","9"
"1","bot_learned_sequence","human","0","8667","3","2","1","3","1","0","2","swing","swing","none","none","2","1","-128","250","9"
"1","bot_learned_sequence","human","0","266","2","2","0","0","1","0","0","swing","pull","none","none","2","0","30","575","9"
"1","bot_learned_sequence","human","0","5","1","1","0","0","0","0","0","swing","jump","none","none","2","1","-10","75","9"
"1","bot_learned_sequence","human","0","767","3","3","3","3","2","0","0","jump","jump","kick","none","2","2","-30","375","9"
"1","bot_learned_sequence","human","0","323","3","0","0","1","1","0","0","drain","swing","none","none","2","2","-50","525","9"
"1","bot_learned_sequence","human","0","110","2","3","2","1","0","0","0","idle","grip","none","none","2","1","25","0","9"
"1","bot_learned_sequence","human","0","597","1","1","1","1","2","0","0","idle","jump","none","none","2","0","0","0","9"
"1","bot_learned_sequence","human","0","9","1","2","0","0","0","0","0","pull","drain","none","none","2","0","-80","125","9"
"1","bot_learned_sequence","human","0","390","2","1","0","2","1","0","0","drain","jump","none","none","2","2","-70","325","9"
"1","bot_learned_sequence","human","0","577","1","0","0","1","2","0","0","jump","jump","none","none","2","2","10","175","9"
"1","bot_learned_sequence","human","0","25","1","2","1","0","0","0","0","idle","pull","none","none","2","1","30","0","9"
"1","bot_learned_sequence","human","0","260","0","1","0","0","1","0","0","pull","pull","none","none","2","1","65","300","9"
"1","bot_learned_sequence","human","0","431","3","3","2","2","1","0","0","jump","pull","jump","pull","2","1","144","200","9"
"1","bot_learned_sequence","human","0","8651","3","2","0","3","1","0","2","swing","pull","none","none","2","2","81","325","9"
"1","bot_learned_sequence","human","0","288","0","0","2","0","1","0","0","idle","drain","none","none","2","2","-3","0","9"
"1","bot_learned_sequence","human","0","334","2","3","0","1","1","0","0","drain","swing","none","none","2","2","-18","275","9"
"1","bot_learned_sequence","human","0","568","0","2","3","0","2","0","0","idle","drain","none","none","2","1","0","0","9"
"1","bot_learned_sequence","human","0","325","1","1","0","1","1","0","0","idle","push","none","none","2","2","0","0","9"
"1","bot_learned_sequence","human","0","379","3","2","3","1","1","0","0","drain","drain","none","none","2","1","-70","175","9"
"1","bot_learned_sequence","human","0","110","2","3","2","1","0","0","0","pull","grip","none","none","2","1","9","225","9"
"1","bot_learned_sequence","human","0","10","2","2","0","0","0","0","0","swing","jump","pull","none","2","0","30","50","9"
"1","bot_learned_sequence","human","0","582","2","1","0","1","2","0","0","drain","jump","none","none","2","0","-10","100","9"
"1","bot_learned_sequence","human","0","382","2","3","3","1","1","0","0","idle","swing","none","none","2","2","78","0","9"
"1","bot_learned_sequence","human","0","2495","3","3","3","2","1","2","0","idle","swing","swing","none","2","1","38","0","9"
"1","bot_learned_sequence","human","0","427","3","2","2","2","1","0","0","swing","jump","none","none","2","1","-79","325","9"
"1","bot_learned_sequence","human","0","767","3","3","3","3","2","0","0","idle","swing","none","none","2","1","-30","0","9"
"1","bot_learned_sequence","human","0","767","3","3","3","3","2","0","0","idle","jump","swing","jump","2","1","20","0","9"
"1","bot_learned_sequence","human","0","511","3","3","3","3","1","0","0","idle","jump","swing","none","2","1","0","0","9"
"1","bot_learned_sequence","human","0","170","2","2","2","2","0","0","0","pull","pull","drain","none","2","0","-150","200","9"
"1","bot_learned_sequence","human","0","411","3","2","1","2","1","0","0","drain","pull","none","none","2","1","10","400","9"
"1","bot_learned_sequence","human","0","10751","3","3","3","3","1","2","2","idle","kick","none","none","2","0","0","0","9"
"1","bot_learned_sequence","human","0","430","2","3","2","2","1","0","0","idle","pull","none","none","2","0","50","0","9"
"1","bot_learned_sequence","human","0","533","1","1","1","0","2","0","0","idle","jump","none","none","2","1","0","0","9"
"1","bot_learned_sequence","human","0","367","3","3","2","1","1","0","0","drain","drain","none","none","2","0","20","75","9"
"1","bot_learned_sequence","human","0","261","1","1","0","0","1","0","0","idle","pull","none","none","2","1","21","0","9"
"1","bot_learned_sequence","human","0","257","1","0","0","0","1","0","0","idle","pull","jump","pull","2","1","44","0","9"
"1","bot_learned_sequence","human","0","1","1","0","0","0","0","0","0","knockdown","pull","none","none","2","1","34","0","9"
"1","bot_learned_sequence","human","0","4591","3","3","2","3","1","0","1","idle","pull","jump","none","2","0","46","0","9"
"1","bot_learned_sequence","human","0","6655","3","3","3","3","1","2","1","jump","swing","swing","none","2","1","-25","75","9"
"1","bot_learned_sequence","human","0","326","2","1","0","1","1","0","0","drain","pull","none","none","2","1","30","225","9"
"1","bot_learned_sequence","human","0","9727","3","3","3","3","1","1","2","swing","jump","none","none","2","1","25","75","9"
"1","bot_learned_sequence","human","0","9471","3","3","3","3","0","1","2","swing","swing","none","none","2","1","-25","100","9"
"1","bot_learned_sequence","human","0","9470","2","3","3","3","0","1","2","swing","jump","none","none","2","0","0","50","9"
"1","bot_learned_sequence","human","0","281","1","2","1","0","1","0","0","idle","drain","pull","jump","2","0","-19","0","9"
"1","bot_learned_sequence","human","0","276","0","1","1","0","1","0","0","jump","drain","none","none","2","1","0","175","9"
"1","bot_learned_sequence","human","0","471","3","1","1","3","1","0","0","drain","pull","none","none","2","2","96","100","9"
"1","bot_learned_sequence","human","0","767","3","3","3","3","2","0","0","jump","swing","none","none","2","2","-48","100","9"
"1","bot_learned_sequence","human","0","1791","3","3","3","3","2","1","0","idle","jump","swing","none","2","1","-80","0","9"
"1","bot_learned_sequence","human","0","4863","3","3","3","3","2","0","1","idle","jump","none","none","2","0","0","0","9"
"1","bot_learned_sequence","human","0","390","2","1","0","2","1","0","0","drain","pull","none","none","2","1","0","150","9"
"1","bot_learned_sequence","human","0","255","3","3","3","3","0","0","0","swing","swing","none","none","2","1","40","375","9"
"1","bot_learned_sequence","human","0","8703","3","3","3","3","1","0","2","swing","jump","swing","none","2","2","-100","225","9"
"1","bot_learned_sequence","human","0","326","2","1","0","1","1","0","0","idle","drain","none","none","2","2","-20","0","9"
"1","bot_learned_sequence","human","0","2326","2","1","1","0","1","2","0","swing","swing","swing","swing","2","1","20","375","9"
"1","bot_learned_sequence","human","0","8601","1","2","1","2","1","0","2","swing","drain","none","none","2","1","-20","200","9"
"1","bot_learned_sequence","human","0","110","2","3","2","1","0","0","0","idle","jump","grip","none","2","2","22","0","9"
"1","bot_learned_sequence","human","0","568","0","2","3","0","2","0","0","jump","drain","none","none","2","2","19","500","9"
"1","bot_learned_sequence","human","0","8539","3","2","1","1","1","0","2","swing","drain","none","none","2","0","0","475","9"
"1","bot_learned_sequence","human","0","511","3","3","3","3","1","0","0","swing","jump","none","none","2","0","50","250","9"
"1","bot_learned_sequence","human","0","606","2","3","1","1","2","0","0","idle","jump","none","none","2","2","20","0","9"
"1","bot_learned_sequence","human","0","447","3","3","3","2","1","0","0","grip","pull","none","none","2","2","69","175","9"
"1","bot_learned_sequence","human","0","111","3","3","2","1","0","0","0","pull","grip","none","none","2","1","1","200","9"
"1","bot_learned_sequence","human","0","387","3","0","0","2","1","0","0","idle","pull","none","none","2","2","-30","0","9"
"1","bot_learned_sequence","human","0","2178","2","0","0","2","0","2","0","jump","swing","swing","none","2","2","-6","250","9"
"1","bot_learned_sequence","human","0","296","0","2","2","0","1","0","0","idle","drain","none","none","2","0","0","0","9"
"1","bot_learned_sequence","human","0","223","3","3","1","3","0","0","0","pull","jump","grip","none","2","2","69","225","9"
"1","bot_learned_sequence","human","0","415","3","3","1","2","1","0","0","idle","drain","none","none","2","1","20","0","9"
"1","bot_learned_sequence","human","0","277","1","1","1","0","1","0","0","drain","drain","none","none","2","0","20","350","9"
"1","bot_learned_sequence","human","0","386","2","0","0","2","1","0","0","idle","jump","none","none","2","1","-24","0","9"
"1","bot_learned_sequence","human","0","8559","3","3","2","1","1","0","2","swing","drain","none","none","2","0","0","175","9"
"1","bot_learned_sequence","human","0","8431","3","3","2","3","0","0","2","idle","grip","none","none","2","1","-36","0","9"
"1","bot_learned_sequence","human","0","125","1","3","3","1","0","0","0","idle","jump","none","none","2","0","0","0","9"
"1","bot_learned_sequence","human","0","8415","3","3","1","3","0","0","2","swing","pull","none","none","2","2","40","200","9"
"1","bot_learned_sequence","human","0","2175","3","3","3","1","0","2","0","pull","swing","none","none","2","0","-40","100","9"
"1","bot_learned_sequence","human","0","2379","3","2","0","1","1","2","0","idle","push","none","none","2","2","20","0","9"
"1","bot_learned_sequence","human","0","395","3","2","0","2","1","0","0","grip","swing","none","none","2","2","-2","175","9"
"1","bot_learned_sequence","human","0","331","3","2","0","1","1","0","0","idle","jump","none","none","2","2","0","0","9"
"1","bot_learned_sequence","human","0","198","2","1","0","3","0","0","0","knockdown","jump","none","none","2","0","0","0","9"
"1","bot_learned_sequence","bot","4","266","2","2","0","0","1","0","0","pull","drain","none","none","2","0","9","450","9"
"1","bot_learned_sequence","bot","4","124","0","3","3","1","0","0","0","jump","drain","none","none","2","0","-26","25","9"
"1","bot_learned_sequence","human","0","6591","3","3","3","2","1","2","1","idle","swing","none","none","2","2","-20","0","9"
"1","bot_learned_sequence","human","0","4443","3","2","1","1","1","0","1","idle","pull","jump","none","2","2","90","0","9"
"1","bot_learned_sequence","bot","4","27","3","2","1","0","0","0","0","jump","drain","pull","none","2","1","0","75","9"
"1","bot_learned_sequence","bot","4","262","2","1","0","0","1","0","0","idle","pull","none","none","2","1","0","0","9"
"1","bot_learned_sequence","human","0","445","1","3","3","2","1","0","0","idle","drain","none","none","2","0","-60","0","9"
"1","bot_learned_sequence","human","0","4856","0","2","3","3","2","0","1","idle","jump","none","none","2","0","0","0","9"
"1","bot_learned_sequence","bot","2","8431","3","3","2","3","0","0","2","swing","swing","none","none","2","0","30","425","9"
"1","bot_learned_sequence","human","0","6527","3","3","3","1","1","2","1","idle","swing","swing","swing","2","2","0","0","9"
"1","bot_learned_sequence","human","0","2491","3","2","3","2","1","2","0","idle","swing","swing","none","2","2","-10","0","9"
"1","bot_learned_sequence","bot","4","8447","3","3","3","3","0","0","2","idle","pull","none","none","1","1","0","0","9"
"1","bot_learned_sequence","bot","4","1215","3","3","3","2","0","1","0","jump","drain","none","none","1","1","-10","200","9"
"1","bot_learned_sequence","bot","4","1295","3","3","0","0","1","1","0","swing","pull","none","none","1","1","-10","50","9"
"1","bot_learned_sequence","bot","4","351","3","3","1","1","1","0","0","swing","grip","none","none","1","1","55","0","9"
"1","bot_learned_sequence","bot","4","75","3","2","0","1","0","0","0","idle","swing","swing","none","1","1","20","0","9"
"1","bot_learned_sequence","bot","4","395","3","2","0","2","1","0","0","drain","pull","none","none","1","1","-21","150","9"
"1","bot_learned_sequence","bot","4","334","2","3","0","1","1","0","0","jump","drain","none","none","1","1","-20","500","9"
"1","bot_learned_sequence","bot","4","14","2","3","0","0","0","0","0","pull","jump","pull","none","1","1","0","0","9"
"1","bot_learned_sequence","bot","4","62","2","3","3","0","0","0","0","idle","swing","none","none","1","1","-10","0","9"
"1","bot_learned_sequence","bot","4","8318","2","3","3","1","0","0","2","swing","drain","none","none","1","1","-10","300","9"
"1","bot_learned_sequence","bot","4","62","2","3","3","0","0","0","0","pull","jump","none","none","1","1","-19","50","9"
"1","bot_learned_sequence","bot","4","381","1","3","3","1","1","0","0","idle","drain","pull","none","1","1","0","0","9"
"1","bot_learned_sequence","bot","4","350","2","3","1","1","1","0","0","idle","drain","none","none","1","1","-10","0","9"
"1","bot_learned_sequence","bot","4","270","2","3","0","0","1","0","0","drain","pull","none","none","1","1","10","400","9"
"1","bot_learned_sequence","bot","4","281","1","2","1","0","1","0","0","idle","pull","none","none","1","1","-60","0","9"
"1","bot_learned_sequence","bot","4","292","0","1","2","0","1","0","0","drain","drain","none","none","1","1","-20","200","9"
"1","bot_learned_sequence","bot","4","1288","0","2","0","0","1","1","0","drain","pull","none","none","1","1","14","50","9"
"1","bot_learned_sequence","human","0","4367","3","3","0","0","1","0","1","idle","swing","none","none","1","0","10","0","9"
"1","bot_learned_sequence","human","0","6159","3","3","0","0","0","2","1","pull","swing","none","none","1","0","0","250","9"
"1","bot_learned_sequence","human","0","351","3","3","1","1","1","0","0","grip","swing","none","none","1","0","-55","0","9"
"1","bot_learned_sequence","human","0","111","3","3","2","1","0","0","0","idle","pull","knockdown","none","1","0","-23","0","9"
"1","bot_learned_sequence","human","0","31","3","3","1","0","0","0","0","idle","pull","jump","none","1","0","41","0","9"
"1","bot_learned_sequence","human","0","267","3","2","0","0","1","0","0","drain","drain","pull","none","1","0","20","200","9"
"1","bot_learned_sequence","human","0","11","3","2","0","0","0","0","0","jump","jump","none","none","1","0","0","0","9"
"1","bot_learned_sequence","human","0","395","3","2","0","2","1","0","0","idle","jump","none","none","1","0","0","0","9"
"1","bot_learned_sequence","human","0","219","3","2","1","3","0","0","0","swing","swing","swing","none","1","0","10","150","9"
"1","bot_learned_sequence","human","0","2263","3","1","1","3","0","2","0","drain","swing","swing","swing","1","0","10","100","9"
"1","bot_learned_sequence","human","0","491","3","2","2","3","1","0","0","knockdown","drain","none","none","1","0","0","700","9"
"1","bot_learned_sequence","human","0","203","3","2","0","3","0","0","0","idle","pull","none","none","1","0","19","0","9"
"1","bot_learned_sequence","human","0","267","3","2","0","0","1","0","0","drain","drain","none","none","1","0","10","100","9"
"1","bot_learned_sequence","human","0","331","3","2","0","1","1","0","0","idle","pull","jump","none","1","0","20","0","9"
"1","bot_learned_sequence","human","0","70","2","1","0","1","0","0","0","drain","swing","none","none","1","0","10","150","9"
"1","bot_learned_sequence","human","0","322","2","0","0","1","1","0","0","idle","drain","none","none","1","0","-14","0","9"
"1","bot_learned_sequence","human","0","4543","3","3","3","2","1","0","1","pull","drain","none","none","1","1","-20","150","9"
"1","bot_learned_sequence","human","0","4223","3","3","3","1","0","0","1","idle","jump","drain","none","1","1","-10","0","9"
"1","bot_learned_sequence","human","0","6591","3","3","3","2","1","2","1","knockdown","drain","none","none","1","1","0","700","9"
"1","bot_learned_sequence","human","0","4479","3","3","3","1","1","0","1","idle","swing","swing","swing","1","1","10","0","9"
"1","bot_learned_sequence","human","0","6207","3","3","3","0","0","2","1","drain","swing","swing","drain","1","1","10","200","9"
"1","bot_learned_sequence","human","0","4127","3","3","1","0","0","0","1","idle","jump","none","none","1","1","21","0","9"
"1","bot_learned_sequence","human","0","2479","3","3","2","2","1","2","0","idle","swing","swing","none","1","1","1","0","9"
"1","bot_learned_sequence","human","0","4399","3","3","2","0","1","0","1","drain","drain","swing","swing","1","1","30","400","9"
"1","bot_learned_sequence","human","0","299","3","2","2","0","1","0","0","idle","pull","jump","none","1","1","40","0","9"
"1","bot_learned_sequence","human","0","299","3","2","2","0","1","0","0","drain","drain","pull","jump","1","1","20","300","9"
"1","bot_learned_sequence","bot","4","1535","3","3","3","3","1","1","0","idle","pull","none","none","1","0","39","0","9"
"1","bot_learned_sequence","bot","4","9695","3","3","1","3","1","1","2","swing","drain","none","none","1","0","-10","100","9"
"1","bot_learned_sequence","bot","4","78","2","3","0","1","0","0","0","jump","swing","drain","none","1","0","-1","100","9"
"1","bot_learned_sequence","bot","4","9711","3","3","2","3","1","1","2","swing","drain","none","none","1","0","0","250","9"
"1","bot_learned_sequence","bot","4","478","2","3","1","3","1","0","0","drain","pull","none","none","1","0","0","100","9"
"1","bot_learned_sequence","bot","4","478","2","3","1","3","1","0","0","jump","drain","none","none","1","0","-20","500","9"
"1","bot_learned_sequence","human","0","191","3","3","3","2","0","0","0","idle","drain","none","none","1","1","-24","0","9"
"1","bot_learned_sequence","human","0","31","3","3","1","0","0","0","0","idle","pull","drain","none","1","1","0","0","9"
"1","bot_learned_sequence","human","0","399","3","3","0","2","1","0","0","drain","drain","swing","none","1","1","-20","350","9"
"1","bot_learned_sequence","human","0","2063","3","3","0","0","0","2","0","pull","swing","drain","pull","1","1","-30","300","9"
"1","bot_learned_sequence","human","0","2315","3","2","0","0","1","2","0","pull","jump","drain","swing","1","1","30","50","9"
"1","bot_learned_sequence","human","0","87","3","1","1","1","0","0","0","drain","pull","jump","none","1","1","50","100","9"
"1","bot_learned_sequence","human","0","343","3","1","1","1","1","0","0","idle","swing","swing","swing","1","1","60","0","9"
"1","bot_learned_sequence","bot","4","175","3","3","2","2","0","0","0","pull","grip","none","none","1","0","24","150","9"
"1","bot_learned_sequence","bot","4","79","3","3","0","1","0","0","0","drain","swing","none","none","1","0","0","600","9"
"1","bot_learned_sequence","bot","4","446","2","3","3","2","1","0","0","pull","drain","none","none","1","0","20","400","9"
"1","bot_learned_sequence","bot","4","271","3","3","0","0","1","0","0","swing","pull","none","none","1","0","30","100","9"
"1","bot_learned_sequence","bot","4","270","2","3","0","0","1","0","0","pull","drain","none","none","1","0","-60","500","9"
"1","bot_learned_sequence","bot","4","365","1","3","2","1","1","0","0","swing","drain","pull","none","1","0","0","700","9"
"1","bot_learned_sequence","bot","4","8365","1","3","2","2","0","0","2","swing","drain","none","none","1","0","-50","700","9"
"1","bot_learned_sequence","human","0","2239","3","3","3","2","0","2","0","idle","drain","none","none","1","1","18","0","9"
"1","bot_learned_sequence","human","0","2127","3","3","0","1","0","2","0","idle","pull","drain","none","1","1","0","0","9"
"1","bot_learned_sequence","human","0","2463","3","3","1","2","1","2","0","idle","drain","none","none","1","1","19","0","9"
"1","bot_learned_sequence","human","0","143","3","3","0","2","0","0","0","idle","jump","pull","none","1","1","39","0","9"
"1","bot_learned_sequence","human","0","219","3","2","1","3","0","0","0","idle","swing","swing","none","1","1","0","0","9"
"1","bot_learned_sequence","human","0","219","3","2","1","3","0","0","0","idle","pull","none","none","1","1","0","0","9"
"1","bot_learned_sequence","human","0","15","3","3","0","0","0","0","0","pull","swing","swing","none","1","1","10","200","9"
"1","bot_learned_sequence","human","0","351","3","3","1","1","1","0","0","drain","drain","swing","swing","1","1","30","0","9"
"1","bot_learned_sequence","human","0","15","3","3","0","0","0","0","0","idle","swing","jump","none","1","1","40","0","9"
"1","bot_learned_sequence","human","0","2507","3","2","0","3","1","2","0","pull","swing","none","none","1","1","0","300","9"
"1","bot_learned_sequence","human","0","2191","3","3","0","2","0","2","0","idle","swing","swing","jump","1","1","30","0","9"
"1","bot_learned_sequence","human","0","139","3","2","0","2","0","0","0","pull","pull","jump","none","1","1","0","250","9"
"1","bot_learned_sequence","human","0","219","3","2","1","3","0","0","0","idle","swing","none","none","1","1","70","0","9"
"1","bot_learned_sequence","human","0","411","3","2","1","2","1","0","0","drain","pull","jump","pull","1","1","50","250","9"
"1","bot_learned_sequence","human","0","471","3","1","1","3","1","0","0","idle","push","none","none","1","1","-23","0","9"
"1","bot_learned_sequence","human","0","118","2","1","3","1","0","0","0","idle","pull","none","none","1","1","-1","0","9"
"1","bot_learned_sequence","human","0","374","2","1","3","1","1","0","0","idle","jump","none","none","1","1","20","0","9"
"1","bot_learned_sequence","human","0","4407","3","1","3","0","1","0","1","pull","drain","none","none","1","1","20","50","9"
"1","bot_learned_sequence","human","0","7","3","1","0","0","0","0","0","idle","pull","none","none","1","1","20","0","9"
"1","bot_learned_sequence","human","0","3","3","0","0","0","0","0","0","drain","jump","none","none","1","1","40","350","9"
"1","bot_learned_sequence","human","0","323","3","0","0","1","1","0","0","drain","pull","jump","none","1","1","20","50","9"
"1","bot_learned_sequence","human","0","595","3","0","1","1","2","0","0","idle","jump","jump","swing","1","1","0","0","9"
"1","bot_learned_sequence","human","0","2243","3","0","0","3","0","2","0","drain","swing","jump","none","1","1","0","100","9"
"1","bot_learned_sequence","human","0","423","3","1","2","2","1","0","0","idle","drain","jump","none","1","1","0","0","9"
"1","bot_learned_sequence","human","0","4439","3","1","1","1","1","0","1","idle","drain","none","none","1","1","20","0","9"
"1","bot_learned_sequence","human","0","71","3","1","0","1","0","0","0","idle","pull","none","none","1","1","50","0","9"
"1","bot_learned_sequence","human","0","467","3","0","1","3","1","0","0","idle","swing","swing","jump","1","1","-30","0","9"
"1","bot_learned_sequence","human","0","163","3","0","2","2","0","0","0","drain","swing","swing","jump","1","1","30","300","9"
"1","bot_learned_sequence","human","0","355","3","0","2","1","1","0","0","push","pull","none","none","1","1","0","100","9"
"1","bot_learned_sequence","human","0","611","3","0","2","1","2","0","0","idle","jump","pull","none","1","1","-1","0","9"
"1","bot_learned_sequence","human","0","6243","3","0","2","1","0","2","1","idle","swing","none","none","1","1","0","0","9"
"1","bot_learned_sequence","human","0","2083","3","0","2","0","0","2","0","drain","swing","jump","drain","1","1","0","100","9"
"1","bot_learned_sequence","human","0","4099","3","0","0","0","0","0","1","idle","pull","jump","none","1","1","1","0","9"
"1","bot_learned_sequence","bot","4","319","3","3","3","0","1","0","0","pull","drain","none","none","1","0","-20","350","9"
"1","bot_learned_sequence","bot","4","382","2","3","3","1","1","0","0","idle","drain","pull","none","1","0","20","0","9"
"1","bot_learned_sequence","bot","4","303","3","3","2","0","1","0","0","idle","drain","none","none","1","0","20","0","9"
"1","bot_learned_sequence","bot","4","367","3","3","2","1","1","0","0","knockdown","swing","drain","none","1","0","-21","700","9"
"1","bot_learned_sequence","bot","4","286","2","3","1","0","1","0","0","idle","pull","knockdown","none","1","0","-20","0","9"
"1","bot_learned_sequence","bot","4","318","2","3","3","0","1","0","0","pull","drain","pull","none","1","0","0","0","9"
"1","bot_learned_sequence","bot","4","8574","2","3","3","1","1","0","2","swing","drain","none","none","1","0","0","500","9"
"1","bot_learned_sequence","bot","4","286","2","3","1","0","1","0","0","jump","pull","none","none","1","0","0","600","9"
"1","bot_learned_sequence","bot","4","8702","2","3","3","3","1","0","2","idle","drain","none","none","1","0","-50","0","9"
"1","bot_learned_sequence","bot","4","349","1","3","1","1","1","0","0","idle","grip","none","none","1","0","23","0","9"
"1","bot_learned_sequence","bot","4","473","1","2","1","3","1","0","0","pull","drain","none","none","1","0","0","600","9"
"1","bot_learned_sequence","bot","4","1481","1","2","0","3","1","1","0","jump","pull","none","none","1","0","-20","50","9"
"1","bot_learned_sequence","bot","4","397","1","3","0","2","1","0","0","idle","drain","none","none","1","0","-20","0","9"
"1","bot_learned_sequence","bot","4","12","0","3","0","0","0","0","0","pull","swing","drain","none","1","0","-20","100","9"
"1","bot_learned_sequence","bot","4","60","0","3","3","0","0","0","0","swing","drain","none","none","1","0","0","200","9"
"1","bot_learned_sequence","bot","4","380","0","3","3","1","1","0","0","jump","swing","pull","drain","1","0","0","600","9"
"1","bot_learned_sequence","bot","4","1373","1","3","1","1","1","1","0","jump","drain","none","none","1","0","0","500","9"
"1","bot_learned_sequence","bot","4","13","1","3","0","0","0","0","0","drain","drain","none","none","1","0","-20","600","9"
"1","bot_learned_sequence","bot","4","29","1","3","1","0","0","0","0","pull","jump","knockdown","none","1","0","-50","50","9"
"1","bot_learned_sequence","bot","4","9580","0","3","2","1","1","1","2","swing","push","none","none","1","0","0","250","9"
"1","bot_learned_sequence","bot","4","9852","0","3","3","1","2","1","2","idle","pull","push","none","1","0","0","0","9"
"1","bot_learned_sequence","bot","4","8444","0","3","3","3","0","0","2","idle","drain","none","none","1","0","-30","0","9"
"1","bot_learned_sequence","bot","4","412","0","3","1","2","1","0","0","idle","push","none","none","1","0","0","0","9"
"1","bot_learned_sequence","bot","4","8348","0","3","1","2","0","0","2","swing","drain","none","none","1","0","0","150","9"
"1","bot_learned_sequence","bot","4","1036","0","3","0","0","0","1","0","idle","swing","none","none","1","0","-1","0","9"
"1","bot_learned_sequence","human","0","4335","3","3","2","3","0","0","1","idle","pull","jump","pull","1","1","21","0","9"
"1","bot_learned_sequence","human","0","4591","3","3","2","3","1","0","1","knockdown","drain","push","none","1","1","-29","700","9"
"1","bot_learned_sequence","human","0","6415","3","3","0","0","1","2","1","drain","swing","swing","swing","1","1","-20","200","9"
"1","bot_learned_sequence","human","0","4495","3","3","0","2","1","0","1","idle","pull","jump","pull","1","1","30","0","9"
"1","bot_learned_sequence","human","0","2127","3","3","0","1","0","2","0","idle","swing","swing","jump","1","1","50","0","9"
"1","bot_learned_sequence","human","0","2266","2","2","1","3","0","2","0","idle","jump","none","none","1","1","0","0","9"
"1","bot_learned_sequence","human","0","6378","2","2","2","3","0","2","1","pull","swing","swing","none","1","1","20","250","9"
"1","bot_learned_sequence","human","0","6314","2","2","2","2","0","2","1","drain","swing","none","none","1","1","20","250","9"
"1","bot_learned_sequence","human","0","270","2","3","0","0","1","0","0","drain","jump","none","none","1","1","-18","700","9"
"1","bot_learned_sequence","human","0","2062","2","3","0","0","0","2","0","pull","kick","drain","none","1","1","-48","50","9"
"1","bot_learned_sequence","human","0","4205","1","3","2","1","0","0","1","idle","drain","jump","none","1","1","20","0","9"
"1","bot_learned_sequence","human","0","4457","1","2","2","1","1","0","1","idle","jump","drain","pull","1","1","19","0","9"
"1","bot_learned_sequence","human","0","266","2","2","0","0","1","0","0","idle","pull","jump","pull","1","1","39","0","9"
"1","bot_learned_sequence","human","0","454","2","1","0","3","1","0","0","idle","jump","kick","none","1","1","20","0","9"
"1","bot_learned_sequence","human","0","134","2","1","0","2","0","0","0","idle","pull","jump","none","1","1","50","0","9"
"1","bot_learned_sequence","human","0","390","2","1","0","2","1","0","0","pull","pull","none","none","1","1","50","450","9"
"1","bot_learned_sequence","human","0","194","2","0","0","3","0","0","0","swing","jump","none","none","1","1","0","0","9"
"1","bot_learned_sequence","human","0","2438","2","1","0","2","1","2","0","drain","swing","swing","swing","1","1","0","250","9"
"1","bot_learned_sequence","human","0","193","1","0","0","3","0","0","0","pull","jump","swing","none","1","1","0","250","9"
"1","bot_learned_sequence","human","0","225","1","0","2","3","0","0","0","idle","drain","none","none","1","1","10","0","9"
"1","bot_learned_sequence","human","0","2054","2","1","0","0","0","2","0","pull","swing","swing","drain","1","1","10","150","9"
"1","bot_learned_sequence","human","0","4370","2","0","1","0","1","0","1","drain","drain","none","none","1","1","0","0","9"
"1","bot_learned_sequence","human","0","274","2","0","1","0","1","0","0","drain","drain","none","none","1","1","30","100","9"
"1","bot_learned_sequence","human","0","2066","2","0","1","0","0","2","0","idle","swing","swing","swing","1","1","30","0","9"
"1","bot_learned_sequence","human","0","2082","2","0","2","0","0","2","0","drain","swing","drain","none","1","1","-39","50","9"
"1","bot_learned_sequence","human","0","17","1","0","1","0","0","0","0","swing","jump","none","none","1","1","0","400","9"
"1","bot_learned_sequence","human","0","625","1","0","3","1","2","0","0","idle","jump","none","none","1","1","0","0","9"
"1","bot_learned_sequence","human","0","369","1","0","3","1","1","0","0","drain","drain","none","none","1","1","0","350","9"
"1","bot_learned_sequence","human","0","274","2","0","1","0","1","0","0","idle","jump","drain","pull","1","1","19","0","9"
"1","bot_learned_sequence","bot","4","1375","3","3","1","1","1","1","0","idle","drain","none","none","1","0","20","0","9"
"1","bot_learned_sequence","bot","4","47","3","3","2","0","0","0","0","pull","jump","pull","none","1","0","20","50","9"
"1","bot_learned_sequence","bot","4","447","3","3","3","2","1","0","0","idle","drain","none","none","1","0","0","0","9"
"1","bot_learned_sequence","bot","4","111","3","3","2","1","0","0","0","jump","jump","none","none","1","0","-20","100","9"
"1","bot_learned_sequence","bot","4","9338","2","2","3","1","0","1","2","jump","jump","pull","none","1","0","0","50","9"
"1","bot_learned_sequence","bot","4","9466","2","2","3","3","0","1","2","swing","drain","none","none","1","0","-20","50","9"
"1","bot_learned_sequence","bot","4","1370","2","2","1","1","1","1","0","idle","pull","none","none","1","0","0","0","9"
"1","bot_learned_sequence","bot","4","618","2","2","2","1","2","0","0","idle","drain","none","none","1","0","18","0","9"
"1","bot_learned_sequence","bot","4","1291","3","2","0","0","1","1","0","drain","pull","none","none","1","0","30","250","9"
"1","bot_learned_sequence","bot","4","266","2","2","0","0","1","0","0","pull","drain","pull","none","1","0","0","400","9"
"1","bot_learned_sequence","bot","4","282","2","2","1","0","1","0","0","jump","drain","none","none","1","0","-19","400","9"
"1","bot_learned_sequence","bot","4","8569","1","2","3","1","1","0","2","kick","drain","none","none","1","0","-20","350","9"
"1","bot_learned_sequence","bot","4","297","1","2","2","0","1","0","0","idle","grip","none","none","1","0","-28","0","9"
"1","bot_learned_sequence","bot","4","345","1","2","1","1","1","0","0","jump","pull","none","none","1","0","-50","300","9"
"1","bot_learned_sequence","bot","4","56","0","2","3","0","0","0","0","jump","swing","drain","none","1","0","0","0","9"
"1","bot_learned_sequence","bot","4","312","0","2","3","0","1","0","0","idle","pull","none","none","1","0","20","0","9"
"1","bot_learned_sequence","bot","4","356","0","1","2","1","1","0","0","swing","pull","none","none","1","0","0","50","9"
"1","bot_learned_sequence","bot","4","360","0","2","2","1","1","0","0","drain","drain","pull","none","1","0","-10","250","9"
"1","bot_learned_sequence","bot","4","261","1","1","0","0","1","0","0","drain","drain","none","none","1","0","0","100","9"
"1","bot_learned_sequence","bot","4","1352","0","2","0","1","1","1","0","drain","drain","none","none","1","0","0","0","9"
"1","bot_learned_sequence","bot","4","392","0","2","0","2","1","0","0","idle","drain","none","none","1","0","-30","0","9"
"1","bot_learned_sequence","bot","4","8","0","2","0","0","0","0","0","drain","swing","swing","none","1","0","39","350","9"
"1","bot_learned_sequence","bot","4","324","0","1","0","1","1","0","0","jump","push","none","none","1","0","0","400","9"
"1","bot_learned_sequence","bot","4","724","0","1","1","3","2","0","0","jump","drain","none","none","1","0","0","350","9"
"1","bot_learned_sequence","human","0","8367","3","3","2","2","0","0","2","grip","pull","jump","pull","1","1","80","100","9"
"1","bot_learned_sequence","human","0","491","3","2","2","3","1","0","0","idle","swing","none","none","1","1","-12","0","9"
"1","bot_learned_sequence","human","0","27","3","2","1","0","0","0","0","grip","drain","none","none","1","1","0","700","9"
"1","bot_learned_sequence","human","0","107","3","2","2","1","0","0","0","idle","swing","swing","kick","1","1","0","0","9"
"1","bot_learned_sequence","human","0","2087","3","1","2","0","0","2","0","drain","swing","knockdown","none","1","1","-20","350","9"
"1","bot_learned_sequence","human","0","374","2","1","3","1","1","0","0","idle","drain","pull","jump","1","1","20","0","9"
"1","bot_learned_sequence","human","0","118","2","1","3","1","0","0","0","drain","push","jump","push","1","1","39","0","9"
"1","bot_learned_sequence","human","0","19","3","0","1","0","0","0","0","drain","swing","swing","pull","1","1","31","100","9"
"1","bot_learned_sequence","bot","4","10735","3","3","2","3","1","2","2","swing","grip","none","none","1","0","-78","650","9"
"1","bot_learned_sequence","bot","4","446","2","3","3","2","1","0","0","swing","drain","none","none","1","0","12","100","9"
"1","bot_learned_sequence","bot","4","1502","2","3","1","3","1","1","0","kick","pull","drain","none","1","0","-11","150","9"
"1","bot_learned_sequence","bot","4","217","1","2","1","3","0","0","0","push","drain","none","none","1","0","-39","0","9"
"1","bot_learned_sequence","human","0","2303","3","3","3","3","0","2","0","idle","swing","swing","knockdown","1","1","-16","0","9"
"1","bot_learned_sequence","human","0","511","3","3","3","3","1","0","0","idle","drain","swing","swing","1","1","10","0","9"
"1","bot_learned_sequence","human","0","95","3","3","1","1","0","0","0","idle","pull","none","none","1","1","-23","0","9"
"1","bot_learned_sequence","human","0","765","1","3","3","3","2","0","0","idle","jump","none","none","1","1","0","0","9"
"1","bot_learned_sequence","human","0","8701","1","3","3","3","1","0","2","pull","drain","none","none","1","1","0","200","9"
"1","bot_learned_sequence","human","0","8490","2","2","2","0","1","0","2","drain","drain","none","none","1","1","20","100","9"
"1","bot_learned_sequence","human","0","8570","2","2","3","1","1","0","2","idle","drain","jump","none","1","1","0","0","9"
"1","bot_learned_sequence","human","0","8218","2","2","1","0","0","0","2","drain","jump","pull","jump","1","1","20","550","9"
"1","bot_learned_sequence","human","0","8535","3","1","1","1","1","0","2","idle","pull","none","none","1","1","0","0","9"
"1","bot_learned_sequence","human","0","407","3","1","1","2","1","0","0","drain","pull","none","none","1","1","0","50","9"
"1","bot_learned_sequence","human","0","330","2","2","0","1","1","0","0","swing","pull","jump","none","1","1","0","700","9"
"1","bot_learned_sequence","human","0","74","2","2","0","1","0","0","0","drain","swing","swing","jump","1","1","70","250","9"
"1","bot_learned_sequence","human","0","74","2","2","0","1","0","0","0","drain","jump","none","none","1","1","70","300","9"
"1","bot_learned_sequence","human","0","70","2","1","0","1","0","0","0","pull","jump","none","none","1","1","30","500","9"
"1","bot_learned_sequence","human","0","66","2","0","0","1","0","0","0","drain","jump","none","none","1","1","0","350","9"
"1","bot_learned_sequence","human","0","82","2","0","1","1","0","0","0","push","swing","swing","none","1","1","16","350","9"
"1","bot_learned_sequence","bot","4","1487","3","3","0","3","1","1","0","drain","pull","none","none","1","0","-1","50","9"
"1","bot_learned_sequence","bot","4","223","3","3","1","3","0","0","0","idle","swing","none","none","1","0","20","0","9"
"1","bot_learned_sequence","bot","4","175","3","3","2","2","0","0","0","drain","grip","none","none","1","0","23","100","9"
"1","bot_learned_sequence","bot","4","2807","3","1","3","3","2","2","0","idle","pull","none","none","1","0","20","0","9"
"1","bot_learned_sequence","bot","4","2379","3","2","0","1","1","2","0","drain","pull","none","none","1","0","0","700","9"
"1","bot_learned_sequence","bot","4","2458","2","2","1","2","1","2","0","jump","drain","none","none","1","0","-20","650","9"
"1","bot_learned_sequence","bot","4","2270","2","3","1","3","0","2","0","drain","drain","none","none","1","0","0","100","9"
"1","bot_learned_sequence","bot","4","429","1","3","2","2","1","0","0","idle","drain","none","none","1","0","0","0","9"
"1","bot_learned_sequence","bot","4","297","1","2","2","0","1","0","0","jump","drain","pull","none","1","0","20","250","9"
"1","bot_learned_sequence","bot","4","106","2","2","2","1","0","0","0","idle","drain","none","none","1","0","-20","0","9"
"1","bot_learned_sequence","bot","4","26","2","2","1","0","0","0","0","jump","jump","drain","none","1","0","-50","50","9"
"1","bot_learned_sequence","bot","4","281","1","2","1","0","1","0","0","jump","pull","none","none","1","0","-50","700","9"
"1","bot_learned_sequence","bot","4","360","0","2","2","1","1","0","0","idle","drain","push","none","1","0","-46","0","9"
"1","bot_learned_sequence","human","0","10487","3","1","3","3","0","2","2","swing","swing","swing","swing","1","1","0","600","9"
"1","bot_learned_sequence","bot","4","2303","3","3","3","3","0","2","0","swing","swing","none","none","1","0","0","500","9"
"1","bot_learned_sequence","bot","4","10493","1","3","3","3","0","2","2","swing","swing","none","none","1","0","0","600","9"
"1","bot_learned_sequence","bot","4","10495","3","3","3","3","0","2","2","swing","swing","swing","none","1","0","-60","50","9"
"1","bot_learned_sequence","human","0","8439","3","1","3","3","0","0","2","idle","swing","none","none","1","1","-1","0","9"
"1","bot_learned_sequence","human","0","8691","3","0","3","3","1","0","2","idle","swing","swing","none","1","1","6","0","9"
"1","bot_learned_sequence","bot","4","10495","3","3","3","3","0","2","2","swing","swing","none","none","1","0","0","250","9"
"1","bot_learned_sequence","human","0","2315","3","2","0","0","1","2","0","pull","swing","swing","drain","1","1","0","100","9"
"1","bot_learned_sequence","human","0","263","3","1","0","0","1","0","0","drain","drain","swing","knockdown","1","1","9","450","9"
"1","bot_learned_sequence","human","0","279","3","1","1","0","1","0","0","drain","drain","none","none","1","1","0","400","9"
"1","bot_learned_sequence","human","0","8487","3","1","2","0","1","0","2","drain","swing","swing","swing","1","1","0","0","9"
"1","bot_learned_sequence","human","0","283","3","2","1","0","1","0","0","drain","drain","none","none","1","1","20","600","9"
"1","bot_learned_sequence","human","0","71","3","1","0","1","0","0","0","idle","pull","jump","none","1","1","-20","0","9"
"1","bot_learned_sequence","human","0","11","3","2","0","0","0","0","0","pull","jump","none","none","1","1","10","350","9"
"1","bot_learned_sequence","human","0","2139","3","2","1","1","0","2","0","drain","swing","swing","none","1","1","80","0","9"
"1","bot_learned_sequence","human","0","131","3","0","0","2","0","0","0","swing","jump","none","none","1","1","0","350","9"
"1","bot_learned_sequence","human","0","2179","3","0","0","2","0","2","0","idle","swing","swing","none","1","1","-20","0","9"
"1","bot_learned_sequence","human","0","2518","2","1","1","3","1","2","0","idle","jump","none","none","1","1","20","0","9"
"1","bot_learned_sequence","human","0","2378","2","2","0","1","1","2","0","drain","kick","none","none","1","1","20","450","9"
"1","bot_learned_sequence","human","0","470","2","1","1","3","1","0","0","pull","swing","swing","none","1","1","0","250","9"
"1","bot_learned_sequence","human","0","8358","2","1","2","2","0","0","2","idle","pull","none","none","1","1","0","0","9"
"1","bot_learned_sequence","human","0","373","1","1","3","1","1","0","0","drain","drain","none","none","1","1","0","150","9"
"1","bot_learned_sequence","human","0","8246","2","1","3","0","0","0","2","idle","drain","jump","none","1","1","21","0","9"
"1","bot_learned_sequence","human","0","8531","3","0","1","1","1","0","2","idle","drain","pull","jump","1","1","20","0","9"
"1","bot_learned_sequence","human","0","8455","3","1","0","0","1","0","2","drain","pull","jump","pull","1","1","20","100","9"
"1","bot_learned_sequence","bot","4","189","1","3","3","2","0","0","0","pull","drain","none","none","1","0","0","150","9"
"1","bot_learned_sequence","bot","4","334","2","3","0","1","1","0","0","drain","pull","none","none","1","0","-20","150","9"
"1","bot_learned_sequence","bot","4","8605","1","3","1","2","1","0","2","knockdown","drain","none","none","1","0","0","700","9"
"1","bot_learned_sequence","bot","4","2317","1","3","0","0","1","2","0","drain","kick","none","none","1","0","0","350","9"
"1","bot_learned_sequence","bot","4","2445","1","3","0","2","1","2","0","swing","drain","none","none","1","0","0","0","9"
"1","bot_learned_sequence","bot","4","8685","1","3","2","3","1","0","2","swing","drain","none","none","1","0","-20","650","9"
"1","bot_learned_sequence","bot","4","13","1","3","0","0","0","0","0","idle","swing","none","none","1","0","0","0","9"
"1","bot_learned_sequence","bot","4","30","2","3","1","0","0","0","0","jump","drain","pull","none","1","0","20","200","9"
"1","bot_learned_sequence","bot","4","8286","2","3","1","1","0","0","2","swing","drain","none","none","1","0","-80","0","9"
"1","bot_learned_sequence","bot","4","8237","1","3","2","0","0","0","2","idle","swing","none","none","1","0","-30","0","9"
"1","bot_learned_sequence","bot","4","8765","1","3","3","0","2","0","2","idle","drain","pull","none","1","0","19","0","9"
"1","bot_learned_sequence","bot","4","8569","1","2","3","1","1","0","2","jump","drain","none","none","1","0","-20","50","9"
"1","bot_learned_sequence","bot","4","313","1","2","3","0","1","0","0","idle","pull","none","none","1","0","0","0","9"
"1","bot_learned_sequence","bot","4","441","1","2","3","2","1","0","0","idle","drain","none","none","1","0","0","0","9"
"1","bot_learned_sequence","bot","4","2346","2","2","2","0","1","2","0","idle","grip","none","none","1","0","-5","0","9"
"1","bot_learned_sequence","bot","4","485","1","1","2","3","1","0","0","idle","drain","none","none","1","0","0","0","9"
"1","bot_learned_sequence","bot","4","2377","1","2","0","1","1","2","0","idle","kick","none","none","1","0","-20","0","9"
"1","bot_learned_sequence","bot","4","2445","1","3","0","2","1","2","0","idle","drain","none","none","1","0","-21","0","9"
"1","bot_learned_sequence","bot","4","2397","1","3","1","1","1","2","0","jump","drain","none","none","1","0","-20","700","9"
"1","bot_learned_sequence","human","0","111","3","3","2","1","0","0","0","grip","pull","pull","pull","1","1","-24","0","9"
"1","bot_learned_sequence","human","0","31","3","3","1","0","0","0","0","idle","pull","jump","pull","1","1","1","0","9"
"1","bot_learned_sequence","human","0","2335","3","3","1","0","1","2","0","idle","swing","swing","none","1","1","0","0","9"
"1","bot_learned_sequence","human","0","2095","3","3","2","0","0","2","0","drain","swing","swing","swing","1","1","-20","0","9"
"1","bot_learned_sequence","human","0","31","3","3","1","0","0","0","0","drain","pull","none","none","1","1","0","450","9"
"1","bot_learned_sequence","human","0","287","3","3","1","0","1","0","0","drain","swing","swing","knockdown","1","1","-18","100","9"
"1","bot_learned_sequence","human","0","366","2","3","2","1","1","0","0","idle","swing","swing","swing","1","1","40","0","9"
"1","bot_learned_sequence","human","0","377","1","2","3","1","1","0","0","idle","drain","pull","jump","1","1","20","0","9"
"1","bot_learned_sequence","human","0","297","1","2","2","0","1","0","0","drain","drain","pull","jump","1","1","20","150","9"
"1","bot_learned_sequence","human","0","282","2","2","1","0","1","0","0","drain","drain","none","none","1","1","20","0","9"
"1","bot_learned_sequence","human","0","263","3","1","0","0","1","0","0","drain","pull","jump","none","1","1","21","100","9"
"1","bot_learned_sequence","human","0","595","3","0","1","1","2","0","0","idle","jump","jump","jump","1","1","0","0","9"
"1","bot_learned_sequence","human","0","199","3","1","0","3","0","0","0","drain","swing","swing","jump","1","1","0","650","9"
"1","bot_learned_sequence","bot","4","459","3","2","0","3","1","0","0","idle","pull","pull","none","1","0","0","0","9"
"1","bot_learned_sequence","bot","4","335","3","3","0","1","1","0","0","drain","drain","none","none","1","0","20","150","9"
"1","bot_learned_sequence","bot","4","399","3","3","0","2","1","0","0","drain","drain","none","none","1","0","-20","300","9"
"1","bot_learned_sequence","bot","4","415","3","3","1","2","1","0","0","idle","drain","none","none","1","0","18","0","9"
"1","bot_learned_sequence","bot","4","8607","3","3","1","2","1","0","2","idle","pull","none","none","1","0","-6","0","9"
"1","bot_learned_sequence","bot","4","703","3","3","3","2","2","0","0","idle","drain","none","none","1","0","50","0","9"
"1","bot_learned_sequence","bot","4","271","3","3","0","0","1","0","0","drain","pull","none","none","1","0","50","250","9"
"1","bot_learned_sequence","bot","4","458","2","2","0","3","1","0","0","idle","pull","none","none","1","0","30","0","9"
"1","bot_learned_sequence","bot","4","70","2","1","0","1","0","0","0","pull","jump","drain","none","1","0","-20","50","9"
"1","bot_learned_sequence","bot","4","330","2","2","0","1","1","0","0","drain","drain","none","none","1","0","-20","0","9"
"1","bot_learned_sequence","bot","4","329","1","2","0","1","1","0","0","idle","drain","none","none","1","0","-20","0","9"
"1","bot_learned_sequence","bot","4","269","1","3","0","0","1","0","0","idle","drain","none","none","1","0","-21","0","9"
"1","bot_learned_sequence","bot","4","317","1","3","3","0","1","0","0","idle","drain","jump","knockdown","1","0","-61","0","9"
"1","bot_learned_sequence","human","0","126","2","3","3","1","0","0","0","pull","drain","none","none","1","1","0","150","9"
"1","bot_learned_sequence","human","0","2158","2","3","2","1","0","2","0","idle","swing","swing","swing","1","1","-20","0","9"
"1","bot_learned_sequence","human","0","184","0","2","3","2","0","0","0","idle","jump","none","none","1","1","20","0","9"
"1","bot_learned_sequence","human","0","360","0","2","2","1","1","0","0","drain","drain","none","none","1","1","20","700","9"
"1","bot_learned_sequence","human","0","25","1","2","1","0","0","0","0","idle","jump","none","none","1","1","70","0","9"
"1","bot_learned_sequence","human","0","389","1","1","0","2","1","0","0","drain","pull","jump","none","1","1","20","50","9"
"1","bot_learned_sequence","human","0","197","1","1","0","3","0","0","0","idle","jump","none","none","1","1","50","0","9"
"1","bot_learned_sequence","human","0","453","1","1","0","3","1","0","0","idle","swing","swing","swing","1","1","10","0","9"
"1","bot_learned_sequence","human","0","2181","1","1","0","2","0","2","0","drain","swing","swing","swing","1","1","-22","300","9"
"1","bot_learned_sequence","human","0","52","0","1","3","0","0","0","0","idle","drain","none","none","1","1","0","0","9"
"1","bot_learned_sequence","human","0","20","0","1","1","0","0","0","0","idle","jump","none","none","1","1","21","0","9"
"1","bot_learned_sequence","human","0","160","0","0","2","2","0","0","0","swing","jump","none","none","1","1","0","350","9"
"1","bot_learned_sequence","human","0","496","0","0","3","3","1","0","0","idle","drain","pull","jump","1","1","20","0","9"
"1","bot_learned_sequence","human","0","417","1","0","2","2","1","0","0","idle","drain","none","none","1","1","9","0","9"
"1","bot_learned_sequence","bot","4","331","3","2","0","1","1","0","0","idle","pull","none","none","1","0","-10","0","9"
"1","bot_learned_sequence","bot","4","454","2","1","0","3","1","0","0","idle","pull","none","none","1","0","30","0","9"
"1","bot_learned_sequence","bot","4","226","2","0","2","3","0","0","0","jump","drain","none","none","1","0","-20","150","9"
"1","bot_learned_sequence","bot","4","326","2","1","0","1","1","0","0","jump","swing","drain","none","1","0","-50","250","9"
"1","bot_learned_sequence","bot","4","357","1","1","2","1","1","0","0","idle","drain","none","none","1","0","-20","0","9"
"1","bot_learned_sequence","bot","4","53","1","1","3","0","0","0","0","jump","drain","none","none","1","0","-30","150","9"
"1","bot_learned_sequence","bot","4","8308","0","1","3","1","0","0","2","swing","drain","none","none","1","0","22","150","9"
"1","bot_learned_sequence","bot","4","8273","1","0","1","1","0","0","2","swing","grip","none","none","1","0","24","150","9"
"1","bot_learned_sequence","bot","4","145","1","0","1","2","0","0","0","jump","swing","swing","none","1","0","-21","400","9"
"1","bot_learned_sequence","human","0","111","3","3","2","1","0","0","0","grip","pull","drain","pull","1","1","-53","0","9"
"1","bot_learned_sequence","human","0","2143","3","3","1","1","0","2","0","idle","swing","swing","pull","1","1","30","0","9"
"1","bot_learned_sequence","human","0","75","3","2","0","1","0","0","0","pull","swing","swing","jump","1","1","-20","50","9"
"1","bot_learned_sequence","human","0","2379","3","2","0","1","1","2","0","drain","kick","none","none","1","1","20","200","9"
"1","bot_learned_sequence","human","0","331","3","2","0","1","1","0","0","drain","swing","swing","none","1","1","-20","500","9"
"1","bot_learned_sequence","human","0","2474","2","2","2","2","1","2","0","drain","kick","none","none","1","1","-30","400","9"
"1","bot_learned_sequence","human","0","2154","2","2","2","1","0","2","0","swing","swing","swing","knockdown","1","1","-18","600","9"
"1","bot_learned_sequence","human","0","234","2","2","2","3","0","0","0","idle","jump","grip","none","1","1","84","0","9"
"1","bot_learned_sequence","human","0","210","2","0","1","3","0","0","0","idle","jump","grip","none","1","1","12","0","9"
"1","bot_learned_sequence","human","0","226","2","0","2","3","0","0","0","idle","jump","none","none","1","1","12","0","9"
"1","bot_learned_sequence","bot","4","126","2","3","3","1","0","0","0","idle","drain","pull","none","1","0","20","0","9"
"1","bot_learned_sequence","bot","4","366","2","3","2","1","1","0","0","jump","drain","none","none","1","0","-20","250","9"
"1","bot_learned_sequence","bot","4","8478","2","3","1","0","1","0","2","swing","pull","none","none","1","0","20","600","9"
"1","bot_learned_sequence","bot","4","8618","2","2","2","2","1","0","2","idle","drain","none","none","1","0","30","0","9"
"1","bot_learned_sequence","bot","4","90","2","2","1","1","0","0","0","drain","swing","none","none","1","0","20","500","9"
"1","bot_learned_sequence","human","0","2223","3","3","2","2","0","2","0","pull","kick","none","none","1","1","12","200","9"
"1","bot_learned_sequence","human","0","46","2","3","2","0","0","0","0","idle","pull","none","none","1","1","-42","0","9"
"1","bot_learned_sequence","human","0","381","1","3","3","1","1","0","0","idle","drain","jump","none","1","1","20","0","9"
"1","bot_learned_sequence","human","0","286","2","3","1","0","1","0","0","drain","drain","pull","none","1","1","20","450","9"
"1","bot_learned_sequence","human","0","2278","2","1","2","3","0","2","0","swing","swing","swing","none","1","1","0","550","9"
"1","bot_learned_sequence","human","0","758","2","1","3","3","2","0","0","push","drain","none","none","1","1","0","400","9"
"1","bot_learned_sequence","human","0","679","3","1","2","2","2","0","0","drain","jump","none","none","1","1","20","0","9"
"1","bot_learned_sequence","human","0","91","3","2","1","1","0","0","0","idle","jump","none","none","1","1","20","0","9"
"1","bot_learned_sequence","human","0","139","3","2","0","2","0","0","0","idle","jump","none","none","1","1","50","0","9"
"1","bot_learned_sequence","human","0","2118","2","1","0","1","0","2","0","pull","swing","knockdown","none","1","1","-20","450","9"
"1","bot_learned_sequence","human","0","2070","2","1","1","0","0","2","0","pull","drain","none","none","1","1","20","300","9"
"1","bot_learned_sequence","human","0","2150","2","1","2","1","0","2","0","idle","jump","none","none","1","1","20","0","9"
"1","bot_learned_sequence","human","0","278","2","1","1","0","1","0","0","drain","drain","jump","none","1","1","0","450","9"
"1","bot_learned_sequence","human","0","103","3","1","2","1","0","0","0","idle","drain","none","none","1","1","0","0","9"
"1","bot_learned_sequence","human","0","7","3","1","0","0","0","0","0","swing","pull","jump","pull","1","1","0","550","9"
"1","bot_learned_sequence","human","0","278","2","1","1","0","1","0","0","drain","drain","none","none","1","1","0","400","9"
"1","bot_learned_sequence","human","0","279","3","1","1","0","1","0","0","idle","jump","none","none","1","1","0","0","9"
"1","bot_learned_sequence","human","0","39","3","1","2","0","0","0","0","drain","swing","swing","swing","1","1","20","400","9"
"1","bot_learned_sequence","human","0","151","3","1","1","2","0","0","0","drain","pull","jump","pull","1","1","51","150","9"
"1","bot_learned_sequence","human","0","498","2","0","3","3","1","0","0","idle","drain","pull","swing","1","1","-20","0","9"
"1","bot_learned_sequence","human","0","482","2","0","2","3","1","0","0","idle","pull","jump","pull","1","1","18","0","9"
"1","bot_learned_sequence","bot","4","8671","3","3","1","3","1","0","2","swing","grip","none","none","1","0","14","250","9"
"1","bot_learned_sequence","bot","4","75","3","2","0","1","0","0","0","jump","swing","none","none","1","0","-20","150","9"
"1","bot_learned_sequence","bot","4","411","3","2","1","2","1","0","0","pull","drain","none","none","1","0","-20","600","9"
"1","bot_learned_sequence","bot","4","347","3","2","1","1","1","0","0","idle","drain","none","none","1","0","-21","0","9"
"1","bot_learned_sequence","bot","4","314","2","2","3","0","1","0","0","idle","drain","none","none","1","0","-50","0","9"
"1","bot_learned_sequence","bot","4","8697","1","2","3","3","1","0","2","swing","push","none","none","1","0","0","350","9"
"1","bot_learned_sequence","bot","4","761","1","2","3","3","2","0","0","drain","push","none","none","1","0","0","50","9"
"1","bot_learned_sequence","bot","4","685","1","3","2","2","2","0","0","jump","drain","none","none","1","0","-20","0","9"
"1","bot_learned_sequence","bot","4","317","1","3","3","0","1","0","0","idle","drain","pull","none","1","0","50","0","9"
"1","bot_learned_sequence","bot","4","8537","1","2","1","1","1","0","2","idle","pull","none","none","1","0","-20","0","9"
"1","bot_learned_sequence","bot","4","8601","1","2","1","2","1","0","2","jump","drain","none","none","1","0","0","500","9"
"1","bot_learned_sequence","bot","4","13","1","3","0","0","0","0","0","drain","swing","none","none","1","0","0","350","9"
"1","bot_learned_sequence","bot","4","269","1","3","0","0","1","0","0","pull","pull","drain","none","1","0","20","550","9"
"1","bot_learned_sequence","bot","4","409","1","2","1","2","1","0","0","knockdown","drain","none","none","1","0","0","700","9"
"1","bot_learned_sequence","bot","4","397","1","3","0","2","1","0","0","jump","drain","none","none","1","0","0","300","9"
"1","bot_learned_sequence","bot","4","253","1","3","3","3","0","0","0","idle","drain","none","none","1","0","-50","0","9"
"1","bot_learned_sequence","bot","4","156","0","3","1","2","0","0","0","idle","swing","none","none","1","0","19","0","9"
"1","bot_learned_sequence","bot","4","8696","0","2","3","3","1","0","2","swing","push","none","none","1","0","-30","350","9"
"1","bot_learned_sequence","bot","4","248","0","2","3","3","0","0","0","pull","drain","none","none","1","0","-19","650","9"
"1","bot_learned_sequence","human","0","175","3","3","2","2","0","0","0","grip","pull","none","none","1","1","70","100","9"
"1","bot_learned_sequence","human","0","459","3","2","0","3","1","0","0","idle","jump","none","none","1","1","0","0","9"
"1","bot_learned_sequence","human","0","2251","3","2","0","3","0","2","0","drain","swing","none","none","1","1","0","350","9"
"1","bot_learned_sequence","human","0","155","3","2","1","2","0","0","0","idle","pull","pull","drain","1","1","-22","0","9"
"1","bot_learned_sequence","human","0","2518","2","1","1","3","1","2","0","idle","swing","swing","none","1","1","30","0","9"
"1","bot_learned_sequence","human","0","2294","2","1","3","3","0","2","0","swing","swing","swing","none","1","1","10","250","9"
"1","bot_learned_sequence","human","0","2474","2","2","2","2","1","2","0","drain","swing","swing","swing","1","1","10","400","9"
"1","bot_learned_sequence","human","0","323","3","0","0","1","1","0","0","idle","drain","jump","none","1","1","-10","0","9"
"1","bot_learned_sequence","human","0","403","3","0","1","2","1","0","0","swing","drain","none","none","1","1","-12","700","9"
"1","bot_learned_sequence","bot","4","8687","3","3","2","3","1","0","2","idle","grip","none","none","1","0","-68","0","9"
"1","bot_learned_sequence","bot","4","190","2","3","3","2","0","0","0","pull","drain","none","none","1","0","-20","300","9"
"1","bot_learned_sequence","bot","4","46","2","3","2","0","0","0","0","jump","grip","none","none","1","0","24","500","9"
"1","bot_learned_sequence","bot","4","8633","1","2","3","2","1","0","2","swing","swing","none","none","1","0","-10","200","9"
"1","bot_learned_sequence","bot","4","8441","1","2","3","3","0","0","2","swing","drain","none","none","1","0","-10","50","9"
"1","bot_learned_sequence","bot","4","24","0","2","1","0","0","0","0","pull","drain","none","none","1","0","-20","100","9"
"1","bot_learned_sequence","bot","4","92","0","3","1","1","0","0","0","jump","swing","none","none","1","0","12","150","9"
"1","bot_learned_sequence","bot","4","332","0","3","0","1","1","0","0","drain","pull","none","none","1","0","12","100","9"
"1","bot_learned_sequence","bot","4","72","0","2","0","1","0","0","0","idle","drain","none","none","1","0","-18","0","9"
"1","bot_learned_sequence","human","0","171","3","2","2","2","0","0","0","grip","pull","drain","none","1","1","-24","0","9"
"1","bot_learned_sequence","human","0","267","3","2","0","0","1","0","0","idle","pull","none","none","1","1","0","0","9"
"1","bot_learned_sequence","human","0","2239","3","3","3","2","0","2","0","grip","swing","drain","knockdown","1","1","-25","0","9"
"1","bot_learned_sequence","human","0","318","2","3","3","0","1","0","0","drain","swing","swing","swing","1","1","49","500","9"
"1","bot_learned_sequence","human","0","10","2","2","0","0","0","0","0","drain","pull","jump","none","1","1","11","650","9"
"1","bot_learned_sequence","human","0","134","2","1","0","2","0","0","0","idle","swing","swing","pull","1","1","-20","0","9"
"1","bot_learned_sequence","human","0","2426","2","2","3","1","1","2","0","idle","swing","swing","swing","1","1","-51","0","9"
"1","bot_learned_sequence","human","0","377","1","2","3","1","1","0","0","idle","jump","pull","jump","1","1","30","0","9"
"1","bot_learned_sequence","human","0","245","1","1","3","3","0","0","0","idle","swing","swing","swing","1","1","19","0","9"
"1","bot_learned_sequence","human","0","2233","1","2","3","2","0","2","0","drain","swing","jump","none","1","1","39","250","9"
"1","bot_learned_sequence","human","0","73","1","2","0","1","0","0","0","idle","pull","jump","pull","1","1","30","0","9"
"1","bot_learned_sequence","human","0","2377","1","2","0","1","1","2","0","drain","swing","swing","swing","1","1","30","350","9"
"1","bot_learned_sequence","human","0","260","0","1","0","0","1","0","0","idle","pull","pull","pull","1","1","-2","0","9"
"1","bot_learned_sequence","human","0","276","0","1","1","0","1","0","0","drain","drain","none","none","1","1","0","100","9"
"1","bot_learned_sequence","human","0","357","1","1","2","1","1","0","0","idle","drain","pull","jump","1","1","20","0","9"
"1","bot_learned_sequence","human","0","392","0","2","0","2","1","0","0","drain","jump","none","none","1","1","0","150","9"
"1","bot_learned_sequence","human","0","4","0","1","0","0","0","0","0","pull","jump","pull","jump","1","1","0","550","9"
"1","bot_learned_sequence","human","0","324","0","1","0","1","1","0","0","idle","pull","jump","pull","1","1","20","0","9"
"1","bot_learned_sequence","human","0","148","0","1","1","2","0","0","0","idle","swing","none","none","1","1","1","0","9"
"1","bot_learned_sequence","human","0","72","0","2","0","1","0","0","0","drain","swing","jump","none","1","1","0","250","9"
"1","bot_learned_sequence","bot","4","174","2","3","2","2","0","0","0","pull","grip","none","none","1","0","24","0","9"
"1","bot_learned_sequence","bot","4","8431","3","3","2","3","0","0","2","swing","grip","none","none","1","0","25","0","9"
"1","bot_learned_sequence","bot","4","475","3","2","1","3","1","0","0","idle","drain","none","none","1","0","0","0","9"
"1","bot_learned_sequence","bot","4","26","2","2","1","0","0","0","0","jump","swing","none","none","1","0","10","200","9"
"1","bot_learned_sequence","bot","4","345","1","2","1","1","1","0","0","pull","drain","pull","none","1","0","-30","500","9"
"1","bot_learned_sequence","bot","4","8693","1","1","3","3","1","0","2","knockdown","drain","none","none","1","0","0","700","9"
"1","bot_learned_sequence","bot","4","401","1","0","1","2","1","0","0","pull","drain","none","none","1","0","0","700","9"
"1","bot_learned_sequence","bot","4","309","1","1","3","0","1","0","0","idle","pull","none","none","1","0","19","0","9"
"1","bot_learned_sequence","bot","4","369","1","0","3","1","1","0","0","idle","drain","none","none","1","0","0","0","9"
"1","bot_learned_sequence","bot","4","354","2","0","2","1","1","0","0","idle","drain","none","none","1","0","0","0","9"
"1","bot_learned_sequence","bot","4","530","2","0","1","0","2","0","0","idle","pull","none","none","1","0","10","0","9"
"1","bot_learned_sequence","bot","4","338","2","0","1","1","1","0","0","drain","pull","none","none","1","0","10","50","9"
"1","bot_learned_sequence","bot","4","82","2","0","1","1","0","0","0","pull","drain","none","none","1","0","-21","100","9"
"1","bot_learned_sequence","bot","4","97","1","0","2","1","0","0","0","swing","drain","none","none","1","0","0","300","9"
"1","bot_learned_sequence","bot","4","491","3","2","2","3","1","0","0","idle","grip","none","none","1","1","23","0","9"
"1","bot_learned_sequence","human","0","6655","3","3","3","3","1","2","1","idle","swing","swing","none","1","0","-20","0","9"
"1","bot_learned_sequence","human","0","2239","3","3","3","2","0","2","0","pull","swing","knockdown","none","1","0","-16","100","9"
"1","bot_learned_sequence","human","0","126","2","3","3","1","0","0","0","idle","drain","knockdown","none","1","0","-23","0","9"
"1","bot_learned_sequence","human","0","125","1","3","3","1","0","0","0","idle","pull","none","none","1","0","-34","0","9"
"1","bot_learned_sequence","human","0","239","3","3","2","3","0","0","0","pull","pull","jump","pull","1","1","20","450","9"
"1","bot_learned_sequence","human","0","2479","3","3","2","2","1","2","0","drain","swing","swing","none","1","1","-20","250","9"
"1","bot_learned_sequence","human","0","2431","3","3","3","1","1","2","0","idle","swing","swing","drain","1","1","-31","0","9"
"1","bot_learned_sequence","human","0","2559","3","3","3","3","1","2","0","push","swing","swing","pull","1","1","10","250","9"
"1","bot_learned_sequence","human","0","2223","3","3","2","2","0","2","0","idle","swing","swing","swing","1","1","0","0","9"
"1","bot_learned_sequence","human","0","470","2","1","1","3","1","0","0","idle","pull","none","none","1","1","30","0","9"
"1","bot_learned_sequence","human","0","470","2","1","1","3","1","0","0","idle","pull","jump","none","1","1","-29","0","9"
"1","bot_learned_sequence","human","0","2378","2","2","0","1","1","2","0","idle","swing","none","none","1","1","10","0","9"
"1","bot_learned_sequence","human","0","338","2","0","1","1","1","0","0","drain","pull","none","none","1","1","20","100","9"
"1","bot_learned_sequence","human","0","466","2","0","1","3","1","0","0","idle","pull","jump","none","1","1","29","0","9"
"1","bot_learned_sequence","bot","4","511","3","3","3","3","1","0","0","idle","pull","none","none","1","0","-20","0","9"
"1","bot_learned_sequence","bot","4","255","3","3","3","3","0","0","0","swing","push","none","none","1","0","-10","200","9"
"1","bot_learned_sequence","bot","4","377","1","2","3","1","1","0","0","idle","drain","none","none","1","0","-10","0","9"
"1","bot_learned_sequence","bot","4","8458","2","2","0","0","1","0","2","swing","pull","none","none","1","0","-10","100","9"
"1","bot_learned_sequence","bot","4","88","0","2","1","1","0","0","0","idle","swing","drain","none","1","0","-20","0","9"
"1","bot_learned_sequence","bot","4","280","0","2","1","0","1","0","0","idle","push","none","none","1","0","-29","0","9"
"1","bot_learned_sequence","human","0","2430","2","3","3","1","1","2","0","idle","drain","jump","kick","1","1","0","0","9"
"1","bot_learned_sequence","human","0","191","3","3","3","2","0","0","0","idle","jump","none","none","1","1","22","0","9"
"1","bot_learned_sequence","human","0","239","3","3","2","3","0","0","0","swing","grip","none","none","1","1","22","350","9"
"1","bot_learned_sequence","human","0","239","3","3","2","3","0","0","0","jump","jump","grip","none","1","1","0","450","9"
"1","bot_learned_sequence","human","0","2303","3","3","3","3","0","2","0","idle","kick","none","none","1","1","10","0","9"
"1","bot_learned_sequence","human","0","2223","3","3","2","2","0","2","0","drain","swing","swing","swing","1","1","60","500","9"
"1","bot_learned_sequence","human","0","2234","2","2","3","2","0","2","0","pull","swing","drain","none","1","1","-20","450","9"
"1","bot_learned_sequence","human","0","493","1","3","2","3","1","0","0","idle","drain","none","none","1","1","-61","0","9"
"1","bot_learned_sequence","human","0","2172","0","3","3","1","0","2","0","idle","swing","swing","jump","1","1","-20","0","9"
"1","bot_learned_sequence","human","0","125","1","3","3","1","0","0","0","idle","jump","drain","jump","1","1","10","0","9"
"1","bot_learned_sequence","human","0","376","0","2","3","1","1","0","0","knockdown","drain","jump","none","1","1","20","700","9"
"1","bot_learned_sequence","human","0","185","1","2","3","2","0","0","0","swing","drain","none","none","1","1","19","400","9"
"1","bot_learned_sequence","human","0","25","1","2","1","0","0","0","0","drain","pull","jump","pull","1","1","10","100","9"
"1","bot_learned_sequence","human","0","329","1","2","0","1","1","0","0","idle","pull","jump","none","1","1","-9","0","9"
"1","bot_learned_sequence","human","0","341","1","1","1","1","1","0","0","idle","pull","pull","jump","1","1","20","0","9"
"1","bot_learned_sequence","human","0","149","1","1","1","2","0","0","0","drain","pull","none","none","1","1","20","0","9"
"1","bot_learned_sequence","human","0","325","1","1","0","1","1","0","0","drain","swing","swing","none","1","1","21","300","9"
"1","bot_learned_sequence","human","0","193","1","0","0","3","0","0","0","drain","jump","none","none","1","1","-20","50","9"
"1","bot_learned_sequence","human","0","208","0","0","1","3","0","0","0","pull","swing","jump","none","1","1","0","450","9"
"1","bot_learned_sequence","human","0","468","0","1","1","3","1","0","0","drain","drain","none","none","1","1","0","100","9"
"1","bot_learned_sequence","human","0","345","1","2","1","1","1","0","0","pull","drain","none","none","1","1","20","500","9"
"1","bot_learned_sequence","human","0","296","0","2","2","0","1","0","0","idle","jump","drain","none","1","1","20","0","9"
"1","bot_learned_sequence","human","0","24","0","2","1","0","0","0","0","idle","jump","none","none","1","1","40","0","9"
"1","bot_learned_sequence","human","0","36","0","1","2","0","0","0","0","idle","jump","none","none","1","1","20","0","9"
"1","bot_learned_sequence","human","0","308","0","1","3","0","1","0","0","idle","drain","pull","none","1","1","20","0","9"
"1","bot_learned_sequence","human","0","292","0","1","2","0","1","0","0","drain","drain","jump","none","1","1","20","250","9"
"1","bot_learned_sequence","human","0","32","0","0","2","0","0","0","0","drain","jump","pull","none","1","1","30","450","9"
"1","bot_learned_sequence","human","0","400","0","0","1","2","1","0","0","idle","pull","none","none","1","1","31","0","9"
"1","bot_learned_sequence","human","0","336","0","0","1","1","1","0","0","idle","pull","jump","pull","1","1","1","0","9"
"1","bot_learned_sequence","bot","4","191","3","3","3","2","0","0","0","grip","jump","none","none","1","0","-20","100","9"
"1","bot_learned_sequence","bot","4","447","3","3","3","2","1","0","0","grip","push","none","none","1","0","0","200","9"
"1","bot_learned_sequence","bot","4","8447","3","3","3","3","0","0","2","kick","drain","none","none","1","0","-10","650","9"
"1","bot_learned_sequence","bot","4","426","2","2","2","2","1","0","0","pull","pull","none","none","1","0","49","600","9"
"1","bot_learned_sequence","bot","4","486","2","1","2","3","1","0","0","drain","drain","none","none","1","0","20","100","9"
"1","bot_learned_sequence","bot","4","171","3","2","2","2","0","0","0","jump","swing","none","none","1","0","51","400","9"
"1","bot_learned_sequence","bot","4","347","3","2","1","1","1","0","0","drain","pull","none","none","1","0","61","250","9"
"1","bot_learned_sequence","bot","4","391","3","1","0","2","1","0","0","drain","pull","none","none","1","0","20","500","9"
"1","bot_learned_sequence","bot","4","390","2","1","0","2","1","0","0","jump","swing","swing","none","1","0","-19","700","9"
"1","bot_learned_sequence","bot","4","150","2","1","1","2","0","0","0","drain","drain","none","none","1","0","-10","700","9"
"1","bot_learned_sequence","bot","4","101","1","1","2","1","0","0","0","pull","drain","pull","knockdown","1","0","-20","0","9"
"1","bot_learned_sequence","bot","4","293","1","1","2","0","1","0","0","jump","drain","none","none","1","0","-21","150","9"
"1","bot_learned_sequence","bot","4","53","1","1","3","0","0","0","0","idle","drain","none","none","1","0","0","0","9"
"1","bot_learned_sequence","bot","4","356","0","1","2","1","1","0","0","jump","pull","none","none","1","0","20","650","9"
"1","bot_learned_sequence","bot","4","433","1","0","3","2","1","0","0","jump","drain","none","none","1","0","0","200","9"
"1","bot_learned_sequence","bot","4","278","2","1","1","0","1","0","0","idle","pull","none","none","1","0","-20","0","9"
"1","bot_learned_sequence","bot","4","342","2","1","1","1","1","0","0","idle","pull","none","none","1","0","0","0","9"
"1","bot_learned_sequence","bot","4","262","2","1","0","0","1","0","0","drain","pull","none","none","1","0","50","100","9"
"1","bot_learned_sequence","bot","4","338","2","0","1","1","1","0","0","knockdown","drain","none","none","1","0","0","700","9"
"1","bot_learned_sequence","human","0","175","3","3","2","2","0","0","0","grip","grip","none","none","1","1","2","400","9"
"1","bot_learned_sequence","human","0","239","3","3","2","3","0","0","0","push","drain","none","none","1","1","-30","0","9"
"1","bot_learned_sequence","human","0","367","3","3","2","1","1","0","0","idle","swing","swing","swing","1","1","-30","0","9"
"1","bot_learned_sequence","human","0","2301","1","3","3","3","0","2","0","idle","swing","none","none","1","1","-4","0","9"
"1","bot_learned_sequence","human","0","125","1","3","3","1","0","0","0","idle","drain","pull","none","1","1","-21","0","9"
"1","bot_learned_sequence","human","0","126","2","3","3","1","0","0","0","idle","swing","swing","jump","1","1","40","0","9"
"1","bot_learned_sequence","human","0","94","2","3","1","1","0","0","0","idle","pull","jump","pull","1","1","39","0","9"
"1","bot_learned_sequence","human","0","345","1","2","1","1","1","0","0","drain","push","none","none","1","1","50","0","9"
"1","bot_learned_sequence","human","0","2185","1","2","0","2","0","2","0","idle","swing","knockdown","none","1","1","-10","0","9"
"1","bot_learned_sequence","human","0","469","1","1","1","3","1","0","0","pull","drain","none","none","1","1","-20","50","9"
"1","bot_learned_sequence","human","0","261","1","1","0","0","1","0","0","idle","drain","swing","swing","1","1","10","0","9"
"1","bot_learned_sequence","bot","4","8687","3","3","2","3","1","0","2","knockdown","grip","none","none","1","0","0","700","9"
"1","bot_learned_sequence","bot","4","175","3","3","2","2","0","0","0","grip","jump","none","none","1","0","0","100","9"
"1","bot_learned_sequence","bot","4","255","3","3","3","3","0","0","0","drain","push","none","none","1","0","30","0","9"
"1","bot_learned_sequence","bot","4","8679","3","1","2","3","1","0","2","swing","grip","none","none","1","0","3","250","9"
"1","bot_learned_sequence","bot","4","235","3","2","2","3","0","0","0","jump","drain","none","none","1","0","-19","150","9"
"1","bot_learned_sequence","bot","4","342","2","1","1","1","1","0","0","push","drain","knockdown","none","1","0","-50","0","9"
"1","bot_learned_sequence","bot","4","8625","1","0","3","2","1","0","2","idle","pull","none","none","1","0","20","0","9"
"1","bot_learned_sequence","bot","4","4","0","1","0","0","0","0","0","pull","jump","knockdown","none","1","0","-23","0","9"
"1","bot_learned_sequence","bot","4","495","3","3","2","3","1","0","0","jump","pull","none","none","1","1","50","250","9"
"1","bot_learned_sequence","bot","4","459","3","2","0","3","1","0","0","swing","pull","none","none","1","1","-20","250","9"
"1","bot_learned_sequence","bot","4","329","1","2","0","1","1","0","0","pull","pull","drain","none","1","1","-10","550","9"
"1","bot_learned_sequence","bot","4","361","1","2","2","1","1","0","0","swing","drain","none","none","1","1","-11","700","9"
"1","bot_learned_sequence","bot","4","181","1","1","3","2","0","0","0","jump","drain","none","none","1","1","-50","50","9"
"1","bot_learned_sequence","bot","4","278","2","1","1","0","1","0","0","idle","pull","knockdown","none","1","1","-50","0","9"
"1","bot_learned_sequence","bot","4","373","1","1","3","1","1","0","0","idle","drain","none","none","1","1","-20","0","9"
"1","bot_learned_sequence","bot","4","8501","1","1","3","0","1","0","2","swing","drain","pull","none","1","1","20","300","9"
"1","bot_learned_sequence","bot","4","8229","1","1","2","0","0","0","2","idle","grip","none","none","1","1","3","0","9"
"1","bot_learned_sequence","bot","4","37","1","1","2","0","0","0","0","jump","jump","none","none","1","1","18","0","9"
"1","bot_learned_sequence","bot","4","37","1","1","2","0","0","0","0","pull","drain","pull","none","1","1","18","0","9"
"1","bot_learned_sequence","human","0","2239","3","3","3","2","0","2","0","pull","swing","jump","none","1","0","-50","450","9"
"1","bot_learned_sequence","human","0","190","2","3","3","2","0","0","0","pull","drain","jump","swing","1","0","0","550","9"
"1","bot_learned_sequence","human","0","382","2","3","3","1","1","0","0","pull","swing","knockdown","none","1","0","20","100","9"
"1","bot_learned_sequence","human","0","70","2","1","0","1","0","0","0","idle","swing","none","none","1","0","10","0","9"
"1","bot_learned_sequence","human","0","2122","2","2","0","1","0","2","0","drain","swing","swing","none","1","0","11","350","9"
"1","bot_learned_sequence","human","0","149","1","1","1","2","0","0","0","idle","swing","jump","none","1","0","0","0","9"
"1","bot_learned_sequence","human","0","453","1","1","0","3","1","0","0","drain","pull","jump","swing","1","0","20","50","9"
"1","bot_learned_sequence","human","0","149","1","1","1","2","0","0","0","idle","pull","none","none","1","0","-18","0","9"
"1","bot_learned_sequence","human","0","133","1","1","0","2","0","0","0","jump","jump","none","none","1","0","-18","0","9"
"1","bot_learned_sequence","human","0","133","1","1","0","2","0","0","0","drain","pull","none","none","1","0","-18","0","9"
"1","bot_learned_sequence","bot","4","442","2","2","3","2","1","0","0","jump","drain","none","none","1","1","20","350","9"
"1","bot_learned_sequence","bot","4","106","2","2","2","1","0","0","0","swing","drain","none","none","1","1","20","300","9"
"1","bot_learned_sequence","bot","4","90","2","2","1","1","0","0","0","jump","drain","pull","none","1","1","20","50","9"
"1","bot_learned_sequence","bot","4","8682","2","2","2","3","1","0","2","swing","grip","none","none","1","1","-5","550","9"
"1","bot_learned_sequence","human","0","2318","2","3","0","0","1","2","0","pull","swing","drain","swing","1","0","-20","100","9"
"1","bot_learned_sequence","human","0","10","2","2","0","0","0","0","0","drain","jump","none","none","1","0","30","200","9"
"1","bot_learned_sequence","human","0","86","2","1","1","1","0","0","0","idle","swing","none","none","1","0","-20","0","9"
"1","bot_learned_sequence","human","0","2138","2","2","1","1","0","2","0","drain","swing","swing","swing","1","0","-20","200","9"
"1","bot_learned_sequence","human","0","150","2","1","1","2","0","0","0","idle","jump","none","none","1","0","-20","0","9"
"1","bot_learned_sequence","human","0","10","2","2","0","0","0","0","0","pull","swing","none","none","1","0","-2","550","9"
"1","bot_learned_sequence","human","0","2234","2","2","3","2","0","2","0","grip","swing","knockdown","none","1","0","5","350","9"
"1","bot_learned_sequence","human","0","117","1","1","3","1","0","0","0","idle","pull","none","none","1","0","-38","0","9"
"1","bot_learned_sequence","human","0","6399","3","3","3","3","0","2","1","idle","swing","swing","swing","1","1","-30","0","9"
"1","bot_learned_sequence","human","0","254","2","3","3","3","0","0","0","swing","jump","none","none","1","1","-24","500","9"
"1","bot_learned_sequence","human","0","190","2","3","3","2","0","0","0","grip","drain","none","none","1","1","-24","400","9"
"1","bot_learned_sequence","human","0","286","2","3","1","0","1","0","0","idle","pull","pull","none","1","1","-2","0","9"
"1","bot_learned_sequence","human","0","111","3","3","2","1","0","0","0","idle","pull","jump","drain","1","1","40","0","9"
"1","bot_learned_sequence","human","0","107","3","2","2","1","0","0","0","knockdown","jump","drain","pull","1","1","20","50","9"
"1","bot_learned_sequence","human","0","471","3","1","1","3","1","0","0","idle","pull","jump","none","1","1","20","0","9"
"1","bot_learned_sequence","human","0","2315","3","2","0","0","1","2","0","idle","swing","swing","swing","1","1","19","0","9"
"1","bot_learned_sequence","human","0","4566","2","1","1","3","1","0","1","drain","pull","jump","none","1","1","30","150","9"
"1","bot_learned_sequence","human","0","342","2","1","1","1","1","0","0","drain","drain","swing","swing","1","1","10","0","9"
"1","bot_learned_sequence","human","0","690","2","0","3","2","2","0","0","idle","drain","none","none","1","1","0","0","9"
"1","bot_learned_sequence","human","0","275","3","0","1","0","1","0","0","idle","pull","jump","none","1","1","-20","0","9"
"1","bot_learned_sequence","human","0","338","2","0","1","1","1","0","0","idle","drain","pull","jump","1","1","-30","0","9"
"1","bot_learned_sequence","human","0","2258","2","0","1","3","0","2","0","drain","swing","none","none","1","1","-19","100","9"
"1","bot_learned_sequence","human","0","2454","2","1","1","2","1","2","0","idle","swing","swing","none","1","1","-55","0","9"
"1","bot_learned_sequence","human","0","21","1","1","1","0","0","0","0","idle","pull","none","none","1","1","40","0","9"
"1","bot_learned_sequence","human","0","5","1","1","0","0","0","0","0","drain","pull","none","none","1","1","51","200","9"
"1","bot_learned_sequence","human","0","385","1","0","0","2","1","0","0","idle","jump","swing","swing","1","1","0","0","9"
"1","bot_learned_sequence","human","0","193","1","0","0","3","0","0","0","drain","swing","none","none","1","1","15","500","9"
"1","bot_learned_sequence","bot","4","8431","3","3","2","3","0","0","2","swing","pull","none","none","1","0","-20","150","9"
"1","bot_learned_sequence","bot","4","8447","3","3","3","3","0","0","2","idle","drain","none","none","1","0","-80","0","9"
"1","bot_learned_sequence","bot","4","8511","3","3","3","0","1","0","2","idle","pull","none","none","1","0","51","0","9"
"1","bot_learned_sequence","bot","4","351","3","3","1","1","1","0","0","drain","pull","none","none","1","0","31","250","9"
"1","bot_learned_sequence","bot","4","171","3","2","2","2","0","0","0","idle","swing","none","none","1","0","24","0","9"
"1","bot_learned_sequence","bot","4","235","3","2","2","3","0","0","0","jump","grip","none","none","1","0","24","200","9"
"1","bot_learned_sequence","bot","4","350","2","3","1","1","1","0","0","jump","drain","none","none","1","0","-20","550","9"
"1","bot_learned_sequence","bot","4","110","2","3","2","1","0","0","0","idle","drain","none","none","1","0","-50","0","9"
"1","bot_learned_sequence","bot","4","125","1","3","3","1","0","0","0","jump","jump","drain","none","1","0","0","50","9"
"1","bot_learned_sequence","bot","4","1465","1","2","3","2","1","1","0","idle","drain","none","none","1","0","-30","0","9"
"1","bot_learned_sequence","bot","4","1289","1","2","0","0","1","1","0","jump","pull","none","none","1","0","0","550","9"
"1","bot_learned_sequence","bot","4","409","1","2","1","2","1","0","0","drain","drain","none","none","1","0","-10","0","9"
"1","bot_learned_sequence","bot","4","728","0","2","1","3","2","0","0","drain","pull","none","none","1","0","0","50","9"
"1","bot_learned_sequence","bot","4","76","0","3","0","1","0","0","0","jump","drain","none","none","1","0","20","400","9"
"1","bot_learned_sequence","bot","4","393","1","2","0","2","1","0","0","idle","drain","none","none","1","0","-20","0","9"
"1","bot_learned_sequence","bot","4","328","0","2","0","1","1","0","0","idle","drain","none","none","1","0","0","0","9"
"1","bot_learned_sequence","bot","4","56","0","2","3","0","0","0","0","idle","jump","none","none","1","0","0","0","9"
"1","bot_learned_sequence","bot","4","8489","1","2","2","0","1","0","2","idle","drain","none","none","1","0","0","0","9"
"1","bot_learned_sequence","bot","4","8250","2","2","3","0","0","0","2","idle","swing","drain","none","1","0","-50","0","9"
"1","bot_learned_sequence","bot","4","8277","1","1","1","1","0","0","2","swing","grip","none","none","1","0","25","250","9"
"1","bot_learned_sequence","bot","4","85","1","1","1","1","0","0","0","pull","swing","drain","none","1","0","-21","300","9"
"1","bot_learned_sequence","bot","4","8244","0","1","3","0","0","0","2","swing","drain","none","none","1","0","-15","150","9"
"1","bot_learned_sequence","bot","4","1263","3","3","2","3","0","1","0","idle","grip","none","none","1","1","24","0","9"
"1","bot_learned_sequence","bot","4","8671","3","3","1","3","1","0","2","swing","pull","none","none","1","1","-29","0","9"
"1","bot_learned_sequence","bot","4","415","3","3","1","2","1","0","0","pull","pull","none","none","1","1","0","700","9"
"1","bot_learned_sequence","bot","4","95","3","3","1","1","0","0","0","idle","drain","none","none","1","1","0","0","9"
"1","bot_learned_sequence","bot","4","239","3","3","2","3","0","0","0","idle","grip","none","none","1","1","25","0","9"
"1","bot_learned_sequence","bot","4","121","1","2","3","1","0","0","0","jump","drain","none","none","1","1","-15","50","9"
"1","bot_learned_sequence","human","0","6335","3","3","3","2","0","2","1","idle","pull","none","none","1","0","30","0","9"
"1","bot_learned_sequence","human","0","6591","3","3","3","2","1","2","1","idle","swing","swing","none","1","0","29","0","9"
"1","bot_learned_sequence","human","0","111","3","3","2","1","0","0","0","pull","drain","none","none","1","0","0","200","9"
"1","bot_learned_sequence","human","0","31","3","3","1","0","0","0","0","drain","swing","swing","jump","1","0","0","150","9"
"1","bot_learned_sequence","human","0","2175","3","3","3","1","0","2","0","idle","pull","drain","swing","1","0","-20","0","9"
"1","bot_learned_sequence","human","0","474","2","2","1","3","1","0","0","idle","pull","jump","jump","1","0","50","0","9"
"1","bot_learned_sequence","human","0","330","2","2","0","1","1","0","0","idle","swing","swing","none","1","0","15","0","9"
"1","bot_learned_sequence","human","0","2063","3","3","0","0","0","2","0","pull","swing","knockdown","none","1","1","-20","250","9"
"1","bot_learned_sequence","human","0","127","3","3","3","1","0","0","0","grip","drain","pull","none","1","1","20","100","9"
"1","bot_learned_sequence","human","0","111","3","3","2","1","0","0","0","jump","jump","pull","none","1","1","30","0","9"
"1","bot_learned_sequence","human","0","31","3","3","1","0","0","0","0","drain","pull","jump","pull","1","1","21","500","9"
"1","bot_learned_sequence","human","0","79","3","3","0","1","0","0","0","idle","swing","swing","none","1","1","0","0","9"
"1","bot_learned_sequence","human","0","159","3","3","1","2","0","0","0","grip","swing","knockdown","none","1","1","-14","0","9"
"1","bot_learned_sequence","human","0","447","3","3","3","2","1","0","0","idle","pull","drain","none","1","1","-1","0","9"
"1","bot_learned_sequence","human","0","2175","3","3","3","1","0","2","0","idle","swing","swing","pull","1","1","60","0","9"
"1","bot_learned_sequence","human","0","211","3","0","1","3","0","0","0","idle","jump","none","none","1","1","18","0","9"
"1","bot_learned_sequence","bot","4","447","3","3","3","2","1","0","0","pull","drain","pull","none","1","0","19","450","9"
"1","bot_learned_sequence","bot","4","175","3","3","2","2","0","0","0","idle","swing","grip","none","1","0","-18","0","9"
"1","bot_learned_sequence","bot","4","159","3","3","1","2","0","0","0","pull","jump","drain","none","1","0","-30","0","9"
"1","bot_learned_sequence","bot","4","334","2","3","0","1","1","0","0","pull","swing","none","none","1","0","-1","200","9"
"1","bot_learned_sequence","bot","4","126","2","3","3","1","0","0","0","jump","drain","none","none","1","0","0","700","9"
"1","bot_learned_sequence","bot","4","111","3","3","2","1","0","0","0","swing","grip","none","none","1","0","14","0","9"
"1","bot_learned_sequence","human","0","479","3","3","1","3","1","0","0","drain","pull","jump","none","1","1","59","150","9"
"1","bot_learned_sequence","human","0","395","3","2","0","2","1","0","0","idle","swing","none","none","1","1","-22","0","9"
"1","bot_learned_sequence","human","0","427","3","2","2","2","1","0","0","idle","drain","none","none","1","1","-19","0","9"
"1","bot_learned_sequence","human","0","187","3","2","3","2","0","0","0","idle","jump","drain","none","1","1","-10","0","9"
"1","bot_learned_sequence","human","0","299","3","2","2","0","1","0","0","idle","pull","jump","pull","1","1","-10","0","9"
"1","bot_learned_sequence","human","0","2075","3","2","1","0","0","2","0","swing","swing","swing","drain","1","1","10","0","9"
"1","bot_learned_sequence","human","0","2071","3","1","1","0","0","2","0","idle","swing","swing","none","1","1","-20","0","9"
"1","bot_learned_sequence","human","0","375","3","1","3","1","1","0","0","idle","drain","none","none","1","1","-20","0","9"
"1","bot_learned_sequence","human","0","295","3","1","2","0","1","0","0","drain","pull","jump","none","1","1","-20","350","9"
"1","bot_learned_sequence","human","0","363","3","2","2","1","1","0","0","drain","drain","none","none","1","1","30","150","9"
"1","bot_learned_sequence","human","0","295","3","1","2","0","1","0","0","idle","jump","pull","none","1","1","30","0","9"
"1","bot_learned_sequence","human","0","147","3","0","1","2","0","0","0","drain","pull","none","none","1","1","40","50","9"
"1","bot_learned_sequence","human","0","451","3","0","0","3","1","0","0","idle","pull","none","none","1","1","26","0","9"
"1","bot_learned_sequence","bot","4","415","3","3","1","2","1","0","0","pull","pull","knockdown","none","1","0","-20","700","9"
"1","bot_learned_sequence","bot","4","511","3","3","3","3","1","0","0","idle","drain","none","none","1","0","-59","0","9"
"1","bot_learned_sequence","bot","4","366","2","3","2","1","1","0","0","jump","pull","none","none","1","0","-9","650","9"
"1","bot_learned_sequence","bot","4","286","2","3","1","0","1","0","0","swing","grip","none","none","1","0","22","100","9"
"1","bot_learned_sequence","bot","4","414","2","3","1","2","1","0","0","drain","pull","none","none","1","0","19","50","9"
"1","bot_learned_sequence","bot","4","398","2","3","0","2","1","0","0","pull","drain","none","none","1","0","-10","400","9"
"1","bot_learned_sequence","bot","4","8270","2","3","0","1","0","0","2","swing","swing","none","none","1","0","-10","0","9"
"1","bot_learned_sequence","bot","4","477","1","3","1","3","1","0","0","drain","push","none","none","1","0","0","50","9"
"1","bot_learned_sequence","bot","4","188","0","3","3","2","0","0","0","idle","drain","none","none","1","0","-40","0","9"
"1","bot_learned_sequence","human","0","8383","3","3","3","2","0","0","2","pull","jump","none","none","1","1","-50","400","9"
"1","bot_learned_sequence","human","0","8447","3","3","3","3","0","0","2","idle","drain","none","none","1","1","-20","0","9"
"1","bot_learned_sequence","human","0","10415","3","3","2","2","0","2","2","idle","swing","swing","swing","1","1","-40","0","9"
"1","bot_learned_sequence","human","0","8446","2","3","3","3","0","0","2","idle","drain","swing","none","1","1","-20","0","9"
"1","bot_learned_sequence","human","0","6590","2","3","3","2","1","2","1","pull","swing","swing","drain","1","1","20","0","9"
"1","bot_learned_sequence","human","0","8282","2","2","1","1","0","0","2","pull","pull","jump","pull","1","1","20","300","9"
"1","bot_learned_sequence","human","0","10330","2","2","1","1","0","2","2","idle","swing","swing","swing","1","1","7","0","9"
"1","bot_learned_sequence","human","0","10426","2","2","3","2","0","2","2","grip","swing","knockdown","none","1","1","5","0","9"
"1","bot_learned_sequence","human","0","8201","1","2","0","0","0","0","2","idle","pull","none","none","1","1","0","0","9"
"1","bot_learned_sequence","human","0","8281","1","2","1","1","0","0","2","idle","drain","jump","none","1","1","50","0","9"
"1","bot_learned_sequence","human","0","8645","1","1","0","3","1","0","2","idle","pull","none","none","1","1","-1","0","9"
"1","bot_learned_sequence","human","0","8661","1","1","1","3","1","0","2","drain","pull","none","none","1","1","19","100","9"
"1","bot_learned_sequence","human","0","8645","1","1","0","3","1","0","2","idle","jump","swing","swing","1","1","-20","0","9"
"1","bot_learned_sequence","human","0","8804","0","1","2","1","2","0","2","pull","drain","none","none","1","1","0","550","9"
"1","bot_learned_sequence","human","0","8293","1","1","2","1","0","0","2","idle","jump","none","none","1","1","-20","0","9"
"1","bot_learned_sequence","human","0","8373","1","1","3","2","0","0","2","swing","drain","none","none","1","1","-20","300","9"
"1","bot_learned_sequence","human","0","10262","2","1","1","0","0","2","2","idle","swing","none","none","1","1","30","0","9"
"1","bot_learned_sequence","human","0","8533","1","1","1","1","1","0","2","idle","pull","none","none","1","1","51","0","9"
"1","bot_learned_sequence","human","0","8273","1","0","1","1","0","0","2","drain","jump","pull","none","1","1","21","50","9"
"1","bot_learned_sequence","human","0","401","1","0","1","2","1","0","0","drain","push","jump","none","1","1","20","0","9"
"1","bot_learned_sequence","bot","4","1439","3","3","1","2","1","1","0","drain","pull","none","none","1","0","30","250","9"
"1","bot_learned_sequence","bot","4","9707","3","2","2","3","1","1","2","swing","pull","none","none","1","0","-20","0","9"
"1","bot_learned_sequence","bot","4","2507","3","2","0","3","1","2","0","jump","pull","none","none","1","0","-50","650","9"
"1","bot_learned_sequence","bot","4","2394","2","2","1","1","1","2","0","pull","drain","none","none","1","0","0","500","9"
"1","bot_learned_sequence","bot","4","10410","2","2","2","2","0","2","2","swing","grip","none","none","1","0","-5","0","9"
"1","bot_learned_sequence","bot","4","2390","2","1","1","1","1","2","0","idle","drain","none","none","1","0","-20","0","9"
"1","bot_learned_sequence","bot","4","2485","1","1","3","2","1","2","0","idle","drain","none","none","1","0","-19","0","9"
"1","bot_learned_sequence","bot","4","10597","1","1","2","1","1","2","2","swing","pull","none","none","1","0","20","300","9"
"1","bot_learned_sequence","bot","4","10609","1","0","3","1","1","2","2","idle","drain","none","none","1","0","0","0","9"
"1","bot_learned_sequence","bot","4","10817","1","0","0","1","2","2","2","idle","pull","none","none","1","0","0","0","9"
"1","bot_learned_sequence","bot","4","2197","1","1","1","2","0","2","0","jump","swing","none","none","1","0","20","250","9"
"1","bot_learned_sequence","bot","4","2133","1","1","1","1","0","2","0","pull","drain","none","none","1","0","-51","150","9"
"1","bot_learned_sequence","bot","4","356","0","1","2","1","1","0","0","push","drain","none","none","1","0","-20","0","9"
"1","bot_learned_sequence","bot","4","36","0","1","2","0","0","0","0","idle","swing","none","none","1","0","-27","0","9"
"1","bot_learned_sequence","bot","4","2287","3","3","2","3","0","2","0","idle","swing","none","none","1","1","-8","0","9"
"1","bot_learned_sequence","bot","4","155","3","2","1","2","0","0","0","pull","grip","none","none","1","1","24","100","9"
"1","bot_learned_sequence","bot","4","2287","3","3","2","3","0","2","0","drain","swing","pull","pull","1","1","19","400","9"
"1","bot_learned_sequence","bot","4","2523","3","2","1","3","1","2","0","drain","pull","none","none","1","1","0","100","9"
"1","bot_learned_sequence","bot","4","2698","2","2","0","2","2","2","0","jump","drain","none","none","1","1","50","600","9"
"1","bot_learned_sequence","bot","4","470","2","1","1","3","1","0","0","idle","swing","none","none","1","1","-19","0","9"
"1","bot_learned_sequence","bot","4","2378","2","2","0","1","1","2","0","drain","drain","none","none","1","1","0","50","9"
"1","bot_learned_sequence","bot","4","10666","2","2","2","2","1","2","2","swing","drain","none","none","1","1","20","200","9"
"1","bot_learned_sequence","bot","4","2154","2","2","2","1","0","2","0","jump","drain","swing","none","1","1","0","0","9"
"1","bot_learned_sequence","bot","4","2362","2","2","3","0","1","2","0","jump","pull","none","none","1","1","20","700","9"
"1","bot_learned_sequence","bot","4","374","2","1","3","1","1","0","0","knockdown","drain","none","none","1","1","-20","700","9"
"1","bot_learned_sequence","bot","4","2087","3","1","2","0","0","2","0","jump","swing","pull","none","1","1","0","0","9"
"1","bot_learned_sequence","bot","4","1510","2","1","2","3","1","1","0","idle","pull","drain","none","1","1","0","0","9"
"1","bot_learned_sequence","bot","4","1511","3","1","2","3","1","1","0","idle","pull","none","none","1","1","51","0","9"
"1","bot_learned_sequence","bot","4","2199","3","1","1","2","0","2","0","pull","grip","none","none","1","1","23","0","9"
"1","bot_learned_sequence","bot","4","2787","3","0","2","3","2","2","0","idle","pull","none","none","1","1","-20","0","9"
"1","bot_learned_sequence","human","0","10687","3","3","3","2","1","2","2","swing","swing","swing","swing","1","0","7","150","9"
"1","bot_learned_sequence","human","0","10607","3","3","2","1","1","2","2","idle","swing","swing","jump","1","0","0","0","9"
"1","bot_learned_sequence","human","0","4286","2","3","3","2","0","0","1","idle","drain","none","none","1","0","0","0","9"
"1","bot_learned_sequence","human","0","10430","2","3","3","2","0","2","2","pull","swing","pull","jump","1","0","0","550","9"
"1","bot_learned_sequence","human","0","10670","2","3","2","2","1","2","2","idle","swing","swing","swing","1","0","-20","0","9"
"1","bot_learned_sequence","human","0","8638","2","3","3","2","1","0","2","idle","drain","none","none","1","0","0","0","9"
"1","bot_learned_sequence","human","0","8478","2","3","1","0","1","0","2","idle","pull","jump","none","1","0","20","0","9"
"1","bot_learned_sequence","human","0","8746","2","2","2","0","2","0","2","idle","jump","none","none","1","0","-30","0","9"
"1","bot_learned_sequence","human","0","8490","2","2","2","0","1","0","2","drain","jump","drain","none","1","0","-50","300","9"
"1","bot_learned_sequence","human","0","8202","2","2","0","0","0","0","2","idle","pull","drain","none","1","0","19","0","9"
"1","bot_learned_sequence","human","0","10586","2","2","1","1","1","2","2","idle","swing","swing","swing","1","0","-20","0","9"
"1","bot_learned_sequence","human","0","10346","2","2","2","1","0","2","2","drain","swing","none","none","1","0","-20","100","9"
"1","bot_learned_sequence","human","0","8474","2","2","1","0","1","0","2","idle","drain","jump","kick","1","0","0","0","9"
"1","bot_learned_sequence","human","0","8346","2","2","1","2","0","0","2","drain","jump","none","none","1","0","0","0","9"
"1","bot_learned_sequence","human","0","8398","2","3","0","3","0","0","2","idle","jump","none","none","1","0","0","0","9"
"1","bot_learned_sequence","human","0","8349","1","3","1","2","0","0","2","swing","jump","none","none","1","0","0","0","9"
"1","bot_learned_sequence","human","0","8301","1","3","2","1","0","0","2","idle","drain","none","none","1","0","0","0","9"
"1","bot_learned_sequence","human","0","10606","2","3","2","1","1","2","2","idle","swing","swing","swing","1","0","-20","0","9"
"1","bot_learned_sequence","human","0","8301","1","3","2","1","0","0","2","grip","pull","drain","none","1","0","-23","0","9"
"1","bot_learned_sequence","human","0","8620","0","3","2","2","1","0","2","idle","pull","none","none","1","0","12","0","9"
"1","bot_learned_sequence","human","0","8344","0","2","1","2","0","0","2","pull","pull","none","none","1","0","-7","300","9"
"1","bot_learned_sequence","human","0","10495","3","3","3","3","0","2","2","idle","jump","grip","jump","1","1","24","0","9"
"1","bot_learned_sequence","human","0","10847","3","3","1","1","2","2","2","drain","jump","none","none","1","1","2","700","9"
"1","bot_learned_sequence","human","0","10655","3","3","1","2","1","2","2","idle","grip","none","none","1","1","2","0","9"
"1","bot_learned_sequence","human","0","8943","3","3","2","3","2","0","2","drain","jump","swing","swing","1","1","0","100","9"
"1","bot_learned_sequence","human","0","8367","3","3","2","2","0","0","2","drain","jump","none","none","1","1","-20","50","9"
"1","bot_learned_sequence","human","0","10367","3","3","3","1","0","2","2","idle","swing","knockdown","none","1","1","-50","0","9"
"1","bot_learned_sequence","human","0","8255","3","3","3","0","0","0","2","pull","drain","none","none","1","1","0","150","9"
"1","bot_learned_sequence","human","0","6271","3","3","3","1","0","2","1","idle","swing","none","none","1","1","-20","0","9"
"1","bot_learned_sequence","bot","4","10943","3","3","3","2","2","2","2","idle","drain","none","none","1","0","0","0","9"
"1","bot_learned_sequence","bot","4","10351","3","3","2","1","0","2","2","grip","push","none","none","1","0","0","450","9"
"1","bot_learned_sequence","bot","4","2223","3","3","2","2","0","2","0","pull","drain","none","none","1","0","0","200","9"
"1","bot_learned_sequence","bot","4","10463","3","3","1","3","0","2","2","swing","drain","none","none","1","0","20","300","9"
"1","bot_learned_sequence","bot","4","10479","3","3","2","3","0","2","2","idle","swing","none","none","1","0","-25","0","9"
"1","bot_learned_sequence","human","0","10495","3","3","3","3","0","2","2","drain","jump","none","none","1","1","-21","150","9"
"1","bot_learned_sequence","human","0","10735","3","3","2","3","1","2","2","idle","grip","none","none","1","1","2","0","9"
"1","bot_learned_sequence","human","0","8367","3","3","2","2","0","0","2","jump","grip","jump","grip","1","1","2","350","9"
"1","bot_learned_sequence","human","0","8815","3","3","2","1","2","0","2","idle","jump","none","none","1","1","2","0","9"
"1","bot_learned_sequence","human","0","8623","3","3","2","2","1","0","2","idle","grip","none","none","1","1","22","0","9"
"1","bot_learned_sequence","human","0","8447","3","3","3","3","0","0","2","push","jump","none","none","1","1","20","700","9"
"1","bot_learned_sequence","human","0","8703","3","3","3","3","1","0","2","drain","push","none","none","1","1","0","0","9"
"1","bot_learned_sequence","human","0","10431","3","3","3","2","0","2","2","drain","swing","swing","knockdown","1","1","37","250","9"
"1","bot_learned_sequence","human","0","10427","3","2","3","2","0","2","2","idle","pull","none","none","1","1","-2","0","9"
"1","bot_learned_sequence","human","0","10587","3","2","1","1","1","2","2","drain","pull","swing","none","1","1","-13","500","9"
"1","bot_learned_sequence","human","0","8203","3","2","0","0","0","0","2","idle","pull","jump","pull","1","1","19","0","9"
"1","bot_learned_sequence","human","0","8459","3","2","0","0","1","0","2","drain","drain","none","none","1","1","0","250","9"
"1","bot_learned_sequence","human","0","8219","3","2","1","0","0","0","2","swing","swing","swing","drain","1","1","0","500","9"
"1","bot_learned_sequence","human","0","8455","3","1","0","0","1","0","2","idle","drain","pull","jump","1","1","-20","0","9"
"1","bot_learned_sequence","human","0","8343","3","1","1","2","0","0","2","drain","jump","none","none","1","1","0","50","9"
"1","bot_learned_sequence","human","0","8519","3","1","0","1","1","0","2","idle","swing","swing","none","1","1","10","0","9"
"1","bot_learned_sequence","human","0","4679","3","1","0","1","2","0","1","idle","jump","none","none","1","1","20","0","9"
"1","bot_learned_sequence","human","0","8343","3","1","1","2","0","0","2","idle","jump","none","none","1","1","30","0","9"
"1","bot_learned_sequence","human","0","10311","3","1","0","1","0","2","2","idle","swing","swing","pull","1","1","30","0","9"
"1","bot_learned_sequence","human","0","8327","3","1","0","2","0","0","2","drain","jump","pull","none","1","1","20","100","9"
"1","bot_learned_sequence","human","0","8518","2","1","0","1","1","0","2","idle","pull","none","none","1","1","20","0","9"
"1","bot_learned_sequence","human","0","8578","2","0","0","2","1","0","2","idle","jump","drain","none","1","1","-20","0","9"
"1","bot_learned_sequence","human","0","8726","2","1","1","0","2","0","2","drain","drain","none","none","1","1","0","350","9"
"1","bot_learned_sequence","human","0","8294","2","1","2","1","0","0","2","idle","drain","none","none","1","1","10","0","9"
"1","bot_learned_sequence","human","0","10263","3","1","1","0","0","2","2","swing","swing","knockdown","none","1","1","10","100","9"
"1","bot_learned_sequence","human","0","291","3","0","2","0","1","0","0","drain","drain","none","none","1","1","0","400","9"
"1","bot_learned_sequence","human","0","19","3","0","1","0","0","0","0","idle","jump","none","none","1","1","0","0","9"
"1","bot_learned_sequence","human","0","8519","3","1","0","1","1","0","2","drain","jump","none","none","1","1","29","300","9"
"1","bot_learned_sequence","human","0","10307","3","0","0","1","0","2","2","grip","swing","none","none","1","1","-15","150","9"
"1","bot_learned_sequence","human","0","10850","2","0","2","1","2","2","2","idle","pull","none","none","1","1","0","0","9"
"1","bot_learned_sequence","human","0","10611","3","0","3","1","1","2","2","drain","drain","pull","jump","1","1","20","50","9"
"1","bot_learned_sequence","human","0","8451","3","0","0","0","1","0","2","drain","pull","none","none","1","1","17","250","9"
"1","bot_learned_sequence","human","0","3","3","0","0","0","0","0","0","push","jump","pull","jump","1","1","17","100","9"
"1","bot_learned_sequence","bot","4","10687","3","3","3","2","1","2","2","grip","push","none","none","1","0","0","300","9"
"1","bot_learned_sequence","bot","4","2559","3","3","3","3","1","2","0","drain","pull","jump","none","1","0","-2","50","9"
"1","bot_learned_sequence","bot","4","2415","3","3","2","1","1","2","0","grip","pull","drain","pull","1","0","20","350","9"
"1","bot_learned_sequence","bot","4","2479","3","3","2","2","1","2","0","drain","pull","none","none","1","0","0","50","9"
"1","bot_learned_sequence","bot","4","2783","3","3","1","3","2","2","0","jump","pull","none","none","1","0","-22","300","9"
"1","bot_learned_sequence","bot","4","2479","3","3","2","2","1","2","0","grip","push","none","none","1","0","-20","150","9"
"1","bot_learned_sequence","bot","4","2559","3","3","3","3","1","2","0","push","drain","none","none","1","0","0","0","9"
"1","bot_learned_sequence","bot","4","10478","2","3","2","3","0","2","2","idle","grip","none","none","1","0","-16","0","9"
"1","bot_learned_sequence","bot","4","10478","2","3","2","3","0","2","2","pull","jump","drain","none","1","0","22","50","9"
"1","bot_learned_sequence","bot","4","10654","2","3","1","2","1","2","2","swing","grip","none","none","1","0","-4","250","9"
"1","bot_learned_sequence","bot","4","2382","2","3","0","1","1","2","0","jump","drain","none","none","1","0","0","650","9"
"1","bot_learned_sequence","bot","4","2062","2","3","0","0","0","2","0","drain","swing","none","none","1","0","0","450","9"
"1","bot_learned_sequence","bot","4","2061","1","3","0","0","0","2","0","pull","jump","drain","none","1","0","0","50","9"
"1","bot_learned_sequence","bot","4","2157","1","3","2","1","0","2","0","pull","drain","none","none","1","0","0","250","9"
"1","bot_learned_sequence","bot","4","1309","1","3","1","0","1","1","0","idle","pull","none","none","1","0","-30","0","9"
"1","bot_learned_sequence","bot","4","541","1","3","1","0","2","0","0","jump","drain","none","none","1","0","-20","100","9"
"1","bot_learned_sequence","bot","4","2413","1","3","2","1","1","2","0","jump","drain","none","none","1","0","-10","250","9"
"1","bot_learned_sequence","bot","4","2093","1","3","2","0","0","2","0","pull","drain","none","none","1","0","0","100","9"
"1","bot_learned_sequence","bot","4","2317","1","3","0","0","1","2","0","pull","pull","none","none","1","0","0","650","9"
"1","bot_learned_sequence","bot","4","2073","1","2","1","0","0","2","0","pull","drain","none","none","1","0","0","250","9"
"1","bot_learned_sequence","bot","4","2328","0","2","1","0","1","2","0","drain","pull","none","none","1","0","20","100","9"
"1","bot_learned_sequence","bot","4","344","0","2","1","1","1","0","0","idle","drain","none","none","1","0","0","0","9"
"1","bot_learned_sequence","bot","4","2393","1","2","1","1","1","2","0","idle","drain","none","none","1","0","0","0","9"
"1","bot_learned_sequence","bot","4","2061","1","3","0","0","0","2","0","idle","swing","none","none","1","0","-10","0","9"
"1","bot_learned_sequence","bot","4","8588","0","3","0","2","1","0","2","knockdown","drain","none","none","1","0","0","700","9"
"1","bot_learned_sequence","bot","4","2124","0","3","0","1","0","2","0","jump","swing","swing","drain","1","0","0","50","9"
"1","bot_learned_sequence","bot","4","10268","0","3","1","0","0","2","2","swing","grip","none","none","1","0","15","350","9"
"1","bot_learned_sequence","bot","4","10968","0","2","1","3","2","2","2","pull","pull","drain","none","1","0","0","650","9"
"1","bot_learned_sequence","bot","4","2380","0","3","0","1","1","2","0","jump","drain","none","none","1","0","-17","600","9"
"1","bot_learned_sequence","bot","4","268","0","3","0","0","1","0","0","pull","push","none","none","1","0","-17","250","9"
"1","bot_learned_sequence","human","0","10495","3","3","3","3","0","2","2","pull","swing","swing","jump","1","1","-20","250","9"
"1","bot_learned_sequence","human","0","8367","3","3","2","2","0","0","2","pull","pull","drain","swing","1","1","0","200","9"
"1","bot_learned_sequence","human","0","10351","3","3","2","1","0","2","2","swing","swing","swing","swing","1","1","0","150","9"
"1","bot_learned_sequence","human","0","8526","2","3","0","1","1","0","2","idle","jump","none","none","1","1","-2","0","9"
"1","bot_learned_sequence","human","0","8286","2","3","1","1","0","0","2","grip","drain","none","none","1","1","-25","700","9"
"1","bot_learned_sequence","human","0","8222","2","3","1","0","0","0","2","idle","pull","pull","drain","1","1","-2","0","9"
"1","bot_learned_sequence","human","0","4189","1","3","1","1","0","0","1","idle","pull","jump","none","1","1","31","0","9"
"1","bot_learned_sequence","human","0","8473","1","2","1","0","1","0","2","drain","drain","none","none","1","1","-20","250","9"
"1","bot_learned_sequence","human","0","10266","2","2","1","0","0","2","2","swing","swing","knockdown","none","1","1","-20","150","9"
"1","bot_learned_sequence","human","0","10617","1","2","3","1","1","2","2","idle","drain","none","none","1","1","20","0","9"
"1","bot_learned_sequence","human","0","10266","2","2","1","0","0","2","2","idle","jump","drain","pull","1","1","20","0","9"
"1","bot_learned_sequence","human","0","8554","2","2","2","1","1","0","2","idle","drain","pull","jump","1","1","20","0","9"
"1","bot_learned_sequence","human","0","8642","2","0","0","3","1","0","2","idle","jump","swing","jump","1","1","0","0","9"
"1","bot_learned_sequence","human","0","10706","2","0","1","3","1","2","2","drain","swing","none","none","1","1","0","100","9"
"1","bot_learned_sequence","human","0","8582","2","1","0","2","1","0","2","idle","jump","pull","none","1","1","19","0","9"
"1","bot_learned_sequence","human","0","4261","1","1","2","2","0","0","1","pull","drain","none","none","1","1","-20","650","9"
"1","bot_learned_sequence","human","0","8517","1","1","0","1","1","0","2","idle","swing","swing","none","1","1","-38","0","9"
"1","bot_learned_sequence","human","0","2217","1","2","2","2","0","2","0","drain","kick","jump","drain","1","1","-18","0","9"
"1","bot_learned_sequence","human","0","8377","1","2","3","2","0","0","2","idle","jump","none","none","1","1","-30","0","9"
"1","bot_learned_sequence","human","0","8441","1","2","3","3","0","0","2","swing","drain","pull","jump","1","1","-30","350","9"
"1","bot_learned_sequence","human","0","8472","0","2","1","0","1","0","2","drain","drain","none","none","1","1","20","450","9"
"1","bot_learned_sequence","human","0","8277","1","1","1","1","0","0","2","idle","drain","none","none","1","1","20","0","9"
"1","bot_learned_sequence","human","0","8469","1","1","1","0","1","0","2","drain","drain","jump","drain","1","1","20","300","9"
"1","bot_learned_sequence","human","0","8534","2","1","1","1","1","0","2","idle","drain","pull","jump","1","1","20","0","9"
"1","bot_learned_sequence","human","0","8530","2","0","1","1","1","0","2","drain","drain","jump","drain","1","1","20","50","9"
"1","bot_learned_sequence","human","0","8578","2","0","0","2","1","0","2","idle","drain","none","none","1","1","20","0","9"
"1","bot_learned_sequence","human","0","8354","2","0","2","2","0","0","2","idle","jump","none","none","1","1","28","0","9"
"1","bot_learned_sequence","human","0","8434","2","0","3","3","0","0","2","idle","jump","none","none","1","1","0","0","9"
"1","bot_learned_sequence","bot","4","2559","3","3","3","3","1","2","0","idle","pull","none","none","1","0","20","0","9"
"1","bot_learned_sequence","bot","4","1519","3","3","2","3","1","1","0","jump","pull","none","none","1","0","0","50","9"
"1","bot_learned_sequence","bot","4","10399","3","3","1","2","0","2","2","swing","swing","none","none","1","0","0","150","9"
"1","bot_learned_sequence","bot","4","442","2","2","3","2","1","0","0","pull","drain","none","none","1","0","0","550","9"
"1","bot_learned_sequence","bot","4","2139","3","2","1","1","0","2","0","idle","grip","none","none","1","0","25","0","9"
"1","bot_learned_sequence","bot","4","342","2","1","1","1","1","0","0","pull","drain","none","none","1","0","20","500","9"
"1","bot_learned_sequence","bot","4","2058","2","2","0","0","0","2","0","drain","swing","none","none","1","0","20","650","9"
"1","bot_learned_sequence","bot","4","8457","1","2","0","0","1","0","2","idle","drain","none","none","1","0","-50","0","9"
"1","bot_learned_sequence","bot","4","8568","0","2","3","1","1","0","2","swing","drain","none","none","1","0","0","200","9"
"1","bot_learned_sequence","bot","4","2105","1","2","3","0","0","2","0","pull","jump","drain","none","1","0","0","400","9"
"1","bot_learned_sequence","bot","4","9302","2","1","1","1","0","1","2","swing","pull","none","none","1","0","-30","250","9"
"1","bot_learned_sequence","bot","4","2133","1","1","1","1","0","2","0","drain","drain","none","none","1","0","20","150","9"
"1","bot_learned_sequence","bot","4","8358","2","1","2","2","0","0","2","kick","drain","none","none","1","0","18","0","9"
"1","bot_learned_sequence","bot","4","2278","2","1","2","3","0","2","0","jump","swing","swing","none","1","0","30","100","9"
"1","bot_learned_sequence","bot","4","2466","2","0","2","2","1","2","0","pull","drain","none","none","1","0","-20","450","9"
"1","bot_learned_sequence","bot","4","405","1","1","1","2","1","0","0","idle","drain","none","none","1","0","-20","0","9"
"1","bot_learned_sequence","bot","4","2312","0","2","0","0","1","2","0","pull","drain","none","none","1","0","-20","450","9"
"1","bot_learned_sequence","bot","4","2408","0","2","2","1","1","2","0","idle","drain","none","none","1","0","-20","0","9"
"1","bot_learned_sequence","human","0","8443","3","2","3","3","0","0","2","idle","swing","swing","swing","1","1","0","0","9"
"1","bot_learned_sequence","human","0","8439","3","1","3","3","0","0","2","swing","swing","swing","swing","1","1","-1","350","9"
"1","bot_learned_sequence","human","0","8691","3","0","3","3","1","0","2","idle","swing","swing","swing","1","1","0","0","9"
"1","bot_learned_sequence","human","0","8435","3","0","3","3","0","0","2","swing","swing","swing","swing","1","1","9","500","9"
"1","bot_learned_sequence","bot","4","10495","3","3","3","3","0","2","2","idle","swing","swing","none","1","0","0","0","9"
"1","bot_learned_sequence","bot","4","2302","2","3","3","3","0","2","0","idle","swing","none","none","1","0","0","0","9"
"1","bot_learned_sequence","bot","4","2301","1","3","3","3","0","2","0","swing","swing","none","none","1","0","-40","650","9"
"1","bot_learned_sequence","bot","4","2300","0","3","3","3","0","2","0","swing","swing","none","none","1","0","0","650","9"
"1","bot_learned_sequence","bot","4","2300","0","3","3","3","0","2","0","idle","swing","none","none","1","0","0","0","9"
"1","bot_learned_sequence","human","0","10491","3","2","3","3","0","2","2","swing","swing","swing","swing","1","1","60","200","9"
"1","bot_learned_sequence","human","0","10483","3","0","3","3","0","2","2","swing","swing","none","none","1","1","18","150","9"
"1","bot_learned_sequence","bot","4","10492","0","3","3","3","0","2","2","swing","swing","none","none","1","0","-18","250","9"
"1","bot_learned_sequence","human","0","10751","3","3","3","3","1","2","2","idle","swing","swing","none","1","1","0","0","9"
"1","bot_learned_sequence","human","0","10431","3","3","3","2","0","2","2","pull","swing","drain","none","1","1","20","300","9"
"1","bot_learned_sequence","human","0","8319","3","3","3","1","0","0","2","idle","jump","none","none","1","1","50","0","9"
"1","bot_learned_sequence","human","0","10591","3","3","1","1","1","2","2","drain","swing","swing","swing","1","1","30","500","9"
"1","bot_learned_sequence","human","0","8423","3","1","2","3","0","0","2","idle","jump","grip","none","1","1","76","0","9"
"1","bot_learned_sequence","bot","4","2238","2","3","3","2","0","2","0","idle","drain","none","none","1","0","-30","0","9"
"1","bot_learned_sequence","human","0","10431","3","3","3","2","0","2","2","pull","swing","knockdown","none","1","1","-18","150","9"
"1","bot_learned_sequence","human","0","8447","3","3","3","3","0","0","2","idle","drain","swing","swing","1","1","59","0","9"
"1","bot_learned_sequence","human","0","8250","2","2","3","0","0","0","2","idle","drain","none","none","1","1","-21","0","9"
"1","bot_learned_sequence","human","0","8202","2","2","0","0","0","0","2","swing","pull","none","none","1","1","-20","300","9"
"1","bot_learned_sequence","human","0","8554","2","2","2","1","1","0","2","swing","drain","pull","jump","1","1","0","50","9"
"1","bot_learned_sequence","human","0","10250","2","2","0","0","0","2","2","pull","swing","jump","drain","1","1","0","300","9"
"1","bot_learned_sequence","human","0","8538","2","2","1","1","1","0","2","idle","swing","swing","none","1","1","-20","0","9"
"1","bot_learned_sequence","human","0","10346","2","2","2","1","0","2","2","drain","swing","swing","swing","1","1","10","100","9"
"1","bot_learned_sequence","human","0","8278","2","1","1","1","0","0","2","idle","pull","jump","pull","1","1","20","0","9"
"1","bot_learned_sequence","human","0","8538","2","2","1","1","1","0","2","drain","jump","swing","swing","1","1","-20","600","9"
"1","bot_learned_sequence","human","0","8532","0","1","1","1","1","0","2","swing","pull","none","none","1","1","21","600","9"
"1","bot_learned_sequence","human","0","8196","0","1","0","0","0","0","2","drain","jump","pull","none","1","1","21","100","9"
"1","bot_learned_sequence","human","0","8384","0","0","0","3","0","0","2","idle","jump","none","none","1","1","15","0","9"
"1","bot_learned_sequence","human","0","8320","0","0","0","2","0","0","2","idle","pull","jump","none","1","1","39","0","9"
"1","bot_learned_sequence","bot","4","2223","3","3","2","2","0","2","0","idle","push","none","none","1","0","0","0","9"
"1","bot_learned_sequence","bot","4","8427","3","2","2","3","0","0","2","swing","swing","none","none","1","0","-7","50","9"
"1","bot_learned_sequence","bot","4","2202","2","2","1","2","0","2","0","pull","grip","none","none","1","0","23","50","9"
"1","bot_learned_sequence","bot","4","2122","2","2","0","1","0","2","0","idle","swing","none","none","1","0","20","0","9"
"1","bot_learned_sequence","bot","4","2458","2","2","1","2","1","2","0","idle","swing","none","none","1","0","0","0","9"
"1","bot_learned_sequence","bot","4","2314","2","2","0","0","1","2","0","pull","drain","pull","none","1","0","20","300","9"
"1","bot_learned_sequence","bot","4","10394","2","2","1","2","0","2","2","swing","drain","none","none","1","0","-10","200","9"
"1","bot_learned_sequence","bot","4","2393","1","2","1","1","1","2","0","pull","drain","none","none","1","0","2","550","9"
"1","bot_learned_sequence","bot","4","2138","2","2","1","1","0","2","0","idle","grip","none","none","1","0","2","0","9"
"1","bot_learned_sequence","bot","4","2410","2","2","2","1","1","2","0","idle","drain","none","none","1","0","60","0","9"
"1","bot_learned_sequence","bot","4","2113","1","0","0","1","0","2","0","swing","swing","none","none","1","0","-20","350","9"
"1","bot_learned_sequence","bot","4","2385","1","0","1","1","1","2","0","pull","drain","none","none","1","0","-21","50","9"
"1","bot_learned_sequence","bot","4","305","1","0","3","0","1","0","0","idle","drain","none","none","1","0","-20","0","9"
"1","bot_learned_sequence","bot","4","2336","0","0","2","0","1","2","0","jump","grip","none","none","1","0","-15","650","9"
"1","bot_learned_sequence","bot","4","2080","0","0","2","0","0","2","0","jump","push","none","none","1","0","-19","150","9"
"1","bot_learned_sequence","bot","4","2239","3","3","3","2","0","2","0","grip","pull","none","none","1","1","0","165","9"
"1","bot_learned_sequence","bot","4","8703","3","3","3","3","1","0","2","idle","drain","none","none","1","1","-51","0","9"
"1","bot_learned_sequence","bot","4","2366","2","3","3","0","1","2","0","idle","drain","none","none","1","1","-8","0","9"
"1","bot_learned_sequence","bot","4","10270","2","3","1","0","0","2","2","swing","grip","none","none","1","1","14","0","9"
"1","bot_learned_sequence","human","0","10379","3","2","0","2","0","2","2","idle","swing","none","none","1","0","-14","0","9"
"1","bot_learned_sequence","human","0","10315","3","2","0","1","0","2","2","grip","swing","knockdown","none","1","0","-14","0","9"
"1","bot_learned_sequence","human","0","10751","3","3","3","3","1","2","2","idle","drain","swing","swing","1","1","-20","0","9"
"1","bot_learned_sequence","human","0","8318","2","3","3","1","0","0","2","pull","jump","knockdown","none","1","1","-18","594","9"
"1","bot_learned_sequence","human","0","8430","2","3","2","3","0","0","2","idle","jump","grip","none","1","1","84","0","9"
"1","bot_learned_sequence","human","0","8410","2","2","1","3","0","0","2","idle","jump","grip","none","1","1","30","0","9"
"1","bot_learned_sequence","bot","4","9455","3","3","2","3","0","1","2","idle","pull","none","none","1","0","13","0","9"
"1","bot_learned_sequence","bot","4","2267","3","2","1","3","0","2","0","idle","swing","none","none","1","0","-24","0","9"
"1","bot_learned_sequence","human","0","4271","3","3","2","2","0","0","1","pull","drain","none","none","1","1","0","264","9"
"1","bot_learned_sequence","human","0","10511","3","3","0","0","1","2","2","drain","swing","swing","swing","1","1","-19","297","9"
"1","bot_learned_sequence","human","0","8638","2","3","3","2","1","0","2","swing","drain","none","none","1","1","21","660","9"
"1","bot_learned_sequence","human","0","10635","3","2","0","2","1","2","2","drain","kick","none","none","1","1","39","363","9"
"1","bot_learned_sequence","human","0","8651","3","2","0","3","1","0","2","idle","jump","none","none","1","1","20","0","9"
"1","bot_learned_sequence","human","0","8331","3","2","0","2","0","0","2","drain","jump","none","none","1","1","20","495","9"
"1","bot_learned_sequence","human","0","8395","3","2","0","3","0","0","2","drain","swing","knockdown","none","1","1","-21","198","9"
"1","bot_learned_sequence","human","0","8202","2","2","0","0","0","0","2","idle","pull","none","none","1","1","49","0","9"
"1","bot_learned_sequence","human","0","8198","2","1","0","0","0","0","2","jump","jump","none","none","1","1","30","66","9"
"1","bot_learned_sequence","human","0","8838","2","1","0","2","2","0","2","idle","jump","none","none","1","1","20","0","9"
"1","bot_learned_sequence","human","0","2438","2","1","0","2","1","2","0","drain","kick","jump","none","1","1","20","528","9"
"1","bot_learned_sequence","human","0","8646","2","1","0","3","1","0","2","idle","jump","none","none","1","1","0","0","9"
"1","bot_learned_sequence","human","0","10438","2","1","0","3","0","2","2","drain","kick","none","none","1","1","0","396","9"
"1","bot_learned_sequence","human","0","8390","2","1","0","3","0","0","2","idle","jump","none","none","1","1","0","0","9"
"1","bot_learned_sequence","human","0","10438","2","1","0","3","0","2","2","idle","swing","none","none","1","1","-20","0","9"
"1","bot_learned_sequence","bot","4","1455","3","3","2","2","1","1","0","pull","pull","none","none","1","0","0","594","9"
"1","bot_learned_sequence","bot","4","10411","3","2","2","2","0","2","2","swing","swing","none","none","1","0","20","132","9"
"1","bot_learned_sequence","bot","4","10475","3","2","2","3","0","2","2","swing","swing","none","none","1","0","20","198","9"
"1","bot_learned_sequence","bot","4","2110","2","3","3","0","0","2","0","jump","drain","none","none","1","0","-20","429","9"
"1","bot_learned_sequence","bot","4","2110","2","3","3","0","0","2","0","idle","drain","none","none","1","0","21","0","9"
"1","bot_learned_sequence","bot","4","10522","2","2","1","0","1","2","2","idle","grip","none","none","1","0","4","0","9"
"1","bot_learned_sequence","bot","4","2138","2","2","1","1","0","2","0","pull","jump","none","none","1","0","20","33","9"
"1","bot_learned_sequence","bot","4","2058","2","2","0","0","0","2","0","pull","jump","none","none","1","0","-50","33","9"
"1","bot_learned_sequence","bot","4","297","1","2","2","0","1","0","0","jump","drain","none","none","1","0","-20","198","9"
"1","bot_learned_sequence","bot","4","2360","0","2","3","0","1","2","0","jump","drain","pull","none","1","0","0","594","9"
"1","bot_learned_sequence","bot","4","2361","1","2","3","0","1","2","0","jump","drain","none","none","1","0","0","165","9"
"1","bot_learned_sequence","bot","4","2105","1","2","3","0","0","2","0","jump","swing","swing","none","1","0","0","330","9"
"1","bot_learned_sequence","bot","4","10479","3","3","2","3","0","2","2","swing","grip","none","none","1","1","25","264","9"
"1","bot_learned_sequence","bot","4","10719","3","3","1","3","1","2","2","swing","grip","none","none","1","1","25","198","9"
"1","bot_learned_sequence","bot","4","10443","3","2","0","3","0","2","2","pull","jump","none","none","1","1","14","33","9"
"1","bot_learned_sequence","human","0","8383","3","3","3","2","0","0","2","idle","drain","none","none","1","0","-25","0","9"
"1","bot_learned_sequence","human","0","8495","3","3","2","0","1","0","2","idle","pull","none","none","1","0","-44","0","9"
"1","bot_learned_sequence","human","0","10687","3","3","3","2","1","2","2","idle","swing","none","none","1","0","-25","0","9"
"1","bot_learned_sequence","human","0","10558","2","3","3","0","1","2","2","idle","pull","pull","none","1","0","-15","0","9"
"1","bot_learned_sequence","human","0","10319","3","3","0","1","0","2","2","idle","pull","none","none","1","1","20","0","9"
"1","bot_learned_sequence","human","0","10255","3","3","0","0","0","2","2","pull","swing","swing","swing","1","1","39","429","9"
"1","bot_learned_sequence","human","0","8527","3","3","0","1","1","0","2","drain","pull","jump","knockdown","1","1","-20","594","9"
"1","bot_learned_sequence","human","0","8313","1","2","3","1","0","0","2","drain","jump","pull","jump","1","1","20","66","9"
"1","bot_learned_sequence","human","0","8713","1","2","0","0","2","0","2","idle","jump","none","none","1","1","-20","0","9"
"1","bot_learned_sequence","human","0","2329","1","2","1","0","1","2","0","pull","swing","swing","jump","1","1","-20","528","9"
"1","bot_learned_sequence","human","0","8362","2","2","2","2","0","0","2","idle","drain","jump","none","1","1","20","0","9"
"1","bot_learned_sequence","human","0","8474","2","2","1","0","1","0","2","idle","drain","swing","swing","1","1","20","0","9"
"1","bot_learned_sequence","human","0","8586","2","2","0","2","1","0","2","drain","pull","none","none","1","1","30","165","9"
"1","bot_learned_sequence","human","0","8198","2","1","0","0","0","0","2","pull","swing","none","none","1","1","0","297","9"
"1","bot_learned_sequence","human","0","8214","2","1","1","0","0","0","2","idle","swing","none","none","1","1","0","0","9"
"1","bot_learned_sequence","human","0","10598","2","1","2","1","1","2","2","drain","drain","none","none","1","1","0","66","9"
"1","bot_learned_sequence","human","0","10278","2","1","2","0","0","2","2","swing","jump","kick","none","1","1","20","33","9"
"1","bot_learned_sequence","human","0","8362","2","2","2","2","0","0","2","drain","jump","none","none","1","1","50","0","9"
"1","bot_learned_sequence","human","0","8198","2","1","0","0","0","0","2","drain","swing","swing","jump","1","1","29","429","9"
"1","bot_learned_sequence","human","0","8326","2","1","0","2","0","0","2","drain","pull","none","none","1","1","39","33","9"
"1","bot_learned_sequence","human","0","8326","2","1","0","2","0","0","2","idle","pull","none","none","1","1","41","0","9"
"1","bot_learned_sequence","human","0","8326","2","1","0","2","0","0","2","jump","jump","pull","none","1","1","41","132","9"
"1","bot_learned_sequence","human","0","8402","2","0","1","3","0","0","2","idle","jump","none","none","1","1","47","0","9"
"1","bot_learned_sequence","bot","4","10271","3","3","1","0","0","2","2","pull","drain","pull","none","1","0","0","165","9"
"1","bot_learned_sequence","bot","4","10654","2","3","1","2","1","2","2","kick","drain","none","none","1","0","-10","231","9"
"1","bot_learned_sequence","bot","4","2262","2","1","1","3","0","2","0","idle","drain","none","none","1","0","-40","0","9"
"1","bot_learned_sequence","bot","4","2405","1","1","2","1","1","2","0","jump","drain","none","none","1","0","20","363","9"
"1","bot_learned_sequence","bot","4","518","2","1","0","0","2","0","0","jump","pull","none","none","1","0","20","66","9"
"1","bot_learned_sequence","bot","4","346","2","2","1","1","1","0","0","jump","drain","none","none","1","0","0","528","9"
"1","bot_learned_sequence","bot","4","426","2","2","2","2","1","0","0","idle","drain","none","none","1","0","-30","0","9"
"1","bot_learned_sequence","bot","4","2313","1","2","0","0","1","2","0","idle","pull","none","none","1","0","20","0","9"
"1","bot_learned_sequence","bot","4","2377","1","2","0","1","1","2","0","swing","drain","none","none","1","0","0","693","9"
"1","bot_learned_sequence","bot","4","2457","1","2","1","2","1","2","0","idle","drain","none","none","1","0","0","0","9"
"1","bot_learned_sequence","bot","4","10377","1","2","0","2","0","2","2","idle","swing","none","none","1","0","-20","0","9"
"1","bot_learned_sequence","bot","4","2218","2","2","2","2","0","2","0","jump","drain","none","none","1","0","-50","0","9"
"1","bot_learned_sequence","bot","4","2314","2","2","0","0","1","2","0","idle","pull","drain","none","1","0","-40","0","9"
"1","bot_learned_sequence","bot","4","2153","1","2","2","1","0","2","0","jump","drain","none","none","1","0","-39","693","9"
"1","bot_learned_sequence","bot","4","2089","1","2","2","0","0","2","0","pull","jump","none","none","1","0","-41","33","9"
"1","bot_learned_sequence","bot","4","2360","0","2","3","0","1","2","0","idle","drain","knockdown","none","1","0","-21","0","9"
"1","bot_learned_sequence","bot","4","2616","0","2","3","0","2","2","0","idle","drain","none","none","1","0","-21","0","9"
"1","bot_learned_sequence","bot","4","2168","0","2","3","1","0","2","0","jump","swing","drain","none","1","0","-26","132","9"
"1","bot_learned_sequence","bot","4","2206","2","3","1","2","0","2","0","pull","grip","none","none","1","1","25","330","9"
"1","bot_learned_sequence","bot","4","2266","2","2","1","3","0","2","0","pull","drain","none","none","1","1","30","594","9"
"1","bot_learned_sequence","bot","4","2455","3","1","1","2","1","2","0","swing","drain","none","none","1","1","-10","33","9"
"1","bot_learned_sequence","bot","4","2134","2","1","1","1","0","2","0","idle","grip","none","none","1","1","-4","0","9"
"1","bot_learned_sequence","bot","4","2070","2","1","1","0","0","2","0","pull","jump","none","none","1","1","-6","33","9"
"1","bot_learned_sequence","bot","4","2086","2","1","2","0","0","2","0","pull","drain","none","none","1","1","14","132","9"
"1","bot_learned_sequence","bot","4","2310","2","1","0","0","1","2","0","idle","pull","none","none","1","1","14","0","9"
"1","bot_learned_sequence","human","0","10687","3","3","3","2","1","2","2","pull","swing","swing","pull","1","0","58","66","9"
"1","bot_learned_sequence","human","0","8494","2","3","2","0","1","0","2","drain","pull","none","none","1","0","-30","231","9"
"1","bot_learned_sequence","human","0","8557","1","3","2","1","1","0","2","idle","swing","none","none","1","0","10","0","9"
"1","bot_learned_sequence","human","0","10269","1","3","1","0","0","2","2","drain","swing","swing","pull","1","0","10","363","9"
"1","bot_learned_sequence","human","0","8265","1","2","0","1","0","0","2","grip","pull","none","none","1","0","6","132","9"
"1","bot_learned_sequence","human","0","8329","1","2","0","2","0","0","2","jump","jump","pull","none","1","0","6","66","9"
"1","bot_learned_sequence","human","0","8831","3","3","3","1","2","0","2","idle","drain","none","none","1","1","10","0","9"
"1","bot_learned_sequence","human","0","8479","3","3","1","0","1","0","2","drain","pull","none","none","1","1","29","330","9"
"1","bot_learned_sequence","human","0","10699","3","2","0","3","1","2","2","drain","kick","none","none","1","1","0","363","9"
"1","bot_learned_sequence","human","0","8207","3","3","0","0","0","0","2","idle","pull","drain","swing","1","1","-40","0","9"
"1","bot_learned_sequence","human","0","10527","3","3","1","0","1","2","2","swing","swing","swing","none","1","1","0","297","9"
"1","bot_learned_sequence","human","0","8575","3","3","3","1","1","0","2","idle","jump","drain","pull","1","1","20","0","9"
"1","bot_learned_sequence","human","0","8555","3","2","2","1","1","0","2","idle","drain","swing","swing","1","1","-20","0","9"
"1","bot_learned_sequence","human","0","8207","3","3","0","0","0","0","2","drain","pull","jump","none","1","1","70","165","9"
"1","bot_learned_sequence","human","0","8199","3","1","0","0","0","0","2","idle","jump","none","none","1","1","0","0","9"
"1","bot_learned_sequence","human","0","8471","3","1","1","0","1","0","2","idle","swing","swing","none","1","1","-19","0","9"
"1","bot_learned_sequence","human","0","8279","3","1","1","1","0","0","2","drain","jump","knockdown","none","1","1","-19","33","9"
"1","bot_learned_sequence","human","0","8219","3","2","1","0","0","0","2","drain","jump","knockdown","none","1","1","-20","396","9"
"1","bot_learned_sequence","human","0","8475","3","2","1","0","1","0","2","drain","drain","none","none","1","1","0","363","9"
"1","bot_learned_sequence","human","0","8219","3","2","1","0","0","0","2","idle","drain","none","none","1","1","-20","0","9"
"1","bot_learned_sequence","human","0","8475","3","2","1","0","1","0","2","idle","drain","swing","jump","1","1","0","0","9"
"1","bot_learned_sequence","human","0","8379","3","2","3","2","0","0","2","swing","drain","jump","none","1","1","20","231","9"
"1","bot_learned_sequence","human","0","8539","3","2","1","1","1","0","2","idle","drain","jump","none","1","1","20","0","9"
"1","bot_learned_sequence","human","0","279","3","1","1","0","1","0","0","drain","swing","swing","knockdown","1","1","10","132","9"
"1","bot_learned_sequence","human","0","359","3","1","2","1","1","0","0","push","drain","none","none","1","1","19","330","9"
"1","bot_learned_sequence","human","0","8455","3","1","0","0","1","0","2","idle","pull","jump","pull","1","1","19","0","9"
"1","bot_learned_sequence","human","0","8451","3","0","0","0","1","0","2","idle","drain","jump","drain","1","1","20","0","9"
"1","bot_learned_sequence","human","0","8531","3","0","1","1","1","0","2","idle","drain","none","none","1","1","0","0","9"
"1","bot_learned_sequence","human","0","8467","3","0","1","0","1","0","2","drain","drain","pull","jump","1","1","17","99","9"
"1","bot_learned_sequence","bot","4","2463","3","3","1","2","1","2","0","grip","pull","none","none","1","0","0","363","9"
"1","bot_learned_sequence","bot","4","2447","3","3","0","2","1","2","0","idle","drain","none","none","1","0","-29","0","9"
"1","bot_learned_sequence","bot","4","2622","2","3","3","0","2","2","0","jump","drain","none","none","1","0","0","231","9"
"1","bot_learned_sequence","bot","4","10303","3","3","3","0","0","2","2","idle","drain","grip","none","1","0","24","0","9"
"1","bot_learned_sequence","bot","4","10319","3","3","0","1","0","2","2","swing","swing","none","none","1","0","20","33","9"
"1","bot_learned_sequence","bot","4","2446","2","3","0","2","1","2","0","pull","drain","none","none","1","0","20","495","9"
"1","bot_learned_sequence","bot","4","10319","3","3","0","1","0","2","2","idle","drain","none","none","1","0","-70","0","9"
"1","bot_learned_sequence","bot","4","93","1","3","1","1","0","0","0","swing","drain","none","none","1","0","19","693","9"
"1","bot_learned_sequence","bot","4","2205","1","3","1","2","0","2","0","idle","drain","none","none","1","0","20","0","9"
"1","bot_learned_sequence","bot","4","2538","2","2","2","3","1","2","0","idle","drain","none","none","1","0","0","0","9"
"1","bot_learned_sequence","bot","4","2062","2","3","0","0","0","2","0","idle","swing","none","none","1","0","20","0","9"
"1","bot_learned_sequence","bot","4","2286","2","3","2","3","0","2","0","jump","swing","none","none","1","0","-20","660","9"
"1","bot_learned_sequence","bot","4","2142","2","3","1","1","0","2","0","jump","drain","none","none","1","0","-20","66","9"
"1","bot_learned_sequence","bot","4","8605","1","3","1","2","1","0","2","idle","push","none","none","1","0","0","0","9"
"1","bot_learned_sequence","bot","4","2316","0","3","0","0","1","2","0","pull","drain","none","none","1","0","-20","198","9"
"1","bot_learned_sequence","bot","4","2380","0","3","0","1","1","2","0","idle","drain","none","none","1","0","-17","0","9"
"1","bot_learned_sequence","bot","4","2427","3","2","3","1","1","2","0","idle","push","none","none","1","1","0","0","9"
"1","bot_learned_sequence","bot","4","2811","3","2","3","3","2","2","0","jump","pull","none","none","1","1","-20","297","9"
"1","bot_learned_sequence","bot","4","2234","2","2","3","2","0","2","0","idle","drain","knockdown","none","1","1","-50","0","9"
"1","bot_learned_sequence","bot","4","122","2","2","3","1","0","0","0","push","drain","none","none","1","1","-20","0","9"
"1","bot_learned_sequence","bot","4","570","2","2","3","0","2","0","0","idle","drain","none","none","1","1","20","0","9"
"1","bot_learned_sequence","bot","4","309","1","1","3","0","1","0","0","jump","drain","pull","none","1","1","20","0","9"
"1","bot_learned_sequence","bot","4","8565","1","1","3","1","1","0","2","idle","drain","none","none","1","1","2","0","9"
"1","bot_learned_sequence","bot","4","2070","2","1","1","0","0","2","0","jump","grip","none","none","1","1","22","462","9"
"1","bot_learned_sequence","bot","4","2386","2","0","1","1","1","2","0","drain","drain","none","none","1","1","20","33","9"
"1","bot_learned_sequence","bot","4","2050","2","0","0","0","0","2","0","pull","jump","none","none","1","1","-30","33","9"
"1","bot_learned_sequence","bot","4","2065","1","0","1","0","0","2","0","pull","swing","none","none","1","1","-10","165","9"
"1","bot_learned_sequence","bot","4","342","2","1","1","1","1","0","0","drain","drain","pull","none","1","1","-10","99","9"
"1","bot_learned_sequence","bot","4","2369","1","0","0","1","1","2","0","jump","pull","none","none","1","1","-20","396","9"
"1","bot_learned_sequence","bot","4","10516","0","1","1","0","1","2","2","kick","drain","none","none","1","1","-20","693","9"
"1","bot_learned_sequence","bot","4","2324","0","1","1","0","1","2","0","jump","drain","none","none","1","1","19","693","9"
"1","bot_learned_sequence","human","0","10431","3","3","3","2","0","2","2","pull","swing","swing","swing","1","0","0","198","9"
"1","bot_learned_sequence","human","0","8958","2","3","3","3","2","0","2","idle","jump","none","none","1","0","0","0","9"
"1","bot_learned_sequence","human","0","8686","2","3","2","3","1","0","2","idle","pull","none","none","1","0","20","0","9"
"1","bot_learned_sequence","human","0","8602","2","2","1","2","1","0","2","idle","push","none","none","1","0","50","0","9"
"1","bot_learned_sequence","human","0","218","2","2","1","3","0","0","0","drain","push","jump","none","1","0","20","0","9"
"1","bot_learned_sequence","human","0","714","2","2","0","3","2","0","0","drain","jump","kick","none","1","0","-20","99","9"
"1","bot_learned_sequence","human","0","453","1","1","0","3","1","0","0","drain","jump","none","none","1","0","-20","0","9"
"1","bot_learned_sequence","human","0","10693","1","1","0","3","1","2","2","pull","kick","knockdown","none","1","0","-20","99","9"
"1","bot_learned_sequence","human","0","8585","1","2","0","2","1","0","2","idle","jump","none","none","1","0","-22","0","9"
"1","bot_learned_sequence","human","0","8200","0","2","0","0","0","0","2","idle","pull","drain","none","1","0","0","0","9"
"1","bot_learned_sequence","human","0","8280","0","2","1","1","0","0","2","idle","swing","drain","none","1","0","-20","0","9"
"1","bot_learned_sequence","human","0","8200","0","2","0","0","0","0","2","idle","pull","none","none","1","0","30","0","9"
"1","bot_learned_sequence","human","0","8216","0","2","1","0","0","0","2","jump","jump","pull","none","1","0","30","33","9"
"1","bot_learned_sequence","human","0","10505","1","2","0","0","1","2","2","pull","swing","swing","jump","1","0","10","99","9"
"1","bot_learned_sequence","human","0","8468","0","1","1","0","1","0","2","pull","drain","none","none","1","0","20","66","9"
"1","bot_learned_sequence","human","0","8453","1","1","0","0","1","0","2","idle","pull","jump","pull","1","0","50","0","9"
"1","bot_learned_sequence","human","0","8769","1","0","0","1","2","0","2","idle","jump","none","none","1","0","0","0","9"
"1","bot_learned_sequence","human","0","10561","1","0","0","1","1","2","2","idle","kick","none","none","1","0","20","0","9"
"1","bot_learned_sequence","human","0","8257","1","0","0","1","0","0","2","idle","jump","none","none","1","0","-19","0","9"
"1","bot_learned_sequence","human","0","10398","2","3","1","2","0","2","2","drain","swing","swing","jump","1","1","10","297","9"
"1","bot_learned_sequence","human","0","6234","2","2","1","1","0","2","1","idle","swing","swing","jump","1","1","50","0","9"
"1","bot_learned_sequence","human","0","8666","2","2","1","3","1","0","2","idle","pull","jump","pull","1","1","28","0","9"
"1","bot_learned_sequence","human","0","8293","1","1","2","1","0","0","2","idle","pull","none","none","1","1","0","0","9"
"1","bot_learned_sequence","human","0","8549","1","1","2","1","1","0","2","drain","drain","none","none","1","1","0","66","9"
"1","bot_learned_sequence","human","0","10262","2","1","1","0","0","2","2","idle","swing","swing","jump","1","1","0","0","9"
"1","bot_learned_sequence","human","0","8474","2","2","1","0","1","0","2","drain","drain","jump","none","1","1","0","33","9"
"1","bot_learned_sequence","human","0","8234","2","2","2","0","0","0","2","idle","jump","none","none","1","1","20","0","9"
"1","bot_learned_sequence","human","0","8283","3","2","1","1","0","0","2","idle","drain","jump","none","1","1","20","0","9"
"1","bot_learned_sequence","human","0","8535","3","1","1","1","1","0","2","idle","drain","none","none","1","1","0","0","9"
"1","bot_learned_sequence","human","0","8215","3","1","1","0","0","0","2","idle","jump","none","none","1","1","20","0","9"
"1","bot_learned_sequence","human","0","8647","3","1","0","3","1","0","2","idle","pull","knockdown","none","1","1","-20","0","9"
"1","bot_learned_sequence","human","0","8523","3","2","0","1","1","0","2","idle","swing","swing","jump","1","1","-23","0","9"
"1","bot_learned_sequence","human","0","8283","3","2","1","1","0","0","2","idle","drain","none","none","1","1","-22","0","9"
"1","bot_learned_sequence","human","0","8539","3","2","1","1","1","0","2","idle","drain","pull","jump","1","1","20","0","9"
"1","bot_learned_sequence","human","0","8523","3","2","0","1","1","0","2","idle","jump","none","none","1","1","30","0","9"
"1","bot_learned_sequence","human","0","8579","3","0","0","2","1","0","2","drain","jump","none","none","1","1","0","693","9"
"1","bot_learned_sequence","bot","4","2490","2","2","3","2","1","2","0","idle","drain","none","none","1","0","-10","0","9"
"1","bot_learned_sequence","bot","4","1290","2","2","0","0","1","1","0","drain","pull","none","none","1","0","-20","231","9"
"1","bot_learned_sequence","bot","4","1113","1","2","1","1","0","1","0","pull","grip","none","none","1","0","23","132","9"
"1","bot_learned_sequence","bot","4","2453","1","1","1","2","1","2","0","pull","drain","none","none","1","0","0","594","9"
"1","bot_learned_sequence","bot","4","2457","1","2","1","2","1","2","0","jump","drain","none","none","1","0","0","330","9"
"1","bot_learned_sequence","bot","4","2122","2","2","0","1","0","2","0","jump","swing","none","none","1","0","0","264","9"
"1","bot_learned_sequence","bot","4","2186","2","2","0","2","0","2","0","jump","drain","none","none","1","0","-20","99","9"
"1","bot_learned_sequence","bot","4","349","1","3","1","1","1","0","0","drain","drain","none","none","1","0","-20","0","9"
"1","bot_learned_sequence","bot","4","2317","1","3","0","0","1","2","0","pull","drain","none","none","1","0","0","561","9"
"1","bot_learned_sequence","bot","4","381","1","3","3","1","1","0","0","idle","drain","none","none","1","0","0","0","9"
"1","bot_learned_sequence","bot","4","2142","2","3","1","1","0","2","0","jump","grip","none","none","1","0","23","297","9"
"1","bot_learned_sequence","bot","4","286","2","3","1","0","1","0","0","pull","drain","none","none","1","0","0","429","9"
"1","bot_learned_sequence","bot","4","2078","2","3","1","0","0","2","0","jump","swing","none","none","1","0","-30","627","9"
"1","bot_learned_sequence","bot","4","302","2","3","2","0","1","0","0","jump","pull","none","none","1","0","-30","363","9"
"1","bot_learned_sequence","bot","4","10557","1","3","3","0","1","2","2","kick","pull","none","none","1","0","-10","132","9"
"1","bot_learned_sequence","bot","4","10557","1","3","3","0","1","2","2","idle","drain","none","none","1","0","-30","0","9"
"1","bot_learned_sequence","bot","4","572","0","3","3","0","2","0","0","idle","drain","none","none","1","0","0","0","9"
"1","bot_learned_sequence","human","0","9391","3","3","2","2","0","1","2","grip","swing","none","none","1","1","16","650","9"
"1","bot_learned_sequence","human","0","9311","3","3","1","1","0","1","2","idle","pull","drain","none","1","1","0","0","9"
"1","bot_learned_sequence","human","0","9311","3","3","1","1","0","1","2","idle","jump","swing","swing","1","1","-22","0","9"
"1","bot_learned_sequence","human","0","1215","3","3","3","2","0","1","0","idle","swing","none","none","1","1","6","0","9"
"1","bot_learned_sequence","human","0","1215","3","3","3","2","0","1","0","grip","swing","none","none","1","1","-14","0","9"
"1","bot_learned_sequence","human","0","1151","3","3","3","1","0","1","0","idle","pull","pull","drain","1","1","-2","0","9"
"1","bot_learned_sequence","human","0","1471","3","3","3","2","1","1","0","knockdown","swing","swing","jump","1","1","0","700","9"
"1","bot_learned_sequence","human","0","1391","3","3","2","1","1","1","0","drain","swing","jump","none","1","1","-2","450","9"
"1","bot_learned_sequence","human","0","1151","3","3","3","1","0","1","0","grip","drain","none","none","1","1","-20","150","9"
"1","bot_learned_sequence","human","0","1391","3","3","2","1","1","1","0","idle","pull","jump","none","1","1","1","0","9"
"1","bot_learned_sequence","human","0","5503","3","3","3","1","1","1","1","pull","swing","none","none","1","1","103","50","9"
"1","bot_learned_sequence","human","0","1139","3","0","3","1","0","1","0","idle","drain","none","none","1","1","18","0","9"
"1","bot_learned_sequence","human","0","1027","3","0","0","0","0","1","0","idle","pull","none","none","1","1","20","0","9"
"1","bot_learned_sequence","human","0","1235","3","0","1","3","0","1","0","drain","jump","none","none","1","1","0","100","9"
"1","bot_learned_sequence","bot","3","2287","3","3","2","3","0","2","0","idle","grip","none","none","1","0","-16","0","9"
"1","bot_learned_sequence","bot","3","4559","3","3","0","3","1","0","1","idle","pull","none","none","1","0","0","0","9"
"1","bot_learned_sequence","bot","3","4847","3","3","2","3","2","0","1","jump","drain","none","none","1","0","0","100","9"
"1","bot_learned_sequence","bot","3","4319","3","3","1","3","0","0","1","idle","grip","none","none","1","0","22","0","9"
"1","bot_learned_sequence","bot","3","5599","3","3","1","3","1","1","1","idle","pull","none","none","1","0","-103","0","9"
"1","bot_learned_sequence","bot","3","4318","2","3","1","3","0","0","1","swing","grip","none","none","1","0","-72","400","9"
"1","bot_learned_sequence","bot","3","4108","0","3","0","0","0","0","1","pull","jump","push","none","1","0","-20","50","9"
"1","bot_learned_sequence","bot","3","4204","0","3","2","1","0","0","1","idle","drain","none","none","1","0","-11","0","9"
"1","bot_learned_sequence","human","0","9471","3","3","3","3","0","1","2","idle","swing","swing","swing","1","1","49","0","9"
"1","bot_learned_sequence","human","0","9471","3","3","3","3","0","1","2","idle","swing","swing","none","1","1","0","0","9"
"1","bot_learned_sequence","human","0","8435","3","0","3","3","0","0","2","swing","swing","swing","none","1","1","38","550","9"
"1","bot_learned_sequence","bot","3","2302","2","3","3","3","0","2","0","swing","swing","none","none","1","0","1","550","9"
"1","bot_learned_sequence","bot","3","2302","2","3","3","3","0","2","0","idle","swing","none","none","1","0","-39","0","9"
"1","bot_learned_sequence","bot","3","2301","1","3","3","3","0","2","0","swing","swing","none","none","1","0","1","650","9"
"1","bot_learned_sequence","bot","3","2300","0","3","3","3","0","2","0","swing","swing","none","none","1","0","2","600","9"
"1","bot_learned_sequence","bot","3","2300","0","3","3","3","0","2","0","idle","swing","none","none","1","0","-38","0","9"
"1","bot_learned_sequence","human","0","4507","3","2","1","2","1","0","1","idle","pull","none","none","1","1","-24","0","9"
"1","bot_learned_sequence","human","0","302","2","3","2","0","1","0","0","idle","swing","swing","drain","1","1","20","0","9"
"1","bot_learned_sequence","human","0","122","2","2","3","1","0","0","0","idle","jump","none","none","1","1","40","0","9"
"1","bot_learned_sequence","human","0","314","2","2","3","0","1","0","0","drain","drain","pull","jump","1","1","20","627","9"
"1","bot_learned_sequence","human","0","279","3","1","1","0","1","0","0","drain","drain","jump","none","1","1","0","132","9"
"1","bot_learned_sequence","human","0","27","3","2","1","0","0","0","0","drain","drain","jump","none","1","1","20","99","9"
"1","bot_learned_sequence","human","0","279","3","1","1","0","1","0","0","drain","drain","pull","none","1","1","20","66","9"
"1","bot_learned_sequence","human","0","263","3","1","0","0","1","0","0","drain","pull","jump","knockdown","1","1","-20","165","9"
"1","bot_learned_sequence","human","0","295","3","1","2","0","1","0","0","idle","drain","pull","jump","1","1","20","0","9"
"1","bot_learned_sequence","human","0","259","3","0","0","0","1","0","0","drain","pull","none","none","1","1","36","231","9"
"1","bot_learned_sequence","bot","3","1454","2","3","2","2","1","1","0","pull","pull","none","none","1","0","24","600","9"
"1","bot_learned_sequence","bot","3","2398","2","3","1","1","1","2","0","pull","grip","none","none","1","0","24","100","9"
"1","bot_learned_sequence","bot","3","2526","2","3","1","3","1","2","0","idle","pull","push","none","1","0","20","0","9"
"1","bot_learned_sequence","bot","3","250","2","2","3","3","0","0","0","idle","drain","none","none","1","0","20","0","9"
"1","bot_learned_sequence","bot","3","219","3","2","1","3","0","0","0","drain","swing","none","none","1","0","-20","132","9"
"1","bot_learned_sequence","bot","3","458","2","2","0","3","1","0","0","drain","pull","none","none","1","0","20","33","9"
"1","bot_learned_sequence","bot","3","217","1","2","1","3","0","0","0","jump","jump","drain","none","1","0","-20","99","9"
"1","bot_learned_sequence","bot","3","333","1","3","0","1","1","0","0","idle","drain","none","none","1","0","0","0","9"
"1","bot_learned_sequence","bot","3","77","1","3","0","1","0","0","0","jump","swing","drain","none","1","0","-20","165","9"
"1","bot_learned_sequence","bot","3","269","1","3","0","0","1","0","0","jump","swing","drain","none","1","0","-20","231","9"
"1","bot_learned_sequence","bot","3","269","1","3","0","0","1","0","0","idle","drain","none","none","1","0","20","0","9"
"1","bot_learned_sequence","bot","3","332","0","3","0","1","1","0","0","idle","drain","none","none","1","0","-36","0","9"
"1","bot_learned_sequence","bot","3","268","0","3","0","0","1","0","0","idle","pull","none","none","1","0","-16","0","9"
"1","bot_learned_sequence","human","0","6398","2","3","3","3","0","2","1","idle","swing","swing","none","1","1","30","0","9"
"1","bot_learned_sequence","human","0","6398","2","3","3","3","0","2","1","idle","swing","none","none","1","1","60","0","9"
"1","bot_learned_sequence","human","0","6398","2","3","3","3","0","2","1","swing","swing","swing","none","1","1","100","33","9"
"1","bot_learned_sequence","human","0","4346","2","2","3","3","0","0","1","idle","swing","swing","none","1","1","40","0","9"
"1","bot_learned_sequence","human","0","6390","2","1","3","3","0","2","1","idle","swing","swing","swing","1","1","51","0","9"
"1","bot_learned_sequence","human","0","4342","2","1","3","3","0","0","1","idle","swing","none","none","1","1","-14","0","9"
"1","bot_learned_sequence","human","0","4338","2","0","3","3","0","0","1","swing","swing","none","none","1","1","-54","132","9"
"1","bot_learned_sequence","bot","2","9467","3","2","3","3","0","1","2","swing","swing","none","none","1","0","-100","264","9"
"1","bot_learned_sequence","bot","2","1272","0","2","3","3","0","1","0","swing","swing","none","none","1","0","54","165","9"
"1","bot_learned_sequence","bot","2","8447","3","3","3","3","0","0","2","idle","drain","none","none","1","1","20","0","9"
"1","bot_learned_sequence","bot","2","431","3","3","2","2","1","0","0","drain","pull","none","none","1","1","20","264","9"
"1","bot_learned_sequence","bot","2","9691","3","2","1","3","1","1","2","idle","pull","none","none","1","1","30","0","9"
"1","bot_learned_sequence","bot","2","747","3","2","2","3","2","0","0","drain","pull","none","none","1","1","0","33","9"
"1","bot_learned_sequence","bot","2","442","2","2","3","2","1","0","0","idle","drain","none","none","1","1","-21","0","9"
"1","bot_learned_sequence","bot","2","314","2","2","3","0","1","0","0","idle","drain","pull","none","1","1","20","0","9"
"1","bot_learned_sequence","bot","2","1430","2","1","1","2","1","1","0","idle","pull","none","none","1","1","0","0","9"
"1","bot_learned_sequence","bot","2","1253","1","1","2","3","0","1","0","idle","drain","none","none","1","1","20","0","9"
"1","bot_learned_sequence","bot","2","486","2","1","2","3","1","0","0","idle","drain","none","none","1","1","0","0","9"
"1","bot_learned_sequence","bot","2","150","2","1","1","2","0","0","0","idle","swing","swing","none","1","1","20","0","9"
"1","bot_learned_sequence","bot","2","226","2","0","2","3","0","0","0","drain","grip","none","none","1","1","-17","132","9"
"1","bot_learned_sequence","bot","2","86","2","1","1","1","0","0","0","pull","drain","none","none","1","1","20","330","9"
"1","bot_learned_sequence","bot","2","322","2","0","0","1","1","0","0","idle","pull","jump","none","1","1","0","0","9"
"1","bot_learned_sequence","bot","2","338","2","0","1","1","1","0","0","drain","drain","none","none","1","1","-20","33","9"
"1","bot_learned_sequence","bot","2","274","2","0","1","0","1","0","0","idle","drain","pull","none","1","1","20","0","9"
"1","bot_learned_sequence","bot","2","258","2","0","0","0","1","0","0","drain","drain","swing","none","1","1","22","66","9"
"1","bot_learned_sequence","human","0","2174","2","3","3","1","0","2","0","idle","swing","swing","knockdown","1","0","-20","0","9"
"1","bot_learned_sequence","human","0","4286","2","3","3","2","0","0","1","idle","swing","swing","swing","1","0","0","0","9"
"1","bot_learned_sequence","human","0","4862","2","3","3","3","2","0","1","idle","drain","none","none","1","0","0","0","9"
"1","bot_learned_sequence","human","0","430","2","3","2","2","1","0","0","idle","pull","jump","none","1","0","50","0","9"
"1","bot_learned_sequence","human","0","218","2","2","1","3","0","0","0","drain","jump","none","none","1","0","1","231","9"
"1","bot_learned_sequence","human","0","170","2","2","2","2","0","0","0","idle","swing","swing","none","1","0","-20","0","9"
"1","bot_learned_sequence","human","0","4457","1","2","2","1","1","0","1","pull","jump","none","none","1","0","30","198","9"
"1","bot_learned_sequence","human","0","4457","1","2","2","1","1","0","1","idle","drain","none","none","1","0","-20","0","9"
"1","bot_learned_sequence","human","0","248","0","2","3","3","0","0","0","idle","drain","none","none","1","0","17","0","9"
"1","bot_learned_sequence","human","0","344","0","2","1","1","1","0","0","jump","drain","none","none","1","0","20","594","9"
"1","bot_learned_sequence","human","0","264","0","2","0","0","1","0","0","drain","jump","none","none","1","0","0","660","9"
"1","bot_learned_sequence","human","0","6335","3","3","3","2","0","2","1","pull","swing","swing","grip","1","1","32","33","9"
"1","bot_learned_sequence","human","0","4335","3","3","2","3","0","0","1","push","jump","drain","none","1","1","0","33","9"
"1","bot_learned_sequence","human","0","4281","1","2","3","2","0","0","1","idle","jump","none","none","1","1","0","0","9"
"1","bot_learned_sequence","human","0","285","1","3","1","0","1","0","0","drain","drain","jump","none","1","1","0","594","9"
"1","bot_learned_sequence","human","0","30","2","3","1","0","0","0","0","swing","drain","none","none","1","1","-20","33","9"
"1","bot_learned_sequence","human","0","14","2","3","0","0","0","0","0","swing","jump","none","none","1","1","-20","231","9"
"1","bot_learned_sequence","human","0","30","2","3","1","0","0","0","0","idle","jump","none","none","1","1","-20","0","9"
"1","bot_learned_sequence","human","0","77","1","3","0","1","0","0","0","idle","pull","jump","none","1","1","0","0","9"
"1","bot_learned_sequence","human","0","73","1","2","0","1","0","0","0","drain","pull","none","none","1","1","-20","0","9"
"1","bot_learned_sequence","human","0","348","0","3","1","1","1","0","0","idle","jump","drain","none","1","1","0","0","9"
"1","bot_learned_sequence","human","0","285","1","3","1","0","1","0","0","idle","drain","pull","jump","1","1","20","0","9"
"1","bot_learned_sequence","human","0","342","2","1","1","1","1","0","0","idle","drain","jump","knockdown","1","1","-20","0","9"
"1","bot_learned_sequence","human","0","601","1","2","1","1","2","0","0","drain","jump","drain","none","1","1","0","264","9"
"1","bot_learned_sequence","human","0","185","1","2","3","2","0","0","0","idle","swing","swing","pull","1","1","-29","0","9"
"1","bot_learned_sequence","human","0","168","0","2","2","2","0","0","0","pull","drain","none","none","1","1","-20","264","9"
"1","bot_learned_sequence","human","0","344","0","2","1","1","1","0","0","idle","jump","none","none","1","1","0","0","9"
"1","bot_learned_sequence","human","0","88","0","2","1","1","0","0","0","drain","drain","none","none","1","1","0","33","9"
"1","bot_learned_sequence","human","0","89","1","2","1","1","0","0","0","idle","drain","jump","none","1","1","-19","0","9"
"1","bot_learned_sequence","human","0","185","1","2","3","2","0","0","0","idle","jump","knockdown","none","1","1","-20","0","9"
"1","bot_learned_sequence","human","0","106","2","2","2","1","0","0","0","idle","jump","none","none","1","1","20","0","9"
"1","bot_learned_sequence","human","0","378","2","2","3","1","1","0","0","drain","drain","none","none","1","1","-20","33","9"
"1","bot_learned_sequence","human","0","26","2","2","1","0","0","0","0","idle","jump","drain","none","1","1","-20","0","9"
"1","bot_learned_sequence","human","0","26","2","2","1","0","0","0","0","swing","jump","none","none","1","1","40","528","9"
"1","bot_learned_sequence","human","0","22","2","1","1","0","0","0","0","drain","drain","pull","jump","1","1","20","99","9"
"1","bot_learned_sequence","bot","2","1263","3","3","2","3","0","1","0","idle","pull","none","none","1","0","-32","0","9"
"1","bot_learned_sequence","bot","2","1215","3","3","3","2","0","1","0","idle","push","none","none","1","0","0","0","9"
"1","bot_learned_sequence","bot","2","1471","3","3","3","2","1","1","0","drain","push","none","none","1","0","0","33","9"
"1","bot_learned_sequence","bot","2","230","2","1","2","3","0","0","0","jump","drain","none","none","1","0","0","165","9"
"1","bot_learned_sequence","bot","2","151","3","1","1","2","0","0","0","idle","swing","none","none","1","0","20","0","9"
"1","bot_learned_sequence","bot","2","11","3","2","0","0","0","0","0","drain","swing","none","none","1","0","20","297","9"
"1","bot_learned_sequence","bot","2","11","3","2","0","0","0","0","0","jump","swing","none","none","1","0","20","99","9"
"1","bot_learned_sequence","bot","2","75","3","2","0","1","0","0","0","jump","swing","none","none","1","0","20","66","9"
"1","bot_learned_sequence","bot","2","22","2","1","1","0","0","0","0","pull","drain","none","none","1","0","20","0","9"
"1","bot_learned_sequence","bot","2","263","3","1","0","0","1","0","0","idle","pull","none","none","1","0","20","0","9"
"1","bot_learned_sequence","bot","2","263","3","1","0","0","1","0","0","drain","pull","none","none","1","0","0","297","9"
"1","bot_learned_sequence","bot","2","537","1","2","1","0","2","0","0","idle","pull","none","none","1","0","20","0","9"
"1","bot_learned_sequence","bot","2","678","2","1","2","2","2","0","0","idle","drain","none","none","1","0","0","0","9"
"1","bot_learned_sequence","bot","2","506","2","2","3","3","1","0","0","idle","drain","pull","none","1","0","20","0","9"
"1","bot_learned_sequence","bot","2","402","2","0","1","2","1","0","0","pull","pull","none","none","1","0","20","561","9"
"1","bot_learned_sequence","bot","2","146","2","0","1","2","0","0","0","jump","drain","none","none","1","0","0","495","9"
"1","bot_learned_sequence","bot","2","482","2","0","2","3","1","0","0","idle","swing","none","none","1","0","0","0","9"
"1","bot_learned_sequence","bot","2","489","1","2","2","3","1","0","0","idle","drain","none","none","1","0","20","0","9"
"1","bot_learned_sequence","bot","2","266","2","2","0","0","1","0","0","drain","swing","none","none","1","0","-20","660","9"
"1","bot_learned_sequence","bot","2","73","1","2","0","1","0","0","0","jump","drain","none","none","1","0","-20","693","9"
"1","bot_learned_sequence","bot","2","296","0","2","2","0","1","0","0","jump","drain","none","none","1","0","0","99","9"
"1","bot_learned_sequence","bot","2","40","0","2","2","0","0","0","0","jump","swing","none","none","1","0","-28","429","9"
"1","bot_learned_sequence","human","0","4222","2","3","3","1","0","0","1","idle","pull","none","none","1","1","-30","0","9"
"1","bot_learned_sequence","human","0","4479","3","3","3","1","1","0","1","idle","drain","none","none","1","1","-30","0","9"
"1","bot_learned_sequence","human","0","6334","2","3","3","2","0","2","1","idle","swing","swing","swing","1","1","-19","0","9"
"1","bot_learned_sequence","human","0","414","2","3","1","2","1","0","0","drain","drain","swing","swing","1","1","30","396","9"
"1","bot_learned_sequence","human","0","62","2","3","3","0","0","0","0","idle","drain","none","none","1","1","-62","0","9"
"1","bot_learned_sequence","human","0","270","2","3","0","0","1","0","0","idle","pull","jump","pull","1","1","20","0","9"
"1","bot_learned_sequence","human","0","94","2","3","1","1","0","0","0","idle","drain","swing","swing","1","1","10","0","9"
"1","bot_learned_sequence","human","0","121","1","2","3","1","0","0","0","idle","jump","none","none","1","1","40","0","9"
"1","bot_learned_sequence","human","0","21","1","1","1","0","0","0","0","idle","drain","none","none","1","1","20","0","9"
"1","bot_learned_sequence","human","0","6","2","1","0","0","0","0","0","swing","jump","none","none","1","1","20","0","9"
"1","bot_learned_sequence","human","0","102","2","1","2","1","0","0","0","idle","jump","drain","none","1","1","-1","0","9"
"1","bot_learned_sequence","human","0","2070","2","1","1","0","0","2","0","idle","swing","swing","swing","1","1","0","0","9"
"1","bot_learned_sequence","human","0","386","2","0","0","2","1","0","0","idle","pull","jump","pull","1","1","20","0","9"
"1","bot_learned_sequence","bot","2","495","3","3","2","3","1","0","0","idle","grip","none","none","1","0","24","0","9"
"1","bot_learned_sequence","bot","2","9695","3","3","1","3","1","1","2","swing","grip","none","none","1","0","42","132","9"
"1","bot_learned_sequence","bot","2","1243","3","2","1","3","0","1","0","pull","jump","none","none","1","0","30","33","9"
"1","bot_learned_sequence","bot","2","443","3","2","3","2","1","0","0","pull","drain","none","none","1","0","-30","660","9"
"1","bot_learned_sequence","bot","2","8347","3","2","1","2","0","0","2","idle","grip","none","none","1","0","4","0","9"
"1","bot_learned_sequence","bot","2","347","3","2","1","1","1","0","0","idle","drain","none","none","1","0","-30","0","9"
"1","bot_learned_sequence","bot","2","470","2","1","1","3","1","0","0","drain","pull","none","none","1","0","20","66","9"
"1","bot_learned_sequence","bot","2","214","2","1","1","3","0","0","0","jump","drain","none","none","1","0","-20","66","9"
"1","bot_learned_sequence","bot","2","9","1","2","0","0","0","0","0","jump","swing","knockdown","none","1","0","-20","0","9"
"1","bot_learned_sequence","bot","2","153","1","2","1","2","0","0","0","drain","swing","none","none","1","0","0","330","9"
"1","bot_learned_sequence","bot","2","8425","1","2","2","3","0","0","2","swing","drain","none","none","1","0","-50","660","9"
"1","bot_learned_sequence","bot","2","312","0","2","3","0","1","0","0","pull","drain","none","none","1","0","-20","396","9"
"1","bot_learned_sequence","bot","2","360","0","2","2","1","1","0","0","jump","pull","none","none","1","0","-11","594","9"
"1","bot_learned_sequence","bot","2","175","3","3","2","2","0","0","0","pull","jump","none","none","1","1","-51","33","9"
"1","bot_learned_sequence","bot","2","63","3","3","3","0","0","0","0","idle","drain","none","none","1","1","-30","0","9"
"1","bot_learned_sequence","bot","2","318","2","3","3","0","1","0","0","idle","pull","none","none","1","1","21","0","9"
"1","bot_learned_sequence","bot","2","8558","2","3","2","1","1","0","2","swing","grip","none","none","1","1","23","165","9"
"1","bot_learned_sequence","bot","2","350","2","3","1","1","1","0","0","pull","drain","none","none","1","1","-20","561","9"
"1","bot_learned_sequence","bot","2","46","2","3","2","0","0","0","0","idle","drain","none","none","1","1","-21","0","9"
"1","bot_learned_sequence","bot","2","8509","1","3","3","0","1","0","2","idle","pull","none","none","1","1","-10","0","9"
"1","bot_learned_sequence","bot","2","312","0","2","3","0","1","0","0","jump","drain","none","none","1","1","20","0","9"
"1","bot_learned_sequence","bot","2","312","0","2","3","0","1","0","0","idle","swing","none","none","1","1","0","0","9"
"1","bot_learned_sequence","bot","2","312","0","2","3","0","1","0","0","idle","drain","none","none","1","1","1","0","9"
"1","bot_learned_sequence","bot","2","25","1","2","1","0","0","0","0","swing","grip","none","none","1","1","23","0","9"
"1","bot_learned_sequence","human","0","4479","3","3","3","1","1","0","1","idle","drain","swing","none","1","0","-20","0","9"
"1","bot_learned_sequence","human","0","175","3","3","2","2","0","0","0","jump","jump","none","none","1","0","31","33","9"
"1","bot_learned_sequence","human","0","143","3","3","0","2","0","0","0","drain","jump","none","none","1","0","50","264","9"
"1","bot_learned_sequence","human","0","2251","3","2","0","3","0","2","0","pull","swing","swing","swing","1","0","-23","231","9"
"1","bot_learned_sequence","human","0","155","3","2","1","2","0","0","0","grip","drain","none","none","1","0","-21","627","9"
"1","bot_learned_sequence","human","0","199","3","1","0","3","0","0","0","drain","swing","swing","swing","1","0","0","165","9"
"1","bot_learned_sequence","human","0","450","2","0","0","3","1","0","0","drain","jump","none","none","1","0","-20","0","9"
"1","bot_learned_sequence","human","0","70","2","1","0","1","0","0","0","grip","swing","knockdown","none","1","0","-23","0","9"
"1","bot_learned_sequence","human","0","2479","3","3","2","2","1","2","0","idle","grip","none","none","1","1","-38","0","9"
"1","bot_learned_sequence","human","0","2239","3","3","3","2","0","2","0","idle","jump","none","none","1","1","0","0","9"
"1","bot_learned_sequence","human","0","62","2","3","3","0","0","0","0","idle","drain","jump","none","1","1","0","0","9"
"1","bot_learned_sequence","human","0","2094","2","3","2","0","0","2","0","idle","swing","swing","swing","1","1","0","0","9"
"1","bot_learned_sequence","human","0","303","3","3","2","0","1","0","0","idle","pull","none","none","1","1","20","0","9"
"1","bot_learned_sequence","human","0","363","3","2","2","1","1","0","0","idle","drain","pull","jump","1","1","20","0","9"
"1","bot_learned_sequence","human","0","70","2","1","0","1","0","0","0","idle","jump","knockdown","none","1","1","-20","0","9"
"1","bot_learned_sequence","human","0","362","2","2","2","1","1","0","0","swing","drain","none","none","1","1","30","660","9"
"1","bot_learned_sequence","human","0","2330","2","2","1","0","1","2","0","idle","swing","swing","swing","1","1","60","0","9"
"1","bot_learned_sequence","human","0","6","2","1","0","0","0","0","0","idle","pull","jump","none","1","1","44","0","9"
"1","bot_learned_sequence","bot","1","8351","3","3","1","2","0","0","2","grip","pull","none","none","1","0","40","198","9"
"1","bot_learned_sequence","bot","1","8347","3","2","1","2","0","0","2","swing","grip","none","none","1","0","22","33","9"
"1","bot_learned_sequence","bot","1","75","3","2","0","1","0","0","0","jump","swing","none","none","1","0","0","198","9"
"1","bot_learned_sequence","bot","1","475","3","2","1","3","1","0","0","drain","pull","none","none","1","0","-20","66","9"
"1","bot_learned_sequence","bot","1","142","2","3","0","2","0","0","0","pull","drain","none","none","1","0","-20","396","9"
"1","bot_learned_sequence","bot","1","266","2","2","0","0","1","0","0","idle","pull","drain","none","1","0","-51","0","9"
"1","bot_learned_sequence","bot","1","265","1","2","0","0","1","0","0","jump","pull","none","none","1","0","20","594","9"
"1","bot_learned_sequence","bot","1","297","1","2","2","0","1","0","0","idle","drain","none","none","1","0","0","0","9"
"1","bot_learned_sequence","bot","1","90","2","2","1","1","0","0","0","idle","drain","none","none","1","0","0","0","9"
"1","bot_learned_sequence","bot","1","346","2","2","1","1","1","0","0","idle","swing","none","none","1","0","0","0","9"
"1","bot_learned_sequence","bot","1","394","2","2","0","2","1","0","0","drain","pull","none","none","1","0","-30","33","9"
"1","bot_learned_sequence","bot","1","425","1","2","2","2","1","0","0","pull","drain","none","none","1","0","-94","99","9"
"1","bot_learned_sequence","human","0","2223","3","3","2","2","0","2","0","idle","push","none","none","1","1","-29","0","9"
"1","bot_learned_sequence","human","0","2319","3","3","0","0","1","2","0","drain","swing","swing","swing","1","1","20","594","9"
"1","bot_learned_sequence","human","0","335","3","3","0","1","1","0","0","idle","jump","none","none","1","1","32","0","9"
"1","bot_learned_sequence","human","0","2383","3","3","0","1","1","2","0","pull","kick","jump","none","1","1","32","231","9"
"1","bot_learned_sequence","human","0","139","3","2","0","2","0","0","0","drain","jump","kick","none","1","1","0","363","9"
"1","bot_learned_sequence","human","0","2523","3","2","1","3","1","2","0","idle","swing","swing","none","1","1","0","0","9"
"1","bot_learned_sequence","human","0","2475","3","2","2","2","1","2","0","pull","swing","swing","drain","1","1","0","33","9"
"1","bot_learned_sequence","human","0","2331","3","2","1","0","1","2","0","idle","swing","swing","none","1","1","10","0","9"
"1","bot_learned_sequence","human","0","2235","3","2","3","2","0","2","0","idle","swing","swing","none","1","1","60","0","9"
"1","bot_learned_sequence","human","0","411","3","2","1","2","1","0","0","drain","pull","jump","none","1","1","80","198","9"
"1","bot_learned_sequence","human","0","195","3","0","0","3","0","0","0","idle","swing","none","none","1","1","20","0","9"
"1","bot_learned_sequence","bot","1","415","3","3","1","2","1","0","0","pull","pull","none","none","1","0","-10","528","9"
"1","bot_learned_sequence","bot","1","366","2","3","2","1","1","0","0","idle","drain","none","none","1","0","0","0","9"
"1","bot_learned_sequence","bot","1","430","2","3","2","2","1","0","0","jump","drain","none","none","1","0","0","495","9"
"1","bot_learned_sequence","bot","1","287","3","3","1","0","1","0","0","jump","pull","none","none","1","0","-32","132","9"
"1","bot_learned_sequence","bot","1","318","2","3","3","0","1","0","0","idle","drain","none","none","1","0","-20","0","9"
"1","bot_learned_sequence","bot","1","8510","2","3","3","0","1","0","2","kick","drain","none","none","1","0","0","660","9"
"1","bot_learned_sequence","bot","1","62","2","3","3","0","0","0","0","jump","swing","none","none","1","0","0","264","9"
"1","bot_learned_sequence","bot","1","8622","2","3","2","2","1","0","2","swing","pull","none","none","1","0","0","363","9"
"1","bot_learned_sequence","bot","1","430","2","3","2","2","1","0","0","drain","drain","none","none","1","0","0","66","9"
"1","bot_learned_sequence","bot","1","8350","2","3","1","2","0","0","2","swing","swing","none","none","1","0","-60","660","9"
"1","bot_learned_sequence","bot","1","8702","2","3","3","3","1","0","2","swing","drain","none","none","1","0","-80","594","9"
"1","bot_learned_sequence","bot","1","316","0","3","3","0","1","0","0","idle","swing","none","none","1","0","-20","0","9"
"1","bot_learned_sequence","human","0","479","3","3","1","3","1","0","0","idle","pull","jump","none","1","1","0","0","9"
"1","bot_learned_sequence","human","0","2283","3","2","2","3","0","2","0","idle","swing","swing","swing","1","1","0","0","9"
"1","bot_learned_sequence","human","0","203","3","2","0","3","0","0","0","swing","jump","none","none","1","1","40","297","9"
"1","bot_learned_sequence","human","0","2247","3","1","0","3","0","2","0","drain","swing","swing","none","1","1","40","132","9"
"1","bot_learned_sequence","human","0","195","3","0","0","3","0","0","0","push","jump","none","none","1","1","4","0","9"
"1","bot_learned_sequence","bot","1","191","3","3","3","2","0","0","0","jump","swing","none","none","1","0","0","33","9"
"1","bot_learned_sequence","bot","1","445","1","3","3","2","1","0","0","pull","drain","none","none","1","0","0","462","9"
"1","bot_learned_sequence","bot","1","62","2","3","3","0","0","0","0","idle","swing","none","none","1","0","-40","0","9"
"1","bot_learned_sequence","bot","1","61","1","3","3","0","0","0","0","idle","drain","none","none","1","0","-40","0","9"
"1","bot_learned_sequence","bot","1","8493","1","3","2","0","1","0","2","idle","pull","none","none","1","0","-50","0","9"
"1","bot_learned_sequence","bot","1","60","0","3","3","0","0","0","0","jump","push","jump","none","1","0","-4","0","9"
"1","bot_learned_sequence","human","0","8447","3","3","3","3","0","0","2","idle","pull","none","none","1","1","-9","0","9"
"1","bot_learned_sequence","human","0","2063","3","3","0","0","0","2","0","drain","swing","swing","swing","1","1","-20","297","9"
"1","bot_learned_sequence","human","0","271","3","3","0","0","1","0","0","drain","swing","swing","none","1","1","10","429","9"
"1","bot_learned_sequence","human","0","383","3","3","3","1","1","0","0","idle","swing","swing","swing","1","1","50","0","9"
"1","bot_learned_sequence","human","0","79","3","3","0","1","0","0","0","drain","pull","none","none","1","1","50","231","9"
"1","bot_learned_sequence","human","0","347","3","2","1","1","1","0","0","idle","pull","jump","kick","1","1","0","0","9"
"1","bot_learned_sequence","human","0","363","3","2","2","1","1","0","0","drain","drain","swing","swing","1","1","0","33","9"
"1","bot_learned_sequence","human","0","347","3","2","1","1","1","0","0","pull","pull","none","none","1","1","10","396","9"
"1","bot_learned_sequence","human","0","267","3","2","0","0","1","0","0","idle","pull","jump","pull","1","1","-29","0","9"
"1","bot_learned_sequence","human","0","18","2","0","1","0","0","0","0","pull","jump","none","none","1","1","0","660","9"
"1","bot_learned_sequence","human","0","706","2","0","0","3","2","0","0","pull","pull","jump","none","1","1","3","495","9"
"1","bot_learned_sequence","bot","1","10735","3","3","2","3","1","2","2","swing","grip","none","none","1","0","-19","33","9"
"1","bot_learned_sequence","bot","1","255","3","3","3","3","0","0","0","pull","jump","swing","drain","1","0","9","33","9"
"1","bot_learned_sequence","bot","1","31","3","3","1","0","0","0","0","idle","drain","none","none","1","0","19","0","9"
"1","bot_learned_sequence","bot","1","8559","3","3","2","1","1","0","2","idle","drain","none","none","1","0","-20","0","9"
"1","bot_learned_sequence","bot","1","287","3","3","1","0","1","0","0","jump","drain","none","none","1","0","-10","660","9"
"1","bot_learned_sequence","bot","1","271","3","3","0","0","1","0","0","swing","pull","none","none","1","0","-10","66","9"
"1","bot_learned_sequence","bot","1","159","3","3","1","2","0","0","0","jump","swing","none","none","1","0","0","231","9"
"1","bot_learned_sequence","bot","1","175","3","3","2","2","0","0","0","pull","swing","drain","none","1","0","-80","66","9"
"1","bot_learned_sequence","bot","1","8606","2","3","1","2","1","0","2","idle","pull","none","none","1","0","0","0","9"
"1","bot_learned_sequence","bot","1","8606","2","3","1","2","1","0","2","idle","drain","none","none","1","0","0","0","9"
"1","bot_learned_sequence","bot","1","590","2","3","0","1","2","0","0","idle","pull","pull","none","1","0","-20","0","9"
"1","bot_learned_sequence","bot","1","94","2","3","1","1","0","0","0","pull","drain","none","none","1","0","10","330","9"
"1","bot_learned_sequence","bot","1","265","1","2","0","0","1","0","0","pull","pull","none","none","1","0","-12","693","9"
"1","bot_learned_sequence","bot","1","265","1","2","0","0","1","0","0","idle","drain","pull","none","1","0","-51","0","9"
"1","bot_learned_sequence","bot","1","632","0","2","3","1","2","0","0","idle","pull","none","none","1","0","20","0","9"
"1","bot_learned_sequence","bot","1","308","0","1","3","0","1","0","0","idle","drain","none","none","1","0","-23","0","9"
"1","bot_learned_sequence","human","0","347","3","2","1","1","1","0","0","idle","pull","jump","swing","1","1","30","0","9"
"1","bot_learned_sequence","human","0","215","3","1","1","3","0","0","0","idle","jump","none","none","1","1","20","0","9"
"1","bot_learned_sequence","bot","1","382","2","3","3","1","1","0","0","pull","drain","knockdown","none","1","0","-50","0","9"
"1","bot_learned_sequence","bot","1","317","1","3","3","0","1","0","0","jump","drain","none","none","1","0","-16","330","9"
"1","bot_learned_sequence","human","0","335","3","3","0","1","1","0","0","idle","swing","swing","drain","1","1","10","0","9"
"1","bot_learned_sequence","human","0","75","3","2","0","1","0","0","0","drain","pull","none","none","1","1","20","132","9"
"1","bot_learned_sequence","human","0","75","3","2","0","1","0","0","0","jump","jump","pull","none","1","1","0","33","9"
"1","bot_learned_sequence","human","0","2411","3","2","2","1","1","2","0","pull","kick","jump","none","1","1","-48","99","9"
"1","bot_learned_sequence","human","0","315","3","2","3","0","1","0","0","pull","drain","jump","none","1","1","-30","297","9"
"1","bot_learned_sequence","human","0","378","2","2","3","1","1","0","0","idle","drain","pull","jump","1","1","-10","0","9"
"1","bot_learned_sequence","human","0","154","2","2","1","2","0","0","0","idle","swing","knockdown","none","1","1","-40","0","9"
"1","bot_learned_sequence","human","0","450","2","0","0","3","1","0","0","idle","jump","none","none","1","1","0","0","9"
"1","bot_learned_sequence","human","0","706","2","0","0","3","2","0","0","idle","jump","swing","swing","1","1","-30","0","9"
"1","bot_learned_sequence","human","0","2449","1","0","1","2","1","2","0","drain","swing","swing","swing","1","1","0","231","9"
"1","bot_learned_sequence","human","0","2437","1","1","0","2","1","2","0","idle","pull","jump","knockdown","1","1","-20","0","9"
"1","bot_learned_sequence","human","0","8","0","2","0","0","0","0","0","idle","jump","drain","swing","1","1","0","0","9"
"1","bot_learned_sequence","human","0","2409","1","2","2","1","1","2","0","idle","drain","none","none","1","1","0","0","9"
"1","bot_learned_sequence","human","0","2089","1","2","2","0","0","2","0","idle","jump","none","none","1","1","0","0","9"
"1","bot_learned_sequence","human","0","105","1","2","2","1","0","0","0","swing","drain","swing","swing","1","1","0","99","9"
"1","bot_learned_sequence","human","0","225","1","0","2","3","0","0","0","drain","jump","pull","none","1","1","1","0","9"
"1","bot_learned_sequence","human","0","5","1","1","0","0","0","0","0","pull","swing","drain","none","1","1","-20","198","9"
"1","bot_learned_sequence","human","0","2053","1","1","0","0","0","2","0","idle","pull","none","none","1","1","40","0","9"
"1","bot_learned_sequence","human","0","2049","1","0","0","0","0","2","0","jump","jump","pull","none","1","1","20","66","9"
"1","bot_learned_sequence","bot","1","495","3","3","2","3","1","0","0","jump","pull","none","none","1","0","-50","99","9"
"1","bot_learned_sequence","bot","1","286","2","3","1","0","1","0","0","idle","drain","none","none","1","0","-20","0","9"
"1","bot_learned_sequence","bot","1","30","2","3","1","0","0","0","0","pull","jump","none","none","1","0","-20","33","9"
"1","bot_learned_sequence","bot","1","8430","2","3","2","3","0","0","2","swing","drain","none","none","1","0","38","165","9"
"1","bot_learned_sequence","bot","1","8606","2","3","1","2","1","0","2","jump","pull","none","none","1","0","48","396","9"
"1","bot_learned_sequence","bot","1","462","2","3","0","3","1","0","0","jump","pull","none","none","1","0","30","363","9"
"1","bot_learned_sequence","bot","1","74","2","2","0","1","0","0","0","jump","swing","none","none","1","0","-1","165","9"
"1","bot_learned_sequence","bot","1","426","2","2","2","2","1","0","0","drain","pull","none","none","1","0","0","66","9"
"1","bot_learned_sequence","bot","1","346","2","2","1","1","1","0","0","idle","drain","none","none","1","0","-50","0","9"
"1","bot_learned_sequence","bot","1","552","0","2","2","0","2","0","0","jump","drain","none","none","1","0","0","264","9"
"1","bot_learned_sequence","bot","1","40","0","2","2","0","0","0","0","jump","push","none","none","1","0","-21","297","9"
"1","bot_learned_sequence","bot","1","296","0","2","2","0","1","0","0","jump","push","none","none","1","0","0","396","9"
"1","bot_learned_sequence","bot","1","312","0","2","3","0","1","0","0","idle","push","none","none","1","0","0","0","9"
"1","bot_learned_sequence","bot","1","8628","0","1","3","2","1","0","2","swing","drain","none","none","1","0","0","165","9"
"1","bot_learned_sequence","bot","1","8565","1","1","3","1","1","0","2","idle","drain","none","none","1","0","20","0","9"
"1","bot_learned_sequence","bot","1","98","2","0","2","1","0","0","0","idle","drain","none","none","1","0","0","0","9"
"1","bot_learned_sequence","bot","1","8278","2","1","1","1","0","0","2","jump","swing","none","none","1","0","19","330","9"
"1","bot_learned_sequence","bot","1","262","2","1","0","0","1","0","0","idle","pull","none","none","1","0","19","0","9"
"1","bot_learned_sequence","bot","1","8406","2","1","1","3","0","0","2","idle","swing","none","none","1","0","0","0","9"
"1","bot_learned_sequence","bot","1","180","0","1","3","2","0","0","0","jump","drain","none","none","1","0","-1","0","9"
"1","bot_learned_sequence","bot","1","261","1","1","0","0","1","0","0","idle","pull","none","none","1","0","19","0","9"
"1","bot_learned_sequence","bot","1","8453","1","1","0","0","1","0","2","drain","pull","none","none","1","0","-20","165","9"
"1","bot_learned_sequence","bot","1","8197","1","1","0","0","0","0","2","pull","jump","none","none","1","0","-40","33","9"
"1","bot_learned_sequence","human","0","63","3","3","3","0","0","0","0","pull","swing","swing","none","1","1","30","363","9"
"1","bot_learned_sequence","human","0","2111","3","3","3","0","0","2","0","drain","swing","swing","swing","1","1","10","330","9"
"1","bot_learned_sequence","human","0","191","3","3","3","2","0","0","0","idle","swing","swing","knockdown","1","1","-20","0","9"
"1","bot_learned_sequence","human","0","2495","3","3","3","2","1","2","0","pull","swing","swing","swing","1","1","41","0","9"
"1","bot_learned_sequence","human","0","155","3","2","1","2","0","0","0","drain","pull","none","none","1","1","21","198","9"
"1","bot_learned_sequence","human","0","214","2","1","1","3","0","0","0","idle","jump","none","none","1","1","49","0","9"
"1","bot_learned_sequence","bot","1","8447","3","3","3","3","0","0","2","idle","swing","none","none","1","0","0","0","9"
"1","bot_learned_sequence","bot","1","159","3","3","1","2","0","0","0","pull","swing","pull","none","1","0","-30","132","9"
"1","bot_learned_sequence","bot","1","8670","2","3","1","3","1","0","2","idle","drain","none","none","1","0","-10","0","9"
"1","bot_learned_sequence","bot","1","510","2","3","3","3","1","0","0","swing","drain","none","none","1","0","-21","594","9"
"1","bot_learned_sequence","bot","1","349","1","3","1","1","1","0","0","pull","pull","none","none","1","0","30","660","9"
"1","bot_learned_sequence","bot","4","1437","1","3","1","2","1","1","0","pull","pull","none","none","1","1","29","660","9"
"1","bot_learned_sequence","bot","4","8473","1","2","1","0","1","0","2","idle","grip","none","none","1","1","-7","0","9"
"1","bot_learned_sequence","human","0","367","3","3","2","1","1","0","0","grip","pull","drain","pull","1","0","6","0","9"
"1","bot_learned_sequence","human","0","103","3","1","2","1","0","0","0","pull","swing","none","none","1","0","10","363","9"
"1","bot_learned_sequence","human","0","2151","3","1","2","1","0","2","0","drain","drain","swing","swing","1","0","10","66","9"
"1","bot_learned_sequence","human","0","2375","3","1","0","1","1","2","0","idle","kick","none","none","1","0","9","0","9"
"1","bot_learned_sequence","human","0","2","2","0","0","0","0","0","0","idle","pull","none","none","1","0","-18","0","9"
"1","bot_learned_sequence","bot","2","383","3","3","3","1","1","0","0","grip","push","none","none","1","1","0","396","9"
"1","bot_learned_sequence","bot","2","335","3","3","0","1","1","0","0","jump","pull","none","none","1","1","19","264","9"
"1","bot_learned_sequence","bot","2","479","3","3","1","3","1","0","0","jump","drain","none","none","1","1","0","363","9"
"1","bot_learned_sequence","bot","2","143","3","3","0","2","0","0","0","drain","swing","none","none","1","1","-30","495","9"
"1","bot_learned_sequence","bot","2","8559","3","3","2","1","1","0","2","kick","drain","none","none","1","1","0","264","9"
"1","bot_learned_sequence","bot","2","507","3","2","3","3","1","0","0","drain","pull","none","none","1","1","20","33","9"
"1","bot_learned_sequence","bot","2","187","3","2","3","2","0","0","0","pull","jump","none","none","1","1","-79","33","9"
"1","bot_learned_sequence","bot","2","378","2","2","3","1","1","0","0","idle","drain","grip","none","1","1","5","0","9"
"1","bot_learned_sequence","bot","2","106","2","2","2","1","0","0","0","pull","jump","none","none","1","1","20","33","9"
"1","bot_learned_sequence","bot","2","426","2","2","2","2","1","0","0","drain","drain","pull","none","1","1","20","33","9"
"1","bot_learned_sequence","bot","2","410","2","2","1","2","1","0","0","idle","pull","none","none","1","1","-20","0","9"
"1","bot_learned_sequence","bot","2","282","2","2","1","0","1","0","0","idle","drain","none","none","1","1","-30","0","9"
"1","bot_learned_sequence","bot","2","25","1","2","1","0","0","0","0","jump","swing","none","none","1","1","0","429","9"
"1","bot_learned_sequence","bot","2","41","1","2","2","0","0","0","0","idle","swing","none","none","1","1","20","0","9"
"1","bot_learned_sequence","bot","2","8505","1","2","3","0","1","0","2","swing","drain","none","none","1","1","20","33","9"
"1","bot_learned_sequence","bot","2","8474","2","2","1","0","1","0","2","idle","pull","none","none","1","1","20","0","9"
"1","bot_learned_sequence","bot","2","294","2","1","2","0","1","0","0","idle","drain","none","none","1","1","20","0","9"
"1","bot_learned_sequence","bot","2","8550","2","1","2","1","1","0","2","idle","drain","pull","none","1","1","0","0","9"
"1","bot_learned_sequence","bot","2","18","2","0","1","0","0","0","0","jump","drain","pull","none","1","1","20","198","9"
"1","bot_learned_sequence","human","0","2303","3","3","3","3","0","2","0","idle","swing","swing","grip","1","0","4","0","9"
"1","bot_learned_sequence","human","0","127","3","3","3","1","0","0","0","idle","jump","none","none","1","0","0","0","9"
"1","bot_learned_sequence","human","0","319","3","3","3","0","1","0","0","drain","drain","none","none","1","0","0","363","9"
"1","bot_learned_sequence","human","0","47","3","3","2","0","0","0","0","swing","swing","swing","swing","1","0","30","396","9"
"1","bot_learned_sequence","human","0","159","3","3","1","2","0","0","0","idle","jump","none","none","1","0","0","0","9"
"1","bot_learned_sequence","human","0","495","3","3","2","3","1","0","0","idle","drain","jump","kick","1","0","0","0","9"
"1","bot_learned_sequence","human","0","95","3","3","1","1","0","0","0","idle","swing","swing","swing","1","0","-20","0","9"
"1","bot_learned_sequence","human","0","382","2","3","3","1","1","0","0","idle","jump","kick","none","1","0","-30","0","9"
"1","bot_learned_sequence","human","0","382","2","3","3","1","1","0","0","idle","swing","swing","swing","1","0","0","0","9"
"1","bot_learned_sequence","human","0","238","2","3","2","3","0","0","0","jump","jump","pull","none","1","0","60","66","9"
"1","bot_learned_sequence","human","0","10","2","2","0","0","0","0","0","pull","swing","knockdown","none","1","0","-15","165","9"
"1","bot_learned_sequence","human","0","154","2","2","1","2","0","0","0","idle","grip","none","none","1","0","6","0","9"
"1","bot_learned_sequence","human","0","2518","2","1","1","3","1","2","0","idle","swing","none","none","1","0","-20","0","9"
"1","bot_learned_sequence","human","0","2186","2","2","0","2","0","2","0","drain","swing","none","none","1","0","-20","264","9"
"1","bot_learned_sequence","human","0","73","1","2","0","1","0","0","0","idle","swing","knockdown","none","1","0","-40","0","9"
"1","bot_learned_sequence","human","0","72","0","2","0","1","0","0","0","idle","jump","none","none","1","0","0","0","9"
"1","bot_learned_sequence","human","0","719","3","3","0","3","2","0","0","idle","jump","none","none","1","1","-19","0","9"
"1","bot_learned_sequence","human","0","2511","3","3","0","3","1","2","0","pull","kick","none","none","1","1","-19","396","9"
"1","bot_learned_sequence","human","0","2383","3","3","0","1","1","2","0","idle","jump","kick","none","1","1","-2","0","9"
"1","bot_learned_sequence","human","0","143","3","3","0","2","0","0","0","idle","pull","none","none","1","1","1","0","9"
"1","bot_learned_sequence","human","0","31","3","3","1","0","0","0","0","idle","swing","swing","drain","1","1","1","0","9"
"1","bot_learned_sequence","human","0","367","3","3","2","1","1","0","0","idle","drain","none","none","1","1","10","0","9"
"1","bot_learned_sequence","human","0","2095","3","3","2","0","0","2","0","swing","swing","swing","drain","1","1","10","99","9"
"1","bot_learned_sequence","human","0","331","3","2","0","1","1","0","0","idle","drain","none","none","1","1","0","0","9"
"1","bot_learned_sequence","human","0","327","3","1","0","1","1","0","0","idle","drain","pull","none","1","1","20","0","9"
"1","bot_learned_sequence","human","0","279","3","1","1","0","1","0","0","idle","drain","none","none","1","1","20","0","9"
"1","bot_learned_sequence","human","0","87","3","1","1","1","0","0","0","idle","jump","drain","none","1","1","20","0","9"
"1","bot_learned_sequence","human","0","275","3","0","1","0","1","0","0","push","drain","none","none","1","1","0","165","9"
"1","bot_learned_sequence","human","0","531","3","0","1","0","2","0","0","idle","jump","none","none","1","1","16","0","9"
"1","bot_learned_sequence","bot","2","447","3","3","3","2","1","0","0","pull","drain","none","none","1","0","-10","363","9"
"1","bot_learned_sequence","bot","2","559","3","3","2","0","2","0","0","jump","pull","none","none","1","0","19","66","9"
"1","bot_learned_sequence","bot","2","8495","3","3","2","0","1","0","2","kick","pull","drain","none","1","0","19","462","9"
"1","bot_learned_sequence","bot","2","8575","3","3","3","1","1","0","2","idle","drain","none","none","1","0","0","0","9"
"1","bot_learned_sequence","bot","2","47","3","3","2","0","0","0","0","jump","grip","none","none","1","0","2","33","9"
"1","bot_learned_sequence","bot","2","47","3","3","2","0","0","0","0","pull","jump","drain","pull","1","0","-1","33","9"
"1","bot_learned_sequence","bot","2","271","3","3","0","0","1","0","0","drain","pull","none","none","1","0","20","33","9"
"1","bot_learned_sequence","bot","2","143","3","3","0","2","0","0","0","idle","swing","none","none","1","0","-10","0","9"
"1","bot_learned_sequence","bot","2","334","2","3","0","1","1","0","0","idle","drain","none","none","1","0","-21","0","9"
"1","bot_learned_sequence","bot","2","13","1","3","0","0","0","0","0","pull","swing","drain","none","1","0","0","33","9"
"1","bot_learned_sequence","bot","2","332","0","3","0","1","1","0","0","idle","drain","none","none","1","0","-20","0","9"
"1","bot_learned_sequence","bot","2","332","0","3","0","1","1","0","0","jump","push","none","none","1","0","0","660","9"
"1","bot_learned_sequence","bot","2","332","0","3","0","1","1","0","0","jump","drain","none","none","1","0","-16","198","9"
"1","bot_learned_sequence","human","0","2239","3","3","3","2","0","2","0","pull","swing","drain","none","1","1","0","462","9"
"1","bot_learned_sequence","human","0","2175","3","3","3","1","0","2","0","idle","swing","knockdown","none","1","1","-46","0","9"
"1","bot_learned_sequence","human","0","446","2","3","3","2","1","0","0","idle","drain","swing","none","1","1","-30","0","9"
"1","bot_learned_sequence","human","0","174","2","3","2","2","0","0","0","grip","pull","none","none","1","1","-1","66","9"
"1","bot_learned_sequence","human","0","110","2","3","2","1","0","0","0","pull","drain","knockdown","none","1","1","-20","264","9"
"1","bot_learned_sequence","human","0","2078","2","3","1","0","0","2","0","swing","swing","swing","drain","1","1","-1","594","9"
"1","bot_learned_sequence","human","0","2158","2","3","2","1","0","2","0","drain","swing","swing","drain","1","1","-20","198","9"
"1","bot_learned_sequence","human","0","2350","2","3","2","0","1","2","0","idle","swing","swing","swing","1","1","-50","0","9"
"1","bot_learned_sequence","human","0","285","1","3","1","0","1","0","0","idle","pull","jump","pull","1","1","20","0","9"
"1","bot_learned_sequence","human","0","301","1","3","2","0","1","0","0","drain","drain","none","none","1","1","10","66","9"
"1","bot_learned_sequence","human","0","2078","2","3","1","0","0","2","0","swing","swing","knockdown","none","1","1","10","264","9"
"1","bot_learned_sequence","human","0","2413","1","3","2","1","1","2","0","idle","drain","none","none","1","1","-20","0","9"
"1","bot_learned_sequence","human","0","2078","2","3","1","0","0","2","0","idle","jump","none","none","1","1","0","0","9"
"1","bot_learned_sequence","human","0","26","2","2","1","0","0","0","0","pull","pull","jump","none","1","1","20","165","9"
"1","bot_learned_sequence","human","0","286","2","3","1","0","1","0","0","drain","drain","pull","jump","1","1","20","33","9"
"1","bot_learned_sequence","human","0","266","2","2","0","0","1","0","0","pull","drain","none","none","1","1","-20","693","9"
"1","bot_learned_sequence","human","0","25","1","2","1","0","0","0","0","pull","push","none","none","1","1","0","231","9"
"1","bot_learned_sequence","human","0","285","1","3","1","0","1","0","0","drain","pull","none","none","1","1","0","627","9"
"1","bot_learned_sequence","human","0","2157","1","3","2","1","0","2","0","idle","swing","swing","none","1","1","20","0","9"
"1","bot_learned_sequence","human","0","2349","1","3","2","0","1","2","0","drain","swing","none","none","1","1","70","231","9"
"1","bot_learned_sequence","human","0","157","1","3","1","2","0","0","0","idle","jump","none","none","1","1","110","0","9"
"1","bot_learned_sequence","human","0","2149","1","1","2","1","0","2","0","pull","swing","none","none","1","1","81","561","9"
"1","bot_learned_sequence","human","0","37","1","1","2","0","0","0","0","drain","jump","none","none","1","1","51","231","9"
"1","bot_learned_sequence","human","0","321","1","0","0","1","1","0","0","idle","pull","none","none","1","1","30","0","9"
"1","bot_learned_sequence","bot","2","8687","3","3","2","3","1","0","2","swing","pull","none","none","1","0","29","627","9"
"1","bot_learned_sequence","bot","2","479","3","3","1","3","1","0","0","idle","pull","none","none","1","0","26","0","9"
"1","bot_learned_sequence","bot","2","8363","3","2","2","2","0","0","2","idle","grip","none","none","1","0","3","0","9"
"1","bot_learned_sequence","bot","2","411","3","2","1","2","1","0","0","pull","pull","none","none","1","0","21","660","9"
"1","bot_learned_sequence","bot","2","411","3","2","1","2","1","0","0","idle","drain","none","none","1","0","0","0","9"
"1","bot_learned_sequence","bot","2","267","3","2","0","0","1","0","0","drain","swing","none","none","1","0","1","198","9"
"1","bot_learned_sequence","bot","2","8363","3","2","2","2","0","0","2","swing","drain","none","none","1","0","20","264","9"
"1","bot_learned_sequence","bot","2","411","3","2","1","2","1","0","0","drain","pull","none","none","1","0","20","33","9"
"1","bot_learned_sequence","bot","2","215","3","1","1","3","0","0","0","idle","grip","none","none","1","0","25","0","9"
"1","bot_learned_sequence","bot","2","407","3","1","1","2","1","0","0","pull","drain","none","none","1","0","-10","693","9"
"1","bot_learned_sequence","bot","2","75","3","2","0","1","0","0","0","drain","swing","none","none","1","0","-10","627","9"
"1","bot_learned_sequence","bot","2","330","2","2","0","1","1","0","0","idle","pull","none","none","1","0","-20","0","9"
"1","bot_learned_sequence","bot","2","347","3","2","1","1","1","0","0","jump","drain","none","none","1","0","-20","528","9"
"1","bot_learned_sequence","bot","2","266","2","2","0","0","1","0","0","pull","drain","pull","none","1","0","20","561","9"
"1","bot_learned_sequence","bot","2","394","2","2","0","2","1","0","0","idle","pull","none","none","1","0","20","0","9"
"1","bot_learned_sequence","bot","2","742","2","1","2","3","2","0","0","idle","drain","none","none","1","0","0","0","9"
"1","bot_learned_sequence","bot","2","8663","3","1","1","3","1","0","2","swing","drain","none","none","1","0","-70","231","9"
"1","bot_learned_sequence","bot","2","102","2","1","2","1","0","0","0","jump","swing","pull","none","1","0","-60","165","9"
"1","bot_learned_sequence","bot","2","8404","0","1","1","3","0","0","2","swing","drain","none","none","1","0","-51","693","9"
"1","bot_learned_sequence","human","0","2479","3","3","2","2","1","2","0","pull","grip","none","none","1","1","-23","99","9"
"1","bot_learned_sequence","human","0","2283","3","2","2","3","0","2","0","idle","swing","swing","jump","1","1","80","0","9"
"1","bot_learned_sequence","human","0","279","3","1","1","0","1","0","0","idle","swing","swing","swing","1","1","46","0","9"
"1","bot_learned_sequence","bot","2","140","0","3","0","2","0","0","0","swing","drain","none","none","1","0","-7","528","9"
"1","bot_learned_sequence","bot","2","495","3","3","2","3","1","0","0","drain","pull","none","none","1","1","81","66","9"
"1","bot_learned_sequence","bot","2","459","3","2","0","3","1","0","0","drain","pull","none","none","1","1","0","66","9"
"1","bot_learned_sequence","bot","2","219","3","2","1","3","0","0","0","pull","jump","none","none","1","1","10","33","9"
"1","bot_learned_sequence","bot","2","395","3","2","0","2","1","0","0","idle","swing","none","none","1","1","-31","0","9"
"1","bot_learned_sequence","bot","2","331","3","2","0","1","1","0","0","pull","pull","none","none","1","1","9","594","9"
"1","bot_learned_sequence","bot","2","343","3","1","1","1","1","0","0","idle","drain","none","none","1","1","-10","0","9"
"1","bot_learned_sequence","bot","2","8278","2","1","1","1","0","0","2","kick","swing","none","none","1","1","0","264","9"
"1","bot_learned_sequence","bot","2","102","2","1","2","1","0","0","0","jump","drain","swing","swing","1","1","20","0","9"
"1","bot_learned_sequence","bot","2","407","3","1","1","2","1","0","0","drain","pull","none","none","1","1","30","33","9"
"1","bot_learned_sequence","bot","2","19","3","0","1","0","0","0","0","pull","drain","none","none","1","1","-20","0","9"
"1","bot_learned_sequence","bot","2","18","2","0","1","0","0","0","0","jump","swing","drain","none","1","1","0","132","9"
"1","bot_learned_sequence","bot","2","599","3","1","1","1","2","0","0","drain","pull","none","none","1","1","0","231","9"
"1","bot_learned_sequence","bot","2","327","3","1","0","1","1","0","0","jump","pull","none","none","1","1","2","330","9"
"1","bot_learned_sequence","bot","2","8423","3","1","2","3","0","0","2","swing","grip","none","none","1","1","14","264","9"
"1","bot_learned_sequence","bot","2","66","2","0","0","1","0","0","0","pull","jump","none","none","1","1","0","33","9"
"1","bot_learned_sequence","bot","2","262","2","1","0","0","1","0","0","drain","drain","pull","none","1","1","-21","66","9"
"1","bot_learned_sequence","bot","2","277","1","1","1","0","1","0","0","jump","drain","none","none","1","1","-20","528","9"
"1","bot_learned_sequence","bot","2","21","1","1","1","0","0","0","0","pull","drain","pull","none","1","1","20","0","9"
"1","bot_learned_sequence","bot","2","337","1","0","1","1","1","0","0","idle","push","none","none","1","1","-30","0","9"
"1","bot_learned_sequence","bot","2","368","0","0","3","1","1","0","0","pull","drain","none","none","1","1","-20","363","9"
"1","bot_learned_sequence","bot","2","16","0","0","1","0","0","0","0","idle","push","none","none","1","1","29","0","9"
"1","bot_learned_sequence","bot","2","336","0","0","1","1","1","0","0","jump","pull","none","none","1","1","39","462","9"
"1","bot_learned_sequence","human","0","111","3","3","2","1","0","0","0","idle","pull","jump","none","1","0","-52","0","9"
"1","bot_learned_sequence","human","0","2494","2","3","3","2","1","2","0","idle","swing","swing","none","1","0","-25","0","9"
"1","bot_learned_sequence","human","0","126","2","3","3","1","0","0","0","idle","pull","drain","none","1","0","0","0","9"
"1","bot_learned_sequence","human","0","2366","2","3","3","0","1","2","0","idle","swing","swing","swing","1","0","-2","0","9"
"1","bot_learned_sequence","human","0","126","2","3","3","1","0","0","0","grip","pull","none","none","1","0","-10","693","9"
"1","bot_learned_sequence","human","0","382","2","3","3","1","1","0","0","idle","pull","jump","pull","1","0","-30","0","9"
"1","bot_learned_sequence","human","0","381","1","3","3","1","1","0","0","knockdown","drain","swing","swing","1","0","-20","693","9"
"1","bot_learned_sequence","human","0","30","2","3","1","0","0","0","0","swing","pull","jump","pull","1","0","31","66","9"
"1","bot_learned_sequence","human","0","29","1","3","1","0","0","0","0","drain","swing","swing","drain","1","0","10","132","9"
"1","bot_learned_sequence","human","0","153","1","2","1","2","0","0","0","drain","jump","none","none","1","0","-20","0","9"
"1","bot_learned_sequence","human","0","2397","1","3","1","1","1","2","0","swing","swing","swing","drain","1","0","-30","495","9"
"1","bot_learned_sequence","human","0","76","0","3","0","1","0","0","0","idle","pull","jump","none","1","0","0","0","9"
"1","bot_learned_sequence","human","0","332","0","3","0","1","1","0","0","drain","pull","none","none","1","0","20","0","9"
"1","bot_learned_sequence","human","0","332","0","3","0","1","1","0","0","idle","drain","jump","none","1","0","20","0","9"
"1","bot_learned_sequence","human","0","349","1","3","1","1","1","0","0","idle","jump","drain","none","1","0","0","0","9"
"1","bot_learned_sequence","human","0","605","1","3","1","1","2","0","0","pull","jump","none","none","1","0","0","396","9"
"1","bot_learned_sequence","human","0","2157","1","3","2","1","0","2","0","pull","swing","swing","swing","1","0","8","594","9"
"1","bot_learned_sequence","human","0","120","0","2","3","1","0","0","0","idle","drain","pull","pull","1","0","-4","0","9"
"1","bot_learned_sequence","human","0","2472","0","2","2","2","1","2","0","idle","swing","swing","jump","1","0","-21","0","9"
"1","bot_learned_sequence","human","0","24","0","2","1","0","0","0","0","idle","pull","jump","drain","1","0","20","0","9"
"1","bot_learned_sequence","human","0","360","0","2","2","1","1","0","0","idle","drain","none","none","1","0","21","0","9"
"1","bot_learned_sequence","human","0","265","1","2","0","0","1","0","0","idle","pull","jump","pull","1","0","22","0","9"
"1","bot_learned_sequence","human","0","265","1","2","0","0","1","0","0","pull","pull","jump","none","1","0","21","297","9"
"1","bot_learned_sequence","human","0","261","1","1","0","0","1","0","0","drain","jump","pull","jump","1","0","0","594","9"
"1","bot_learned_sequence","human","0","69","1","1","0","1","0","0","0","drain","pull","none","none","1","0","-20","0","9"
"1","bot_learned_sequence","human","0","452","0","1","0","3","1","0","0","idle","pull","none","none","1","0","50","0","9"
"1","bot_learned_sequence","human","0","656","0","0","1","2","2","0","0","idle","jump","none","none","1","0","-39","0","9"
"1","bot_learned_sequence","human","0","320","0","0","0","1","1","0","0","pull","pull","none","none","1","0","-39","264","9"
"1","bot_learned_sequence","human","0","447","3","3","3","2","1","0","0","pull","pull","none","none","1","1","1","0","9"
"1","bot_learned_sequence","human","0","127","3","3","3","1","0","0","0","pull","swing","drain","swing","1","1","0","429","9"
"1","bot_learned_sequence","human","0","2079","3","3","1","0","0","2","0","idle","swing","swing","pull","1","1","51","0","9"
"1","bot_learned_sequence","human","0","71","3","1","0","1","0","0","0","pull","pull","none","none","1","1","20","429","9"
"1","bot_learned_sequence","human","0","2503","3","1","0","3","1","2","0","idle","swing","swing","none","1","1","-20","0","9"
"1","bot_learned_sequence","human","0","471","3","1","1","3","1","0","0","idle","drain","none","none","1","1","1","0","9"
"1","bot_learned_sequence","human","0","583","3","1","0","1","2","0","0","drain","swing","none","none","1","1","-19","528","9"
"1","bot_learned_sequence","human","0","263","3","1","0","0","1","0","0","pull","swing","swing","none","1","1","-19","132","9"
"1","bot_learned_sequence","human","0","27","3","2","1","0","0","0","0","jump","jump","pull","pull","1","1","50","66","9"
"1","bot_learned_sequence","human","0","391","3","1","0","2","1","0","0","idle","pull","none","none","1","1","51","0","9"
"1","bot_learned_sequence","human","0","135","3","1","0","2","0","0","0","drain","pull","none","none","1","1","21","33","9"
"1","bot_learned_sequence","human","0","387","3","0","0","2","1","0","0","idle","pull","jump","none","1","1","10","0","9"
"1","bot_learned_sequence","human","0","706","2","0","0","3","2","0","0","drain","jump","none","none","1","1","0","66","9"
"1","bot_learned_sequence","human","0","514","2","0","0","0","2","0","0","idle","pull","none","none","1","1","0","0","9"
"1","bot_learned_sequence","human","0","2390","2","1","1","1","1","2","0","idle","kick","none","none","1","1","10","0","9"
"1","bot_learned_sequence","human","0","450","2","0","0","3","1","0","0","idle","pull","none","none","1","1","17","0","9"
"1","bot_learned_sequence","bot","2","495","3","3","2","3","1","0","0","pull","pull","none","none","1","0","-1","0","9"
"1","bot_learned_sequence","bot","2","415","3","3","1","2","1","0","0","idle","pull","none","none","1","0","20","0","9"
"1","bot_learned_sequence","bot","2","175","3","3","2","2","0","0","0","pull","drain","none","none","1","0","-60","0","9"
"1","bot_learned_sequence","bot","2","349","1","3","1","1","1","0","0","pull","pull","none","none","1","0","0","561","9"
"1","bot_learned_sequence","bot","2","286","2","3","1","0","1","0","0","pull","drain","none","none","1","0","-20","429","9"
"1","bot_learned_sequence","bot","2","573","1","3","3","0","2","0","0","jump","drain","none","none","1","0","20","165","9"
"1","bot_learned_sequence","bot","2","317","1","3","3","0","1","0","0","drain","drain","none","none","1","0","19","330","9"
"1","bot_learned_sequence","bot","2","525","1","3","0","0","2","0","0","swing","pull","none","none","1","0","19","132","9"
"1","bot_learned_sequence","bot","2","8461","1","3","0","0","1","0","2","swing","pull","none","none","1","0","19","132","9"
"1","bot_learned_sequence","bot","2","8541","1","3","1","1","1","0","2","idle","drain","none","none","1","0","0","0","9"
"1","bot_learned_sequence","bot","2","78","2","3","0","1","0","0","0","pull","jump","none","none","1","0","-50","33","9"
"1","bot_learned_sequence","bot","2","365","1","3","2","1","1","0","0","idle","drain","none","none","1","0","-21","0","9"
"1","bot_learned_sequence","bot","2","568","0","2","3","0","2","0","0","idle","pull","drain","none","1","0","0","0","9"
"1","bot_learned_sequence","bot","2","536","0","2","1","0","2","0","0","idle","drain","none","none","1","0","0","0","9"
"1","bot_learned_sequence","human","0","2495","3","3","3","2","1","2","0","idle","jump","none","none","1","1","21","0","9"
"1","bot_learned_sequence","human","0","367","3","3","2","1","1","0","0","pull","pull","jump","pull","1","1","41","330","9"
"1","bot_learned_sequence","human","0","2399","3","3","1","1","1","2","0","idle","jump","kick","none","1","1","0","0","9"
"1","bot_learned_sequence","human","0","2127","3","3","0","1","0","2","0","idle","swing","jump","swing","1","1","20","0","9"
"1","bot_learned_sequence","human","0","735","3","3","1","3","2","0","0","idle","drain","none","none","1","1","0","0","9"
"1","bot_learned_sequence","human","0","2334","2","3","1","0","1","2","0","idle","swing","swing","drain","1","1","9","0","9"
"1","bot_learned_sequence","human","0","398","2","3","0","2","1","0","0","drain","jump","none","none","1","1","20","99","9"
"1","bot_learned_sequence","human","0","206","2","3","0","3","0","0","0","idle","jump","none","none","1","1","8","0","9"
"1","bot_learned_sequence","human","0","142","2","3","0","2","0","0","0","idle","swing","none","none","1","1","27","0","9"
"1","bot_learned_sequence","human","0","74","2","2","0","1","0","0","0","jump","jump","pull","none","1","1","0","33","9"
"1","bot_learned_sequence","human","0","334","2","3","0","1","1","0","0","idle","jump","kick","none","1","1","0","0","9"
"1","bot_learned_sequence","human","0","222","2","3","1","3","0","0","0","idle","jump","none","none","1","1","10","0","9"
"1","bot_learned_sequence","human","0","2286","2","3","2","3","0","2","0","drain","swing","swing","knockdown","1","1","-10","165","9"
"1","bot_learned_sequence","human","0","189","1","3","3","2","0","0","0","idle","jump","none","none","1","1","40","0","9"
"1","bot_learned_sequence","human","0","349","1","3","1","1","1","0","0","drain","drain","pull","jump","1","1","20","660","9"
"1","bot_learned_sequence","human","0","349","1","3","1","1","1","0","0","idle","swing","swing","none","1","1","-20","0","9"
"1","bot_learned_sequence","human","0","445","1","3","3","2","1","0","0","idle","drain","jump","none","1","1","0","0","9"
"1","bot_learned_sequence","human","0","238","2","3","2","3","0","0","0","idle","pull","none","none","1","1","19","0","9"
"1","bot_learned_sequence","human","0","105","1","2","2","1","0","0","0","idle","pull","jump","pull","1","1","20","0","9"
"1","bot_learned_sequence","human","0","426","2","2","2","2","1","0","0","knockdown","drain","none","none","1","1","20","693","9"
"1","bot_learned_sequence","human","0","282","2","2","1","0","1","0","0","drain","pull","none","none","1","1","70","66","9"
"1","bot_learned_sequence","human","0","326","2","1","0","1","1","0","0","idle","swing","swing","jump","1","1","-10","0","9"
"1","bot_learned_sequence","human","0","69","1","1","0","1","0","0","0","idle","jump","none","none","1","1","0","0","9"
"1","bot_learned_sequence","human","0","422","2","1","2","2","1","0","0","idle","drain","none","none","1","1","20","0","9"
"1","bot_learned_sequence","human","0","262","2","1","0","0","1","0","0","idle","pull","none","none","1","1","20","0","9"
"1","bot_learned_sequence","human","0","6","2","1","0","0","0","0","0","drain","jump","pull","none","1","1","20","66","9"
"1","bot_learned_sequence","human","0","2","2","0","0","0","0","0","0","pull","jump","none","none","1","1","0","429","9"
"1","bot_learned_sequence","human","0","466","2","0","1","3","1","0","0","idle","pull","jump","pull","1","1","20","0","9"
"1","bot_learned_sequence","bot","2","8671","3","3","1","3","1","0","2","idle","pull","none","none","1","0","-21","0","9"
"1","bot_learned_sequence","bot","2","415","3","3","1","2","1","0","0","drain","drain","none","none","1","0","-20","66","9"
"1","bot_learned_sequence","bot","2","287","3","3","1","0","1","0","0","jump","drain","none","none","1","0","0","660","9"
"1","bot_learned_sequence","bot","2","287","3","3","1","0","1","0","0","idle","drain","none","none","1","0","20","0","9"
"1","bot_learned_sequence","bot","2","8287","3","3","1","1","0","0","2","kick","swing","none","none","1","0","0","264","9"
"1","bot_learned_sequence","bot","2","8303","3","3","2","1","0","0","2","idle","drain","none","none","1","0","0","0","9"
"1","bot_learned_sequence","bot","2","127","3","3","3","1","0","0","0","jump","drain","pull","none","1","0","20","330","9"
"1","bot_learned_sequence","bot","2","219","3","2","1","3","0","0","0","idle","grip","none","none","1","0","4","0","9"
"1","bot_learned_sequence","bot","2","299","3","2","2","0","1","0","0","idle","drain","none","none","1","0","-20","0","9"
"1","bot_learned_sequence","bot","2","315","3","2","3","0","1","0","0","jump","drain","none","none","1","0","-8","264","9"
"1","bot_learned_sequence","bot","2","27","3","2","1","0","0","0","0","swing","grip","none","none","1","0","-27","66","9"
"1","bot_learned_sequence","bot","2","27","3","2","1","0","0","0","0","pull","jump","none","none","1","0","-21","33","9"
"1","bot_learned_sequence","bot","2","26","2","2","1","0","0","0","0","pull","drain","none","none","1","0","0","231","9"
"1","bot_learned_sequence","bot","2","8299","3","2","2","1","0","0","2","kick","swing","none","none","1","0","0","231","9"
"1","bot_learned_sequence","bot","2","187","3","2","3","2","0","0","0","idle","drain","none","none","1","0","10","0","9"
"1","bot_learned_sequence","bot","2","8555","3","2","2","1","1","0","2","idle","pull","none","none","1","0","0","0","9"
"1","bot_learned_sequence","bot","2","166","2","1","2","2","0","0","0","jump","drain","none","none","1","0","-20","132","9"
"1","bot_learned_sequence","bot","2","282","2","2","1","0","1","0","0","pull","swing","drain","none","1","0","20","198","9"
"1","bot_learned_sequence","bot","2","155","3","2","1","2","0","0","0","jump","swing","none","none","1","0","1","132","9"
"1","bot_learned_sequence","bot","2","235","3","2","2","3","0","0","0","idle","swing","none","none","1","0","-19","0","9"
"1","bot_learned_sequence","bot","2","166","2","1","2","2","0","0","0","pull","grip","none","none","1","0","-18","66","9"
"1","bot_learned_sequence","bot","2","394","2","2","0","2","1","0","0","idle","drain","none","none","1","0","-70","0","9"
"1","bot_learned_sequence","bot","2","298","2","2","2","0","1","0","0","idle","swing","drain","none","1","0","-50","0","9"
"1","bot_learned_sequence","bot","2","421","1","1","2","2","1","0","0","idle","drain","none","none","1","0","-31","0","9"
"1","bot_learned_sequence","bot","2","9","1","2","0","0","0","0","0","pull","drain","none","none","1","0","-20","231","9"
"1","bot_learned_sequence","bot","2","41","1","2","2","0","0","0","0","jump","drain","none","none","1","0","-20","132","9"
"1","bot_learned_sequence","bot","2","376","0","2","3","1","1","0","0","pull","swing","pull","none","1","0","-16","132","9"
"1","bot_learned_sequence","bot","3","447","3","3","3","2","1","0","0","grip","push","none","none","1","1","0","264","9"
"1","bot_learned_sequence","bot","3","767","3","3","3","3","2","0","0","idle","pull","none","none","1","1","30","0","9"
"1","bot_learned_sequence","bot","3","9711","3","3","2","3","1","1","2","kick","pull","none","none","1","1","32","0","9"
"1","bot_learned_sequence","bot","3","8415","3","3","1","3","0","0","2","kick","grip","none","none","1","1","4","660","9"
"1","bot_learned_sequence","bot","3","335","3","3","0","1","1","0","0","pull","drain","none","none","1","1","20","495","9"
"1","bot_learned_sequence","bot","3","431","3","3","2","2","1","0","0","idle","drain","none","none","1","1","-10","0","9"
"1","bot_learned_sequence","bot","3","8587","3","2","0","2","1","0","2","idle","pull","none","none","1","1","0","0","9"
"1","bot_learned_sequence","bot","3","8410","2","2","1","3","0","0","2","jump","drain","none","none","1","1","0","99","9"
"1","bot_learned_sequence","bot","3","475","3","2","1","3","1","0","0","drain","grip","none","none","1","1","24","33","9"
"1","bot_learned_sequence","bot","3","139","3","2","0","2","0","0","0","drain","swing","knockdown","none","1","1","-1","264","9"
"1","bot_learned_sequence","bot","3","248","0","2","3","3","0","0","0","push","drain","none","none","1","1","20","66","9"
"1","bot_learned_sequence","bot","3","294","2","1","2","0","1","0","0","jump","drain","none","none","1","1","2","165","9"
"1","bot_learned_sequence","bot","3","8214","2","1","1","0","0","0","2","idle","grip","none","none","1","1","-48","0","9"
"1","bot_learned_sequence","bot","3","21","1","1","1","0","0","0","0","pull","jump","knockdown","none","1","1","-30","33","9"
"1","bot_learned_sequence","bot","3","292","0","1","2","0","1","0","0","jump","drain","grip","none","1","1","12","198","9"
"1","bot_learned_sequence","human","0","495","3","3","2","3","1","0","0","idle","grip","none","none","1","0","2","0","9"
"1","bot_learned_sequence","human","0","6591","3","3","3","2","1","2","1","pull","kick","pull","kick","1","0","-32","0","9"
"1","bot_learned_sequence","human","0","95","3","3","1","1","0","0","0","idle","swing","swing","none","1","0","-10","0","9"
"1","bot_learned_sequence","human","0","2095","3","3","2","0","0","2","0","drain","swing","swing","knockdown","1","0","-10","297","9"
"1","bot_learned_sequence","human","0","2238","2","3","3","2","0","2","0","idle","jump","none","none","1","0","20","0","9"
"1","bot_learned_sequence","human","0","2414","2","3","2","1","1","2","0","idle","swing","swing","jump","1","0","50","0","9"
"1","bot_learned_sequence","human","0","490","2","2","2","3","1","0","0","idle","pull","jump","none","1","0","20","0","9"
"1","bot_learned_sequence","human","0","242","2","0","3","3","0","0","0","idle","jump","push","none","1","0","-20","0","9"
"1","bot_learned_sequence","human","0","6","2","1","0","0","0","0","0","idle","swing","none","none","1","0","-19","0","9"
"1","bot_learned_sequence","human","0","2377","1","2","0","1","1","2","0","drain","kick","none","none","1","0","18","264","9"
"1","bot_learned_sequence","human","0","73","1","2","0","1","0","0","0","grip","pull","none","none","1","0","50","660","9"
"1","bot_learned_sequence","human","0","321","1","0","0","1","1","0","0","grip","swing","none","none","1","0","-10","231","9"
"1","bot_learned_sequence","bot","4","9727","3","3","3","3","1","1","2","swing","swing","none","none","1","1","20","132","9"
"1","bot_learned_sequence","bot","4","431","3","3","2","2","1","0","0","idle","pull","none","none","1","1","76","0","9"
"1","bot_learned_sequence","bot","4","491","3","2","2","3","1","0","0","idle","drain","none","none","1","1","20","0","9"
"1","bot_learned_sequence","bot","4","283","3","2","1","0","1","0","0","idle","drain","knockdown","none","1","1","-20","0","9"
"1","bot_learned_sequence","bot","4","315","3","2","3","0","1","0","0","idle","drain","pull","none","1","1","2","0","9"
"1","bot_learned_sequence","bot","4","8283","3","2","1","1","0","0","2","swing","grip","none","none","1","1","-18","132","9"
"1","bot_learned_sequence","bot","4","91","3","2","1","1","0","0","0","pull","jump","drain","none","1","1","0","33","9"
"1","bot_learned_sequence","bot","4","154","2","2","1","2","0","0","0","drain","drain","none","none","1","1","20","33","9"
"1","bot_learned_sequence","bot","4","218","2","2","1","3","0","0","0","idle","swing","none","none","1","1","-50","0","9"
"1","bot_learned_sequence","bot","4","425","1","2","2","2","1","0","0","idle","drain","none","none","1","1","0","0","9"
"1","bot_learned_sequence","bot","4","1306","2","2","1","0","1","1","0","idle","pull","none","none","1","1","60","0","9"
"1","bot_learned_sequence","bot","4","405","1","1","1","2","1","0","0","idle","grip","none","none","1","1","23","0","9"
"1","bot_learned_sequence","bot","4","8658","2","0","1","3","1","0","2","pull","drain","none","none","1","1","0","594","9"
"1","bot_learned_sequence","bot","4","485","1","1","2","3","1","0","0","jump","drain","none","none","1","1","0","561","9"
"1","bot_learned_sequence","bot","4","325","1","1","0","1","1","0","0","idle","pull","drain","none","1","1","20","0","9"
"1","bot_learned_sequence","bot","4","406","2","1","1","2","1","0","0","idle","drain","none","none","1","1","20","0","9"
"1","bot_learned_sequence","bot","4","406","2","1","1","2","1","0","0","idle","swing","none","none","1","1","20","0","9"
"1","bot_learned_sequence","bot","4","1490","2","0","1","3","1","1","0","idle","pull","none","none","1","1","28","0","9"
"1","bot_learned_sequence","bot","4","338","2","0","1","1","1","0","0","drain","drain","none","none","1","1","-60","99","9"
"1","bot_learned_sequence","bot","4","1428","0","1","1","2","1","1","0","jump","pull","none","none","1","1","29","693","9"
"1","bot_learned_sequence","bot","4","337","1","0","1","1","1","0","0","pull","drain","none","none","1","1","0","660","9"
"1","bot_learned_sequence","bot","4","1553","1","0","1","0","2","1","0","idle","pull","pull","drain","1","1","0","0","9"
"1","bot_learned_sequence","human","0","6399","3","3","3","3","0","2","1","idle","swing","swing","none","1","0","-20","0","9"
"1","bot_learned_sequence","human","0","4462","2","3","2","1","1","0","1","pull","grip","none","none","1","0","-24","66","9"
"1","bot_learned_sequence","human","0","4478","2","3","3","1","1","0","1","idle","drain","none","none","1","0","30","0","9"
"1","bot_learned_sequence","human","0","6254","2","3","2","1","0","2","1","idle","swing","swing","none","1","0","30","0","9"
"1","bot_learned_sequence","human","0","2382","2","3","0","1","1","2","0","pull","swing","swing","jump","1","0","-20","198","9"
"1","bot_learned_sequence","human","0","270","2","3","0","0","1","0","0","idle","jump","none","none","1","0","20","0","9"
"1","bot_learned_sequence","human","0","334","2","3","0","1","1","0","0","pull","swing","swing","swing","1","0","18","495","9"
"1","bot_learned_sequence","human","0","94","2","3","1","1","0","0","0","idle","pull","none","none","1","0","20","0","9"
"1","bot_learned_sequence","human","0","2398","2","3","1","1","1","2","0","idle","swing","swing","swing","1","0","-20","0","9"
"1","bot_learned_sequence","human","0","4398","2","3","2","0","1","0","1","idle","jump","drain","pull","1","0","20","0","9"
"1","bot_learned_sequence","human","0","6490","2","2","1","1","1","2","1","idle","swing","swing","jump","1","0","-20","0","9"
"1","bot_learned_sequence","human","0","122","2","2","3","1","0","0","0","swing","jump","none","none","1","0","50","99","9"
"1","bot_learned_sequence","human","0","10","2","2","0","0","0","0","0","drain","swing","swing","jump","1","0","0","528","9"
"1","bot_learned_sequence","human","0","4521","1","2","2","2","1","0","1","idle","jump","drain","swing","1","0","-50","0","9"
"1","bot_learned_sequence","human","0","229","1","1","2","3","0","0","0","idle","pull","none","none","1","0","-21","0","9"
"1","bot_learned_sequence","human","0","2164","0","1","3","1","0","2","0","idle","pull","none","none","1","0","0","0","9"
"1","bot_learned_sequence","human","0","2425","1","2","3","1","1","2","0","drain","drain","jump","swing","1","0","0","66","9"
"1","bot_learned_sequence","human","0","281","1","2","1","0","1","0","0","drain","pull","none","none","1","0","0","363","9"
"1","bot_learned_sequence","human","0","361","1","2","2","1","1","0","0","swing","drain","swing","jump","1","0","-20","99","9"
"1","bot_learned_sequence","human","0","441","1","2","3","2","1","0","0","idle","drain","swing","swing","1","0","-20","0","9"
"1","bot_learned_sequence","human","0","4456","0","2","2","1","1","0","1","pull","grip","none","none","1","0","-28","132","9"
"1","bot_learned_sequence","human","0","4536","0","2","3","2","1","0","1","idle","drain","pull","jump","1","0","-20","0","9"
"1","bot_learned_sequence","human","0","360","0","2","2","1","1","0","0","idle","drain","pull","none","1","0","20","0","9"
"1","bot_learned_sequence","human","0","2137","1","2","1","1","0","2","0","idle","swing","swing","drain","1","0","-20","0","9"
"1","bot_learned_sequence","human","0","73","1","2","0","1","0","0","0","idle","swing","swing","jump","1","0","31","0","9"
"1","bot_learned_sequence","human","0","4417","1","0","0","1","1","0","1","pull","pull","none","none","1","0","-29","132","9"
"1","bot_learned_sequence","human","0","2303","3","3","3","3","0","2","0","idle","swing","swing","jump","1","1","0","0","9"
"1","bot_learned_sequence","human","0","6331","3","2","3","2","0","2","1","pull","swing","swing","swing","1","1","-24","462","9"
"1","bot_learned_sequence","human","0","4218","2","2","3","1","0","0","1","idle","drain","none","none","1","1","-2","0","9"
"1","bot_learned_sequence","human","0","4139","3","2","2","0","0","0","1","idle","swing","swing","none","1","1","-20","0","9"
"1","bot_learned_sequence","human","0","43","3","2","2","0","0","0","0","drain","swing","none","none","1","1","-20","330","9"
"1","bot_learned_sequence","human","0","2411","3","2","2","1","1","2","0","idle","swing","none","none","1","1","0","0","9"
"1","bot_learned_sequence","human","0","2095","3","3","2","0","0","2","0","drain","swing","swing","drain","1","1","19","198","9"
"1","bot_learned_sequence","human","0","267","3","2","0","0","1","0","0","drain","pull","jump","pull","1","1","49","231","9"
"1","bot_learned_sequence","human","0","6167","3","1","1","0","0","2","1","pull","swing","none","none","1","1","-20","330","9"
"1","bot_learned_sequence","human","0","2087","3","1","2","0","0","2","0","drain","swing","swing","jump","1","1","0","264","9"
"1","bot_learned_sequence","human","0","2155","3","2","2","1","0","2","0","swing","kick","none","none","1","1","-20","99","9"
"1","bot_learned_sequence","human","0","235","3","2","2","3","0","0","0","idle","jump","none","none","1","1","-20","0","9"
"1","bot_learned_sequence","human","0","2234","2","2","3","2","0","2","0","drain","jump","drain","swing","1","1","20","132","9"
"1","bot_learned_sequence","human","0","2411","3","2","2","1","1","2","0","idle","drain","none","none","1","1","0","0","9"
"1","bot_learned_sequence","human","0","2091","3","2","2","0","0","2","0","idle","swing","swing","swing","1","1","-20","0","9"
"1","bot_learned_sequence","human","0","2491","3","2","3","2","1","2","0","idle","drain","none","none","1","1","-50","0","9"
"1","bot_learned_sequence","human","0","6778","2","2","3","1","2","2","1","idle","jump","drain","none","1","1","0","0","9"
"1","bot_learned_sequence","human","0","6459","3","2","3","0","1","2","1","idle","swing","swing","knockdown","1","1","10","0","9"
"1","bot_learned_sequence","human","0","4534","2","1","3","2","1","0","1","idle","jump","drain","none","1","1","0","0","9"
"1","bot_learned_sequence","human","0","2151","3","1","2","1","0","2","0","idle","swing","swing","none","1","1","10","0","9"
"1","bot_learned_sequence","bot","4","430","2","3","2","2","1","0","0","pull","pull","none","none","1","0","52","528","9"
"1","bot_learned_sequence","bot","4","9450","2","2","2","3","0","1","2","swing","grip","none","none","1","0","4","66","9"
"1","bot_learned_sequence","bot","4","398","2","3","0","2","1","0","0","swing","drain","none","none","1","0","20","33","9"
"1","bot_learned_sequence","bot","4","350","2","3","1","1","1","0","0","jump","swing","drain","none","1","0","-49","231","9"
"1","bot_learned_sequence","bot","4","1293","1","3","0","0","1","1","0","idle","pull","none","none","1","0","20","0","9"
"1","bot_learned_sequence","bot","4","8333","1","3","0","2","0","0","2","idle","drain","none","none","1","0","20","0","9"
"1","bot_learned_sequence","bot","4","8606","2","3","1","2","1","0","2","kick","drain","none","none","1","0","0","132","9"
"1","bot_learned_sequence","bot","4","8350","2","3","1","2","0","0","2","idle","swing","none","none","1","0","0","0","9"
"1","bot_learned_sequence","bot","4","190","2","3","3","2","0","0","0","jump","swing","none","none","1","0","40","297","9"
"1","bot_learned_sequence","bot","4","1518","2","3","2","3","1","1","0","idle","pull","none","none","1","0","0","0","9"
"1","bot_learned_sequence","bot","4","8270","2","3","0","1","0","0","2","idle","swing","none","none","1","0","0","0","9"
"1","bot_learned_sequence","bot","4","9694","2","3","1","3","1","1","2","drain","pull","none","none","1","0","50","132","9"
"1","bot_learned_sequence","bot","4","9946","2","2","1","3","2","1","2","idle","pull","none","none","1","0","0","0","9"
"1","bot_learned_sequence","bot","4","9689","1","2","1","3","1","1","2","idle","push","none","none","1","0","0","0","9"
"1","bot_learned_sequence","bot","4","157","1","3","1","2","0","0","0","idle","drain","none","none","1","0","0","0","9"
"1","bot_learned_sequence","bot","4","24","0","2","1","0","0","0","0","jump","push","none","none","1","0","-20","99","9"
"1","bot_learned_sequence","bot","4","1119","3","3","1","1","0","1","0","pull","drain","none","none","1","1","-21","0","9"
"1","bot_learned_sequence","bot","4","31","3","3","1","0","0","0","0","pull","jump","none","none","1","1","-20","33","9"
"1","bot_learned_sequence","bot","4","271","3","3","0","0","1","0","0","pull","pull","none","none","1","1","2","462","9"
"1","bot_learned_sequence","bot","4","1530","2","2","3","3","1","1","0","idle","swing","none","none","1","1","22","0","9"
"1","bot_learned_sequence","bot","4","410","2","2","1","2","1","0","0","idle","grip","none","none","1","1","-17","0","9"
"1","bot_learned_sequence","bot","4","90","2","2","1","1","0","0","0","idle","drain","none","none","1","1","0","0","9"
"1","bot_learned_sequence","bot","4","9626","2","2","1","2","1","1","2","swing","drain","none","none","1","1","19","660","9"
"1","bot_learned_sequence","bot","4","9547","3","2","0","1","1","1","2","jump","pull","none","none","1","1","-20","297","9"
"1","bot_learned_sequence","bot","4","262","2","1","0","0","1","0","0","jump","drain","pull","none","1","1","-50","198","9"
"1","bot_learned_sequence","bot","4","8533","1","1","1","1","1","0","2","swing","drain","none","none","1","1","-40","693","9"
"1","bot_learned_sequence","bot","4","292","0","1","2","0","1","0","0","jump","pull","drain","push","1","1","-21","627","9"
"1","bot_learned_sequence","bot","4","36","0","1","2","0","0","0","0","jump","push","none","none","1","1","0","429","9"
"1","bot_learned_sequence","bot","4","564","0","1","3","0","2","0","0","jump","pull","none","none","1","1","20","198","9"
"1","bot_learned_sequence","bot","4","564","0","1","3","0","2","0","0","idle","pull","none","none","1","1","18","0","9"
"1","bot_learned_sequence","human","0","6591","3","3","3","2","1","2","1","idle","jump","swing","none","1","0","-20","0","9"
"1","bot_learned_sequence","human","0","4191","3","3","1","1","0","0","1","idle","pull","jump","none","1","0","41","0","9"
"1","bot_learned_sequence","human","0","4191","3","3","1","1","0","0","1","drain","pull","none","none","1","0","21","0","9"
"1","bot_learned_sequence","human","0","4175","3","3","0","1","0","0","1","idle","pull","none","none","1","0","20","0","9"
"1","bot_learned_sequence","human","0","79","3","3","0","1","0","0","0","jump","jump","pull","none","1","0","0","165","9"
"1","bot_learned_sequence","human","0","335","3","3","0","1","1","0","0","drain","swing","swing","swing","1","0","-20","660","9"
"1","bot_learned_sequence","human","0","143","3","3","0","2","0","0","0","drain","jump","pull","none","1","0","0","165","9"
"1","bot_learned_sequence","human","0","2143","3","3","1","1","0","2","0","grip","swing","none","none","1","0","-23","264","9"
"1","bot_learned_sequence","human","0","366","2","3","2","1","1","0","0","idle","pull","swing","swing","1","0","50","0","9"
"1","bot_learned_sequence","human","0","4330","2","2","2","3","0","0","1","swing","pull","none","none","1","0","-23","429","9"
"1","bot_learned_sequence","human","0","90","2","2","1","1","0","0","0","idle","pull","jump","pull","1","0","20","0","9"
"1","bot_learned_sequence","human","0","282","2","2","1","0","1","0","0","drain","swing","drain","swing","1","0","0","297","9"
"1","bot_learned_sequence","human","0","4362","2","2","0","0","1","0","1","drain","pull","jump","knockdown","1","0","-19","165","9"
"1","bot_learned_sequence","human","0","2318","2","3","0","0","1","2","0","idle","jump","jump","none","1","0","-10","0","9"
"1","bot_learned_sequence","human","0","6430","2","3","1","0","1","2","1","pull","drain","jump","none","1","0","20","264","9"
"1","bot_learned_sequence","human","0","4617","1","2","0","0","2","0","1","idle","jump","none","none","1","0","30","0","9"
"1","bot_learned_sequence","human","0","2313","1","2","0","0","1","2","0","pull","swing","swing","none","1","0","50","66","9"
"1","bot_learned_sequence","human","0","261","1","1","0","0","1","0","0","drain","pull","none","none","1","0","40","132","9"
"1","bot_learned_sequence","human","0","133","1","1","0","2","0","0","0","idle","pull","jump","none","1","0","41","0","9"
"1","bot_learned_sequence","human","0","2369","1","0","0","1","1","2","0","push","swing","jump","none","1","0","0","231","9"
"1","bot_learned_sequence","human","0","193","1","0","0","3","0","0","0","pull","swing","none","none","1","0","-20","495","9"
"1","bot_learned_sequence","human","0","4202","2","2","2","1","0","0","1","idle","pull","none","none","1","1","8","0","9"
"1","bot_learned_sequence","human","0","2170","2","2","3","1","0","2","0","grip","swing","knockdown","none","1","1","-12","66","9"
"1","bot_learned_sequence","human","0","377","1","2","3","1","1","0","0","idle","pull","drain","none","1","1","0","0","9"
"1","bot_learned_sequence","human","0","42","2","2","2","0","0","0","0","idle","swing","none","none","1","1","9","0","9"
"1","bot_learned_sequence","human","0","102","2","1","2","1","0","0","0","idle","pull","knockdown","none","1","1","-21","0","9"
"1","bot_learned_sequence","human","0","501","1","1","3","3","1","0","0","swing","drain","none","none","1","1","0","363","9"
"1","bot_learned_sequence","human","0","74","2","2","0","1","0","0","0","idle","swing","swing","none","1","1","0","0","9"
"1","bot_learned_sequence","human","0","410","2","2","1","2","1","0","0","idle","pull","knockdown","none","1","1","-20","0","9"
"1","bot_learned_sequence","human","0","4442","2","2","1","1","1","0","1","drain","drain","none","none","1","1","0","330","9"
"1","bot_learned_sequence","human","0","154","2","2","1","2","0","0","0","swing","swing","none","none","1","1","-5","0","9"
"1","bot_learned_sequence","human","0","10","2","2","0","0","0","0","0","idle","pull","pull","none","1","1","0","0","9"
"1","bot_learned_sequence","human","0","106","2","2","2","1","0","0","0","idle","drain","swing","jump","1","1","20","0","9"
"1","bot_learned_sequence","human","0","2390","2","1","1","1","1","2","0","idle","drain","pull","jump","1","1","20","0","9"
"1","bot_learned_sequence","human","0","2055","3","1","0","0","0","2","0","drain","pull","none","none","1","1","0","0","9"
"1","bot_learned_sequence","human","0","7","3","1","0","0","0","0","0","drain","swing","jump","none","1","1","20","264","9"
"1","bot_learned_sequence","human","0","194","2","0","0","3","0","0","0","idle","swing","jump","none","1","1","-20","0","9"
"1","bot_learned_sequence","human","0","209","1","0","1","3","0","0","0","swing","pull","none","none","1","1","-40","198","9"
"1","bot_learned_sequence","human","0","209","1","0","1","3","0","0","0","jump","jump","pull","none","1","1","-20","66","9"
"1","bot_learned_sequence","human","0","2405","1","1","2","1","1","2","0","idle","swing","swing","none","1","1","-30","0","9"
"1","bot_learned_sequence","human","0","4468","0","1","3","1","1","0","1","idle","drain","pull","jump","1","1","20","0","9"
"1","bot_learned_sequence","human","0","4389","1","1","2","0","1","0","1","drain","drain","pull","jump","1","1","20","594","9"
"1","bot_learned_sequence","human","0","145","1","0","1","2","0","0","0","idle","jump","none","none","1","1","8","0","9"
"1","bot_learned_sequence","bot","4","1439","3","3","1","2","1","1","0","idle","grip","none","none","1","0","22","0","9"
"1","bot_learned_sequence","bot","4","474","2","2","1","3","1","0","0","idle","grip","none","none","1","0","14","0","9"
"1","bot_learned_sequence","bot","4","501","1","1","3","3","1","0","0","idle","swing","none","none","1","0","0","0","9"
"1","bot_learned_sequence","bot","4","425","1","2","2","2","1","0","0","drain","drain","none","none","1","0","0","363","9"
"1","bot_learned_sequence","bot","4","1466","2","2","3","2","1","1","0","idle","drain","none","none","1","0","0","0","9"
"1","bot_learned_sequence","bot","4","106","2","2","2","1","0","0","0","swing","swing","grip","none","1","0","5","0","9"
"1","bot_learned_sequence","bot","4","8205","1","3","0","0","0","0","2","pull","drain","none","none","1","0","0","0","9"
"1","bot_learned_sequence","bot","4","8477","1","3","1","0","1","0","2","idle","pull","drain","none","1","0","-20","0","9"
"1","bot_learned_sequence","bot","4","120","0","2","3","1","0","0","0","jump","swing","none","none","1","0","40","627","9"
"1","bot_learned_sequence","bot","4","116","0","1","3","1","0","0","0","pull","jump","none","none","1","0","0","33","9"
"1","bot_learned_sequence","bot","4","372","0","1","3","1","1","0","0","pull","drain","pull","none","1","0","20","363","9"
"1","bot_learned_sequence","bot","4","325","1","1","0","1","1","0","0","idle","drain","none","none","1","0","30","0","9"
"1","bot_learned_sequence","bot","4","1157","1","1","0","2","0","1","0","pull","drain","none","none","1","0","-20","165","9"
"1","bot_learned_sequence","bot","4","324","0","1","0","1","1","0","0","idle","drain","none","none","1","0","-20","0","9"
"1","bot_learned_sequence","bot","4","1199","3","3","2","2","0","1","0","jump","grip","none","none","1","1","24","627","9"
"1","bot_learned_sequence","bot","4","1503","3","3","1","3","1","1","0","idle","swing","none","none","1","1","32","0","9"
"1","bot_learned_sequence","bot","4","475","3","2","1","3","1","0","0","idle","grip","none","none","1","1","4","0","9"
"1","bot_learned_sequence","bot","4","215","3","1","1","3","0","0","0","idle","swing","none","none","1","1","18","0","9"
"1","bot_learned_sequence","bot","4","247","3","1","3","3","0","0","0","idle","swing","swing","swing","1","1","18","0","9"
"1","bot_learned_sequence","human","0","6655","3","3","3","3","1","2","1","swing","swing","swing","none","1","0","-50","264","9"
"1","bot_learned_sequence","human","0","4527","3","3","2","2","1","0","1","idle","pull","jump","none","1","0","-5","0","9"
"1","bot_learned_sequence","human","0","4223","3","3","3","1","0","0","1","idle","drain","none","none","1","0","-25","0","9"
"1","bot_learned_sequence","human","0","239","3","3","2","3","0","0","0","idle","swing","swing","drain","1","1","-50","0","9"
"1","bot_learned_sequence","human","0","6335","3","3","3","2","0","2","1","idle","swing","none","none","1","1","10","0","9"
"1","bot_learned_sequence","human","0","6270","2","3","3","1","0","2","1","pull","swing","none","none","1","1","50","264","9"
"1","bot_learned_sequence","human","0","4202","2","2","2","1","0","0","1","idle","pull","jump","pull","1","1","-11","0","9"
"1","bot_learned_sequence","human","0","138","2","2","0","2","0","0","0","idle","jump","none","none","1","1","50","0","9"
"1","bot_learned_sequence","human","0","454","2","1","0","3","1","0","0","drain","jump","none","none","1","1","8","297","9"
"1","bot_learned_sequence","human","0","81","1","0","1","1","0","0","0","idle","pull","drain","none","1","1","-20","0","9"
"1","bot_learned_sequence","human","0","85","1","1","1","1","0","0","0","idle","jump","none","none","1","1","20","0","9"
"1","bot_learned_sequence","human","0","433","1","0","3","2","1","0","0","idle","drain","none","none","1","1","20","0","9"
"1","bot_learned_sequence","human","0","273","1","0","1","0","1","0","0","drain","pull","none","none","1","1","20","99","9"
"1","bot_learned_sequence","bot","4","8447","3","3","3","3","0","0","2","jump","drain","none","none","1","0","20","66","9"
"1","bot_learned_sequence","bot","4","313","1","2","3","0","1","0","0","jump","pull","none","none","1","0","-8","99","9"
"1","bot_learned_sequence","bot","4","293","1","1","2","0","1","0","0","idle","grip","none","none","1","0","-6","0","9"
"1","bot_learned_sequence","bot","4","340","0","1","1","1","1","0","0","drain","drain","none","none","1","0","-20","231","9"
"1","bot_learned_sequence","bot","4","404","0","1","1","2","1","0","0","idle","drain","none","none","1","0","-20","0","9"
"1","bot_learned_sequence","bot","4","260","0","1","0","0","1","0","0","pull","push","none","none","1","0","-26","561","9"
"1","bot_learned_sequence","bot","4","340","0","1","1","1","1","0","0","idle","drain","none","none","1","0","-26","0","9"
"1","bot_learned_sequence","human","0","6399","3","3","3","3","0","2","1","idle","push","jump","none","1","1","0","0","9"
"1","bot_learned_sequence","human","0","6591","3","3","3","2","1","2","1","idle","jump","kick","none","1","1","-20","0","9"
"1","bot_learned_sequence","human","0","6335","3","3","3","2","0","2","1","idle","swing","swing","none","1","1","-14","0","9"
"1","bot_learned_sequence","human","0","6335","3","3","3","2","0","2","1","grip","swing","drain","pull","1","1","-14","0","9"
"1","bot_learned_sequence","human","0","191","3","3","3","2","0","0","0","grip","drain","none","none","1","1","-24","627","9"
"1","bot_learned_sequence","human","0","31","3","3","1","0","0","0","0","idle","pull","pull","jump","1","1","-2","0","9"
"1","bot_learned_sequence","human","0","367","3","3","2","1","1","0","0","swing","drain","swing","knockdown","1","1","-21","165","9"
"1","bot_learned_sequence","human","0","2415","3","3","2","1","1","2","0","idle","grip","none","none","1","1","-18","0","9"
"1","bot_learned_sequence","human","0","6527","3","3","3","1","1","2","1","idle","drain","none","none","1","1","-20","0","9"
"1","bot_learned_sequence","human","0","303","3","3","2","0","1","0","0","idle","pull","jump","pull","1","1","20","0","9"
"1","bot_learned_sequence","human","0","447","3","3","3","2","1","0","0","drain","push","jump","drain","1","1","0","0","9"
"1","bot_learned_sequence","human","0","111","3","3","2","1","0","0","0","drain","drain","jump","none","1","1","-20","99","9"
"1","bot_learned_sequence","human","0","287","3","3","1","0","1","0","0","drain","drain","jump","none","1","1","20","429","9"
"1","bot_learned_sequence","human","0","287","3","3","1","0","1","0","0","idle","drain","pull","jump","1","1","-40","0","9"
"1","bot_learned_sequence","human","0","78","2","3","0","1","0","0","0","swing","pull","none","none","1","1","0","396","9"
"1","bot_learned_sequence","human","0","78","2","3","0","1","0","0","0","jump","jump","pull","none","1","1","0","0","9"
"1","bot_learned_sequence","human","0","398","2","3","0","2","1","0","0","idle","pull","jump","pull","1","1","0","0","9"
"1","bot_learned_sequence","human","0","93","1","3","1","1","0","0","0","drain","pull","jump","pull","1","1","20","66","9"
"1","bot_learned_sequence","human","0","13","1","3","0","0","0","0","0","drain","pull","jump","none","1","1","20","99","9"
"1","bot_learned_sequence","human","0","77","1","3","0","1","0","0","0","idle","jump","none","none","1","1","41","0","9"
"1","bot_learned_sequence","human","0","137","1","2","0","2","0","0","0","drain","jump","none","none","1","1","20","198","9"
"1","bot_learned_sequence","human","0","137","1","2","0","2","0","0","0","idle","pull","jump","none","1","1","20","0","9"
"1","bot_learned_sequence","bot","4","1279","3","3","3","3","0","1","0","idle","grip","none","none","1","0","4","0","9"
"1","bot_learned_sequence","bot","4","9967","3","3","2","3","2","1","2","jump","pull","none","none","1","0","0","99","9"
"1","bot_learned_sequence","bot","4","9455","3","3","2","3","0","1","2","swing","grip","none","none","1","0","14","0","9"
"1","bot_learned_sequence","bot","4","239","3","3","2","3","0","0","0","pull","jump","none","none","1","0","22","33","9"
"1","bot_learned_sequence","bot","4","239","3","3","2","3","0","0","0","pull","grip","none","none","1","0","23","528","9"
"1","bot_learned_sequence","bot","4","415","3","3","1","2","1","0","0","jump","swing","swing","none","1","0","21","198","9"
"1","bot_learned_sequence","bot","4","9359","3","3","0","2","0","1","2","grip","pull","none","none","1","0","40","594","9"
"1","bot_learned_sequence","bot","4","495","3","3","2","3","1","0","0","push","drain","none","none","1","0","0","0","9"
"1","bot_learned_sequence","bot","4","399","3","3","0","2","1","0","0","jump","drain","none","none","1","0","0","495","9"
"1","bot_learned_sequence","bot","4","159","3","3","1","2","0","0","0","jump","swing","drain","none","1","0","60","561","9"
"1","bot_learned_sequence","bot","4","79","3","3","0","1","0","0","0","jump","swing","none","none","1","0","40","561","9"
"1","bot_learned_sequence","bot","4","27","3","2","1","0","0","0","0","jump","jump","none","none","1","0","0","0","9"
"1","bot_learned_sequence","bot","4","282","2","2","1","0","1","0","0","pull","drain","none","none","1","0","20","231","9"
"1","bot_learned_sequence","bot","4","42","2","2","2","0","0","0","0","pull","drain","pull","none","1","0","20","33","9"
"1","bot_learned_sequence","bot","4","263","3","1","0","0","1","0","0","idle","drain","none","none","1","0","-20","0","9"
"1","bot_learned_sequence","bot","4","342","2","1","1","1","1","0","0","jump","pull","drain","none","1","0","-20","561","9"
"1","bot_learned_sequence","bot","4","262","2","1","0","0","1","0","0","pull","pull","none","none","1","0","0","561","9"
"1","bot_learned_sequence","bot","4","23","3","1","1","0","0","0","0","idle","drain","none","none","1","0","-20","0","9"
"1","bot_learned_sequence","bot","4","294","2","1","2","0","1","0","0","jump","swing","drain","none","1","0","-21","330","9"
"1","bot_learned_sequence","human","0","126","2","3","3","1","0","0","0","idle","swing","swing","none","1","1","10","0","9"
"1","bot_learned_sequence","human","0","4525","1","3","2","2","1","0","1","idle","pull","none","none","1","1","0","0","9"
"1","bot_learned_sequence","human","0","269","1","3","0","0","1","0","0","pull","swing","jump","drain","1","1","0","396","9"
"1","bot_learned_sequence","human","0","2153","1","2","2","1","0","2","0","idle","jump","none","none","1","1","0","0","9"
"1","bot_learned_sequence","human","0","2333","1","3","1","0","1","2","0","idle","drain","none","none","1","1","0","0","9"
"1","bot_learned_sequence","human","0","2414","2","3","2","1","1","2","0","idle","drain","jump","kick","1","1","2","0","9"
"1","bot_learned_sequence","human","0","94","2","3","1","1","0","0","0","idle","drain","none","none","1","1","-20","0","9"
"1","bot_learned_sequence","human","0","270","2","3","0","0","1","0","0","idle","drain","none","none","1","1","0","0","9"
"1","bot_learned_sequence","human","0","4126","2","3","1","0","0","0","1","idle","swing","swing","swing","1","1","29","0","9"
"1","bot_learned_sequence","human","0","85","1","1","1","1","0","0","0","idle","swing","jump","drain","1","1","20","0","9"
"1","bot_learned_sequence","human","0","2469","1","1","2","2","1","2","0","idle","drain","none","none","1","1","20","0","9"
"1","bot_learned_sequence","human","0","66","2","0","0","1","0","0","0","drain","pull","none","none","1","1","-19","0","9"
"1","bot_learned_sequence","human","0","2","2","0","0","0","0","0","0","pull","swing","swing","swing","1","1","-19","462","9"
"1","bot_learned_sequence","human","0","85","1","1","1","1","0","0","0","drain","swing","jump","none","1","1","-40","231","9"
"1","bot_learned_sequence","human","0","85","1","1","1","1","0","0","0","swing","drain","swing","knockdown","1","1","20","264","9"
"1","bot_learned_sequence","human","0","2721","1","0","2","2","2","2","0","idle","drain","none","none","1","1","0","0","9"
"1","bot_learned_sequence","human","0","593","1","0","1","1","2","0","0","idle","jump","none","none","1","1","0","0","9"
"1","bot_learned_sequence","human","0","289","1","0","2","0","1","0","0","drain","drain","jump","swing","1","1","0","33","9"
"1","bot_learned_sequence","human","0","321","1","0","0","1","1","0","0","idle","pull","jump","none","1","1","20","0","9"
"1","bot_learned_sequence","human","0","2049","1","0","0","0","0","2","0","drain","swing","swing","swing","1","1","10","594","9"
"1","bot_learned_sequence","human","0","2113","1","0","0","1","0","2","0","drain","swing","none","none","1","1","-20","165","9"
"1","bot_learned_sequence","human","0","65","1","0","0","1","0","0","0","idle","jump","none","none","1","1","-10","0","9"
"1","bot_learned_sequence","human","0","4","0","1","0","0","0","0","0","drain","jump","none","none","1","1","21","528","9"
"1","bot_learned_sequence","human","0","320","0","0","0","1","1","0","0","idle","jump","swing","none","1","1","0","0","9"
"1","bot_learned_sequence","human","0","2432","0","0","0","2","1","2","0","drain","swing","swing","swing","1","1","19","165","9"
"1","bot_learned_sequence","human","0","192","0","0","0","3","0","0","0","drain","jump","pull","none","1","1","19","33","9"
"1","bot_learned_sequence","bot","4","159","3","3","1","2","0","0","0","pull","grip","none","none","1","0","54","165","9"
"1","bot_learned_sequence","bot","4","358","2","1","2","1","1","0","0","pull","drain","pull","none","1","0","20","561","9"
"1","bot_learned_sequence","bot","4","8342","2","1","1","2","0","0","2","jump","drain","none","none","1","0","0","33","9"
"1","bot_learned_sequence","bot","4","27","3","2","1","0","0","0","0","drain","drain","none","none","1","0","20","99","9"
"1","bot_learned_sequence","bot","4","1419","3","2","0","2","1","1","0","drain","pull","none","none","1","0","39","33","9"
"1","bot_learned_sequence","bot","4","342","2","1","1","1","1","0","0","idle","drain","none","none","1","0","-31","0","9"
"1","bot_learned_sequence","bot","4","261","1","1","0","0","1","0","0","jump","pull","none","none","1","0","-21","132","9"
"1","bot_learned_sequence","bot","4","24","0","2","1","0","0","0","0","pull","drain","pull","none","1","0","19","33","9"
"1","bot_learned_sequence","bot","4","8356","0","1","2","2","0","0","2","swing","drain","none","none","1","0","39","429","9"
"1","bot_learned_sequence","bot","4","85","1","1","1","1","0","0","0","jump","swing","none","none","1","0","20","330","9"
"1","bot_learned_sequence","bot","4","580","0","1","0","1","2","0","0","jump","pull","drain","none","1","0","0","33","9"
"1","bot_learned_sequence","bot","4","8228","0","1","2","0","0","0","2","swing","drain","none","none","1","0","20","231","9"
"1","bot_learned_sequence","bot","4","16","0","0","1","0","0","0","0","jump","drain","none","none","1","0","-20","528","9"
"1","bot_learned_sequence","bot","4","288","0","0","2","0","1","0","0","swing","drain","none","none","1","0","-19","165","9"
"1","bot_learned_sequence","bot","4","48","0","0","3","0","0","0","0","pull","drain","none","none","1","0","-19","33","9"
"1","bot_learned_sequence","bot","4","48","0","0","3","0","0","0","0","idle","drain","none","none","1","0","9","0","9"
"1","bot_learned_sequence","bot","4","288","0","0","2","0","1","0","0","idle","grip","none","none","1","0","-11","0","9"
"1","bot_learned_sequence","human","0","2495","3","3","3","2","1","2","0","grip","swing","knockdown","none","1","1","15","264","9"
"1","bot_learned_sequence","human","0","443","3","2","3","2","1","0","0","idle","drain","swing","swing","1","1","0","0","9"
"1","bot_learned_sequence","human","0","443","3","2","3","2","1","0","0","idle","drain","jump","swing","1","1","-30","0","9"
"1","bot_learned_sequence","human","0","2275","3","0","2","3","0","2","0","idle","swing","swing","none","1","1","-20","0","9"
"1","bot_learned_sequence","human","0","2291","3","0","3","3","0","2","0","drain","swing","swing","swing","1","1","-20","33","9"
"1","bot_learned_sequence","human","0","2139","3","2","1","1","0","2","0","idle","swing","knockdown","none","1","1","-40","0","9"
"1","bot_learned_sequence","human","0","4469","1","1","3","1","1","0","1","idle","drain","jump","none","1","1","20","0","9"
"1","bot_learned_sequence","human","0","290","2","0","2","0","1","0","0","idle","drain","pull","jump","1","1","20","0","9"
"1","bot_learned_sequence","bot","4","142","2","3","0","2","0","0","0","idle","swing","none","none","1","0","20","0","9"
"1","bot_learned_sequence","bot","4","9439","3","3","1","3","0","1","2","swing","drain","none","none","1","0","-50","231","9"
"1","bot_learned_sequence","bot","4","8444","0","3","3","3","0","0","2","swing","drain","none","none","1","0","20","264","9"
"1","bot_learned_sequence","bot","4","9689","1","2","1","3","1","1","2","idle","pull","none","none","1","0","30","0","9"
"1","bot_learned_sequence","bot","4","457","1","2","0","3","1","0","0","idle","drain","none","none","1","0","-20","0","9"
"1","bot_learned_sequence","human","0","2191","3","3","0","2","0","2","0","drain","swing","swing","swing","1","1","30","363","9"
"1","bot_learned_sequence","human","0","139","3","2","0","2","0","0","0","idle","jump","drain","none","1","1","-20","0","9"
"1","bot_learned_sequence","human","0","6363","3","2","1","3","0","2","1","swing","swing","swing","drain","1","1","-40","462","9"
"1","bot_learned_sequence","human","0","6523","3","2","3","1","1","2","1","idle","drain","none","none","1","1","-20","0","9"
"1","bot_learned_sequence","human","0","6171","3","2","1","0","0","2","1","idle","swing","swing","drain","1","1","-20","0","9"
"1","bot_learned_sequence","human","0","299","3","2","2","0","1","0","0","drain","drain","swing","swing","1","1","40","198","9"
"1","bot_learned_sequence","human","0","275","3","0","1","0","1","0","0","drain","pull","jump","pull","1","1","39","297","9"
"1","bot_learned_sequence","bot","4","1086","2","3","3","0","0","1","0","drain","swing","none","none","1","0","40","264","9"
"1","bot_learned_sequence","bot","4","366","2","3","2","1","1","0","0","drain","pull","none","none","1","0","50","165","9"
"1","bot_learned_sequence","bot","4","78","2","3","0","1","0","0","0","drain","swing","none","none","1","0","-10","660","9"
"1","bot_learned_sequence","bot","4","8670","2","3","1","3","1","0","2","swing","drain","none","none","1","0","-40","594","9"
"1","bot_learned_sequence","bot","4","8668","0","3","1","3","1","0","2","swing","drain","none","none","1","0","-21","429","9"
"1","bot_learned_sequence","human","0","4137","1","2","2","0","0","0","1","pull","drain","pull","jump","1","1","20","231","9"
"1","bot_learned_sequence","human","0","4165","1","1","0","1","0","0","1","idle","jump","none","none","1","1","30","0","9"
"1","bot_learned_sequence","human","0","4485","1","1","0","2","1","0","1","idle","jump","swing","none","1","1","20","0","9"
"1","bot_learned_sequence","human","0","6277","1","1","0","2","0","2","1","drain","swing","jump","none","1","1","20","165","9"
"1","bot_learned_sequence","human","0","4549","1","1","0","3","1","0","1","idle","jump","jump","none","1","1","30","0","9"
"1","bot_learned_sequence","human","0","4289","1","0","0","3","0","0","1","swing","jump","none","none","1","1","2","99","9"
"1","bot_learned_sequence","bot","4","218","2","2","1","3","0","0","0","idle","drain","none","none","1","0","0","0","9"
"1","bot_learned_sequence","bot","4","1414","2","1","0","2","1","1","0","jump","pull","none","none","1","0","-20","561","9"
"1","bot_learned_sequence","bot","4","1286","2","1","0","0","1","1","0","idle","drain","none","none","1","0","-20","0","9"
"1","bot_learned_sequence","bot","4","1077","1","1","3","0","0","1","0","swing","drain","none","none","1","0","-20","330","9"
"1","bot_learned_sequence","bot","4","1076","0","1","3","0","0","1","0","idle","swing","none","none","1","0","-22","0","9"
"1","bot_learned_sequence","bot","4","9631","3","3","1","2","1","1","2","idle","pull","none","none","1","1","30","0","9"
"1","bot_learned_sequence","bot","4","1255","3","1","2","3","0","1","0","idle","swing","none","none","1","1","22","0","9"
"1","bot_learned_sequence","bot","4","487","3","1","2","3","1","0","0","idle","grip","none","none","1","1","20","0","9"
"1","bot_learned_sequence","human","0","4863","3","3","3","3","2","0","1","idle","drain","pull","jump","1","0","-20","0","9"
"1","bot_learned_sequence","human","0","2303","3","3","3","3","0","2","0","drain","jump","none","none","1","1","-20","0","9"
"1","bot_learned_sequence","human","0","2415","3","3","2","1","1","2","0","pull","kick","knockdown","none","1","1","-45","99","9"
"1","bot_learned_sequence","human","0","4399","3","3","2","0","1","0","1","pull","grip","none","none","1","1","-23","99","9"
"1","bot_learned_sequence","human","0","4479","3","3","3","1","1","0","1","idle","swing","drain","none","1","1","-50","0","9"
"1","bot_learned_sequence","human","0","6270","2","3","3","1","0","2","1","idle","swing","swing","knockdown","1","1","-50","0","9"
"1","bot_learned_sequence","human","0","4222","2","3","3","1","0","0","1","idle","swing","swing","swing","1","1","-20","0","9"
"1","bot_learned_sequence","human","0","174","2","3","2","2","0","0","0","grip","grip","none","none","1","1","2","231","9"
"1","bot_learned_sequence","human","0","110","2","3","2","1","0","0","0","push","jump","swing","swing","1","1","9","396","9"
"1","bot_learned_sequence","human","0","154","2","2","1","2","0","0","0","pull","jump","none","none","1","1","20","363","9"
"1","bot_learned_sequence","human","0","234","2","2","2","3","0","0","0","drain","push","jump","push","1","1","20","0","9"
"1","bot_learned_sequence","human","0","490","2","2","2","3","1","0","0","drain","push","jump","push","1","1","20","0","9"
"1","bot_learned_sequence","human","0","141","1","3","0","2","0","0","0","swing","jump","none","none","1","1","20","297","9"
"1","bot_learned_sequence","human","0","473","1","2","1","3","1","0","0","idle","jump","none","none","1","1","21","0","9"
"1","bot_learned_sequence","human","0","233","1","2","2","3","0","0","0","drain","push","jump","push","1","1","51","0","9"
"1","bot_learned_sequence","human","0","85","1","1","1","1","0","0","0","idle","pull","drain","none","1","1","21","0","9"
"1","bot_learned_sequence","human","0","64","0","0","0","1","0","0","0","idle","pull","none","none","1","1","0","0","9"
"1","bot_learned_sequence","human","0","324","0","1","0","1","1","0","0","drain","pull","jump","none","1","1","70","297","9"
"1","bot_learned_sequence","human","0","144","0","0","1","2","0","0","0","idle","jump","none","none","1","1","26","0","9"
"1","bot_learned_sequence","bot","4","9679","3","3","0","3","1","1","2","idle","pull","none","none","1","0","23","0","9"
"1","bot_learned_sequence","bot","4","235","3","2","2","3","0","0","0","idle","grip","none","none","1","0","0","0","9"
"1","bot_learned_sequence","bot","4","171","3","2","2","2","0","0","0","grip","jump","push","none","1","0","0","66","9"
"1","bot_learned_sequence","bot","4","491","3","2","2","3","1","0","0","drain","push","none","none","1","0","-9","33","9"
"1","bot_learned_sequence","bot","4","426","2","2","2","2","1","0","0","idle","pull","none","none","1","0","-20","0","9"
"1","bot_learned_sequence","bot","4","186","2","2","3","2","0","0","0","push","drain","none","none","1","0","-20","0","9"
"1","bot_learned_sequence","bot","4","442","2","2","3","2","1","0","0","push","drain","none","none","1","0","-20","0","9"
"1","bot_learned_sequence","bot","4","295","3","1","2","0","1","0","0","idle","swing","none","none","1","0","-20","0","9"
"1","bot_learned_sequence","bot","4","182","2","1","3","2","0","0","0","push","drain","none","none","1","0","-51","0","9"
"1","bot_learned_sequence","bot","4","341","1","1","1","1","1","0","0","idle","grip","none","none","1","0","21","0","9"
"1","bot_learned_sequence","bot","4","86","2","1","1","1","0","0","0","drain","drain","none","none","1","0","-21","66","9"
"1","bot_learned_sequence","bot","4","325","1","1","0","1","1","0","0","jump","pull","drain","none","1","0","-20","660","9"
"1","bot_learned_sequence","bot","4","37","1","1","2","0","0","0","0","idle","swing","grip","none","1","0","-5","0","9"
"1","bot_learned_sequence","bot","4","480","0","0","2","3","1","0","0","idle","drain","none","none","1","0","-70","0","9"
"1","bot_learned_sequence","human","0","6591","3","3","3","2","1","2","1","pull","drain","pull","none","1","1","20","66","9"
"1","bot_learned_sequence","human","0","2223","3","3","2","2","0","2","0","drain","jump","pull","none","1","1","2","0","9"
"1","bot_learned_sequence","human","0","2207","3","3","1","2","0","2","0","idle","grip","none","none","1","1","2","0","9"
"1","bot_learned_sequence","human","0","2463","3","3","1","2","1","2","0","push","jump","drain","none","1","1","0","363","9"
"1","bot_learned_sequence","human","0","2415","3","3","2","1","1","2","0","idle","jump","none","none","1","1","-16","0","9"
"1","bot_learned_sequence","human","0","2523","3","2","1","3","1","2","0","idle","swing","pull","none","1","1","40","0","9"
"1","bot_learned_sequence","bot","4","255","3","3","3","3","0","0","0","idle","grip","none","none","1","0","2","0","9"
"1","bot_learned_sequence","bot","4","8447","3","3","3","3","0","0","2","push","jump","none","none","1","0","30","33","9"
"1","bot_learned_sequence","bot","4","8367","3","3","2","2","0","0","2","jump","drain","none","none","1","0","-2","0","9"
"1","bot_learned_sequence","bot","4","8287","3","3","1","1","0","0","2","grip","push","none","none","1","0","0","198","9"
"1","bot_learned_sequence","bot","4","8815","3","3","2","1","2","0","2","drain","push","none","none","1","0","0","33","9"
"1","bot_learned_sequence","bot","4","8607","3","3","1","2","1","0","2","jump","pull","none","none","1","0","-4","462","9"
"1","bot_learned_sequence","human","0","4543","3","3","3","2","1","0","1","idle","swing","none","none","1","1","-20","0","9"
"1","bot_learned_sequence","human","0","4223","3","3","3","1","0","0","1","pull","swing","drain","none","1","1","-20","198","9"
"1","bot_learned_sequence","human","0","319","3","3","3","0","1","0","0","idle","jump","kick","none","1","1","-20","0","9"
"1","bot_learned_sequence","human","0","2175","3","3","3","1","0","2","0","idle","swing","swing","drain","1","1","0","0","9"
"1","bot_learned_sequence","human","0","111","3","3","2","1","0","0","0","drain","jump","pull","drain","1","1","-10","99","9"
"1","bot_learned_sequence","human","0","78","2","3","0","1","0","0","0","idle","jump","none","none","1","1","0","0","9"
"1","bot_learned_sequence","human","0","14","2","3","0","0","0","0","0","idle","jump","none","none","1","1","-21","0","9"
"1","bot_learned_sequence","human","0","94","2","3","1","1","0","0","0","idle","swing","swing","drain","1","1","-1","0","9"
"1","bot_learned_sequence","human","0","73","1","2","0","1","0","0","0","idle","pull","none","none","1","1","0","0","9"
"1","bot_learned_sequence","human","0","13","1","3","0","0","0","0","0","drain","swing","jump","none","1","1","20","528","9"
"1","bot_learned_sequence","human","0","77","1","3","0","1","0","0","0","idle","swing","jump","drain","1","1","70","0","9"
"1","bot_learned_sequence","human","0","73","1","2","0","1","0","0","0","drain","jump","none","none","1","1","0","462","9"
"1","bot_learned_sequence","human","0","585","1","2","0","1","2","0","0","idle","drain","none","none","1","1","20","0","9"
"1","bot_learned_sequence","human","0","5","1","1","0","0","0","0","0","pull","drain","knockdown","none","1","1","0","231","9"
"1","bot_learned_sequence","human","0","100","0","1","2","1","0","0","0","idle","jump","none","none","1","1","40","0","9"
"1","bot_learned_sequence","human","0","273","1","0","1","0","1","0","0","idle","drain","none","none","1","1","21","0","9"
"1","bot_learned_sequence","human","0","258","2","0","0","0","1","0","0","idle","pull","jump","pull","1","1","25","0","9"
"1","bot_learned_sequence","bot","4","1503","3","3","1","3","1","1","0","swing","pull","none","none","1","0","20","99","9"
"1","bot_learned_sequence","bot","4","8415","3","3","1","3","0","0","2","kick","swing","none","none","1","0","20","231","9"
"1","bot_learned_sequence","bot","4","8655","3","3","0","3","1","0","2","jump","pull","none","none","1","0","-48","693","9"
"1","bot_learned_sequence","bot","4","415","3","3","1","2","1","0","0","pull","drain","none","none","1","0","-49","33","9"
"1","bot_learned_sequence","bot","4","79","3","3","0","1","0","0","0","idle","swing","none","none","1","0","60","0","9"
"1","bot_learned_sequence","bot","4","447","3","3","3","2","1","0","0","pull","drain","none","none","1","0","20","561","9"
"1","bot_learned_sequence","bot","4","287","3","3","1","0","1","0","0","drain","pull","none","none","1","0","20","165","9"
"1","bot_learned_sequence","bot","4","171","3","2","2","2","0","0","0","jump","drain","none","none","1","0","-20","66","9"
"1","bot_learned_sequence","bot","4","299","3","2","2","0","1","0","0","jump","drain","none","none","1","0","21","660","9"
"1","bot_learned_sequence","bot","4","262","2","1","0","0","1","0","0","jump","drain","none","none","1","0","0","561","9"
"1","bot_learned_sequence","bot","4","22","2","1","1","0","0","0","0","jump","swing","none","none","1","0","-18","693","9"
"1","bot_learned_sequence","bot","4","310","2","1","3","0","1","0","0","idle","swing","grip","none","1","0","24","0","9"
"1","bot_learned_sequence","bot","4","278","2","1","1","0","1","0","0","pull","drain","none","none","1","0","0","363","9"
"1","bot_learned_sequence","bot","4","38","2","1","2","0","0","0","0","drain","drain","none","none","1","0","-20","198","9"
"1","bot_learned_sequence","bot","4","22","2","1","1","0","0","0","0","idle","drain","none","none","1","0","-50","0","9"
"1","bot_learned_sequence","bot","4","294","2","1","2","0","1","0","0","drain","drain","none","none","1","0","-20","231","9"
"1","bot_learned_sequence","bot","4","278","2","1","1","0","1","0","0","drain","drain","pull","pull","1","0","0","495","9"
"1","bot_learned_sequence","bot","4","145","1","0","1","2","0","0","0","jump","jump","drain","none","1","0","-20","66","9"
"1","bot_learned_sequence","bot","4","5","1","1","0","0","0","0","0","jump","swing","drain","none","1","0","-20","132","9"
"1","bot_learned_sequence","bot","4","4","0","1","0","0","0","0","0","jump","swing","none","none","1","0","0","165","9"
"1","bot_learned_sequence","human","0","251","3","2","3","3","0","0","0","swing","swing","swing","none","1","1","80","33","9"
"1","bot_learned_sequence","bot","4","8447","3","3","3","3","0","0","2","idle","swing","none","none","1","0","0","0","9"
"1","bot_learned_sequence","bot","4","255","3","3","3","3","0","0","0","swing","swing","none","none","1","0","0","627","9"
"1","bot_learned_sequence","bot","4","254","2","3","3","3","0","0","0","idle","swing","none","none","1","0","-80","0","9"
"1","bot_learned_sequence","human","0","6639","3","3","2","3","1","2","1","idle","swing","none","none","1","1","21","0","9"
"1","bot_learned_sequence","human","0","6655","3","3","3","3","1","2","1","push","swing","pull","jump","1","1","21","198","9"
"1","bot_learned_sequence","human","0","475","3","2","1","3","1","0","0","drain","push","jump","push","1","1","-20","0","9"
"1","bot_learned_sequence","human","0","95","3","3","1","1","0","0","0","idle","pull","jump","none","1","1","50","0","9"
"1","bot_learned_sequence","human","0","155","3","2","1","2","0","0","0","drain","push","jump","push","1","1","2","0","9"
"1","bot_learned_sequence","human","0","154","2","2","1","2","0","0","0","swing","jump","none","none","1","1","-20","165","9"
"1","bot_learned_sequence","human","0","329","1","2","0","1","1","0","0","drain","drain","jump","kick","1","1","-2","627","9"
"1","bot_learned_sequence","human","0","89","1","2","1","1","0","0","0","grip","swing","none","none","1","1","5","231","9"
"1","bot_learned_sequence","human","0","2085","1","1","2","0","0","2","0","idle","pull","drain","none","1","1","-23","0","9"
"1","bot_learned_sequence","human","0","2389","1","1","1","1","1","2","0","idle","drain","jump","none","1","1","20","0","9"
"1","bot_learned_sequence","human","0","326","2","1","0","1","1","0","0","idle","drain","pull","jump","1","1","20","0","9"
"1","bot_learned_sequence","human","0","133","1","1","0","2","0","0","0","drain","jump","none","none","1","1","0","363","9"
"1","bot_learned_sequence","human","0","197","1","1","0","3","0","0","0","idle","drain","none","none","1","1","0","0","9"
"1","bot_learned_sequence","human","0","296","0","2","2","0","1","0","0","idle","pull","drain","jump","1","1","20","0","9"
"1","bot_learned_sequence","human","0","385","1","0","0","2","1","0","0","idle","jump","kick","none","1","1","-20","0","9"
"1","bot_learned_sequence","bot","4","9407","3","3","3","2","0","1","2","grip","swing","none","none","1","0","43","33","9"
"1","bot_learned_sequence","bot","4","9727","3","3","3","3","1","1","2","swing","push","none","none","1","0","-21","66","9"
"1","bot_learned_sequence","bot","4","382","2","3","3","1","1","0","0","push","drain","none","none","1","0","20","0","9"
"1","bot_learned_sequence","bot","4","110","2","3","2","1","0","0","0","push","drain","none","none","1","0","-2","0","9"
"1","bot_learned_sequence","bot","4","90","2","2","1","1","0","0","0","idle","swing","none","none","1","0","20","0","9"
"1","bot_learned_sequence","bot","4","422","2","1","2","2","1","0","0","jump","drain","none","none","1","0","0","528","9"
"1","bot_learned_sequence","bot","4","8197","1","1","0","0","0","0","2","jump","swing","drain","none","1","0","-20","132","9"
"1","bot_learned_sequence","bot","4","261","1","1","0","0","1","0","0","jump","drain","none","none","1","0","0","627","9"
"1","bot_learned_sequence","bot","4","8280","0","2","1","1","0","0","2","idle","drain","none","none","1","0","20","0","9"
"1","bot_learned_sequence","bot","4","37","1","1","2","0","0","0","0","idle","drain","none","none","1","0","1","0","9"
"1","bot_learned_sequence","bot","4","53","1","1","3","0","0","0","0","drain","drain","none","none","1","0","0","33","9"
"1","bot_learned_sequence","bot","4","310","2","1","3","0","1","0","0","idle","drain","none","none","1","0","2","0","9"
"1","bot_learned_sequence","bot","4","22","2","1","1","0","0","0","0","idle","grip","none","none","1","0","24","0","9"
"1","bot_learned_sequence","bot","4","8244","0","1","3","0","0","0","2","kick","drain","none","none","1","0","0","693","9"
"1","bot_learned_sequence","bot","4","292","0","1","2","0","1","0","0","idle","pull","drain","none","1","0","-40","0","9"
"1","bot_learned_sequence","bot","4","9455","3","3","2","3","0","1","2","swing","pull","none","none","1","1","-20","99","9"
"1","bot_learned_sequence","bot","4","427","3","2","2","2","1","0","0","pull","drain","none","none","1","1","20","363","9"
"1","bot_learned_sequence","bot","4","1399","3","1","3","1","1","1","0","idle","push","none","none","1","1","30","0","9"
"1","bot_learned_sequence","bot","4","1447","3","1","2","2","1","1","0","drain","pull","none","none","1","1","30","66","9"
"1","bot_learned_sequence","bot","4","278","2","1","1","0","1","0","0","idle","drain","none","none","1","1","20","0","9"
"1","bot_learned_sequence","bot","4","22","2","1","1","0","0","0","0","idle","swing","none","none","1","1","30","0","9"
"1","bot_learned_sequence","bot","4","98","2","0","2","1","0","0","0","jump","drain","pull","none","1","1","10","132","9"
"1","bot_learned_sequence","human","0","6335","3","3","3","2","0","2","1","pull","swing","pull","jump","1","0","-10","231","9"
"1","bot_learned_sequence","human","0","2142","2","3","1","1","0","2","0","idle","swing","knockdown","none","1","0","-48","0","9"
"1","bot_learned_sequence","human","0","4189","1","3","1","1","0","0","1","idle","grip","none","none","1","0","3","0","9"
"1","bot_learned_sequence","human","0","4589","1","3","2","3","1","0","1","idle","drain","none","none","1","0","-30","0","9"
"1","bot_learned_sequence","human","0","4445","1","3","1","1","1","0","1","idle","pull","none","none","1","0","70","0","9"
"1","bot_learned_sequence","human","0","4429","1","3","0","1","1","0","1","idle","pull","none","none","1","0","70","0","9"
"1","bot_learned_sequence","human","0","148","0","1","1","2","0","0","0","swing","jump","none","none","1","0","-10","528","9"
"1","bot_learned_sequence","human","0","4207","3","3","2","1","0","0","1","grip","grip","none","none","1","1","4","330","9"
"1","bot_learned_sequence","human","0","4327","3","1","2","3","0","0","1","idle","swing","swing","pull","1","1","61","0","9"
"1","bot_learned_sequence","bot","4","1519","3","3","2","3","1","1","0","idle","grip","none","none","1","0","-2","0","9"
"1","bot_learned_sequence","bot","4","1150","2","3","3","1","0","1","0","grip","push","none","none","1","0","-82","66","9"
"1","bot_learned_sequence","human","0","6270","2","3","3","1","0","2","1","pull","swing","swing","swing","1","1","-20","132","9"
"1","bot_learned_sequence","human","0","4414","2","3","3","0","1","0","1","pull","drain","none","none","1","1","22","0","9"
"1","bot_learned_sequence","human","0","110","2","3","2","1","0","0","0","idle","grip","jump","grip","1","1","24","0","9"
"1","bot_learned_sequence","human","0","414","2","3","1","2","1","0","0","idle","drain","swing","swing","1","1","10","0","9"
"1","bot_learned_sequence","human","0","4541","1","3","3","2","1","0","1","idle","drain","pull","jump","1","1","0","0","9"
"1","bot_learned_sequence","human","0","4221","1","3","3","1","0","0","1","grip","drain","none","none","1","1","-1","462","9"
"1","bot_learned_sequence","human","0","4381","1","3","1","0","1","0","1","idle","pull","jump","pull","1","1","50","0","9"
"1","bot_learned_sequence","human","0","345","1","2","1","1","1","0","0","idle","pull","knockdown","none","1","1","10","0","9"
"1","bot_learned_sequence","human","0","4216","0","2","3","1","0","0","1","idle","drain","none","none","1","1","20","0","9"
"1","bot_learned_sequence","human","0","4469","1","1","3","1","1","0","1","idle","drain","none","none","1","1","50","0","9"
"1","bot_learned_sequence","human","0","5","1","1","0","0","0","0","0","swing","pull","none","none","1","1","50","528","9"
"1","bot_learned_sequence","human","0","69","1","1","0","1","0","0","0","pull","jump","none","none","1","1","22","594","9"
"1","bot_learned_sequence","human","0","2117","1","1","0","1","0","2","0","idle","swing","swing","jump","1","1","21","0","9"
"1","bot_learned_sequence","bot","4","1499","3","2","1","3","1","1","0","drain","pull","none","none","1","0","-22","0","9"
"1","bot_learned_sequence","bot","4","443","3","2","3","2","1","0","0","idle","drain","none","none","1","0","20","0","9"
"1","bot_learned_sequence","bot","4","1491","3","0","1","3","1","1","0","swing","grip","none","none","1","0","3","396","9"
"1","bot_learned_sequence","bot","4","1234","2","0","1","3","0","1","0","drain","drain","none","none","1","0","-20","66","9"
"1","bot_learned_sequence","bot","4","69","1","1","0","1","0","0","0","idle","swing","swing","none","1","0","-50","0","9"
"1","bot_learned_sequence","bot","4","5","1","1","0","0","0","0","0","pull","jump","drain","pull","1","0","-20","33","9"
"1","bot_learned_sequence","bot","4","533","1","1","1","0","2","0","0","idle","drain","pull","none","1","0","-21","0","9"
"1","bot_learned_sequence","bot","4","52","0","1","3","0","0","0","0","pull","drain","none","none","1","0","-20","198","9"
"1","bot_learned_sequence","bot","4","8959","3","3","3","3","2","0","2","idle","jump","none","none","1","1","0","0","9"
"1","bot_learned_sequence","bot","4","9967","3","3","2","3","2","1","2","idle","pull","none","none","1","1","0","0","9"
"1","bot_learned_sequence","bot","4","1215","3","3","3","2","0","1","0","push","push","none","none","1","1","0","0","9"
"1","bot_learned_sequence","bot","4","1081","1","2","3","0","0","1","0","push","push","none","none","1","1","-30","0","9"
"1","bot_learned_sequence","bot","4","117","1","1","3","1","0","0","0","idle","drain","none","none","1","1","-30","0","9"
"1","bot_learned_sequence","bot","4","8265","1","2","0","1","0","0","2","swing","swing","none","none","1","1","-10","33","9"
"1","bot_learned_sequence","bot","4","8597","1","1","1","2","1","0","2","swing","drain","none","none","1","1","0","264","9"
"1","bot_learned_sequence","bot","4","8457","1","2","0","0","1","0","2","idle","pull","drain","none","1","1","-10","0","9"
"1","bot_learned_sequence","bot","4","85","1","1","1","1","0","0","0","idle","drain","none","none","1","1","0","0","9"
"1","bot_learned_sequence","bot","4","8293","1","1","2","1","0","0","2","swing","drain","none","none","1","1","21","0","9"
"1","bot_learned_sequence","bot","4","9682","2","0","1","3","1","1","2","swing","pull","none","none","1","1","0","165","9"
"1","bot_learned_sequence","bot","4","9622","2","1","1","2","1","1","2","drain","pull","none","none","1","1","50","264","9"
"1","bot_learned_sequence","human","0","6591","3","3","3","2","1","2","1","idle","jump","none","none","1","0","0","0","9"
"1","bot_learned_sequence","human","0","6911","3","3","3","3","2","2","1","idle","jump","none","none","1","0","0","0","9"
"1","bot_learned_sequence","human","0","4463","3","3","2","1","1","0","1","idle","push","none","none","1","0","30","0","9"
"1","bot_learned_sequence","human","0","4335","3","3","2","3","0","0","1","idle","push","none","none","1","0","30","0","9"
"1","bot_learned_sequence","human","0","4335","3","3","2","3","0","0","1","push","push","none","none","1","0","0","0","9"
"1","bot_learned_sequence","human","0","475","3","2","1","3","1","0","0","idle","push","none","none","1","0","0","0","9"
"1","bot_learned_sequence","human","0","4294","2","1","0","3","0","0","1","push","push","none","none","1","0","30","0","9"
"1","bot_learned_sequence","human","0","2197","1","1","1","2","0","2","0","idle","swing","swing","swing","1","0","0","0","9"
"1","bot_learned_sequence","human","0","2213","1","1","2","2","0","2","0","drain","swing","drain","swing","1","0","40","297","9"
"1","bot_learned_sequence","human","0","2070","2","1","1","0","0","2","0","swing","swing","swing","swing","1","0","10","297","9"
"1","bot_learned_sequence","human","0","2197","1","1","1","2","0","2","0","drain","swing","swing","swing","1","0","-21","0","9"
"1","bot_learned_sequence","human","0","2137","1","2","1","1","0","2","0","idle","swing","swing","swing","1","0","-20","0","9"
"1","bot_learned_sequence","human","0","6328","0","2","3","2","0","2","1","idle","drain","jump","kick","1","0","0","0","9"
"1","bot_learned_sequence","human","0","6569","1","2","2","2","1","2","1","idle","jump","kick","none","1","0","-20","0","9"
"1","bot_learned_sequence","human","0","6585","1","2","3","2","1","2","1","idle","drain","none","none","1","0","-50","0","9"
"1","bot_learned_sequence","human","0","6504","0","2","2","1","1","2","1","idle","jump","kick","none","1","0","0","0","9"
"1","bot_learned_sequence","human","0","6312","0","2","2","2","0","2","1","idle","drain","jump","kick","1","0","0","0","9"
"1","bot_learned_sequence","human","0","2137","1","2","1","1","0","2","0","idle","pull","knockdown","none","1","0","-23","0","9"
"1","bot_learned_sequence","bot","4","9455","3","3","2","3","0","1","2","idle","grip","none","none","1","1","55","0","9"
"1","bot_learned_sequence","bot","4","9695","3","3","1","3","1","1","2","idle","grip","none","none","1","1","34","0","9"
"1","bot_learned_sequence","bot","4","9951","3","3","1","3","2","1","2","jump","pull","none","none","1","1","-2","231","9"
"1","bot_learned_sequence","bot","4","8623","3","3","2","2","1","0","2","grip","push","none","none","1","1","0","495","9"
"1","bot_learned_sequence","bot","4","8607","3","3","1","2","1","0","2","idle","grip","none","none","1","1","24","0","9"
"1","bot_learned_sequence","bot","4","8391","3","1","0","3","0","0","2","jump","swing","swing","none","1","1","4","66","9"
"1","bot_learned_sequence","human","0","2303","3","3","3","3","0","2","0","swing","jump","none","none","1","0","-2","495","9"
"1","bot_learned_sequence","human","0","6335","3","3","3","2","0","2","1","idle","pull","knockdown","none","1","0","-53","0","9"
"1","bot_learned_sequence","human","0","6207","3","3","3","0","0","2","1","idle","pull","none","none","1","0","-2","0","9"
"1","bot_learned_sequence","human","0","6207","3","3","3","0","0","2","1","idle","pull","jump","none","1","0","0","0","9"
"1","bot_learned_sequence","human","0","6527","3","3","3","1","1","2","1","pull","kick","none","none","1","0","2","363","9"
"1","bot_learned_sequence","human","0","2287","3","3","2","3","0","2","0","swing","jump","grip","none","1","0","21","627","9"
"1","bot_learned_sequence","human","0","2735","3","3","2","2","2","2","0","drain","jump","none","none","1","0","-24","330","9"
"1","bot_learned_sequence","human","0","2159","3","3","2","1","0","2","0","idle","pull","none","none","1","0","-24","0","9"
"1","bot_learned_sequence","human","0","2366","2","3","3","0","1","2","0","idle","pull","none","none","1","0","-42","0","9"
"1","bot_learned_sequence","human","0","2109","1","3","3","0","0","2","0","idle","jump","none","none","1","0","-4","0","9"
"1","bot_learned_sequence","bot","4","9595","3","2","3","1","1","1","2","grip","push","none","none","1","1","0","429","9"
"1","bot_learned_sequence","bot","4","8635","3","2","3","2","1","0","2","drain","push","drain","none","1","1","0","33","9"
"1","bot_learned_sequence","bot","4","8635","3","2","3","2","1","0","2","idle","drain","none","none","1","1","0","0","9"
"1","bot_learned_sequence","bot","4","8539","3","2","1","1","1","0","2","idle","grip","none","none","1","1","-20","0","9"
"1","bot_learned_sequence","bot","4","8283","3","2","1","1","0","0","2","grip","jump","none","none","1","1","-20","66","9"
"1","bot_learned_sequence","bot","4","8554","2","2","2","1","1","0","2","idle","drain","pull","none","1","1","20","0","9"
"1","bot_learned_sequence","bot","4","8426","2","2","2","3","0","0","2","idle","grip","none","none","1","1","0","0","9"
"1","bot_learned_sequence","bot","4","8378","2","2","3","2","0","0","2","idle","push","none","none","1","1","0","0","9"
"1","bot_learned_sequence","bot","4","8378","2","2","3","2","0","0","2","pull","drain","none","none","1","1","0","396","9"
"1","bot_learned_sequence","bot","4","8218","2","2","1","0","0","0","2","idle","swing","none","none","1","1","23","0","9"
"1","bot_learned_sequence","bot","4","8346","2","2","1","2","0","0","2","swing","grip","none","none","1","1","24","165","9"
"1","bot_learned_sequence","bot","4","8618","2","2","2","2","1","0","2","grip","push","none","none","1","1","-2","198","9"
"1","bot_learned_sequence","bot","4","8634","2","2","3","2","1","0","2","grip","push","none","none","1","1","-2","231","9"
"1","bot_learned_sequence","bot","4","9706","2","2","2","3","1","1","2","idle","pull","none","none","1","1","-23","0","9"
"1","bot_learned_sequence","bot","4","9402","2","2","3","2","0","1","2","idle","pull","drain","none","1","1","19","0","9"
"1","bot_learned_sequence","bot","4","9302","2","1","1","1","0","1","2","swing","grip","none","none","1","1","11","165","9"
"1","bot_learned_sequence","bot","4","9366","2","1","1","2","0","1","2","pull","jump","none","none","1","1","50","33","9"
"1","bot_learned_sequence","bot","4","8578","2","0","0","2","1","0","2","idle","pull","none","none","1","1","0","0","9"
"1","bot_learned_sequence","bot","4","9386","2","2","2","2","0","1","2","grip","swing","none","none","1","1","-24","264","9"
"1","bot_learned_sequence","bot","4","9400","0","2","3","2","0","1","2","kick","drain","none","none","1","1","0","264","9"
"1","bot_learned_sequence","bot","4","9322","2","2","2","1","0","1","2","idle","swing","none","none","1","1","21","0","9"
"1","bot_learned_sequence","bot","4","9626","2","2","1","2","1","1","2","drain","pull","none","none","1","1","1","264","9"
"1","bot_learned_sequence","bot","4","8358","2","1","2","2","0","0","2","idle","push","none","none","1","1","-2","0","9"
"1","bot_learned_sequence","bot","4","8694","2","1","3","3","1","0","2","idle","drain","none","none","1","1","18","0","9"
"1","bot_learned_sequence","bot","4","8566","2","1","3","1","1","0","2","idle","pull","none","none","1","1","49","0","9"
"1","bot_learned_sequence","bot","4","1510","2","1","2","3","1","1","0","drain","pull","none","none","1","1","47","33","9"
"1","bot_learned_sequence","bot","4","342","2","1","1","1","1","0","0","grip","pull","none","none","1","1","50","231","9"
"1","bot_learned_sequence","bot","4","8586","2","2","0","2","1","0","2","drain","pull","none","none","1","1","0","132","9"
"1","bot_learned_sequence","bot","4","8517","1","1","0","1","1","0","2","idle","drain","none","none","1","1","-50","0","9"
"1","bot_learned_sequence","bot","4","276","0","1","1","0","1","0","0","idle","drain","none","none","1","1","20","0","9"
"1","bot_learned_sequence","bot","4","261","1","1","0","0","1","0","0","idle","pull","none","none","1","1","20","0","9"
"1","bot_learned_sequence","bot","4","8533","1","1","1","1","1","0","2","drain","drain","none","none","1","1","-10","66","9"
"1","bot_learned_sequence","bot","4","9540","0","1","0","1","1","1","2","drain","pull","none","none","1","1","60","66","9"
"1","bot_learned_sequence","bot","4","9472","0","0","0","0","1","1","2","pull","drain","none","none","1","1","10","0","9"
"1","bot_learned_sequence","human","0","6254","2","3","2","1","0","2","1","pull","grip","jump","grip","1","0","23","561","9"
"1","bot_learned_sequence","human","0","6638","2","3","2","3","1","2","1","idle","drain","none","none","1","0","0","0","9"
"1","bot_learned_sequence","human","0","2127","3","3","0","1","0","2","0","idle","swing","swing","swing","1","0","40","0","9"
"1","bot_learned_sequence","human","0","2142","2","3","1","1","0","2","0","grip","grip","none","none","1","0","22","528","9"
"1","bot_learned_sequence","human","0","2142","2","3","1","1","0","2","0","jump","jump","pull","none","1","0","0","363","9"
"1","bot_learned_sequence","human","0","2398","2","3","1","1","1","2","0","idle","jump","drain","swing","1","0","0","0","9"
"1","bot_learned_sequence","human","0","2238","2","3","3","2","0","2","0","idle","swing","swing","swing","1","0","30","0","9"
"1","bot_learned_sequence","human","0","2218","2","2","2","2","0","2","0","grip","grip","none","none","1","0","2","165","9"
"1","bot_learned_sequence","human","0","2538","2","2","2","3","1","2","0","push","pull","jump","pull","1","0","0","198","9"
"1","bot_learned_sequence","human","0","2394","2","2","1","1","1","2","0","drain","kick","none","none","1","0","0","495","9"
"1","bot_learned_sequence","human","0","2138","2","2","1","1","0","2","0","swing","swing","swing","swing","1","0","-23","66","9"
"1","bot_learned_sequence","human","0","2474","2","2","2","2","1","2","0","idle","grip","none","none","1","0","4","0","9"
"1","bot_learned_sequence","human","0","2282","2","2","2","3","0","2","0","idle","grip","none","none","1","0","2","0","9"
"1","bot_learned_sequence","human","0","6314","2","2","2","2","0","2","1","pull","grip","jump","grip","1","0","23","462","9"
"1","bot_learned_sequence","human","0","6233","1","2","1","1","0","2","1","idle","swing","swing","swing","1","0","-11","0","9"
"1","bot_learned_sequence","human","0","6249","1","2","2","1","0","2","1","idle","pull","none","none","1","0","-50","0","9"
"1","bot_learned_sequence","human","0","6249","1","2","2","1","0","2","1","jump","jump","knockdown","none","1","0","-50","66","9"
"1","bot_learned_sequence","human","0","6521","1","2","3","1","1","2","1","idle","drain","none","none","1","0","-70","0","9"
"1","bot_learned_sequence","human","0","2168","0","2","3","1","0","2","0","idle","drain","none","none","1","0","-20","0","9"
"1","bot_learned_sequence","human","0","2073","1","2","1","0","0","2","0","idle","swing","knockdown","none","1","0","-20","0","9"
"1","bot_learned_sequence","human","0","2665","1","2","2","1","2","2","0","idle","drain","none","none","1","0","0","0","9"
"1","bot_learned_sequence","human","0","2393","1","2","1","1","1","2","0","idle","drain","none","none","1","0","0","0","9"
"1","bot_learned_sequence","human","0","2618","2","2","3","0","2","2","0","idle","jump","none","none","1","0","2","0","9"
"1","bot_learned_sequence","human","0","2154","2","2","2","1","0","2","0","idle","grip","none","none","1","0","24","0","9"
"1","bot_learned_sequence","human","0","6314","2","2","2","2","0","2","1","swing","jump","grip","jump","1","0","24","462","9"
"1","bot_learned_sequence","human","0","6354","2","0","1","3","0","2","1","idle","jump","grip","none","1","0","0","0","9"
"1","bot_learned_sequence","human","0","6370","2","0","2","3","0","2","1","idle","jump","kick","none","1","0","0","0","9"
"1","bot_learned_sequence","human","0","6154","2","2","0","0","0","2","1","idle","swing","none","none","1","0","0","0","9"
"1","bot_learned_sequence","human","0","6378","2","2","2","3","0","2","1","swing","swing","swing","swing","1","0","-21","693","9"
"1","bot_learned_sequence","human","0","2553","1","2","3","3","1","2","0","idle","drain","none","none","1","0","-1","0","9"
"1","bot_learned_sequence","human","0","2153","1","2","2","1","0","2","0","idle","grip","none","none","1","0","4","0","9"
"1","bot_learned_sequence","human","0","2537","1","2","2","3","1","2","0","drain","grip","none","none","1","0","-18","99","9"
"1","bot_learned_sequence","human","0","441","1","2","3","2","1","0","0","idle","drain","none","none","1","0","-47","0","9"
"1","bot_learned_sequence","human","0","4505","1","2","1","2","1","0","1","idle","grip","none","none","1","0","-48","0","9"
"1","bot_learned_sequence","human","0","4392","0","2","2","0","1","0","1","idle","drain","none","none","1","0","0","0","9"
"1","bot_learned_sequence","human","0","4120","0","2","1","0","0","0","1","idle","swing","none","none","1","0","0","0","9"
"1","bot_learned_sequence","human","0","6248","0","2","2","1","0","2","1","idle","drain","none","none","1","0","0","0","9"
"1","bot_learned_sequence","human","0","6249","1","2","2","1","0","2","1","idle","drain","swing","swing","1","0","0","0","9"
"1","bot_learned_sequence","human","0","2329","1","2","1","0","1","2","0","idle","pull","jump","pull","1","0","70","0","9"
"1","bot_learned_sequence","human","0","325","1","1","0","1","1","0","0","drain","jump","knockdown","none","1","0","-40","198","9"
"1","bot_learned_sequence","human","0","2389","1","1","1","1","1","2","0","idle","drain","none","none","1","0","10","0","9"
"1","bot_learned_sequence","human","0","2117","1","1","0","1","0","2","0","idle","swing","swing","swing","1","0","-40","0","9"
"1","bot_learned_sequence","human","0","6400","0","0","0","0","1","2","1","idle","pull","jump","none","1","0","-10","0","9"
"1","bot_learned_sequence","human","0","6144","0","0","0","0","0","2","1","drain","pull","none","none","1","0","-10","0","9"
"1","bot_learned_sequence","bot","4","8639","3","3","3","2","1","0","2","grip","pull","none","none","1","1","-20","264","9"
"1","bot_learned_sequence","bot","4","8703","3","3","3","3","1","0","2","jump","drain","pull","none","1","1","20","528","9"
"1","bot_learned_sequence","bot","4","8575","3","3","3","1","1","0","2","jump","drain","none","none","1","1","0","528","9"
"1","bot_learned_sequence","bot","4","8255","3","3","3","0","0","0","2","kick","drain","none","none","1","1","-10","462","9"
"1","bot_learned_sequence","bot","4","126","2","3","3","1","0","0","0","pull","drain","none","none","1","1","-8","660","9"
"1","bot_learned_sequence","bot","4","8478","2","3","1","0","1","0","2","idle","grip","none","none","1","1","4","0","9"
"1","bot_learned_sequence","human","0","2303","3","3","3","3","0","2","0","pull","jump","none","none","1","0","0","396","9"
"1","bot_learned_sequence","human","0","2159","3","3","2","1","0","2","0","pull","swing","swing","drain","1","0","-20","429","9"
"1","bot_learned_sequence","human","0","2271","3","3","1","3","0","2","0","idle","pull","jump","none","1","0","0","0","9"
"1","bot_learned_sequence","human","0","2767","3","3","0","3","2","2","0","drain","pull","jump","kick","1","0","0","165","9"
"1","bot_learned_sequence","human","0","2191","3","3","0","2","0","2","0","drain","swing","knockdown","none","1","0","6","561","9"
"1","bot_learned_sequence","human","0","2075","3","2","1","0","0","2","0","idle","pull","none","none","1","0","-44","0","9"
"1","bot_learned_sequence","human","0","751","3","3","2","3","2","0","0","idle","jump","pull","none","1","1","30","0","9"
"1","bot_learned_sequence","human","0","2479","3","3","2","2","1","2","0","idle","swing","swing","swing","1","1","0","0","9"
"1","bot_learned_sequence","human","0","511","3","3","3","3","1","0","0","jump","drain","none","none","1","1","1","561","9"
"1","bot_learned_sequence","human","0","10455","3","1","1","3","0","2","2","idle","jump","grip","none","1","1","0","0","9"
"1","bot_learned_sequence","human","0","10727","3","1","2","3","1","2","2","push","pull","jump","none","1","1","12","297","9"
"1","bot_learned_sequence","human","0","2559","3","3","3","3","1","2","0","drain","kick","none","none","1","0","-1","66","9"
"1","bot_learned_sequence","human","0","10687","3","3","3","2","1","2","2","idle","pull","pull","knockdown","1","0","-25","0","9"
"1","bot_learned_sequence","human","0","10685","1","3","3","2","1","2","2","idle","push","none","none","1","0","-12","0","9"
"1","bot_learned_sequence","human","0","2299","3","2","3","3","0","2","0","swing","jump","none","none","1","1","0","66","9"
"1","bot_learned_sequence","human","0","2555","3","2","3","3","1","2","0","swing","swing","swing","none","1","1","40","660","9"
"1","bot_learned_sequence","human","0","2235","3","2","3","2","0","2","0","drain","swing","swing","none","1","1","12","231","9"
"1","bot_learned_sequence","human","0","2531","3","0","2","3","1","2","0","idle","grip","none","none","1","1","-28","0","9"
"1","bot_learned_sequence","human","0","2407","3","1","2","1","1","2","0","idle","jump","none","none","1","1","15","0","9"
"1","bot_learned_sequence","human","0","10599","3","1","2","1","1","2","2","swing","kick","none","none","1","1","15","198","9"
"1","bot_learned_sequence","human","0","2390","2","1","1","1","1","2","0","drain","drain","none","none","1","1","-20","330","9"
"1","bot_learned_sequence","human","0","10662","2","1","2","2","1","2","2","idle","drain","none","none","1","1","0","0","9"
"1","bot_learned_sequence","human","0","2331","3","2","1","0","1","2","0","pull","drain","none","none","1","1","-3","660","9"
"1","bot_learned_sequence","human","0","2075","3","2","1","0","0","2","0","jump","swing","none","none","1","1","-23","462","9"
"1","bot_learned_sequence","human","0","10267","3","2","1","0","0","2","2","kick","swing","knockdown","none","1","1","-23","165","9"
"1","bot_learned_sequence","human","0","10346","2","2","2","1","0","2","2","jump","jump","drain","none","1","1","0","99","9"
"1","bot_learned_sequence","human","0","10523","3","2","1","0","1","2","2","kick","jump","none","none","1","1","-20","561","9"
"1","bot_learned_sequence","human","0","2075","3","2","1","0","0","2","0","pull","drain","none","none","1","1","0","132","9"
"1","bot_learned_sequence","human","0","2347","3","2","2","0","1","2","0","drain","drain","none","none","1","1","-30","363","9"
"1","bot_learned_sequence","human","0","2586","2","2","1","0","2","2","0","idle","pull","none","none","1","1","0","0","9"
"1","bot_learned_sequence","human","0","2362","2","2","3","0","1","2","0","idle","jump","grip","none","1","1","-26","0","9"
"1","bot_learned_sequence","human","0","2089","1","2","2","0","0","2","0","idle","jump","grip","none","1","1","82","0","9"
"1","bot_learned_sequence","human","0","2129","1","0","1","1","0","2","0","idle","jump","grip","none","1","1","23","0","9"
"1","bot_learned_sequence","human","0","2257","1","0","1","3","0","2","0","idle","pull","jump","none","1","1","3","0","9"
"1","bot_learned_sequence","human","0","8703","3","3","3","3","1","0","2","idle","swing","jump","none","1","0","-13","0","9"
"1","bot_learned_sequence","human","0","8446","2","3","3","3","0","0","2","idle","jump","none","none","1","0","20","0","9"
"1","bot_learned_sequence","human","0","8446","2","3","3","3","0","0","2","idle","swing","none","none","1","0","0","0","9"
"1","bot_learned_sequence","human","0","8702","2","3","3","3","1","0","2","jump","swing","none","none","1","0","-40","330","9"
"1","bot_learned_sequence","human","0","8620","0","3","2","2","1","0","2","grip","pull","drain","none","1","0","30","66","9"
"1","bot_learned_sequence","human","0","10653","1","3","1","2","1","2","2","jump","swing","none","none","1","0","-15","198","9"
"1","bot_learned_sequence","human","0","10653","1","3","1","2","1","2","2","kick","swing","swing","jump","1","0","-15","99","9"
"1","bot_learned_sequence","human","0","8461","1","3","0","0","1","0","2","drain","swing","swing","jump","1","0","20","693","9"
"1","bot_learned_sequence","human","0","8537","1","2","1","1","1","0","2","drain","drain","pull","none","1","0","0","495","9"
"1","bot_learned_sequence","human","0","8462","2","3","0","0","1","0","2","drain","jump","none","none","1","0","3","363","9"
"1","bot_learned_sequence","human","0","10318","2","3","0","1","0","2","2","swing","kick","none","none","1","0","23","99","9"
"1","bot_learned_sequence","human","0","10458","2","2","1","3","0","2","2","idle","jump","none","none","1","0","0","0","9"
"1","bot_learned_sequence","human","0","10590","2","3","1","1","1","2","2","drain","kick","none","none","1","0","20","198","9"
"1","bot_learned_sequence","human","0","8526","2","3","0","1","1","0","2","jump","drain","pull","jump","1","0","20","132","9"
"1","bot_learned_sequence","human","0","8590","2","3","0","2","1","0","2","idle","jump","drain","none","1","0","30","0","9"
"1","bot_learned_sequence","human","0","8526","2","3","0","1","1","0","2","drain","jump","none","none","1","0","30","297","9"
"1","bot_learned_sequence","human","0","8326","2","1","0","2","0","0","2","jump","pull","none","none","1","0","-82","99","9"
"1","bot_learned_sequence","human","0","2303","3","3","3","3","0","2","0","idle","jump","kick","none","1","1","-4","0","9"
"1","bot_learned_sequence","human","0","2543","3","3","2","3","1","2","0","drain","grip","none","none","1","1","3","0","9"
"1","bot_learned_sequence","human","0","2543","3","3","2","3","1","2","0","drain","jump","kick","none","1","1","-20","132","9"
"1","bot_learned_sequence","human","0","2287","3","3","2","3","0","2","0","swing","jump","none","none","1","1","-20","198","9"
"1","bot_learned_sequence","human","0","2719","3","3","1","2","2","2","0","drain","drain","none","none","1","1","0","660","9"
"1","bot_learned_sequence","human","0","10655","3","3","1","2","1","2","2","idle","jump","none","none","1","1","2","0","9"
"1","bot_learned_sequence","human","0","10719","3","3","1","3","1","2","2","jump","jump","grip","none","1","1","2","132","9"
"1","bot_learned_sequence","human","0","2559","3","3","3","3","1","2","0","idle","jump","grip","none","1","1","2","0","9"
"1","bot_learned_sequence","human","0","2287","3","3","2","3","0","2","0","drain","jump","none","none","1","1","4","132","9"
"1","bot_learned_sequence","human","0","2271","3","3","1","3","0","2","0","swing","grip","none","none","1","1","4","132","9"
"1","bot_learned_sequence","human","0","2799","3","3","2","3","2","2","0","idle","jump","none","none","1","1","-21","0","9"
"1","bot_learned_sequence","human","0","2398","2","3","1","1","1","2","0","pull","grip","none","none","1","1","4","66","9"
"1","bot_learned_sequence","human","0","2190","2","3","0","2","0","2","0","idle","jump","grip","none","1","1","64","0","9"
"1","bot_learned_sequence","human","0","2374","2","1","0","1","1","2","0","idle","jump","none","none","1","1","-19","0","9"
"1","bot_learned_sequence","human","0","2150","2","1","2","1","0","2","0","idle","kick","drain","none","1","1","-19","0","9"
"1","bot_learned_sequence","human","0","2343","3","1","2","0","1","2","0","idle","drain","pull","jump","1","1","0","0","9"
"1","bot_learned_sequence","human","0","2055","3","1","0","0","0","2","0","drain","pull","jump","none","1","1","10","198","9"
"1","bot_learned_sequence","human","0","2559","3","3","3","3","1","2","0","jump","swing","swing","none","1","0","30","165","9"
"1","bot_learned_sequence","human","0","10495","3","3","3","3","0","2","2","kick","swing","swing","jump","1","0","2","693","9"
"1","bot_learned_sequence","human","0","8703","3","3","3","3","1","0","2","grip","drain","pull","none","1","0","-3","0","9"
"1","bot_learned_sequence","human","0","8383","3","3","3","2","0","0","2","grip","pull","drain","none","1","0","1","33","9"
"1","bot_learned_sequence","human","0","10687","3","3","3","2","1","2","2","kick","swing","swing","swing","1","0","20","99","9"
"1","bot_learned_sequence","human","0","8383","3","3","3","2","0","0","2","jump","jump","drain","none","1","0","0","33","9"
"1","bot_learned_sequence","human","0","10783","3","3","1","0","2","2","2","drain","jump","none","none","1","0","0","594","9"
"1","bot_learned_sequence","human","0","10623","3","3","3","1","1","2","2","idle","jump","none","none","1","0","-2","0","9"
"1","bot_learned_sequence","human","0","8319","3","3","3","1","0","0","2","grip","pull","jump","none","1","0","0","429","9"
"1","bot_learned_sequence","human","0","8639","3","3","3","2","1","0","2","grip","pull","jump","drain","1","0","-3","264","9"
"1","bot_learned_sequence","human","0","8367","3","3","2","2","0","0","2","idle","swing","none","none","1","0","-4","0","9"
"1","bot_learned_sequence","human","0","8639","3","3","3","2","1","0","2","jump","drain","jump","none","1","0","19","165","9"
"1","bot_learned_sequence","human","0","8603","3","2","1","2","1","0","2","idle","pull","none","none","1","0","-4","0","9"
"1","bot_learned_sequence","human","0","8219","3","2","1","0","0","0","2","grip","pull","pull","knockdown","1","0","-64","33","9"
"1","bot_learned_sequence","human","0","8473","1","2","1","0","1","0","2","jump","jump","none","none","1","0","19","33","9"
"1","bot_learned_sequence","human","0","8525","1","3","0","1","1","0","2","jump","drain","none","none","1","0","-10","528","9"
"1","bot_learned_sequence","human","0","8943","3","3","2","3","2","0","2","jump","jump","none","none","1","1","20","429","9"
"1","bot_learned_sequence","human","0","8431","3","3","2","3","0","0","2","kick","jump","none","none","1","1","50","561","9"
"1","bot_learned_sequence","human","0","8683","3","2","2","3","1","0","2","idle","jump","pull","none","1","1","20","0","9"
"1","bot_learned_sequence","human","0","8331","3","2","0","2","0","0","2","idle","pull","pull","drain","1","1","-3","0","9"
"1","bot_learned_sequence","human","0","10507","3","2","0","0","1","2","2","idle","swing","swing","swing","1","1","0","0","9"
"1","bot_learned_sequence","human","0","10571","3","2","0","1","1","2","2","jump","swing","swing","none","1","1","0","198","9"
"1","bot_learned_sequence","human","0","10575","3","3","0","1","1","2","2","idle","swing","swing","none","1","1","-20","0","9"
"1","bot_learned_sequence","human","0","10399","3","3","1","2","0","2","2","jump","swing","swing","none","1","1","-20","165","9"
"1","bot_learned_sequence","human","0","8415","3","3","1","3","0","0","2","idle","jump","drain","none","1","1","0","0","9"
"1","bot_learned_sequence","human","0","8607","3","3","1","2","1","0","2","idle","drain","none","none","1","1","-2","0","9"
"1","bot_learned_sequence","human","0","8239","3","3","2","0","0","0","2","idle","pull","none","none","1","1","-1","0","9"
"1","bot_learned_sequence","human","0","8895","3","3","3","2","2","0","2","idle","jump","drain","none","1","1","0","0","9"
"1","bot_learned_sequence","human","0","10431","3","3","3","2","0","2","2","idle","swing","swing","none","1","1","-4","0","9"
"1","bot_learned_sequence","human","0","10431","3","3","3","2","0","2","2","grip","swing","none","none","1","1","-4","0","9"
"1","bot_learned_sequence","human","0","8319","3","3","3","1","0","0","2","idle","pull","drain","swing","1","1","0","0","9"
"1","bot_learned_sequence","human","0","8575","3","3","3","1","1","0","2","grip","drain","pull","none","1","1","-4","66","9"
"1","bot_learned_sequence","human","0","8255","3","3","3","0","0","0","2","grip","pull","none","none","1","1","0","165","9"
"1","bot_learned_sequence","human","0","8559","3","3","2","1","1","0","2","idle","jump","none","none","1","1","0","0","9"
"1","bot_learned_sequence","human","0","8479","3","3","1","0","1","0","2","idle","jump","drain","jump","1","1","0","0","9"
"1","bot_learned_sequence","human","0","8479","3","3","1","0","1","0","2","idle","pull","jump","pull","1","1","10","0","9"
"1","bot_learned_sequence","human","0","283","3","2","1","0","1","0","0","idle","pull","jump","pull","1","1","0","0","9"
"1","bot_learned_sequence","human","0","23","3","1","1","0","0","0","0","jump","pull","none","none","1","1","-20","33","9"
"1","bot_learned_sequence","human","0","358","2","1","2","1","1","0","0","pull","drain","pull","jump","1","1","3","594","9"
"1","bot_learned_sequence","human","0","2495","3","3","3","2","1","2","0","jump","jump","kick","none","1","0","-50","495","9"
"1","bot_learned_sequence","human","0","10526","2","3","1","0","1","2","2","swing","jump","none","none","1","0","0","99","9"
"1","bot_learned_sequence","human","0","10606","2","3","2","1","1","2","2","swing","drain","none","none","1","0","20","165","9"
"1","bot_learned_sequence","human","0","10271","3","3","1","0","0","2","2","swing","jump","none","none","1","0","20","132","9"
"1","bot_learned_sequence","human","0","2399","3","3","1","1","1","2","0","idle","grip","none","none","1","0","6","0","9"
"1","bot_learned_sequence","human","0","10463","3","3","1","3","0","2","2","swing","grip","none","none","1","0","4","0","9"
"1","bot_learned_sequence","human","0","2527","3","3","1","3","1","2","0","idle","grip","none","none","1","0","4","0","9"
"1","bot_learned_sequence","human","0","2255","3","3","0","3","0","2","0","idle","jump","grip","none","1","0","0","0","9"
"1","bot_learned_sequence","human","0","2191","3","3","0","2","0","2","0","idle","jump","none","none","1","0","0","0","9"
"1","bot_learned_sequence","human","0","2207","3","3","1","2","0","2","0","jump","jump","kick","none","1","0","0","132","9"
"1","bot_learned_sequence","human","0","2463","3","3","1","2","1","2","0","drain","pull","jump","pull","1","0","20","66","9"
"1","bot_learned_sequence","human","0","73","1","2","0","1","0","0","0","pull","pull","none","none","1","0","-3","99","9"
"1","bot_learned_sequence","human","0","2559","3","3","3","3","1","2","0","idle","swing","swing","jump","1","1","0","0","9"
"1","bot_learned_sequence","human","0","10495","3","3","3","3","0","2","2","jump","swing","jump","pull","1","1","50","363","9"
"1","bot_learned_sequence","human","0","8431","3","3","2","3","0","0","2","drain","swing","none","none","1","1","20","297","9"
"1","bot_learned_sequence","human","0","10479","3","3","2","3","0","2","2","jump","swing","none","none","1","1","20","66","9"
"1","bot_learned_sequence","human","0","10479","3","3","2","3","0","2","2","kick","swing","jump","none","1","1","19","99","9"
"1","bot_learned_sequence","human","0","8447","3","3","3","3","0","0","2","kick","jump","none","none","1","1","40","462","9"
"1","bot_learned_sequence","human","0","8683","3","2","2","3","1","0","2","kick","pull","jump","none","1","1","50","429","9"
"1","bot_learned_sequence","human","0","8667","3","2","1","3","1","0","2","idle","pull","jump","none","1","1","30","0","9"
"1","bot_learned_sequence","human","0","8423","3","1","2","3","0","0","2","drain","swing","swing","swing","1","1","0","66","9"
"1","bot_learned_sequence","human","0","10587","3","2","1","1","1","2","2","jump","swing","none","none","1","1","0","264","9"
"1","bot_learned_sequence","human","0","8543","3","3","1","1","1","0","2","drain","jump","none","none","1","1","0","264","9"
"1","bot_learned_sequence","human","0","8207","3","3","0","0","0","0","2","jump","drain","pull","jump","1","1","0","297","9"
"1","bot_learned_sequence","human","0","10735","3","3","2","3","1","2","2","kick","jump","none","none","1","1","0","396","9"
"1","bot_learned_sequence","human","0","10495","3","3","3","3","0","2","2","jump","kick","none","none","1","1","0","165","9"
"1","bot_learned_sequence","human","0","8223","3","3","1","0","0","0","2","jump","drain","none","none","1","1","20","561","9"
"1","bot_learned_sequence","human","0","8207","3","3","0","0","0","0","2","kick","jump","none","none","1","1","20","132","9"
"1","bot_learned_sequence","human","0","8539","3","2","1","1","1","0","2","idle","drain","none","none","1","1","0","0","9"
"1","bot_learned_sequence","human","0","8219","3","2","1","0","0","0","2","drain","jump","drain","pull","1","1","20","264","9"
"1","bot_learned_sequence","human","0","10335","3","3","1","1","0","2","2","swing","swing","none","none","1","1","30","33","9"
"1","bot_learned_sequence","human","0","10395","3","2","1","2","0","2","2","swing","swing","jump","none","1","1","0","33","9"
"1","bot_learned_sequence","human","0","10678","2","1","3","2","1","2","2","jump","swing","none","none","1","1","-20","198","9"
"1","bot_learned_sequence","human","0","10602","2","2","2","1","1","2","2","drain","swing","none","none","1","1","-20","594","9"
"1","bot_learned_sequence","human","0","10346","2","2","2","1","0","2","2","jump","swing","knockdown","none","1","1","-20","66","9"
"1","bot_learned_sequence","human","0","10618","2","2","3","1","1","2","2","jump","drain","none","none","1","1","1","0","9"
"1","bot_learned_sequence","human","0","10282","2","2","2","0","0","2","2","idle","swing","none","none","1","1","-20","0","9"
"1","bot_learned_sequence","human","0","2090","2","2","2","0","0","2","0","pull","swing","swing","swing","1","1","0","198","9"
"1","bot_learned_sequence","human","0","8485","1","1","2","0","1","0","2","kick","swing","swing","none","1","1","30","528","9"
"1","bot_learned_sequence","human","0","8309","1","1","3","1","0","0","2","drain","jump","drain","none","1","1","0","99","9"
"1","bot_learned_sequence","human","0","10278","2","1","2","0","0","2","2","swing","swing","none","none","1","1","0","33","9"
"1","bot_learned_sequence","human","0","8465","1","0","1","0","1","0","2","drain","pull","jump","none","1","1","25","330","9"
"1","bot_learned_sequence","human","0","2495","3","3","3","2","1","2","0","pull","jump","jump","drain","1","0","-30","33","9"
"1","bot_learned_sequence","human","0","10431","3","3","3","2","0","2","2","swing","kick","none","none","1","0","-19","297","9"
"1","bot_learned_sequence","human","0","2495","3","3","3","2","1","2","0","pull","kick","jump","none","1","0","-19","165","9"
"1","bot_learned_sequence","human","0","2558","2","3","3","3","1","2","0","jump","kick","none","none","1","0","-20","693","9"
"1","bot_learned_sequence","human","0","2494","2","3","3","2","1","2","0","jump","kick","none","none","1","0","-30","264","9"
"1","bot_learned_sequence","human","0","2173","1","3","3","1","0","2","0","jump","jump","drain","none","1","0","0","330","9"
"1","bot_learned_sequence","human","0","10334","2","3","1","1","0","2","2","swing","jump","none","none","1","0","0","33","9"
"1","bot_learned_sequence","human","0","10670","2","3","2","2","1","2","2","swing","drain","none","none","1","0","0","363","9"
"1","bot_learned_sequence","human","0","2383","3","3","0","1","1","2","0","jump","jump","none","none","1","0","0","231","9"
"1","bot_learned_sequence","human","0","2415","3","3","2","1","1","2","0","idle","jump","kick","none","1","0","0","0","9"
"1","bot_learned_sequence","human","0","10495","3","3","3","3","0","2","2","jump","jump","none","none","1","0","0","363","9"
"1","bot_learned_sequence","human","0","2303","3","3","3","3","0","2","0","swing","jump","kick","none","1","0","0","0","9"
"1","bot_learned_sequence","human","0","2287","3","3","2","3","0","2","0","swing","grip","none","none","1","0","4","198","9"
"1","bot_learned_sequence","human","0","2287","3","3","2","3","0","2","0","pull","jump","grip","jump","1","0","15","660","9"
"1","bot_learned_sequence","human","0","2223","3","3","2","2","0","2","0","idle","drain","pull","jump","1","0","-20","0","9"
"1","bot_learned_sequence","human","0","2127","3","3","0","1","0","2","0","drain","kick","none","none","1","0","-20","66","9"
"1","bot_learned_sequence","human","0","2126","2","3","0","1","0","2","0","idle","drain","none","none","1","0","-20","0","9"
"1","bot_learned_sequence","human","0","2398","2","3","1","1","1","2","0","idle","drain","swing","swing","1","0","29","0","9"
"1","bot_learned_sequence","human","0","10350","2","3","2","1","0","2","2","swing","swing","none","none","1","0","0","264","9"
"1","bot_learned_sequence","human","0","2217","1","2","2","2","0","2","0","idle","pull","jump","none","1","0","20","0","9"
"1","bot_learned_sequence","human","0","10745","1","2","3","3","1","2","2","swing","drain","none","none","1","0","20","495","9"
"1","bot_learned_sequence","human","0","10650","2","2","1","2","1","2","2","swing","jump","none","none","1","0","20","264","9"
"1","bot_learned_sequence","human","0","10714","2","2","1","3","1","2","2","idle","pull","none","none","1","0","0","0","9"
"1","bot_learned_sequence","human","0","10714","2","2","1","3","1","2","2","drain","jump","pull","none","1","0","-1","0","9"
"1","bot_learned_sequence","human","0","8330","2","2","0","2","0","0","2","swing","jump","pull","none","1","0","20","132","9"
"1","bot_learned_sequence","human","0","8645","1","1","0","3","1","0","2","swing","jump","none","none","1","0","-30","462","9"
"1","bot_learned_sequence","human","0","2437","1","1","0","2","1","2","0","drain","kick","none","none","1","0","-30","429","9"
"1","bot_learned_sequence","human","0","10436","0","1","0","3","0","2","2","swing","jump","drain","none","1","0","0","429","9"
"1","bot_learned_sequence","human","0","2121","1","2","0","1","0","2","0","drain","swing","swing","swing","1","0","0","429","9"
"1","bot_learned_sequence","human","0","10372","0","1","0","2","0","2","2","swing","jump","drain","none","1","0","-25","363","9"
"1","bot_learned_sequence","human","0","2388","0","1","1","1","1","2","0","jump","swing","none","none","1","0","-25","693","9"
"1","bot_learned_sequence","human","0","2303","3","3","3","3","0","2","0","idle","drain","none","none","1","1","0","0","9"
"1","bot_learned_sequence","human","0","431","3","3","2","2","1","0","0","idle","grip","jump","none","1","1","14","0","9"
"1","bot_learned_sequence","human","0","271","3","3","0","0","1","0","0","idle","swing","none","none","1","1","0","0","9"
"1","bot_learned_sequence","human","0","335","3","3","0","1","1","0","0","swing","push","none","none","1","1","0","132","9"
"1","bot_learned_sequence","human","0","2543","3","3","2","3","1","2","0","idle","swing","swing","swing","1","1","58","0","9"
"1","bot_learned_sequence","human","0","8427","3","2","2","3","0","0","2","jump","pull","jump","none","1","1","18","330","9"
"1","bot_learned_sequence","human","0","151","3","1","1","2","0","0","0","knockdown","pull","pull","none","1","1","50","0","9"
"1","bot_learned_sequence","human","0","2199","3","1","1","2","0","2","0","idle","swing","kick","none","1","1","10","0","9"
"1","bot_learned_sequence","human","0","326","2","1","0","1","1","0","0","drain","jump","swing","none","1","1","32","495","9"
"1","bot_learned_sequence","human","0","2","2","0","0","0","0","0","0","pull","jump","pull","jump","1","1","12","165","9"
"1","bot_learned_sequence","human","0","2559","3","3","3","3","1","2","0","jump","swing","jump","pull","1","0","0","198","9"
"1","bot_learned_sequence","human","0","415","3","3","1","2","1","0","0","jump","pull","pull","none","1","0","-12","33","9"
"1","bot_learned_sequence","human","0","415","3","3","1","2","1","0","0","grip","jump","knockdown","none","1","0","-41","33","9"
"1","bot_learned_sequence","human","0","110","2","3","2","1","0","0","0","idle","pull","drain","none","1","0","-20","0","9"
"1","bot_learned_sequence","human","0","623","3","3","2","1","2","0","0","idle","jump","none","none","1","0","-60","0","9"
"1","bot_learned_sequence","human","0","10494","2","3","3","3","0","2","2","swing","jump","none","none","1","0","-18","396","9"
"1","bot_learned_sequence","human","0","430","2","3","2","2","1","0","0","jump","grip","none","none","1","0","-68","429","9"
"1","bot_learned_sequence","human","0","8632","0","2","3","2","1","0","2","kick","drain","none","none","1","0","-20","462","9"
"1","bot_learned_sequence","human","0","265","1","2","0","0","1","0","0","swing","pull","none","none","1","0","-32","66","9"
"1","bot_learned_sequence","human","0","8431","3","3","2","3","0","0","2","jump","jump","grip","none","1","1","50","198","9"
"1","bot_learned_sequence","human","0","8447","3","3","3","3","0","0","2","pull","jump","none","none","1","1","50","561","9"
"1","bot_learned_sequence","human","0","223","3","3","1","3","0","0","0","jump","jump","jump","none","1","1","-30","33","9"
"1","bot_learned_sequence","human","0","190","2","3","3","2","0","0","0","jump","swing","jump","none","1","1","0","0","9"
"1","bot_learned_sequence","human","0","430","2","3","2","2","1","0","0","idle","grip","none","none","1","1","44","0","9"
"1","bot_learned_sequence","human","0","214","2","1","1","3","0","0","0","knockdown","jump","pull","none","1","1","50","0","9"
"1","bot_learned_sequence","human","0","386","2","0","0","2","1","0","0","idle","push","none","none","1","1","-1","0","9"
"1","bot_learned_sequence","human","0","198","2","1","0","3","0","0","0","drain","pull","jump","none","1","1","-1","99","9"
"1","bot_learned_sequence","human","0","274","2","0","1","0","1","0","0","jump","drain","none","none","1","1","20","528","9"
"1","bot_learned_sequence","human","0","354","2","0","2","1","1","0","0","jump","drain","none","none","1","1","4","99","9"
"1","bot_learned_sequence","human","0","3","3","0","0","0","0","0","0","jump","pull","none","none","1","1","4","0","9"
"1","bot_learned_sequence","human","0","2751","3","3","3","2","2","2","0","jump","jump","none","none","1","0","-2","660","9"
"1","bot_learned_sequence","human","0","2495","3","3","3","2","1","2","0","grip","jump","none","none","1","0","-50","33","9"
"1","bot_learned_sequence","human","0","319","3","3","3","0","1","0","0","idle","swing","swing","jump","1","0","50","0","9"
"1","bot_learned_sequence","human","0","235","3","2","2","3","0","0","0","swing","jump","none","none","1","0","0","0","9"
"1","bot_learned_sequence","human","0","122","2","2","3","1","0","0","0","idle","pull","none","none","1","0","-70","0","9"
"1","bot_learned_sequence","human","0","312","0","2","3","0","1","0","0","pull","drain","none","none","1","0","-20","264","9"
"1","bot_learned_sequence","human","0","56","0","2","3","0","0","0","0","push","jump","push","drain","1","0","21","396","9"
"1","bot_learned_sequence","human","0","280","0","2","1","0","1","0","0","idle","pull","jump","pull","1","0","21","0","9"
"1","bot_learned_sequence","human","0","264","0","2","0","0","1","0","0","drain","jump","jump","none","1","0","1","363","9"
"1","bot_learned_sequence","human","0","408","0","2","1","2","1","0","0","idle","jump","none","none","1","0","-4","0","9"
"1","bot_learned_sequence","human","0","12","0","3","0","0","0","0","0","pull","jump","none","none","1","0","-4","0","9"
"1","bot_learned_sequence","human","0","495","3","3","2","3","1","0","0","idle","push","jump","none","1","1","-19","0","9"
"1","bot_learned_sequence","human","0","2431","3","3","3","1","1","2","0","pull","swing","none","none","1","1","-20","33","9"
"1","bot_learned_sequence","human","0","2174","2","3","3","1","0","2","0","pull","swing","drain","none","1","1","0","132","9"
"1","bot_learned_sequence","human","0","622","2","3","2","1","2","0","0","idle","jump","none","none","1","1","30","0","9"
"1","bot_learned_sequence","human","0","426","2","2","2","2","1","0","0","idle","pull","none","none","1","1","50","0","9"
"1","bot_learned_sequence","human","0","330","2","2","0","1","1","0","0","drain","drain","swing","drain","1","1","0","396","9"
"1","bot_learned_sequence","human","0","8522","2","2","0","1","1","0","2","swing","drain","none","none","1","1","20","198","9"
"1","bot_learned_sequence","human","0","8282","2","2","1","1","0","0","2","swing","swing","swing","swing","1","1","20","627","9"
"1","bot_learned_sequence","human","0","426","2","2","2","2","1","0","0","idle","swing","none","none","1","1","50","0","9"
"1","bot_learned_sequence","human","0","8666","2","2","1","3","1","0","2","swing","pull","none","none","1","1","100","165","9"
"1","bot_learned_sequence","human","0","454","2","1","0","3","1","0","0","drain","pull","jump","none","1","1","54","0","9"
"1","bot_learned_sequence","human","0","8411","3","2","1","3","0","0","2","swing","jump","none","none","1","0","0","198","9"
"1","bot_learned_sequence","human","0","731","3","2","1","3","2","0","0","drain","jump","none","none","1","0","-30","99","9"
"1","bot_learned_sequence","human","0","683","3","2","2","2","2","0","0","jump","jump","jump","pull","1","0","-30","132","9"
"1","bot_learned_sequence","human","0","441","1","2","3","2","1","0","0","pull","drain","none","none","1","0","0","693","9"
"1","bot_learned_sequence","human","0","346","2","2","1","1","1","0","0","drain","drain","none","none","1","0","0","165","9"
"1","bot_learned_sequence","human","0","282","2","2","1","0","1","0","0","swing","swing","swing","none","1","0","0","462","9"
"1","bot_learned_sequence","human","0","2330","2","2","1","0","1","2","0","drain","swing","none","none","1","0","-20","99","9"
"1","bot_learned_sequence","human","0","2490","2","2","3","2","1","2","0","swing","swing","swing","none","1","0","-100","396","9"
"1","bot_learned_sequence","human","0","2170","2","2","3","1","0","2","0","pull","swing","swing","jump","1","0","-100","99","9"
"1","bot_learned_sequence","human","0","313","1","2","3","0","1","0","0","pull","drain","none","none","1","0","-54","0","9"
"1","bot_learned_sequence","human","0","751","3","3","2","3","2","0","0","jump","push","jump","none","1","1","0","99","9"
"1","bot_learned_sequence","human","0","2239","3","3","3","2","0","2","0","jump","kick","none","none","1","1","32","0","9"
"1","bot_learned_sequence","human","0","171","3","2","2","2","0","0","0","knockdown","jump","pull","none","1","1","0","0","9"
"1","bot_learned_sequence","human","0","159","3","3","1","2","0","0","0","idle","swing","jump","swing","1","1","40","0","9"
"1","bot_learned_sequence","human","0","8427","3","2","2","3","0","0","2","idle","pull","none","none","1","1","20","0","9"
"1","bot_learned_sequence","human","0","475","3","2","1","3","1","0","0","drain","jump","swing","none","1","1","0","0","9"
"1","bot_learned_sequence","human","0","8427","3","2","2","3","0","0","2","jump","jump","none","none","1","1","48","429","9"
"1","bot_learned_sequence","human","0","171","3","2","2","2","0","0","0","grip","pull","none","none","1","1","50","495","9"
"1","bot_learned_sequence","human","0","27","3","2","1","0","0","0","0","idle","jump","none","none","1","1","40","0","9"
"1","bot_learned_sequence","human","0","267","3","2","0","0","1","0","0","jump","pull","jump","pull","1","1","50","627","9"
"1","bot_learned_sequence","human","0","579","3","0","0","1","2","0","0","idle","jump","none","none","1","1","0","0","9"
"1","bot_learned_sequence","human","0","263","3","1","0","0","1","0","0","drain","swing","none","none","1","1","0","330","9"
"1","bot_learned_sequence","human","0","199","3","1","0","3","0","0","0","jump","pull","none","none","1","1","0","297","9"
"1","bot_learned_sequence","human","0","331","3","2","0","1","1","0","0","drain","swing","none","none","1","1","0","396","9"
"1","bot_learned_sequence","human","0","347","3","2","1","1","1","0","0","idle","swing","swing","none","1","1","0","0","9"
"1","bot_learned_sequence","human","0","2379","3","2","0","1","1","2","0","drain","swing","none","none","1","1","0","264","9"
"1","bot_learned_sequence","human","0","8411","3","2","1","3","0","0","2","idle","swing","swing","none","1","1","16","0","9"
"1","bot_learned_sequence","human","0","187","3","2","3","2","0","0","0","idle","pull","none","none","1","1","50","0","9"
"1","bot_learned_sequence","human","0","487","3","1","2","3","1","0","0","jump","pull","none","none","1","1","50","33","9"
"1","bot_learned_sequence","human","0","151","3","1","1","2","0","0","0","drain","jump","none","none","1","1","20","198","9"
"1","bot_learned_sequence","human","0","23","3","1","1","0","0","0","0","jump","push","jump","push","1","1","70","132","9"
"1","bot_learned_sequence","human","0","87","3","1","1","1","0","0","0","knockdown","jump","push","pull","1","1","50","0","9"
"1","bot_learned_sequence","human","0","8431","3","3","2","3","0","0","2","kick","jump","pull","none","1","0","-32","0","9"
"1","bot_learned_sequence","human","0","446","2","3","3","2","1","0","0","swing","swing","swing","none","1","0","-40","66","9"
"1","bot_learned_sequence","human","0","2238","2","3","3","2","0","2","0","jump","swing","none","none","1","0","-20","99","9"
"1","bot_learned_sequence","human","0","2493","1","3","3","2","1","2","0","pull","kick","none","none","1","0","0","660","9"
"1","bot_learned_sequence","human","0","366","2","3","2","1","1","0","0","swing","swing","jump","none","1","0","-18","198","9"
"1","bot_learned_sequence","human","0","174","2","3","2","2","0","0","0","jump","grip","none","none","1","0","-48","231","9"
"1","bot_learned_sequence","human","0","286","2","3","1","0","1","0","0","idle","pull","jump","drain","1","0","20","0","9"
"1","bot_learned_sequence","human","0","94","2","3","1","1","0","0","0","knockdown","jump","drain","none","1","0","0","0","9"
"1","bot_learned_sequence","human","0","78","2","3","0","1","0","0","0","jump","jump","none","none","1","0","-20","33","9"
"1","bot_learned_sequence","human","0","334","2","3","0","1","1","0","0","drain","jump","none","none","1","0","-20","165","9"
"1","bot_learned_sequence","human","0","381","1","3","3","1","1","0","0","idle","jump","none","none","1","0","0","0","9"
"1","bot_learned_sequence","human","0","365","1","3","2","1","1","0","0","idle","jump","drain","none","1","0","0","0","9"
"1","bot_learned_sequence","human","0","10526","2","3","1","0","1","2","2","swing","swing","none","none","1","0","2","528","9"
"1","bot_learned_sequence","human","0","430","2","3","2","2","1","0","0","swing","grip","none","none","1","0","-16","132","9"
"1","bot_learned_sequence","human","0","509","1","3","3","3","1","0","0","idle","jump","none","none","1","0","-50","0","9"
"1","bot_learned_sequence","human","0","8687","3","3","2","3","1","0","2","idle","push","none","none","1","1","1","0","9"
"1","bot_learned_sequence","human","0","2687","3","3","3","1","2","2","0","idle","jump","none","none","1","1","19","0","9"
"1","bot_learned_sequence","human","0","8623","3","3","2","2","1","0","2","kick","pull","jump","knockdown","1","1","19","198","9"
"1","bot_learned_sequence","human","0","8703","3","3","3","3","1","0","2","idle","jump","push","none","1","1","1","0","9"
"1","bot_learned_sequence","human","0","8655","3","3","0","3","1","0","2","drain","pull","none","none","1","1","50","99","9"
"1","bot_learned_sequence","human","0","8651","3","2","0","3","1","0","2","idle","push","none","none","1","1","20","0","9"
"1","bot_learned_sequence","human","0","8411","3","2","1","3","0","0","2","idle","pull","none","none","1","1","70","0","9"
"1","bot_learned_sequence","human","0","471","3","1","1","3","1","0","0","idle","swing","none","none","1","1","0","0","9"
"1","bot_learned_sequence","human","0","327","3","1","0","1","1","0","0","idle","swing","push","jump","1","1","20","0","9"
"1","bot_learned_sequence","human","0","211","3","0","1","3","0","0","0","drain","push","none","none","1","1","0","0","9"
"1","bot_learned_sequence","human","0","263","3","1","0","0","1","0","0","idle","swing","none","none","1","1","0","0","9"
"1","bot_learned_sequence","human","0","407","3","1","1","2","1","0","0","swing","swing","none","none","1","1","0","495","9"
"1","bot_learned_sequence","human","0","8523","3","2","0","1","1","0","2","jump","swing","none","none","1","1","0","0","9"
"1","bot_learned_sequence","human","0","10315","3","2","0","1","0","2","2","swing","kick","none","none","1","1","-2","132","9"
"1","bot_learned_sequence","human","0","8283","3","2","1","1","0","0","2","grip","swing","pull","none","1","1","0","66","9"
"1","bot_learned_sequence","human","0","10747","3","2","3","3","1","2","2","jump","kick","jump","pull","1","1","-3","528","9"
"1","bot_learned_sequence","human","0","8618","2","2","2","2","1","0","2","idle","drain","none","none","1","1","0","0","9"
"1","bot_learned_sequence","human","0","8283","3","2","1","1","0","0","2","drain","jump","drain","swing","1","1","0","66","9"
"1","bot_learned_sequence","human","0","8283","3","2","1","1","0","0","2","swing","drain","jump","drain","1","1","0","0","9"
"1","bot_learned_sequence","human","0","8539","3","2","1","1","1","0","2","swing","swing","none","none","1","1","0","165","9"
"1","bot_learned_sequence","human","0","8619","3","2","2","2","1","0","2","idle","drain","none","none","1","1","0","0","9"
"1","bot_learned_sequence","human","0","8523","3","2","0","1","1","0","2","idle","pull","none","none","1","1","20","0","9"
"1","bot_learned_sequence","human","0","8587","3","2","0","2","1","0","2","jump","pull","jump","none","1","1","18","132","9"
"1","bot_learned_sequence","human","0","8583","3","1","0","2","1","0","2","swing","swing","none","none","1","1","0","165","9"
"1","bot_learned_sequence","human","0","8407","3","1","1","3","0","0","2","jump","swing","swing","swing","1","1","50","627","9"
"1","bot_learned_sequence","human","0","8339","3","0","1","2","0","0","2","grip","pull","pull","jump","1","1","0","264","9"
"1","bot_learned_sequence","human","0","8515","3","0","0","1","1","0","2","idle","swing","none","none","1","1","0","0","9"
"1","bot_learned_sequence","human","0","8643","3","0","0","3","1","0","2","idle","pull","none","none","1","1","21","0","9"
"1","bot_learned_sequence","human","0","11007","3","3","3","3","2","2","2","idle","jump","kick","none","1","0","0","0","9"
"1","bot_learned_sequence","human","0","431","3","3","2","2","1","0","0","idle","push","none","none","1","0","30","0","9"
"1","bot_learned_sequence","human","0","239","3","3","2","3","0","0","0","idle","push","none","none","1","0","1","0","9"
"1","bot_learned_sequence","human","0","8671","3","3","1","3","1","0","2","drain","push","none","none","1","0","0","165","9"
"1","bot_learned_sequence","human","0","8671","3","3","1","3","1","0","2","idle","jump","kick","none","1","0","-19","0","9"
"1","bot_learned_sequence","human","0","2431","3","3","3","1","1","2","0","idle","drain","none","none","1","0","-50","0","9"
"1","bot_learned_sequence","human","0","381","1","3","3","1","1","0","0","swing","drain","none","none","1","0","0","495","9"
"1","bot_learned_sequence","human","0","124","0","3","3","1","0","0","0","push","drain","none","none","1","0","0","0","9"
"1","bot_learned_sequence","human","0","285","1","3","1","0","1","0","0","swing","swing","swing","none","1","0","0","231","9"
"1","bot_learned_sequence","human","0","2413","1","3","2","1","1","2","0","swing","drain","none","none","1","0","0","363","9"
"1","bot_learned_sequence","human","0","2334","2","3","1","0","1","2","0","swing","jump","drain","swing","1","0","0","0","9"
"1","bot_learned_sequence","human","0","10270","2","3","1","0","0","2","2","kick","swing","none","none","1","0","2","132","9"
"1","bot_learned_sequence","human","0","10334","2","3","1","1","0","2","2","idle","grip","none","none","1","0","2","0","9"
"1","bot_learned_sequence","human","0","2814","2","3","3","3","2","2","0","idle","jump","none","none","1","0","3","0","9"
"1","bot_learned_sequence","human","0","2286","2","3","2","3","0","2","0","idle","jump","grip","none","1","0","27","0","9"
"1","bot_learned_sequence","human","0","2142","2","3","1","1","0","2","0","idle","jump","grip","none","1","0","0","0","9"
"1","bot_learned_sequence","human","0","2218","2","2","2","2","0","2","0","drain","drain","none","none","1","0","0","33","9"
"1","bot_learned_sequence","human","0","2334","2","3","1","0","1","2","0","swing","swing","swing","swing","1","0","0","33","9"
"1","bot_learned_sequence","human","0","2158","2","3","2","1","0","2","0","drain","swing","none","none","1","0","0","0","9"
"1","bot_learned_sequence","human","0","2334","2","3","1","0","1","2","0","drain","swing","swing","none","1","0","0","231","9"
"1","bot_learned_sequence","human","0","2398","2","3","1","1","1","2","0","swing","jump","none","none","1","0","0","33","9"
"1","bot_learned_sequence","human","0","2398","2","3","1","1","1","2","0","drain","jump","none","none","1","0","0","165","9"
"1","bot_learned_sequence","human","0","2414","2","3","2","1","1","2","0","pull","jump","none","none","1","0","-18","561","9"
"1","bot_learned_sequence","human","0","2349","1","3","2","0","1","2","0","idle","grip","none","none","1","0","-15","0","9"
"1","bot_learned_sequence","human","0","2365","1","3","3","0","1","2","0","idle","drain","swing","none","1","0","0","0","9"
"1","bot_learned_sequence","human","0","2093","1","3","2","0","0","2","0","swing","jump","none","none","1","0","0","396","9"
"1","bot_learned_sequence","human","0","2412","0","3","2","1","1","2","0","jump","grip","none","none","1","0","2","693","9"
"1","bot_learned_sequence","human","0","2364","0","3","3","0","1","2","0","pull","drain","none","none","1","0","0","363","9"
"1","bot_learned_sequence","human","0","2332","0","3","1","0","1","2","0","swing","swing","swing","swing","1","0","-21","297","9"
"1","bot_learned_sequence","human","0","2364","0","3","3","0","1","2","0","pull","jump","none","none","1","0","-21","33","9"
"1","bot_learned_sequence","human","0","767","3","3","3","3","2","0","0","idle","jump","kick","none","1","1","0","0","9"
"1","bot_learned_sequence","human","0","239","3","3","2","3","0","0","0","idle","grip","jump","grip","1","1","2","0","9"
"1","bot_learned_sequence","human","0","8703","3","3","3","3","1","0","2","jump","drain","none","none","1","1","-2","99","9"
"1","bot_learned_sequence","human","0","8639","3","3","3","2","1","0","2","idle","pull","drain","none","1","1","-2","0","9"
"1","bot_learned_sequence","human","0","8319","3","3","3","1","0","0","2","idle","pull","drain","none","1","1","0","0","9"
"1","bot_learned_sequence","human","0","8431","3","3","2","3","0","0","2","pull","swing","none","none","1","1","29","231","9"
"1","bot_learned_sequence","human","0","8671","3","3","1","3","1","0","2","jump","pull","jump","pull","1","1","99","693","9"
"1","bot_learned_sequence","human","0","455","3","1","0","3","1","0","0","drain","swing","swing","none","1","1","-30","99","9"
"1","bot_learned_sequence","human","0","8583","3","1","0","2","1","0","2","idle","drain","none","none","1","1","0","0","9"
"1","bot_learned_sequence","human","0","10571","3","2","0","1","1","2","2","drain","swing","none","none","1","1","0","231","9"
"1","bot_learned_sequence","human","0","8603","3","2","1","2","1","0","2","swing","swing","none","none","1","1","-2","528","9"
"1","bot_learned_sequence","human","0","8299","3","2","2","1","0","0","2","idle","pull","pull","none","1","1","30","0","9"
"1","bot_learned_sequence","human","0","10715","3","2","1","3","1","2","2","jump","kick","none","none","1","1","17","297","9"
"1","bot_learned_sequence","human","0","8663","3","1","1","3","1","0","2","grip","pull","jump","none","1","1","20","693","9"
"1","bot_learned_sequence","human","0","8407","3","1","1","3","0","0","2","drain","pull","none","none","1","1","20","0","9"
"1","bot_learned_sequence","human","0","10503","3","1","0","0","1","2","2","idle","swing","none","none","1","1","0","0","9"
"1","bot_learned_sequence","human","0","10587","3","2","1","1","1","2","2","drain","swing","swing","none","1","1","0","0","9"
"1","bot_learned_sequence","human","0","8903","3","1","0","3","2","0","2","jump","push","none","none","1","1","0","297","9"
"1","bot_learned_sequence","human","0","8903","3","1","0","3","2","0","2","idle","jump","none","none","1","1","0","0","9"
"1","bot_learned_sequence","human","0","8935","3","1","2","3","2","0","2","pull","pull","none","none","1","1","1","0","9"
"1","bot_learned_sequence","human","0","8663","3","1","1","3","1","0","2","pull","pull","none","none","1","1","21","495","9"
"1","bot_learned_sequence","human","0","8391","3","1","0","3","0","0","2","drain","jump","pull","swing","1","1","0","0","9"
"1","bot_learned_sequence","human","0","8647","3","1","0","3","1","0","2","drain","jump","swing","none","1","1","30","99","9"
"1","bot_learned_sequence","human","0","8583","3","1","0","2","1","0","2","swing","jump","none","none","1","1","30","132","9"
"1","bot_learned_sequence","human","0","10751","3","3","3","3","1","2","2","kick","push","none","none","1","0","0","297","9"
"1","bot_learned_sequence","human","0","8959","3","3","3","3","2","0","2","idle","jump","push","none","1","0","-2","0","9"
"1","bot_learned_sequence","human","0","191","3","3","3","2","0","0","0","grip","push","none","none","1","0","0","33","9"
"1","bot_learned_sequence","human","0","2543","3","3","2","3","1","2","0","idle","jump","grip","none","1","0","-17","0","9"
"1","bot_learned_sequence","human","0","2543","3","3","2","3","1","2","0","idle","jump","none","none","1","0","2","0","9"
"1","bot_learned_sequence","human","0","2527","3","3","1","3","1","2","0","drain","grip","none","none","1","0","2","396","9"
"1","bot_learned_sequence","human","0","2719","3","3","1","2","2","2","0","idle","drain","none","none","1","0","0","0","9"
"1","bot_learned_sequence","human","0","479","3","3","1","3","1","0","0","idle","swing","swing","jump","1","0","-2","0","9"
"1","bot_learned_sequence","human","0","2431","3","3","3","1","1","2","0","idle","pull","none","none","1","0","-29","0","9"
"1","bot_learned_sequence","human","0","2077","1","3","1","0","0","2","0","swing","swing","none","none","1","0","30","429","9"
"1","bot_learned_sequence","human","0","2093","1","3","2","0","0","2","0","drain","jump","drain","none","1","0","0","231","9"
"1","bot_learned_sequence","human","0","10526","2","3","1","0","1","2","2","idle","swing","none","none","1","0","2","0","9"
"1","bot_learned_sequence","human","0","2334","2","3","1","0","1","2","0","swing","swing","swing","none","1","0","2","165","9"
"1","bot_learned_sequence","human","0","2398","2","3","1","1","1","2","0","swing","grip","none","none","1","0","-28","297","9"
"1","bot_learned_sequence","human","0","2157","1","3","2","1","0","2","0","pull","drain","none","none","1","0","0","561","9"
"1","bot_learned_sequence","human","0","2078","2","3","1","0","0","2","0","idle","swing","swing","swing","1","0","0","0","9"
"1","bot_learned_sequence","human","0","2157","1","3","2","1","0","2","0","pull","grip","none","none","1","0","-18","132","9"
"1","bot_learned_sequence","human","0","2173","1","3","3","1","0","2","0","pull","drain","none","none","1","0","-20","0","9"
"1","bot_learned_sequence","human","0","10590","2","3","1","1","1","2","2","swing","drain","none","none","1","0","0","0","9"
"1","bot_learned_sequence","human","0","2094","2","3","2","0","0","2","0","idle","grip","none","none","1","0","-28","0","9"
"1","bot_learned_sequence","human","0","2621","1","3","3","0","2","2","0","push","pull","none","none","1","0","0","231","9"
"1","bot_learned_sequence","human","0","2621","1","3","3","0","2","2","0","idle","jump","pull","jump","1","0","0","0","9"
"1","bot_learned_sequence","human","0","2749","1","3","3","2","2","2","0","pull","pull","pull","pull","1","0","-1","0","9"
"1","bot_learned_sequence","human","0","2109","1","3","3","0","0","2","0","jump","drain","none","none","1","0","0","0","9"
"1","bot_learned_sequence","human","0","2333","1","3","1","0","1","2","0","swing","swing","swing","none","1","0","-30","264","9"
"1","bot_learned_sequence","human","0","2349","1","3","2","0","1","2","0","jump","swing","none","none","1","0","-52","165","9"
"1","bot_learned_sequence","human","0","2620","0","3","3","0","2","2","0","jump","jump","pull","none","1","0","-22","66","9"
"1","bot_learned_sequence","human","0","8447","3","3","3","3","0","0","2","idle","pull","jump","pull","1","1","19","0","9"
"1","bot_learned_sequence","human","0","8383","3","3","3","2","0","0","2","idle","pull","pull","none","1","1","71","0","9"
"1","bot_learned_sequence","human","0","8559","3","3","2","1","1","0","2","jump","swing","push","none","1","1","30","297","9"
"1","bot_learned_sequence","human","0","8527","3","3","0","1","1","0","2","swing","swing","none","none","1","1","0","231","9"
"1","bot_learned_sequence","human","0","8687","3","3","2","3","1","0","2","jump","swing","none","none","1","1","0","363","9"
"1","bot_learned_sequence","human","0","8607","3","3","1","2","1","0","2","swing","swing","none","none","1","1","-2","0","9"
"1","bot_learned_sequence","human","0","8687","3","3","2","3","1","0","2","swing","swing","swing","none","1","1","18","396","9"
"1","bot_learned_sequence","human","0","8667","3","2","1","3","1","0","2","jump","pull","jump","pull","1","1","100","0","9"
"1","bot_learned_sequence","human","0","8391","3","1","0","3","0","0","2","drain","jump","pull","none","1","1","20","132","9"
"1","bot_learned_sequence","human","0","8451","3","0","0","0","1","0","2","idle","swing","push","jump","1","1","20","0","9"
"1","bot_learned_sequence","human","0","8515","3","0","0","1","1","0","2","drain","jump","swing","none","1","1","39","363","9"
"1","bot_learned_sequence","human","0","8579","3","0","0","2","1","0","2","jump","pull","jump","none","1","1","9","528","9"
"1","bot_learned_sequence","human","0","2559","3","3","3","3","1","2","0","idle","push","none","none","1","0","0","0","9"
"1","bot_learned_sequence","human","0","2559","3","3","3","3","1","2","0","jump","drain","none","none","1","0","-2","330","9"
"1","bot_learned_sequence","human","0","2239","3","3","3","2","0","2","0","idle","pull","grip","none","1","0","4","0","9"
"1","bot_learned_sequence","human","0","2239","3","3","3","2","0","2","0","pull","drain","jump","none","1","0","-50","297","9"
"1","bot_learned_sequence","human","0","2238","2","3","3","2","0","2","0","jump","drain","none","none","1","0","0","132","9"
"1","bot_learned_sequence","human","0","2335","3","3","1","0","1","2","0","idle","swing","none","none","1","0","0","0","9"
"1","bot_learned_sequence","human","0","2351","3","3","2","0","1","2","0","swing","swing","swing","jump","1","0","0","66","9"
"1","bot_learned_sequence","human","0","2431","3","3","3","1","1","2","0","swing","drain","none","none","1","0","0","99","9"
"1","bot_learned_sequence","human","0","2415","3","3","2","1","1","2","0","swing","swing","swing","swing","1","0","2","0","9"
"1","bot_learned_sequence","human","0","2223","3","3","2","2","0","2","0","swing","grip","none","none","1","0","-68","363","9"
"1","bot_learned_sequence","human","0","2430","2","3","3","1","1","2","0","pull","jump","none","none","1","0","-100","0","9"
"1","bot_learned_sequence","human","0","2348","0","3","2","0","1","2","0","idle","drain","none","none","1","0","-39","0","9"
"1","bot_learned_sequence","human","0","2332","0","3","1","0","1","2","0","swing","jump","none","none","1","0","-9","297","9"
"1","bot_learned_sequence","human","0","11007","3","3","3","3","2","2","2","jump","jump","kick","none","1","1","0","0","9"
"1","bot_learned_sequence","human","0","8703","3","3","3","3","1","0","2","push","swing","none","none","1","1","28","99","9"
"1","bot_learned_sequence","human","0","8431","3","3","2","3","0","0","2","jump","pull","none","none","1","1","28","330","9"
"1","bot_learned_sequence","human","0","8367","3","3","2","2","0","0","2","idle","pull","none","none","1","1","0","0","9"
"1","bot_learned_sequence","human","0","8623","3","3","2","2","1","0","2","drain","swing","none","none","1","1","3","528","9"
"1","bot_learned_sequence","human","0","8671","3","3","1","3","1","0","2","idle","grip","none","none","1","1","1","0","9"
"1","bot_learned_sequence","human","0","8383","3","3","3","2","0","0","2","grip","swing","none","none","1","1","-3","165","9"
"1","bot_learned_sequence","human","0","8959","3","3","3","3","2","0","2","jump","jump","drain","none","1","1","-2","99","9"
"1","bot_learned_sequence","human","0","8575","3","3","3","1","1","0","2","idle","pull","pull","none","1","1","48","0","9"
"1","bot_learned_sequence","human","0","8299","3","2","2","1","0","0","2","idle","pull","none","none","1","1","39","0","9"
"1","bot_learned_sequence","human","0","8619","3","2","2","2","1","0","2","drain","pull","jump","pull","1","1","20","33","9"
"1","bot_learned_sequence","human","0","8779","3","2","0","1","2","0","2","jump","pull","jump","pull","1","1","0","561","9"
"1","bot_learned_sequence","human","0","8651","3","2","0","3","1","0","2","jump","swing","none","none","1","1","-2","693","9"
"1","bot_learned_sequence","human","0","8331","3","2","0","2","0","0","2","grip","pull","push","jump","1","1","0","396","9"
"1","bot_learned_sequence","human","0","8923","3","2","1","3","2","0","2","drain","push","none","none","1","1","0","0","9"
"1","bot_learned_sequence","human","0","8591","3","3","0","2","1","0","2","jump","swing","swing","none","1","1","-5","462","9"
"1","bot_learned_sequence","human","0","8287","3","3","1","1","0","0","2","idle","pull","none","none","1","1","-2","0","9"
"1","bot_learned_sequence","human","0","8287","3","3","1","1","0","0","2","grip","pull","pull","none","1","1","17","99","9"
"1","bot_learned_sequence","human","0","8607","3","3","1","2","1","0","2","jump","pull","none","none","1","1","19","495","9"
"1","bot_learned_sequence","human","0","8527","3","3","0","1","1","0","2","idle","swing","pull","jump","1","1","20","0","9"
"1","bot_learned_sequence","human","0","8347","3","2","1","2","0","0","2","grip","pull","pull","none","1","1","48","264","9"
"1","bot_learned_sequence","human","0","8263","3","1","0","1","0","0","2","drain","jump","none","none","1","1","0","693","9"
"1","bot_learned_sequence","human","0","423","3","1","2","2","1","0","0","push","jump","none","none","1","1","30","363","9"
"1","bot_learned_sequence","human","0","471","3","1","1","3","1","0","0","idle","pull","pull","jump","1","1","31","0","9"
"1","bot_learned_sequence","human","0","2479","3","3","2","2","1","2","0","swing","jump","none","none","1","0","-3","198","9"
"1","bot_learned_sequence","human","0","2175","3","3","3","1","0","2","0","idle","pull","grip","none","1","0","4","0","9"
"1","bot_learned_sequence","human","0","2287","3","3","2","3","0","2","0","drain","grip","none","none","1","0","-18","660","9"
"1","bot_learned_sequence","human","0","2542","2","3","2","3","1","2","0","idle","drain","none","none","1","0","-20","0","9"
"1","bot_learned_sequence","human","0","10590","2","3","1","1","1","2","2","idle","jump","none","none","1","0","0","0","9"
"1","bot_learned_sequence","human","0","2366","2","3","3","0","1","2","0","pull","jump","none","none","1","0","2","627","9"
"1","bot_learned_sequence","human","0","2158","2","3","2","1","0","2","0","swing","grip","none","none","1","0","2","528","9"
"1","bot_learned_sequence","human","0","2686","2","3","3","1","2","2","0","push","drain","jump","none","1","0","0","0","9"
"1","bot_learned_sequence","human","0","2159","3","3","2","1","0","2","0","swing","grip","none","none","1","0","5","33","9"
"1","bot_learned_sequence","human","0","2207","3","3","1","2","0","2","0","pull","jump","grip","none","1","0","-17","627","9"
"1","bot_learned_sequence","human","0","2207","3","3","1","2","0","2","0","pull","jump","none","none","1","0","-19","297","9"
"1","bot_learned_sequence","human","0","2366","2","3","3","0","1","2","0","pull","drain","none","none","1","0","0","660","9"
"1","bot_learned_sequence","human","0","2093","1","3","2","0","0","2","0","pull","grip","none","none","1","0","-16","330","9"
"1","bot_learned_sequence","human","0","2333","1","3","1","0","1","2","0","jump","swing","jump","push","1","0","0","495","9"
"1","bot_learned_sequence","human","0","316","0","3","3","0","1","0","0","idle","jump","none","none","1","0","-29","0","9"
"1","bot_learned_sequence","human","0","219","3","2","1","3","0","0","0","idle","jump","grip","none","1","1","2","0","9"
"1","bot_learned_sequence","human","0","175","3","3","2","2","0","0","0","grip","drain","none","none","1","0","-4","165","9"
"1","bot_learned_sequence","human","0","95","3","3","1","1","0","0","0","idle","pull","pull","none","1","0","-64","0","9"
"1","bot_learned_sequence","human","0","8959","3","3","3","3","2","0","2","idle","swing","swing","swing","1","1","0","0","9"
"1","bot_learned_sequence","human","0","8703","3","3","3","3","1","0","2","jump","swing","none","none","1","1","-1","330","9"
"1","bot_learned_sequence","human","0","8367","3","3","2","2","0","0","2","grip","grip","pull","none","1","1","1","132","9"
"1","bot_learned_sequence","human","0","8927","3","3","1","3","2","0","2","idle","pull","none","none","1","1","50","0","9"
"1","bot_learned_sequence","human","0","8415","3","3","1","3","0","0","2","jump","jump","none","none","1","1","20","99","9"
"1","bot_learned_sequence","human","0","8687","3","3","2","3","1","0","2","idle","jump","none","none","1","1","-9","0","9"
"1","bot_learned_sequence","human","0","8655","3","3","0","3","1","0","2","drain","push","none","none","1","1","-9","132","9"
"1","bot_learned_sequence","human","0","8399","3","3","0","3","0","0","2","swing","jump","none","none","1","1","-4","264","9"
"1","bot_learned_sequence","human","0","8335","3","3","0","2","0","0","2","jump","pull","none","none","1","1","57","99","9"
"1","bot_learned_sequence","human","0","8327","3","1","0","2","0","0","2","grip","pull","none","none","1","1","18","627","9"
"1","bot_learned_sequence","human","0","8647","3","1","0","3","1","0","2","jump","pull","none","none","1","1","18","330","9"
"1","bot_learned_sequence","human","0","2175","3","3","3","1","0","2","0","pull","jump","none","none","1","0","-20","627","9"
"1","bot_learned_sequence","human","0","2431","3","3","3","1","1","2","0","jump","kick","none","none","1","0","0","297","9"
"1","bot_learned_sequence","human","0","2431","3","3","3","1","1","2","0","jump","drain","none","none","1","0","9","264","9"
"1","bot_learned_sequence","human","0","2367","3","3","3","0","1","2","0","idle","swing","none","none","1","0","11","0","9"
"1","bot_learned_sequence","human","0","2367","3","3","3","0","1","2","0","jump","swing","swing","grip","1","0","4","231","9"
"1","bot_learned_sequence","human","0","2415","3","3","2","1","1","2","0","idle","jump","grip","none","1","0","-57","0","9"
"1","bot_learned_sequence","human","0","2366","2","3","3","0","1","2","0","pull","jump","grip","none","1","0","-56","33","9"
"1","bot_learned_sequence","human","0","2429","1","3","3","1","1","2","0","pull","jump","none","none","1","0","-18","594","9"
"1","bot_learned_sequence","human","0","2349","1","3","2","0","1","2","0","pull","grip","none","none","1","0","-18","165","9"
"1","bot_learned_sequence","human","0","8383","3","3","3","2","0","0","2","idle","pull","jump","none","1","1","0","0","9"
"1","bot_learned_sequence","human","0","8671","3","3","1","3","1","0","2","drain","pull","none","none","1","1","50","561","9"
"1","bot_learned_sequence","human","0","8655","3","3","0","3","1","0","2","idle","pull","jump","none","1","1","28","0","9"
"1","bot_learned_sequence","human","0","8331","3","2","0","2","0","0","2","grip","pull","jump","push","1","1","0","462","9"
"1","bot_learned_sequence","human","0","8667","3","2","1","3","1","0","2","jump","jump","pull","jump","1","1","20","132","9"
"1","bot_learned_sequence","human","0","8343","3","1","1","2","0","0","2","grip","pull","jump","pull","1","1","49","99","9"
"1","bot_learned_sequence","human","0","8643","3","0","0","3","1","0","2","idle","swing","none","none","1","1","-20","0","9"
"1","bot_learned_sequence","human","0","8263","3","1","0","1","0","0","2","idle","swing","none","none","1","1","0","0","9"
"1","bot_learned_sequence","human","0","8519","3","1","0","1","1","0","2","pull","pull","jump","pull","1","1","48","693","9"
"1","bot_learned_sequence","human","0","2815","3","3","3","3","2","2","0","swing","jump","none","none","1","0","-49","396","9"
"1","bot_learned_sequence","human","0","2815","3","3","3","3","2","2","0","jump","drain","none","none","1","0","-50","165","9"
"1","bot_learned_sequence","human","0","2111","3","3","3","0","0","2","0","jump","pull","none","none","1","0","-28","33","9"
"1","bot_learned_sequence","human","0","2158","2","3","2","1","0","2","0","pull","grip","none","none","1","0","2","198","9"
"1","bot_learned_sequence","human","0","2430","2","3","3","1","1","2","0","push","jump","jump","none","1","0","-20","33","9"
"1","bot_learned_sequence","human","0","2157","1","3","2","1","0","2","0","idle","grip","none","none","1","0","-47","0","9"
"1","bot_learned_sequence","human","0","2365","1","3","3","0","1","2","0","pull","jump","push","none","1","0","-30","462","9"
"1","bot_learned_sequence","human","0","2428","0","3","3","1","1","2","0","swing","drain","none","none","1","0","20","396","9"
"1","bot_learned_sequence","human","0","2061","1","3","0","0","0","2","0","swing","pull","jump","pull","1","0","0","297","9"
"1","bot_learned_sequence","human","0","2495","3","3","3","2","1","2","0","pull","swing","pull","jump","1","1","50","99","9"
"1","bot_learned_sequence","human","0","8687","3","3","2","3","1","0","2","swing","drain","none","none","1","1","-30","627","9"
"1","bot_learned_sequence","human","0","10474","2","2","2","3","0","2","2","swing","swing","swing","none","1","1","60","0","9"
"1","bot_learned_sequence","human","0","486","2","1","2","3","1","0","0","pull","pull","jump","pull","1","1","67","693","9"
"1","bot_learned_sequence","human","0","2239","3","3","3","2","0","2","0","jump","swing","swing","none","1","0","30","99","9"
"1","bot_learned_sequence","human","0","2234","2","2","3","2","0","2","0","idle","swing","swing","none","1","0","-10","0","9"
"1","bot_learned_sequence","human","0","8441","1","2","3","3","0","0","2","swing","pull","jump","pull","1","0","-1","627","9"
"1","bot_learned_sequence","human","0","8447","3","3","3","3","0","0","2","swing","pull","jump","pull","1","1","20","231","9"
"1","bot_learned_sequence","human","0","495","3","3","2","3","1","0","0","drain","pull","none","none","1","1","-20","99","9"
"1","bot_learned_sequence","human","0","2287","3","3","2","3","0","2","0","pull","swing","swing","swing","1","1","0","0","9"
"1","bot_learned_sequence","human","0","411","3","2","1","2","1","0","0","grip","drain","pull","none","1","1","40","231","9"
"1","bot_learned_sequence","human","0","331","3","2","0","1","1","0","0","drain","pull","jump","none","1","1","20","165","9"
"1","bot_learned_sequence","human","0","11","3","2","0","0","0","0","0","knockdown","jump","none","none","1","1","1","0","9"
"1","bot_learned_sequence","human","0","2459","3","2","1","2","1","2","0","idle","jump","drain","none","1","1","-30","0","9"
"1","bot_learned_sequence","human","0","2330","2","2","1","0","1","2","0","pull","pull","jump","pull","1","1","20","528","9"
"1","bot_learned_sequence","human","0","410","2","2","1","2","1","0","0","drain","jump","drain","none","1","1","0","132","9"
"1","bot_learned_sequence","human","0","390","2","1","0","2","1","0","0","idle","pull","jump","none","1","1","-20","0","9"
"1","bot_learned_sequence","human","0","394","2","2","0","2","1","0","0","drain","jump","none","none","1","1","0","462","9"
"1","bot_learned_sequence","human","0","154","2","2","1","2","0","0","0","pull","pull","jump","pull","1","1","-30","0","9"
"1","bot_learned_sequence","human","0","276","0","1","1","0","1","0","0","idle","drain","none","none","1","1","0","0","9"
"1","bot_learned_sequence","human","0","277","1","1","1","0","1","0","0","jump","jump","none","none","1","1","0","627","9"
"1","bot_learned_sequence","human","0","37","1","1","2","0","0","0","0","idle","grip","jump","grip","1","1","24","0","9"
"1","bot_learned_sequence","human","0","37","1","1","2","0","0","0","0","knockdown","grip","none","none","1","1","4","0","9"
"1","bot_learned_sequence","human","0","5","1","1","0","0","0","0","0","jump","pull","pull","pull","1","1","-10","33","9"
"1","bot_learned_sequence","human","0","272","0","0","1","0","1","0","0","pull","pull","jump","none","1","1","14","132","9"
"1","bot_learned_sequence","human","0","10431","3","3","3","2","0","2","2","grip","pull","none","none","1","0","-20","693","9"
"1","bot_learned_sequence","human","0","10495","3","3","3","3","0","2","2","jump","swing","swing","swing","1","0","-20","165","9"
"1","bot_learned_sequence","human","0","2559","3","3","3","3","1","2","0","jump","swing","jump","drain","1","0","0","297","9"
"1","bot_learned_sequence","human","0","447","3","3","3","2","1","0","0","idle","pull","jump","none","1","0","20","0","9"
"1","bot_learned_sequence","human","0","8383","3","3","3","2","0","0","2","swing","pull","none","none","1","0","0","0","9"
"1","bot_learned_sequence","human","0","8703","3","3","3","3","1","0","2","swing","drain","jump","none","1","0","0","165","9"
"1","bot_learned_sequence","human","0","367","3","3","2","1","1","0","0","idle","grip","none","none","1","0","-48","0","9"
"1","bot_learned_sequence","human","0","366","2","3","2","1","1","0","0","pull","drain","none","none","1","0","-20","660","9"
"1","bot_learned_sequence","human","0","2622","2","3","3","0","2","2","0","idle","jump","drain","none","1","0","20","0","9"
"1","bot_learned_sequence","human","0","8542","2","3","1","1","1","0","2","idle","pull","none","none","1","0","80","0","9"
"1","bot_learned_sequence","human","0","8526","2","3","0","1","1","0","2","drain","pull","jump","pull","1","0","30","165","9"
"1","bot_learned_sequence","human","0","2394","2","2","1","1","1","2","0","idle","swing","drain","none","1","0","0","0","9"
"1","bot_learned_sequence","human","0","270","2","3","0","0","1","0","0","drain","swing","swing","swing","1","0","9","528","9"
"1","bot_learned_sequence","human","0","2090","2","2","2","0","0","2","0","jump","swing","none","none","1","0","0","297","9"
"1","bot_learned_sequence","human","0","378","2","2","3","1","1","0","0","idle","jump","drain","none","1","0","2","0","9"
"1","bot_learned_sequence","human","0","122","2","2","3","1","0","0","0","drain","swing","none","none","1","0","30","594","9"
"1","bot_learned_sequence","human","0","106","2","2","2","1","0","0","0","pull","pull","none","none","1","0","30","0","9"
"1","bot_learned_sequence","human","0","345","1","2","1","1","1","0","0","idle","pull","jump","none","1","0","80","0","9"
"1","bot_learned_sequence","human","0","21","1","1","1","0","0","0","0","knockdown","pull","pull","none","1","0","30","0","9"
"1","bot_learned_sequence","human","0","325","1","1","0","1","1","0","0","drain","jump","none","none","1","0","0","297","9"
"1","bot_learned_sequence","human","0","453","1","1","0","3","1","0","0","idle","jump","none","none","1","0","-22","0","9"
"1","bot_learned_sequence","human","0","69","1","1","0","1","0","0","0","drain","jump","none","none","1","0","10","594","9"
"1","bot_learned_sequence","human","0","16","0","0","1","0","0","0","0","drain","pull","jump","pull","1","0","-14","528","9"
"1","bot_learned_sequence","human","0","415","3","3","1","2","1","0","0","drain","grip","none","none","1","1","-20","297","9"
"1","bot_learned_sequence","human","0","495","3","3","2","3","1","0","0","jump","drain","none","none","1","1","-21","528","9"
"1","bot_learned_sequence","human","0","2495","3","3","3","2","1","2","0","swing","drain","swing","none","1","1","0","132","9"
"1","bot_learned_sequence","human","0","2238","2","3","3","2","0","2","0","swing","swing","jump","none","1","1","40","66","9"
"1","bot_learned_sequence","human","0","490","2","2","2","3","1","0","0","pull","pull","drain","none","1","1","30","66","9"
"1","bot_learned_sequence","human","0","746","2","2","2","3","2","0","0","idle","jump","none","none","1","1","-20","0","9"
"1","bot_learned_sequence","human","0","170","2","2","2","2","0","0","0","pull","swing","none","none","1","1","-50","165","9"
"1","bot_learned_sequence","human","0","761","1","2","3","3","2","0","0","idle","pull","drain","jump","1","1","0","0","9"
"1","bot_learned_sequence","human","0","697","1","2","3","2","2","0","0","jump","jump","none","none","1","1","0","396","9"
"1","bot_learned_sequence","human","0","41","1","2","2","0","0","0","0","idle","pull","jump","pull","1","1","50","0","9"
"1","bot_learned_sequence","human","0","678","2","1","2","2","2","0","0","jump","drain","none","none","1","1","0","99","9"
"1","bot_learned_sequence","human","0","534","2","1","1","0","2","0","0","drain","jump","none","none","1","1","0","462","9"
"1","bot_learned_sequence","human","0","2326","2","1","1","0","1","2","0","drain","swing","none","none","1","1","-41","231","9"
"1","bot_learned_sequence","human","0","2070","2","1","1","0","0","2","0","pull","swing","drain","none","1","1","-41","132","9"
"1","bot_learned_sequence","human","0","377","1","2","3","1","1","0","0","drain","drain","none","none","1","1","0","66","9"
"1","bot_learned_sequence","human","0","298","2","2","2","0","1","0","0","idle","jump","none","none","1","1","50","0","9"
"1","bot_learned_sequence","human","0","8314","2","2","3","1","0","0","2","kick","swing","jump","none","1","1","50","462","9"
"1","bot_learned_sequence","human","0","150","2","1","1","2","0","0","0","drain","pull","jump","none","1","1","10","330","9"
"1","bot_learned_sequence","human","0","33","1","0","2","0","0","0","0","pull","drain","none","none","1","1","-20","330","9"
"1","bot_learned_sequence","human","0","111","3","3","2","1","0","0","0","idle","pull","jump","pull","1","0","42","0","9"
"1","bot_learned_sequence","human","0","335","3","3","0","1","1","0","0","drain","pull","jump","pull","1","0","21","330","9"
"1","bot_learned_sequence","human","0","79","3","3","0","1","0","0","0","knockdown","jump","pull","none","1","0","0","0","9"
"1","bot_learned_sequence","human","0","415","3","3","1","2","1","0","0","idle","jump","swing","swing","1","0","0","0","9"
"1","bot_learned_sequence","human","0","8367","3","3","2","2","0","0","2","swing","swing","none","none","1","0","-30","198","9"
"1","bot_learned_sequence","human","0","506","2","2","3","3","1","0","0","idle","pull","none","none","1","0","-30","0","9"
"1","bot_learned_sequence","human","0","698","2","2","3","2","2","0","0","jump","drain","pull","none","1","0","20","231","9"
"1","bot_learned_sequence","human","0","166","2","1","2","2","0","0","0","swing","jump","none","none","1","0","30","33","9"
"1","bot_learned_sequence","human","0","486","2","1","2","3","1","0","0","idle","drain","none","none","1","0","30","0","9"
"1","bot_learned_sequence","human","0","742","2","1","2","3","2","0","0","idle","jump","none","none","1","0","0","0","9"
"1","bot_learned_sequence","human","0","758","2","1","3","3","2","0","0","idle","jump","none","none","1","0","0","0","9"
"1","bot_learned_sequence","human","0","758","2","1","3","3","2","0","0","jump","jump","jump","none","1","0","0","396","9"
"1","bot_learned_sequence","human","0","758","2","1","3","3","2","0","0","idle","jump","jump","none","1","0","0","0","9"
"1","bot_learned_sequence","human","0","390","2","1","0","2","1","0","0","idle","pull","none","none","1","0","-49","0","9"
"1","bot_learned_sequence","human","0","421","1","1","2","2","1","0","0","idle","jump","none","none","1","0","0","0","9"
"1","bot_learned_sequence","human","0","665","1","2","1","2","2","0","0","drain","drain","none","none","1","0","0","132","9"
"1","bot_learned_sequence","human","0","8521","1","2","0","1","1","0","2","swing","pull","none","none","1","0","41","495","9"
"1","bot_learned_sequence","human","0","2522","2","2","1","3","1","2","0","jump","jump","kick","none","1","0","-50","462","9"
"1","bot_learned_sequence","human","0","8680","0","2","2","3","1","0","2","idle","jump","drain","none","1","0","-30","0","9"
"1","bot_learned_sequence","human","0","344","0","2","1","1","1","0","0","jump","pull","none","none","1","0","40","528","9"
"1","bot_learned_sequence","human","0","276","0","1","1","0","1","0","0","drain","pull","jump","pull","1","0","40","132","9"
"1","bot_learned_sequence","human","0","20","0","1","1","0","0","0","0","knockdown","pull","pull","none","1","0","20","0","9"
"1","bot_learned_sequence","human","0","2239","3","3","3","2","0","2","0","jump","swing","none","none","1","1","0","165","9"
"1","bot_learned_sequence","human","0","8539","3","2","1","1","1","0","2","grip","pull","none","none","1","1","-20","660","9"
"1","bot_learned_sequence","human","0","2219","3","2","2","2","0","2","0","pull","swing","none","none","1","1","30","165","9"
"1","bot_learned_sequence","human","0","2490","2","2","3","2","1","2","0","pull","swing","none","none","1","1","51","231","9"
"1","bot_learned_sequence","human","0","218","2","2","1","3","0","0","0","drain","pull","jump","pull","1","1","21","264","9"
"1","bot_learned_sequence","human","0","214","2","1","1","3","0","0","0","knockdown","jump","pull","pull","1","1","1","0","9"
"1","bot_learned_sequence","human","0","458","2","2","0","3","1","0","0","drain","jump","none","none","1","1","-2","495","9"
"1","bot_learned_sequence","human","0","8602","2","2","1","2","1","0","2","idle","pull","none","none","1","1","0","0","9"
"1","bot_learned_sequence","human","0","458","2","2","0","3","1","0","0","drain","pull","none","none","1","1","9","99","9"
"1","bot_learned_sequence","human","0","197","1","1","0","3","0","0","0","jump","pull","none","none","1","1","30","0","9"
"1","bot_learned_sequence","human","0","449","1","0","0","3","1","0","0","drain","pull","jump","none","1","1","8","0","9"
"1","bot_learned_sequence","human","0","8671","3","3","1","3","1","0","2","idle","pull","jump","swing","1","0","-1","0","9"
"1","bot_learned_sequence","human","0","10475","3","2","2","3","0","2","2","swing","swing","swing","none","1","0","-21","33","9"
"1","bot_learned_sequence","human","0","2299","3","2","3","3","0","2","0","jump","jump","none","none","1","0","-18","66","9"
"1","bot_learned_sequence","human","0","2414","2","3","2","1","1","2","0","drain","grip","none","none","1","0","22","132","9"
"1","bot_learned_sequence","human","0","174","2","3","2","2","0","0","0","idle","pull","none","none","1","0","-30","0","9"
"1","bot_learned_sequence","human","0","8366","2","3","2","2","0","0","2","swing","jump","pull","none","1","0","-30","33","9"
"1","bot_learned_sequence","human","0","8698","2","2","3","3","1","0","2","swing","drain","none","none","1","0","-51","528","9"
"1","bot_learned_sequence","human","0","57","1","2","3","0","0","0","0","idle","jump","drain","none","1","0","0","0","9"
"1","bot_learned_sequence","human","0","314","2","2","3","0","1","0","0","idle","jump","grip","none","1","0","2","0","9"
"1","bot_learned_sequence","human","0","314","2","2","3","0","1","0","0","idle","pull","none","none","1","0","-29","0","9"
"1","bot_learned_sequence","human","0","53","1","1","3","0","0","0","0","pull","jump","pull","drain","1","0","-30","0","9"
"1","bot_learned_sequence","human","0","308","0","1","3","0","1","0","0","pull","jump","none","none","1","0","-8","660","9"
"1","bot_learned_sequence","human","0","292","0","1","2","0","1","0","0","jump","pull","none","none","1","0","12","528","9"
"1","bot_learned_sequence","human","0","10491","3","2","3","3","0","2","2","jump","swing","none","none","1","1","20","198","9"
"1","bot_learned_sequence","human","0","2555","3","2","3","3","1","2","0","drain","swing","none","none","1","1","20","33","9"
"1","bot_learned_sequence","human","0","299","3","2","2","0","1","0","0","idle","jump","none","none","1","1","50","0","9"
"1","bot_learned_sequence","human","0","8475","3","2","1","0","1","0","2","kick","pull","none","none","1","1","50","132","9"
"1","bot_learned_sequence","human","0","8515","3","0","0","1","1","0","2","idle","pull","none","none","1","1","0","0","9"
"1","bot_learned_sequence","human","0","407","3","1","1","2","1","0","0","jump","jump","none","none","1","1","-30","132","9"
"1","bot_learned_sequence","human","0","2199","3","1","1","2","0","2","0","drain","kick","none","none","1","1","-50","66","9"
"1","bot_learned_sequence","human","0","440","0","2","3","2","1","0","0","idle","jump","drain","none","1","1","0","0","9"
"1","bot_learned_sequence","human","0","361","1","2","2","1","1","0","0","jump","jump","none","none","1","1","0","462","9"
"1","bot_learned_sequence","human","0","8681","1","2","2","3","1","0","2","swing","jump","none","none","1","1","0","132","9"
"1","bot_learned_sequence","human","0","8681","1","2","2","3","1","0","2","swing","drain","none","none","1","1","0","0","9"
"1","bot_learned_sequence","human","0","8681","1","2","2","3","1","0","2","jump","drain","none","none","1","1","-30","198","9"
"1","bot_learned_sequence","human","0","8426","2","2","2","3","0","0","2","swing","jump","none","none","1","1","-10","231","9"
"1","bot_learned_sequence","human","0","437","1","1","3","2","1","0","0","idle","pull","drain","none","1","1","-10","0","9"
"1","bot_learned_sequence","human","0","372","0","1","3","1","1","0","0","idle","drain","none","none","1","1","20","0","9"
"1","bot_learned_sequence","human","0","353","1","0","2","1","1","0","0","idle","pull","none","none","1","1","50","0","9"
"1","bot_learned_sequence","human","0","81","1","0","1","1","0","0","0","drain","pull","none","none","1","1","30","132","9"
"1","bot_learned_sequence","human","0","8686","2","3","2","3","1","0","2","idle","pull","jump","knockdown","1","0","-70","0","9"
"1","bot_learned_sequence","human","0","654","2","3","0","2","2","0","0","idle","jump","kick","none","1","0","-50","0","9"
"1","bot_learned_sequence","human","0","301","1","3","2","0","1","0","0","idle","drain","jump","none","1","0","0","0","9"
"1","bot_learned_sequence","human","0","365","1","3","2","1","1","0","0","idle","jump","none","none","1","0","30","0","9"
"1","bot_learned_sequence","human","0","365","1","3","2","1","1","0","0","jump","drain","none","none","1","0","50","264","9"
"1","bot_learned_sequence","human","0","10270","2","3","1","0","0","2","2","idle","swing","none","none","1","0","50","0","9"
"1","bot_learned_sequence","human","0","2154","2","2","2","1","0","2","0","jump","swing","none","none","1","0","20","363","9"
"1","bot_learned_sequence","human","0","26","2","2","1","0","0","0","0","drain","jump","none","none","1","0","0","165","9"
"1","bot_learned_sequence","human","0","2154","2","2","2","1","0","2","0","idle","swing","jump","none","1","0","40","0","9"
"1","bot_learned_sequence","human","0","490","2","2","2","3","1","0","0","idle","pull","jump","pull","1","0","50","0","9"
"1","bot_learned_sequence","human","0","482","2","0","2","3","1","0","0","drain","push","jump","none","1","0","0","33","9"
"1","bot_learned_sequence","human","0","2198","2","1","1","2","0","2","0","jump","swing","swing","swing","1","0","0","99","9"
"1","bot_learned_sequence","human","0","2486","2","1","3","2","1","2","0","drain","swing","swing","swing","1","0","0","0","9"
"1","bot_learned_sequence","human","0","2490","2","2","3","2","1","2","0","drain","swing","swing","none","1","0","30","132","9"
"1","bot_learned_sequence","human","0","2233","1","2","3","2","0","2","0","jump","swing","pull","jump","1","0","60","66","9"
"1","bot_learned_sequence","human","0","212","0","1","1","3","0","0","0","idle","drain","none","none","1","0","-30","0","9"
"1","bot_learned_sequence","human","0","47","3","3","2","0","0","0","0","pull","grip","none","none","1","1","-25","33","9"
"1","bot_learned_sequence","human","0","286","2","3","1","0","1","0","0","drain","jump","none","none","1","1","0","330","9"
"1","bot_learned_sequence","human","0","8702","2","3","3","3","1","0","2","idle","drain","none","none","1","1","0","0","9"
"1","bot_learned_sequence","human","0","382","2","3","3","1","1","0","0","idle","jump","drain","none","1","1","-10","0","9"
"1","bot_learned_sequence","human","0","318","2","3","3","0","1","0","0","idle","pull","none","none","1","1","20","0","9"
"1","bot_learned_sequence","human","0","318","2","3","3","0","1","0","0","drain","drain","none","none","1","1","20","231","9"
"1","bot_learned_sequence","human","0","8494","2","3","2","0","1","0","2","swing","pull","none","none","1","1","21","165","9"
"1","bot_learned_sequence","human","0","350","2","3","1","1","1","0","0","drain","pull","none","none","1","1","-20","0","9"
"1","bot_learned_sequence","human","0","94","2","3","1","1","0","0","0","drain","jump","drain","none","1","1","-10","132","9"
"1","bot_learned_sequence","human","0","8206","2","3","0","0","0","0","2","swing","jump","none","none","1","1","11","99","9"
"1","bot_learned_sequence","human","0","281","1","2","1","0","1","0","0","drain","pull","jump","pull","1","1","20","66","9"
"1","bot_learned_sequence","human","0","377","1","2","3","1","1","0","0","drain","jump","drain","none","1","1","0","99","9"
"1","bot_learned_sequence","human","0","302","2","3","2","0","1","0","0","drain","drain","none","none","1","1","10","231","9"
"1","bot_learned_sequence","human","0","8212","0","1","1","0","0","0","2","kick","pull","pull","none","1","1","40","66","9"
"1","bot_learned_sequence","human","0","352","0","0","2","1","1","0","0","idle","drain","none","none","1","1","23","0","9"
"1","bot_learned_sequence","human","0","175","3","3","2","2","0","0","0","knockdown","pull","pull","jump","1","0","49","0","9"
"1","bot_learned_sequence","human","0","139","3","2","0","2","0","0","0","idle","pull","pull","pull","1","0","-26","0","9"
"1","bot_learned_sequence","human","0","2139","3","2","1","1","0","2","0","jump","swing","swing","none","1","0","0","594","9"
"1","bot_learned_sequence","human","0","475","3","2","1","3","1","0","0","drain","pull","jump","none","1","0","0","264","9"
"1","bot_learned_sequence","human","0","475","3","2","1","3","1","0","0","idle","drain","none","none","1","0","-20","0","9"
"1","bot_learned_sequence","human","0","2187","3","2","0","2","0","2","0","pull","swing","none","none","1","0","0","99","9"
"1","bot_learned_sequence","human","0","2443","3","2","0","2","1","2","0","pull","swing","jump","none","1","0","20","264","9"
"1","bot_learned_sequence","human","0","347","3","2","1","1","1","0","0","pull","drain","none","none","1","0","20","0","9"
"1","bot_learned_sequence","human","0","2059","3","2","0","0","0","2","0","drain","swing","none","none","1","0","-11","297","9"
"1","bot_learned_sequence","human","0","327","3","1","0","1","1","0","0","idle","jump","none","none","1","0","-41","0","9"
"1","bot_learned_sequence","human","0","390","2","1","0","2","1","0","0","idle","drain","none","none","1","0","-20","0","9"
"1","bot_learned_sequence","human","0","331","3","2","0","1","1","0","0","drain","jump","swing","swing","1","0","0","429","9"
"1","bot_learned_sequence","human","0","395","3","2","0","2","1","0","0","idle","swing","swing","none","1","0","9","0","9"
"1","bot_learned_sequence","human","0","6","2","1","0","0","0","0","0","pull","swing","pull","jump","1","0","19","264","9"
"1","bot_learned_sequence","human","0","577","1","0","0","1","2","0","0","idle","pull","none","none","1","0","-20","0","9"
"1","bot_learned_sequence","human","0","321","1","0","0","1","1","0","0","drain","jump","kick","none","1","0","-40","330","9"
"1","bot_learned_sequence","human","0","239","3","3","2","3","0","0","0","swing","pull","none","none","1","1","61","231","9"
"1","bot_learned_sequence","human","0","223","3","3","1","3","0","0","0","swing","jump","none","none","1","1","41","0","9"
"1","bot_learned_sequence","human","0","414","2","3","1","2","1","0","0","idle","drain","none","none","1","1","-20","0","9"
"1","bot_learned_sequence","human","0","350","2","3","1","1","1","0","0","jump","swing","none","none","1","1","-29","330","9"
"1","bot_learned_sequence","human","0","10494","2","3","3","3","0","2","2","swing","swing","none","none","1","1","-59","99","9"
"1","bot_learned_sequence","human","0","8701","1","3","3","3","1","0","2","jump","drain","none","none","1","1","-2","429","9"
"1","bot_learned_sequence","human","0","381","1","3","3","1","1","0","0","idle","pull","jump","drain","1","1","-41","0","9"
"1","bot_learned_sequence","human","0","41","1","2","2","0","0","0","0","idle","grip","jump","grip","1","1","-6","0","9"
"1","bot_learned_sequence","human","0","2329","1","2","1","0","1","2","0","idle","swing","none","none","1","1","0","0","9"
"1","bot_learned_sequence","human","0","2329","1","2","1","0","1","2","0","jump","swing","none","none","1","1","0","297","9"
"1","bot_learned_sequence","human","0","553","1","2","2","0","2","0","0","jump","jump","none","none","1","1","0","165","9"
"1","bot_learned_sequence","human","0","633","1","2","3","1","2","0","0","push","drain","none","none","1","1","0","462","9"
"1","bot_learned_sequence","human","0","2090","2","2","2","0","0","2","0","idle","swing","swing","none","1","1","0","0","9"
"1","bot_learned_sequence","human","0","510","2","3","3","3","1","0","0","idle","swing","none","none","1","1","-18","0","9"
"1","bot_learned_sequence","human","0","489","1","2","2","3","1","0","0","idle","grip","none","none","1","1","2","0","9"
"1","bot_learned_sequence","human","0","8441","1","2","3","3","0","0","2","jump","drain","none","none","1","1","0","396","9"
"1","bot_learned_sequence","human","0","8686","2","3","2","3","1","0","2","idle","grip","none","none","1","1","-18","0","9"
"1","bot_learned_sequence","human","0","2301","1","3","3","3","0","2","0","pull","swing","swing","swing","1","1","29","165","9"
"1","bot_learned_sequence","human","0","2233","1","2","3","2","0","2","0","pull","swing","none","none","1","1","0","165","9"
"1","bot_learned_sequence","human","0","441","1","2","3","2","1","0","0","jump","drain","none","none","1","1","20","528","9"
"1","bot_learned_sequence","human","0","298","2","2","2","0","1","0","0","idle","swing","none","none","1","1","0","0","9"
"1","bot_learned_sequence","human","0","2341","1","1","2","0","1","2","0","pull","swing","jump","none","1","1","-20","231","9"
"1","bot_learned_sequence","human","0","308","0","1","3","0","1","0","0","idle","jump","drain","jump","1","1","0","0","9"
"1","bot_learned_sequence","human","0","8213","1","1","1","0","0","0","2","swing","jump","none","none","1","1","0","264","9"
"1","bot_learned_sequence","human","0","8485","1","1","2","0","1","0","2","jump","drain","pull","jump","1","1","20","495","9"
"1","bot_learned_sequence","human","0","502","2","1","3","3","1","0","0","jump","swing","none","none","1","1","0","198","9"
"1","bot_learned_sequence","human","0","2474","2","2","2","2","1","2","0","drain","swing","none","none","1","1","0","264","9"
"1","bot_learned_sequence","human","0","698","2","2","3","2","2","0","0","idle","pull","none","none","1","1","2","0","9"
"1","bot_learned_sequence","human","0","362","2","2","2","1","1","0","0","idle","grip","none","none","1","1","4","0","9"
"1","bot_learned_sequence","human","0","185","1","2","3","2","0","0","0","idle","drain","none","none","1","1","0","0","9"
"1","bot_learned_sequence","human","0","53","1","1","3","0","0","0","0","drain","jump","pull","none","1","1","20","33","9"
"1","bot_learned_sequence","human","0","37","1","1","2","0","0","0","0","pull","drain","pull","jump","1","1","0","198","9"
"1","bot_learned_sequence","human","0","1","1","0","0","0","0","0","0","knockdown","pull","drain","none","1","1","0","0","9"
"1","bot_learned_sequence","human","0","529","1","0","1","0","2","0","0","jump","drain","jump","drain","1","1","0","561","9"
"1","bot_learned_sequence","human","0","530","2","0","1","0","2","0","0","idle","jump","drain","none","1","1","0","0","9"
"1","bot_learned_sequence","human","0","514","2","0","0","0","2","0","0","jump","pull","none","none","1","1","0","0","9"
"1","bot_learned_sequence","human","0","258","2","0","0","0","1","0","0","jump","pull","none","none","1","1","0","264","9"
"1","bot_learned_sequence","human","0","258","2","0","0","0","1","0","0","jump","pull","jump","none","1","1","0","297","9"
"1","bot_learned_sequence","human","0","322","2","0","0","1","1","0","0","push","pull","jump","none","1","1","26","231","9"
"1","bot_learned_sequence","human","0","8703","3","3","3","3","1","0","2","jump","jump","pull","none","1","0","30","495","9"
"1","bot_learned_sequence","human","0","8703","3","3","3","3","1","0","2","idle","swing","swing","swing","1","0","-61","0","9"
"1","bot_learned_sequence","human","0","127","3","3","3","1","0","0","0","pull","swing","pull","none","1","0","-41","0","9"
"1","bot_learned_sequence","human","0","287","3","3","1","0","1","0","0","drain","pull","jump","none","1","0","20","396","9"
"1","bot_learned_sequence","human","0","2475","3","2","2","2","1","2","0","idle","swing","swing","swing","1","0","59","0","9"
"1","bot_learned_sequence","human","0","10491","3","2","3","3","0","2","2","swing","swing","swing","jump","1","0","59","198","9"
"1","bot_learned_sequence","human","0","487","3","1","2","3","1","0","0","drain","pull","jump","none","1","0","2","198","9"
"1","bot_learned_sequence","human","0","66","2","0","0","1","0","0","0","idle","pull","drain","none","1","0","0","0","9"
"1","bot_learned_sequence","human","0","8518","2","1","0","1","1","0","2","swing","jump","none","none","1","0","0","33","9"
"1","bot_learned_sequence","human","0","8518","2","1","0","1","1","0","2","swing","push","jump","none","1","0","0","330","9"
"1","bot_learned_sequence","human","0","490","2","2","2","3","1","0","0","idle","push","none","none","1","0","-3","0","9"
"1","bot_learned_sequence","human","0","506","2","2","3","3","1","0","0","idle","pull","jump","drain","1","0","0","0","9"
"1","bot_learned_sequence","human","0","491","3","2","2","3","1","0","0","swing","pull","none","none","1","0","18","66","9"
"1","bot_learned_sequence","human","0","2486","2","1","3","2","1","2","0","idle","pull","jump","none","1","0","0","0","9"
"1","bot_learned_sequence","human","0","2299","3","2","3","3","0","2","0","drain","drain","jump","none","1","0","0","99","9"
"1","bot_learned_sequence","human","0","187","3","2","3","2","0","0","0","grip","pull","pull","none","1","0","-9","660","9"
"1","bot_learned_sequence","human","0","8422","2","1","2","3","0","0","2","swing","pull","none","none","1","0","-29","132","9"
"1","bot_learned_sequence","human","0","8422","2","1","2","3","0","0","2","swing","jump","none","none","1","0","0","132","9"
"1","bot_learned_sequence","human","0","490","2","2","2","3","1","0","0","drain","drain","none","none","1","0","-20","66","9"
"1","bot_learned_sequence","human","0","394","2","2","0","2","1","0","0","swing","pull","jump","none","1","0","0","33","9"
"1","bot_learned_sequence","human","0","8645","1","1","0","3","1","0","2","jump","pull","jump","pull","1","0","50","99","9"
"1","bot_learned_sequence","human","0","8389","1","1","0","3","0","0","2","knockdown","jump","pull","drain","1","0","30","0","9"
"1","bot_learned_sequence","human","0","389","1","1","0","2","1","0","0","drain","jump","pull","swing","1","0","0","165","9"
"1","bot_learned_sequence","human","0","2117","1","1","0","1","0","2","0","jump","swing","swing","jump","1","0","0","33","9"
"1","bot_learned_sequence","human","0","105","1","2","2","1","0","0","0","idle","pull","pull","none","1","0","0","0","9"
"1","bot_learned_sequence","human","0","249","1","2","3","3","0","0","0","idle","jump","none","none","1","0","0","0","9"
"1","bot_learned_sequence","human","0","202","2","2","0","3","0","0","0","drain","pull","pull","none","1","0","-20","528","9"
"1","bot_learned_sequence","human","0","197","1","1","0","3","0","0","0","pull","drain","none","none","1","0","-20","132","9"
"1","bot_learned_sequence","human","0","453","1","1","0","3","1","0","0","pull","pull","none","none","1","0","0","594","9"
"1","bot_learned_sequence","human","0","580","0","1","0","1","2","0","0","idle","jump","none","none","1","0","0","0","9"
"1","bot_learned_sequence","human","0","520","0","2","0","0","2","0","0","pull","jump","jump","none","1","0","0","0","9"
"1","bot_learned_sequence","human","0","264","0","2","0","0","1","0","0","pull","push","jump","none","1","0","0","33","9"
"1","bot_learned_sequence","human","0","328","0","2","0","1","1","0","0","jump","push","none","none","1","0","-26","528","9"
"1","bot_learned_sequence","human","0","255","3","3","3","3","0","0","0","swing","jump","pull","none","1","1","30","132","9"
"1","bot_learned_sequence","human","0","2287","3","3","2","3","0","2","0","drain","swing","none","none","1","1","8","396","9"
"1","bot_learned_sequence","human","0","171","3","2","2","2","0","0","0","idle","pull","pull","none","1","1","-42","0","9"
"1","bot_learned_sequence","human","0","442","2","2","3","2","1","0","0","pull","drain","none","none","1","1","20","627","9"
"1","bot_learned_sequence","human","0","314","2","2","3","0","1","0","0","idle","pull","jump","pull","1","1","20","0","9"
"1","bot_learned_sequence","human","0","634","2","2","3","1","2","0","0","push","drain","jump","none","1","1","0","297","9"
"1","bot_learned_sequence","human","0","2538","2","2","2","3","1","2","0","jump","swing","swing","swing","1","1","0","66","9"
"1","bot_learned_sequence","human","0","2794","2","2","2","3","2","2","0","idle","jump","none","none","1","1","0","0","9"
"1","bot_learned_sequence","human","0","2810","2","2","3","3","2","2","0","push","jump","jump","none","1","1","0","627","9"
"1","bot_learned_sequence","human","0","458","2","2","0","3","1","0","0","pull","pull","jump","none","1","1","47","165","9"
"1","bot_learned_sequence","human","0","450","2","0","0","3","1","0","0","grip","pull","pull","none","1","1","-25","0","9"
"1","bot_learned_sequence","human","0","82","2","0","1","1","0","0","0","idle","pull","drain","none","1","1","19","0","9"
"1","bot_learned_sequence","human","0","175","3","3","2","2","0","0","0","pull","pull","pull","none","1","0","-60","33","9"
"1","bot_learned_sequence","human","0","190","2","3","3","2","0","0","0","idle","drain","none","none","1","0","-28","0","9"
"1","bot_learned_sequence","human","0","8383","3","3","3","2","0","0","2","swing","jump","grip","jump","1","0","-6","429","9"
"1","bot_learned_sequence","human","0","174","2","3","2","2","0","0","0","knockdown","jump","grip","none","1","0","24","0","9"
"1","bot_learned_sequence","human","0","218","2","2","1","3","0","0","0","idle","pull","jump","pull","1","0","20","0","9"
"1","bot_learned_sequence","human","0","458","2","2","0","3","1","0","0","pull","push","none","none","1","0","0","429","9"
"1","bot_learned_sequence","human","0","442","2","2","3","2","1","0","0","idle","jump","none","none","1","0","0","0","9"
"1","bot_learned_sequence","human","0","8634","2","2","3","2","1","0","2","swing","drain","none","none","1","0","0","561","9"
"1","bot_learned_sequence","human","0","8890","2","2","3","2","2","0","2","jump","jump","push","none","1","0","0","330","9"
"1","bot_learned_sequence","human","0","378","2","2","3","1","1","0","0","idle","pull","none","none","1","0","-47","0","9"
"1","bot_learned_sequence","human","0","56","0","2","3","0","0","0","0","idle","jump","none","none","1","0","25","0","9"
"1","bot_learned_sequence","human","0","296","0","2","2","0","1","0","0","pull","grip","none","none","1","0","25","0","9"
"1","bot_learned_sequence","human","0","104","0","2","2","1","0","0","0","knockdown","jump","grip","none","1","0","3","0","9"
"1","bot_learned_sequence","human","0","88","0","2","1","1","0","0","0","drain","jump","drain","none","1","0","-20","231","9"
"1","bot_learned_sequence","human","0","10495","3","3","3","3","0","2","2","swing","swing","jump","none","1","1","20","165","9"
"1","bot_learned_sequence","human","0","475","3","2","1","3","1","0","0","idle","pull","jump","pull","1","1","49","0","9"
"1","bot_learned_sequence","human","0","407","3","1","1","2","1","0","0","grip","pull","none","none","1","1","50","264","9"
"1","bot_learned_sequence","human","0","391","3","1","0","2","1","0","0","drain","jump","none","none","1","1","0","363","9"
"1","bot_learned_sequence","human","0","2631","3","1","0","1","2","2","0","idle","kick","none","none","1","1","0","0","9"
"1","bot_learned_sequence","human","0","2631","3","1","0","1","2","2","0","idle","jump","none","none","1","1","0","0","9"
"1","bot_learned_sequence","human","0","133","1","1","0","2","0","0","0","idle","jump","none","none","1","1","10","0","9"
"1","bot_learned_sequence","human","0","465","1","0","1","3","1","0","0","drain","drain","none","none","1","1","0","363","9"
"1","bot_learned_sequence","human","0","501","1","1","3","3","1","0","0","drain","jump","drain","none","1","1","0","132","9"
"1","bot_learned_sequence","human","0","2646","2","1","1","1","2","2","0","jump","kick","none","none","1","1","0","528","9"
"1","bot_learned_sequence","human","0","2646","2","1","1","1","2","2","0","drain","swing","jump","drain","1","1","0","396","9"
"1","bot_learned_sequence","human","0","342","2","1","1","1","1","0","0","idle","swing","swing","none","1","1","20","0","9"
"1","bot_learned_sequence","human","0","2406","2","1","2","1","1","2","0","jump","swing","swing","none","1","1","30","627","9"
"1","bot_learned_sequence","human","0","422","2","1","2","2","1","0","0","idle","pull","none","none","1","1","51","0","9"
"1","bot_learned_sequence","human","0","8671","3","3","1","3","1","0","2","drain","drain","jump","none","1","0","0","0","9"
"1","bot_learned_sequence","human","0","301","1","3","2","0","1","0","0","pull","grip","none","none","1","0","6","132","9"
"1","bot_learned_sequence","human","0","109","1","3","2","1","0","0","0","knockdown","jump","grip","none","1","0","-30","561","9"
"1","bot_learned_sequence","human","0","8733","1","3","1","0","2","0","2","jump","jump","none","none","1","0","0","297","9"
"1","bot_learned_sequence","human","0","557","1","3","2","0","2","0","0","idle","jump","none","none","1","0","0","0","9"
"1","bot_learned_sequence","human","0","701","1","3","3","2","2","0","0","idle","jump","drain","none","1","0","-10","0","9"
"1","bot_learned_sequence","human","0","301","1","3","2","0","1","0","0","jump","pull","jump","pull","1","0","70","429","9"
"1","bot_learned_sequence","human","0","41","1","2","2","0","0","0","0","knockdown","pull","pull","none","1","0","50","0","9"
"1","bot_learned_sequence","human","0","53","1","1","3","0","0","0","0","jump","jump","pull","drain","1","0","-10","264","9"
"1","bot_learned_sequence","human","0","308","0","1","3","0","1","0","0","idle","pull","drain","none","1","0","0","0","9"
"1","bot_learned_sequence","human","0","756","0","1","3","3","2","0","0","idle","jump","none","none","1","0","0","0","9"
"1","bot_learned_sequence","human","0","756","0","1","3","3","2","0","0","idle","drain","none","none","1","0","0","0","9"
"1","bot_learned_sequence","human","0","8809","1","2","2","1","2","0","2","kick","drain","none","none","1","0","0","627","9"
"1","bot_learned_sequence","human","0","8601","1","2","1","2","1","0","2","swing","pull","none","none","1","0","-20","99","9"
"1","bot_learned_sequence","human","0","488","0","2","2","3","1","0","0","idle","drain","jump","none","1","0","20","0","9"
"1","bot_learned_sequence","human","0","217","1","2","1","3","0","0","0","swing","pull","none","none","1","0","-30","363","9"
"1","bot_learned_sequence","human","0","10495","3","3","3","3","0","2","2","jump","swing","none","none","1","1","20","33","9"
"1","bot_learned_sequence","human","0","2559","3","3","3","3","1","2","0","drain","swing","none","none","1","1","-7","66","9"
"1","bot_learned_sequence","human","0","2303","3","3","3","3","0","2","0","idle","pull","none","none","1","1","70","0","9"
"1","bot_learned_sequence","human","0","411","3","2","1","2","1","0","0","jump","swing","swing","none","1","1","20","33","9"
"1","bot_learned_sequence","human","0","8363","3","2","2","2","0","0","2","kick","swing","pull","none","1","1","20","0","9"
"1","bot_learned_sequence","human","0","8683","3","2","2","3","1","0","2","jump","drain","none","none","1","1","20","33","9"
"1","bot_learned_sequence","human","0","503","3","1","3","3","1","0","0","jump","swing","none","none","1","1","-1","198","9"
"1","bot_learned_sequence","human","0","487","3","1","2","3","1","0","0","drain","pull","none","none","1","1","29","198","9"
"1","bot_learned_sequence","human","0","395","3","2","0","2","1","0","0","idle","jump","pull","none","1","1","29","0","9"
"1","bot_learned_sequence","human","0","235","3","2","2","3","0","0","0","idle","grip","none","none","1","1","-18","0","9"
"1","bot_learned_sequence","human","0","299","3","2","2","0","1","0","0","idle","pull","none","none","1","1","20","0","9"
"1","bot_learned_sequence","human","0","359","3","1","2","1","1","0","0","idle","pull","jump","none","1","1","0","0","9"
"1","bot_learned_sequence","human","0","167","3","1","2","2","0","0","0","jump","drain","none","none","1","1","0","429","9"
"1","bot_learned_sequence","human","0","8283","3","2","1","1","0","0","2","swing","jump","none","none","1","1","0","198","9"
"1","bot_learned_sequence","human","0","8619","3","2","2","2","1","0","2","swing","drain","none","none","1","1","0","462","9"
"1","bot_learned_sequence","human","0","8667","3","2","1","3","1","0","2","swing","jump","drain","none","1","1","-50","33","9"
"1","bot_learned_sequence","human","0","362","2","2","2","1","1","0","0","pull","drain","none","none","1","1","0","561","9"
"1","bot_learned_sequence","human","0","74","2","2","0","1","0","0","0","jump","pull","jump","none","1","1","0","264","9"
"1","bot_learned_sequence","human","0","10746","2","2","3","3","1","2","2","idle","swing","swing","none","1","1","60","0","9"
"1","bot_learned_sequence","human","0","10482","2","0","3","3","0","2","2","swing","swing","none","none","1","1","30","165","9"
"1","bot_learned_sequence","human","0","246","2","1","3","3","0","0","0","drain","drain","none","none","1","1","-30","231","9"
"1","bot_learned_sequence","human","0","8359","3","1","2","2","0","0","2","swing","pull","jump","none","1","1","-30","33","9"
"1","bot_learned_sequence","human","0","471","3","1","1","3","1","0","0","swing","pull","none","none","1","1","-60","0","9"
"1","bot_learned_sequence","human","0","8406","2","1","1","3","0","0","2","swing","jump","none","none","1","1","-30","33","9"
"1","bot_learned_sequence","human","0","389","1","1","0","2","1","0","0","idle","push","jump","push","1","1","0","0","9"
"1","bot_learned_sequence","human","0","337","1","0","1","1","1","0","0","pull","drain","none","none","1","1","0","660","9"
"1","bot_learned_sequence","human","0","305","1","0","3","0","1","0","0","idle","jump","none","none","1","1","1","0","9"
"1","bot_learned_sequence","human","0","8497","1","0","3","0","1","0","2","kick","drain","pull","jump","1","1","1","99","9"
"1","bot_learned_sequence","human","0","10495","3","3","3","3","0","2","2","swing","kick","none","none","1","0","-20","495","9"
"1","bot_learned_sequence","human","0","8639","3","3","3","2","1","0","2","idle","pull","none","none","1","0","-20","0","9"
"1","bot_learned_sequence","human","0","10495","3","3","3","3","0","2","2","pull","swing","swing","none","1","0","-70","99","9"
"1","bot_learned_sequence","human","0","431","3","3","2","2","1","0","0","pull","pull","drain","none","1","0","-50","0","9"
"1","bot_learned_sequence","human","0","2334","2","3","1","0","1","2","0","idle","swing","jump","none","1","0","0","0","9"
"1","bot_learned_sequence","human","0","2238","2","3","3","2","0","2","0","pull","swing","jump","none","1","0","0","231","9"
"1","bot_learned_sequence","human","0","2494","2","3","3","2","1","2","0","drain","kick","none","none","1","0","-20","429","9"
"1","bot_learned_sequence","human","0","253","1","3","3","3","0","0","0","swing","jump","none","none","1","0","20","132","9"
"1","bot_learned_sequence","human","0","509","1","3","3","3","1","0","0","swing","drain","none","none","1","0","-29","561","9"
"1","bot_learned_sequence","human","0","2093","1","3","2","0","0","2","0","pull","swing","swing","none","1","0","0","99","9"
"1","bot_learned_sequence","human","0","317","1","3","3","0","1","0","0","jump","jump","drain","jump","1","0","0","99","9"
"1","bot_learned_sequence","human","0","622","2","3","2","1","2","0","0","idle","pull","none","none","1","0","18","0","9"
"1","bot_learned_sequence","human","0","174","2","3","2","2","0","0","0","grip","pull","jump","pull","1","0","20","231","9"
"1","bot_learned_sequence","human","0","478","2","3","1","3","1","0","0","idle","pull","none","none","1","0","30","0","9"
"1","bot_learned_sequence","human","0","462","2","3","0","3","1","0","0","drain","pull","none","none","1","0","10","66","9"
"1","bot_learned_sequence","human","0","413","1","3","1","2","1","0","0","jump","jump","none","none","1","0","0","99","9"
"1","bot_learned_sequence","human","0","173","1","3","2","2","0","0","0","drain","drain","none","none","1","0","0","33","9"
"1","bot_learned_sequence","human","0","2398","2","3","1","1","1","2","0","idle","swing","none","none","1","0","0","0","9"
"1","bot_learned_sequence","human","0","2142","2","3","1","1","0","2","0","jump","swing","swing","none","1","0","0","66","9"
"1","bot_learned_sequence","human","0","350","2","3","1","1","1","0","0","idle","pull","jump","pull","1","0","50","0","9"
"1","bot_learned_sequence","human","0","410","2","2","1","2","1","0","0","idle","jump","none","none","1","0","0","0","9"
"1","bot_learned_sequence","human","0","362","2","2","2","1","1","0","0","idle","swing","swing","none","1","0","0","0","9"
"1","bot_learned_sequence","human","0","10746","2","2","3","3","1","2","2","swing","swing","none","none","1","0","-60","165","9"
"1","bot_learned_sequence","human","0","8441","1","2","3","3","0","0","2","swing","drain","none","none","1","0","30","627","9"
"1","bot_learned_sequence","human","0","2221","1","3","2","2","0","2","0","drain","swing","none","none","1","0","30","495","9"
"1","bot_learned_sequence","human","0","381","1","3","3","1","1","0","0","pull","swing","swing","none","1","0","60","0","9"
"1","bot_learned_sequence","human","0","617","1","2","2","1","2","0","0","idle","pull","none","none","1","0","30","0","9"
"1","bot_learned_sequence","human","0","340","0","1","1","1","1","0","0","idle","pull","none","none","1","0","30","0","9"
"1","bot_learned_sequence","human","0","724","0","1","1","3","2","0","0","idle","jump","none","none","1","0","0","0","9"
"1","bot_learned_sequence","human","0","2500","0","1","0","3","1","2","0","jump","kick","none","none","1","0","-1","132","9"
"1","bot_learned_sequence","human","0","2559","3","3","3","3","1","2","0","jump","jump","swing","swing","1","1","0","165","9"
"1","bot_learned_sequence","human","0","767","3","3","3","3","2","0","0","jump","drain","jump","none","1","1","0","66","9"
"1","bot_learned_sequence","human","0","687","3","3","2","2","2","0","0","push","pull","none","none","1","1","31","165","9"
"1","bot_learned_sequence","human","0","8703","3","3","3","3","1","0","2","kick","jump","knockdown","none","1","1","-2","0","9"
"1","bot_learned_sequence","human","0","703","3","3","3","2","2","0","0","jump","drain","none","none","1","1","0","99","9"
"1","bot_learned_sequence","human","0","8895","3","3","3","2","2","0","2","swing","jump","none","none","1","1","0","330","9"
"1","bot_learned_sequence","human","0","8623","3","3","2","2","1","0","2","pull","pull","none","none","1","1","60","660","9"
"1","bot_learned_sequence","human","0","10487","3","1","3","3","0","2","2","jump","swing","swing","none","1","1","10","33","9"
"1","bot_learned_sequence","human","0","2299","3","2","3","3","0","2","0","drain","swing","none","none","1","1","-11","330","9"
"1","bot_learned_sequence","human","0","182","2","1","3","2","0","0","0","pull","drain","none","none","1","1","-20","330","9"
"1","bot_learned_sequence","human","0","132","0","1","0","2","0","0","0","knockdown","pull","none","none","1","1","0","0","9"
"1","bot_learned_sequence","human","0","8656","0","0","1","3","1","0","2","drain","jump","none","none","1","1","30","66","9"
"1","bot_learned_sequence","human","0","8896","0","0","0","3","2","0","2","idle","jump","none","none","1","1","0","0","9"
"1","bot_learned_sequence","human","0","8832","0","0","0","2","2","0","2","idle","pull","none","none","1","1","14","0","9"
"1","bot_learned_sequence","human","0","495","3","3","2","3","1","0","0","idle","push","none","none","1","0","-31","0","9"
"1","bot_learned_sequence","human","0","2559","3","3","3","3","1","2","0","jump","kick","none","none","1","0","2","0","9"
"1","bot_learned_sequence","human","0","2799","3","3","2","3","2","2","0","drain","swing","none","none","1","0","0","396","9"
"1","bot_learned_sequence","human","0","2783","3","3","1","3","2","2","0","jump","pull","none","none","1","0","0","396","9"
"1","bot_learned_sequence","human","0","10493","1","3","3","3","0","2","2","swing","jump","none","none","1","0","-10","264","9"
"1","bot_learned_sequence","human","0","8446","2","3","3","3","0","0","2","swing","drain","none","none","1","0","11","99","9"
"1","bot_learned_sequence","human","0","8429","1","3","2","3","0","0","2","swing","pull","pull","none","1","0","11","165","9"
"1","bot_learned_sequence","human","0","41","1","2","2","0","0","0","0","idle","swing","swing","jump","1","0","30","0","9"
"1","bot_learned_sequence","human","0","2352","0","0","3","0","1","2","0","idle","jump","drain","none","1","0","0","0","9"
"1","bot_learned_sequence","human","0","2608","0","0","3","0","2","2","0","idle","jump","none","none","1","0","0","0","9"
"1","bot_learned_sequence","human","0","2416","0","0","3","1","1","2","0","idle","drain","none","none","1","0","-30","0","9"
"1","bot_learned_sequence","human","0","2608","0","0","3","0","2","2","0","jump","drain","none","none","1","0","0","264","9"
"1","bot_learned_sequence","human","0","8443","3","2","3","3","0","0","2","swing","jump","none","none","1","1","-20","99","9"
"1","bot_learned_sequence","human","0","235","3","2","2","3","0","0","0","pull","pull","knockdown","none","1","1","-48","132","9"
"1","bot_learned_sequence","human","0","414","2","3","1","2","1","0","0","drain","grip","none","none","1","1","4","528","9"
"1","bot_learned_sequence","human","0","478","2","3","1","3","1","0","0","idle","jump","none","none","1","1","0","0","9"
"1","bot_learned_sequence","human","0","2798","2","3","2","3","2","2","0","idle","swing","jump","none","1","1","-18","0","9"
"1","bot_learned_sequence","human","0","2542","2","3","2","3","1","2","0","drain","kick","none","none","1","1","-18","429","9"
"1","bot_learned_sequence","human","0","2557","1","3","3","3","1","2","0","idle","drain","jump","none","1","1","0","0","9"
"1","bot_learned_sequence","human","0","2430","2","3","3","1","1","2","0","pull","swing","none","none","1","1","0","495","9"
"1","bot_learned_sequence","human","0","766","2","3","3","3","2","0","0","idle","jump","none","none","1","1","-10","0","9"
"1","bot_learned_sequence","human","0","488","0","2","2","3","1","0","0","jump","pull","jump","none","1","1","0","165","9"
"1","bot_learned_sequence","human","0","424","0","2","2","2","1","0","0","drain","drain","none","none","1","1","0","429","9"
"1","bot_learned_sequence","human","0","297","1","2","2","0","1","0","0","idle","jump","none","none","1","1","0","0","9"
"1","bot_learned_sequence","human","0","313","1","2","3","0","1","0","0","idle","drain","jump","none","1","1","0","0","9"
"1","bot_learned_sequence","human","0","282","2","2","1","0","1","0","0","idle","pull","none","none","1","1","56","0","9"
"1","bot_learned_sequence","human","0","8277","1","1","1","1","0","0","2","swing","jump","pull","none","1","1","66","33","9"
"1","bot_learned_sequence","human","0","8577","1","0","0","2","1","0","2","swing","pull","jump","none","1","1","36","132","9"
"1","bot_learned_sequence","human","0","751","3","3","2","3","2","0","0","idle","pull","none","none","1","0","-30","0","9"
"1","bot_learned_sequence","human","0","431","3","3","2","2","1","0","0","pull","swing","swing","swing","1","0","-20","99","9"
"1","bot_learned_sequence","human","0","2558","2","3","3","3","1","2","0","jump","swing","pull","none","1","0","20","231","9"
"1","bot_learned_sequence","human","0","107","3","2","2","1","0","0","0","idle","pull","pull","none","1","0","-4","0","9"
"1","bot_learned_sequence","human","0","8699","3","2","3","3","1","0","2","jump","drain","none","none","1","0","18","99","9"
"1","bot_learned_sequence","human","0","8363","3","2","2","2","0","0","2","kick","pull","jump","knockdown","1","0","18","297","9"
"1","bot_learned_sequence","human","0","8427","3","2","2","3","0","0","2","jump","jump","pull","none","1","0","0","429","9"
"1","bot_learned_sequence","human","0","2555","3","2","3","3","1","2","0","jump","swing","none","none","1","0","10","693","9"
"1","bot_learned_sequence","human","0","10490","2","2","3","3","0","2","2","swing","swing","swing","swing","1","0","40","165","9"
"1","bot_learned_sequence","human","0","178","2","0","3","2","0","0","0","jump","drain","none","none","1","0","0","198","9"
"1","bot_learned_sequence","human","0","342","2","1","1","1","1","0","0","drain","pull","none","none","1","0","0","330","9"
"1","bot_learned_sequence","human","0","2134","2","1","1","1","0","2","0","pull","swing","none","none","1","0","-56","165","9"
"1","bot_learned_sequence","human","0","2468","0","1","2","2","1","2","0","idle","jump","swing","none","1","0","-36","0","9"
"1","bot_learned_sequence","human","0","495","3","3","2","3","1","0","0","idle","pull","jump","swing","1","1","59","0","9"
"1","bot_learned_sequence","human","0","10495","3","3","3","3","0","2","2","jump","swing","swing","none","1","1","0","297","9"
"1","bot_learned_sequence","human","0","2235","3","2","3","2","0","2","0","pull","swing","none","none","1","1","30","198","9"
"1","bot_learned_sequence","human","0","443","3","2","3","2","1","0","0","idle","pull","none","none","1","1","40","0","9"
"1","bot_learned_sequence","human","0","8658","2","0","1","3","1","0","2","idle","drain","none","none","1","1","27","0","9"
"1","bot_learned_sequence","human","0","222","2","3","1","3","0","0","0","pull","pull","none","none","1","0","-40","297","9"
"1","bot_learned_sequence","human","0","2222","2","3","2","2","0","2","0","pull","swing","knockdown","none","1","0","-47","33","9"
"1","bot_learned_sequence","human","0","380","0","3","3","1","1","0","0","drain","drain","none","none","1","0","-27","66","9"
"1","bot_learned_sequence","human","0","8671","3","3","1","3","1","0","2","swing","pull","jump","pull","1","1","50","132","9"
"1","bot_learned_sequence","human","0","2395","3","2","1","1","1","2","0","pull","swing","jump","none","1","1","-20","297","9"
"1","bot_learned_sequence","human","0","299","3","2","2","0","1","0","0","pull","drain","none","none","1","1","-20","66","9"
"1","bot_learned_sequence","human","0","2090","2","2","2","0","0","2","0","idle","swing","none","none","1","1","60","0","9"
"1","bot_learned_sequence","human","0","2090","2","2","2","0","0","2","0","jump","swing","pull","none","1","1","50","132","9"
"1","bot_learned_sequence","human","0","2326","2","1","1","0","1","2","0","pull","swing","none","none","1","1","10","132","9"
"1","bot_learned_sequence","human","0","293","1","1","2","0","1","0","0","drain","drain","none","none","1","1","0","330","9"
"1","bot_learned_sequence","human","0","2","2","0","0","0","0","0","0","knockdown","jump","pull","kick","1","1","0","0","9"
"1","bot_learned_sequence","human","0","578","2","0","0","1","2","0","0","jump","jump","none","none","1","1","0","165","9"
"1","bot_learned_sequence","human","0","514","2","0","0","0","2","0","0","idle","jump","none","none","1","1","0","0","9"
"1","bot_learned_sequence","human","0","302","2","3","2","0","1","0","0","idle","pull","none","none","1","0","51","0","9"
"1","bot_learned_sequence","human","0","8286","2","3","1","1","0","0","2","swing","pull","none","none","1","0","81","33","9"
"1","bot_learned_sequence","human","0","398","2","3","0","2","1","0","0","jump","pull","none","none","1","0","20","198","9"
"1","bot_learned_sequence","human","0","78","2","3","0","1","0","0","0","drain","jump","none","none","1","0","20","165","9"
"1","bot_learned_sequence","human","0","8330","2","2","0","2","0","0","2","swing","jump","none","none","1","0","-60","165","9"
"1","bot_learned_sequence","human","0","89","1","2","1","1","0","0","0","jump","drain","none","none","1","0","-40","0","9"
"1","bot_learned_sequence","human","0","8264","0","2","0","1","0","0","2","swing","jump","pull","drain","1","0","-10","99","9"
"1","bot_learned_sequence","human","0","8264","0","2","0","1","0","0","2","knockdown","pull","drain","none","1","0","0","0","9"
"1","bot_learned_sequence","human","0","329","1","2","0","1","1","0","0","jump","drain","none","none","1","0","-20","132","9"
"1","bot_learned_sequence","human","0","8728","0","2","1","0","2","0","2","idle","jump","none","none","1","0","0","0","9"
"1","bot_learned_sequence","human","0","536","0","2","1","0","2","0","0","jump","drain","none","none","1","0","0","33","9"
"1","bot_learned_sequence","human","0","552","0","2","2","0","2","0","0","idle","drain","pull","none","1","0","-10","0","9"
"1","bot_learned_sequence","human","0","276","0","1","1","0","1","0","0","jump","pull","drain","none","1","0","0","198","9"
"1","bot_learned_sequence","human","0","276","0","1","1","0","1","0","0","pull","drain","none","none","1","0","20","99","9"
"1","bot_learned_sequence","human","0","4","0","1","0","0","0","0","0","pull","pull","none","none","1","0","4","264","9"
"1","bot_learned_sequence","human","0","191","3","3","3","2","0","0","0","idle","pull","jump","pull","1","1","18","0","9"
"1","bot_learned_sequence","human","0","191","3","3","3","2","0","0","0","knockdown","jump","pull","none","1","1","-2","0","9"
"1","bot_learned_sequence","human","0","383","3","3","3","1","1","0","0","pull","drain","knockdown","none","1","1","-49","99","9"
"1","bot_learned_sequence","human","0","47","3","3","2","0","0","0","0","idle","grip","none","none","1","1","-25","0","9"
"1","bot_learned_sequence","human","0","2431","3","3","3","1","1","2","0","jump","swing","none","none","1","1","-21","693","9"
"1","bot_learned_sequence","human","0","2175","3","3","3","1","0","2","0","drain","swing","swing","drain","1","1","-21","363","9"
"1","bot_learned_sequence","human","0","2367","3","3","3","0","1","2","0","jump","swing","none","none","1","1","20","330","9"
"1","bot_learned_sequence","human","0","2175","3","3","3","1","0","2","0","swing","swing","none","none","1","1","20","99","9"
"1","bot_learned_sequence","human","0","127","3","3","3","1","0","0","0","swing","jump","none","none","1","1","0","165","9"
"1","bot_learned_sequence","human","0","239","3","3","2","3","0","0","0","pull","drain","jump","none","1","1","0","693","9"
"1","bot_learned_sequence","human","0","335","3","3","0","1","1","0","0","drain","jump","kick","none","1","1","0","66","9"
"1","bot_learned_sequence","human","0","655","3","3","0","2","2","0","0","idle","jump","none","none","1","1","0","0","9"
"1","bot_learned_sequence","human","0","2463","3","3","1","2","1","2","0","grip","pull","swing","swing","1","1","0","495","9"
"1","bot_learned_sequence","human","0","10750","2","3","3","3","1","2","2","swing","swing","none","none","1","1","0","462","9"
"1","bot_learned_sequence","human","0","2558","2","3","3","3","1","2","0","jump","swing","none","none","1","1","0","231","9"
"1","bot_learned_sequence","human","0","510","2","3","3","3","1","0","0","drain","drain","swing","none","1","1","0","693","9"
"1","bot_learned_sequence","human","0","2558","2","3","3","3","1","2","0","drain","swing","swing","swing","1","1","-20","0","9"
"1","bot_learned_sequence","human","0","302","2","3","2","0","1","0","0","idle","pull","jump","none","1","1","69","0","9"
"1","bot_learned_sequence","human","0","8542","2","3","1","1","1","0","2","swing","pull","none","none","1","1","50","132","9"
"1","bot_learned_sequence","human","0","8346","2","2","1","2","0","0","2","knockdown","jump","pull","none","1","1","0","0","9"
"1","bot_learned_sequence","human","0","8362","2","2","2","2","0","0","2","idle","pull","none","none","1","1","-22","0","9"
"1","bot_learned_sequence","human","0","8553","1","2","2","1","1","0","2","grip","pull","drain","none","1","1","20","231","9"
"1","bot_learned_sequence","human","0","8281","1","2","1","1","0","0","2","jump","pull","jump","pull","1","1","21","561","9"
"1","bot_learned_sequence","human","0","85","1","1","1","1","0","0","0","knockdown","pull","pull","none","1","1","1","0","9"
"1","bot_learned_sequence","human","0","133","1","1","0","2","0","0","0","idle","pull","none","none","1","1","50","0","9"
"1","bot_learned_sequence","human","0","641","1","0","0","2","2","0","0","idle","push","jump","none","1","1","0","0","9"
"1","bot_learned_sequence","human","0","8641","1","0","0","3","1","0","2","drain","pull","jump","none","1","1","0","33","9"
"1","bot_learned_sequence","human","0","8449","1","0","0","0","1","0","2","idle","pull","none","none","1","1","20","0","9"
"1","bot_learned_sequence","human","0","641","1","0","0","2","2","0","0","drain","jump","swing","swing","1","1","0","66","9"
"1","bot_learned_sequence","human","0","69","1","1","0","1","0","0","0","jump","pull","jump","drain","1","1","0","165","9"
"1","bot_learned_sequence","human","0","5","1","1","0","0","0","0","0","jump","jump","none","none","1","1","0","33","9"
"1","bot_learned_sequence","human","0","293","1","1","2","0","1","0","0","jump","drain","jump","none","1","1","20","429","9"
"1","bot_learned_sequence","human","0","294","2","1","2","0","1","0","0","idle","drain","none","none","1","1","0","0","9"
"1","bot_learned_sequence","human","0","614","2","1","2","1","2","0","0","idle","jump","none","none","1","1","0","0","9"
"1","bot_learned_sequence","human","0","8438","2","1","3","3","0","0","2","swing","jump","grip","none","1","1","2","528","9"
"1","bot_learned_sequence","human","0","502","2","1","3","3","1","0","0","jump","drain","none","none","1","1","2","330","9"
"1","bot_learned_sequence","human","0","150","2","1","1","2","0","0","0","idle","jump","grip","none","1","1","22","0","9"
"1","bot_learned_sequence","human","0","402","2","0","1","2","1","0","0","drain","drain","none","none","1","1","0","99","9"
"1","bot_learned_sequence","human","0","2694","2","1","0","2","2","2","0","idle","swing","none","none","1","1","0","0","9"
"1","bot_learned_sequence","human","0","470","2","1","1","3","1","0","0","jump","drain","none","none","1","1","0","363","9"
"1","bot_learned_sequence","human","0","390","2","1","0","2","1","0","0","idle","jump","none","none","1","1","0","0","9"
"1","bot_learned_sequence","human","0","394","2","2","0","2","1","0","0","drain","pull","jump","none","1","1","0","132","9"
"1","bot_learned_sequence","human","0","390","2","1","0","2","1","0","0","jump","jump","none","none","1","1","-20","594","9"
"1","bot_learned_sequence","human","0","2122","2","2","0","1","0","2","0","drain","kick","none","none","1","1","-70","396","9"
"1","bot_learned_sequence","human","0","2137","1","2","1","1","0","2","0","pull","swing","none","none","1","1","-50","165","9"
"1","bot_learned_sequence","human","0","2136","0","2","1","1","0","2","0","jump","swing","none","none","1","1","20","198","9"
"1","bot_learned_sequence","human","0","8","0","2","0","0","0","0","0","idle","pull","jump","none","1","1","20","0","9"
"1","bot_learned_sequence","human","0","21","1","1","1","0","0","0","0","pull","drain","pull","jump","1","1","0","165","9"
"1","bot_learned_sequence","human","0","4","0","1","0","0","0","0","0","knockdown","pull","drain","none","1","1","0","0","9"
"1","bot_learned_sequence","human","0","276","0","1","1","0","1","0","0","jump","jump","drain","none","1","1","0","132","9"
"1","bot_learned_sequence","human","0","277","1","1","1","0","1","0","0","idle","jump","drain","none","1","1","0","0","9"
"1","bot_learned_sequence","human","0","277","1","1","1","0","1","0","0","idle","jump","drain","pull","1","1","20","0","9"
"1","bot_learned_sequence","human","0","2","2","0","0","0","0","0","0","knockdown","jump","pull","drain","1","1","0","0","9"
"1","bot_learned_sequence","human","0","82","2","0","1","1","0","0","0","idle","pull","pull","none","1","1","-23","0","9"
"1","bot_learned_sequence","human","0","17","1","0","1","0","0","0","0","grip","pull","none","none","1","1","0","396","9"
"1","bot_learned_sequence","human","0","495","3","3","2","3","1","0","0","drain","grip","none","none","1","0","23","132","9"
"1","bot_learned_sequence","human","0","479","3","3","1","3","1","0","0","pull","pull","none","none","1","0","49","660","9"
"1","bot_learned_sequence","human","0","143","3","3","0","2","0","0","0","idle","pull","pull","jump","1","0","-2","0","9"
"1","bot_learned_sequence","human","0","8671","3","3","1","3","1","0","2","swing","drain","none","none","1","0","21","33","9"
"1","bot_learned_sequence","human","0","8671","3","3","1","3","1","0","2","swing","swing","none","none","1","0","-20","198","9"
"1","bot_learned_sequence","human","0","8415","3","3","1","3","0","0","2","swing","swing","none","none","1","0","-20","198","9"
"1","bot_learned_sequence","human","0","223","3","3","1","3","0","0","0","jump","swing","none","none","1","0","0","165","9"
"1","bot_learned_sequence","human","0","447","3","3","3","2","1","0","0","idle","pull","none","none","1","0","30","0","9"
"1","bot_learned_sequence","human","0","8735","3","3","1","0","2","0","2","kick","jump","none","none","1","0","0","528","9"
"1","bot_learned_sequence","human","0","575","3","3","3","0","2","0","0","jump","drain","none","none","1","0","0","396","9"
"1","bot_learned_sequence","human","0","319","3","3","3","0","1","0","0","idle","pull","none","none","1","0","2","0","9"
"1","bot_learned_sequence","human","0","111","3","3","2","1","0","0","0","idle","grip","jump","grip","1","0","2","0","9"
"1","bot_learned_sequence","human","0","2303","3","3","3","3","0","2","0","jump","swing","none","none","1","0","10","396","9"
"1","bot_learned_sequence","human","0","2491","3","2","3","2","1","2","0","jump","swing","swing","none","1","0","0","264","9"
"1","bot_learned_sequence","human","0","8699","3","2","3","3","1","0","2","swing","jump","none","none","1","0","0","66","9"
"1","bot_learned_sequence","human","0","8699","3","2","3","3","1","0","2","swing","drain","none","none","1","0","0","33","9"
"1","bot_learned_sequence","human","0","8683","3","2","2","3","1","0","2","swing","drain","none","none","1","0","20","0","9"
"1","bot_learned_sequence","human","0","395","3","2","0","2","1","0","0","drain","pull","none","none","1","0","-50","297","9"
"1","bot_learned_sequence","human","0","2187","3","2","0","2","0","2","0","jump","swing","swing","swing","1","0","-50","198","9"
"1","bot_learned_sequence","human","0","2154","2","2","2","1","0","2","0","pull","swing","none","none","1","0","-20","198","9"
"1","bot_learned_sequence","human","0","2154","2","2","2","1","0","2","0","idle","grip","jump","grip","1","0","44","0","9"
"1","bot_learned_sequence","human","0","2198","2","1","1","2","0","2","0","pull","jump","grip","none","1","0","2","396","9"
"1","bot_learned_sequence","human","0","2454","2","1","1","2","1","2","0","drain","pull","jump","none","1","0","-20","231","9"
"1","bot_learned_sequence","human","0","358","2","1","2","1","1","0","0","idle","drain","none","none","1","0","-20","0","9"
"1","bot_learned_sequence","human","0","277","1","1","1","0","1","0","0","jump","push","none","none","1","0","0","594","9"
"1","bot_learned_sequence","human","0","612","0","1","2","1","2","0","0","idle","jump","none","none","1","0","0","0","9"
"1","bot_learned_sequence","human","0","564","0","1","3","0","2","0","0","jump","jump","none","none","1","0","0","561","9"
"1","bot_learned_sequence","human","0","564","0","1","3","0","2","0","0","idle","jump","none","none","1","0","0","0","9"
"1","bot_learned_sequence","human","0","564","0","1","3","0","2","0","0","idle","pull","pull","pull","1","0","0","0","9"
"1","bot_learned_sequence","human","0","309","1","1","3","0","1","0","0","idle","jump","drain","pull","1","0","-30","0","9"
"1","bot_learned_sequence","human","0","308","0","1","3","0","1","0","0","idle","jump","none","none","1","0","0","0","9"
"1","bot_learned_sequence","human","0","2612","0","1","3","0","2","2","0","jump","jump","drain","none","1","0","0","66","9"
"1","bot_learned_sequence","human","0","2420","0","1","3","1","1","2","0","pull","drain","none","none","1","0","0","660","9"
"1","bot_learned_sequence","human","0","2308","0","1","0","0","1","2","0","idle","pull","none","none","1","0","0","0","9"
"1","bot_learned_sequence","human","0","260","0","1","0","0","1","0","0","pull","pull","drain","none","1","0","-20","165","9"
"1","bot_learned_sequence","human","0","8741","1","1","2","0","2","0","2","jump","drain","pull","pull","1","0","0","99","9"
"1","bot_learned_sequence","human","0","517","1","1","0","0","2","0","0","drain","pull","none","none","1","0","20","264","9"
"1","bot_learned_sequence","human","0","389","1","1","0","2","1","0","0","idle","pull","jump","none","1","0","-20","0","9"
"1","bot_learned_sequence","human","0","409","1","2","1","2","1","0","0","jump","drain","swing","swing","1","0","0","561","9"
"1","bot_learned_sequence","human","0","185","1","2","3","2","0","0","0","grip","pull","pull","pull","1","0","0","264","9"
"1","bot_learned_sequence","human","0","409","1","2","1","2","1","0","0","drain","pull","none","none","1","0","-4","396","9"
"1","bot_learned_sequence","human","0","345","1","2","1","1","1","0","0","idle","pull","none","none","1","0","-24","0","9"
"1","bot_learned_sequence","human","0","24","0","2","1","0","0","0","0","grip","pull","jump","drain","1","0","0","363","9"
"1","bot_learned_sequence","human","0","8553","1","2","2","1","1","0","2","swing","jump","none","none","1","0","0","429","9"
"1","bot_learned_sequence","human","0","361","1","2","2","1","1","0","0","drain","drain","none","none","1","0","0","33","9"
"1","bot_learned_sequence","human","0","281","1","2","1","0","1","0","0","jump","pull","jump","none","1","0","20","561","9"
"1","bot_learned_sequence","human","0","8234","2","2","2","0","0","0","2","idle","jump","pull","none","1","0","70","0","9"
"1","bot_learned_sequence","human","0","8274","2","0","1","1","0","0","2","swing","jump","none","none","1","0","0","99","9"
"1","bot_learned_sequence","human","0","8578","2","0","0","2","1","0","2","swing","drain","none","none","1","0","-20","660","9"
"1","bot_learned_sequence","human","0","321","1","0","0","1","1","0","0","jump","pull","none","none","1","0","0","594","9"
"1","bot_learned_sequence","human","0","88","0","2","1","1","0","0","0","idle","jump","none","none","1","0","0","0","9"
"1","bot_learned_sequence","human","0","632","0","2","3","1","2","0","0","idle","drain","none","none","1","0","-30","0","9"
"1","bot_learned_sequence","human","0","616","0","2","2","1","2","0","0","idle","jump","pull","grip","1","0","-28","0","9"
"1","bot_learned_sequence","human","0","148","0","1","1","2","0","0","0","pull","jump","grip","none","1","0","2","231","9"
"1","bot_learned_sequence","human","0","724","0","1","1","3","2","0","0","idle","drain","none","none","1","0","0","0","9"
"1","bot_learned_sequence","human","0","356","0","1","2","1","1","0","0","idle","jump","none","none","1","0","-10","0","9"
"1","bot_learned_sequence","human","0","36","0","1","2","0","0","0","0","pull","drain","none","none","1","0","-10","165","9"
"1","bot_learned_sequence","human","0","8943","3","3","2","3","2","0","2","push","jump","push","none","1","1","50","627","9"
"1","bot_learned_sequence","human","0","8667","3","2","1","3","1","0","2","jump","pull","none","none","1","1","0","99","9"
"1","bot_learned_sequence","human","0","479","3","3","1","3","1","0","0","jump","swing","none","none","1","1","-89","297","9"
"1","bot_learned_sequence","human","0","238","2","3","2","3","0","0","0","jump","pull","none","none","1","1","1","528","9"
"1","bot_learned_sequence","human","0","350","2","3","1","1","1","0","0","drain","drain","swing","none","1","1","0","165","9"
"1","bot_learned_sequence","human","0","8638","2","3","3","2","1","0","2","swing","swing","none","none","1","1","-20","231","9"
"1","bot_learned_sequence","human","0","510","2","3","3","3","1","0","0","jump","jump","none","none","1","1","-20","363","9"
"1","bot_learned_sequence","human","0","494","2","3","2","3","1","0","0","drain","pull","none","none","1","1","-50","33","9"
"1","bot_learned_sequence","human","0","2222","2","3","2","2","0","2","0","pull","swing","none","none","1","1","-70","99","9"
"1","bot_learned_sequence","human","0","2429","1","3","3","1","1","2","0","idle","drain","none","none","1","1","-10","0","9"
"1","bot_learned_sequence","human","0","2365","1","3","3","0","1","2","0","idle","pull","jump","pull","1","1","-30","0","9"
"1","bot_learned_sequence","human","0","2360","0","2","3","0","1","2","0","jump","drain","none","none","1","1","-20","0","9"
"1","bot_learned_sequence","human","0","2424","0","2","3","1","1","2","0","idle","jump","drain","none","1","1","-1","0","9"
"1","bot_learned_sequence","human","0","2056","0","2","0","0","0","2","0","idle","push","none","none","1","1","-21","0","9"
"1","bot_learned_sequence","human","0","2344","0","2","2","0","1","2","0","pull","drain","none","none","1","1","0","330","9"
"1","bot_learned_sequence","human","0","2104","0","2","3","0","0","2","0","pull","jump","drain","none","1","1","39","594","9"
"1","bot_learned_sequence","human","0","2072","0","2","1","0","0","2","0","jump","jump","drain","pull","1","1","10","198","9"
"1","bot_learned_sequence","human","0","2324","0","1","1","0","1","2","0","pull","drain","none","none","1","1","0","132","9"
"1","bot_learned_sequence","human","0","2308","0","1","0","0","1","2","0","pull","pull","jump","none","1","1","20","528","9"
"1","bot_learned_sequence","human","0","2751","3","3","3","2","2","2","0","push","push","none","none","1","0","-30","462","9"
"1","bot_learned_sequence","human","0","2430","2","3","3","1","1","2","0","idle","swing","jump","none","1","0","0","0","9"
"1","bot_learned_sequence","human","0","10367","3","3","3","1","0","2","2","swing","swing","swing","none","1","0","89","0","9"
"1","bot_learned_sequence","human","0","251","3","2","3","3","0","0","0","jump","jump","none","none","1","0","-1","132","9"
"1","bot_learned_sequence","human","0","171","3","2","2","2","0","0","0","pull","pull","drain","none","1","0","-1","33","9"
"1","bot_learned_sequence","human","0","10587","3","2","1","1","1","2","2","swing","swing","swing","swing","1","0","0","363","9"
"1","bot_learned_sequence","human","0","2539","3","2","2","3","1","2","0","swing","swing","jump","none","1","0","20","66","9"
"1","bot_learned_sequence","human","0","507","3","2","3","3","1","0","0","jump","drain","none","none","1","0","50","33","9"
"1","bot_learned_sequence","human","0","8347","3","2","1","2","0","0","2","swing","jump","pull","none","1","0","50","33","9"
"1","bot_learned_sequence","human","0","8642","2","0","0","3","1","0","2","jump","pull","none","none","1","0","20","627","9"
"1","bot_learned_sequence","human","0","8642","2","0","0","3","1","0","2","drain","jump","pull","none","1","0","20","0","9"
"1","bot_learned_sequence","human","0","8898","2","0","0","3","2","0","2","idle","push","none","none","1","0","0","0","9"
"1","bot_learned_sequence","human","0","8258","2","0","0","1","0","0","2","push","jump","pull","jump","1","0","20","264","9"
"1","bot_learned_sequence","human","0","8578","2","0","0","2","1","0","2","idle","pull","none","none","1","0","-39","0","9"
"1","bot_learned_sequence","human","0","8386","2","0","0","3","0","0","2","drain","pull","none","none","1","0","-39","33","9"
"1","bot_learned_sequence","human","0","8258","2","0","0","1","0","0","2","idle","jump","none","none","1","0","-10","0","9"
"1","bot_learned_sequence","human","0","8513","1","0","0","1","1","0","2","idle","pull","none","none","1","0","0","0","9"
"1","bot_learned_sequence","human","0","8257","1","0","0","1","0","0","2","drain","jump","pull","none","1","0","0","99","9"
"1","bot_learned_sequence","human","0","350","2","3","1","1","1","0","0","pull","pull","jump","pull","1","1","100","231","9"
"1","bot_learned_sequence","human","0","346","2","2","1","1","1","0","0","pull","swing","none","none","1","1","0","528","9"
"1","bot_learned_sequence","human","0","410","2","2","1","2","1","0","0","jump","swing","none","none","1","1","-20","33","9"
"1","bot_learned_sequence","human","0","286","2","3","1","0","1","0","0","pull","swing","none","none","1","1","-20","0","9"
"1","bot_learned_sequence","human","0","558","2","3","2","0","2","0","0","idle","jump","none","none","1","1","22","0","9"
"1","bot_learned_sequence","human","0","574","2","3","3","0","2","0","0","jump","drain","jump","grip","1","1","22","198","9"
"1","bot_learned_sequence","human","0","10490","2","2","3","3","0","2","2","swing","kick","jump","none","1","1","0","33","9"
"1","bot_learned_sequence","human","0","10490","2","2","3","3","0","2","2","jump","drain","none","none","1","1","0","330","9"
"1","bot_learned_sequence","human","0","427","3","2","2","2","1","0","0","drain","swing","none","none","1","1","50","561","9"
"1","bot_learned_sequence","human","0","8667","3","2","1","3","1","0","2","swing","pull","jump","pull","1","1","80","66","9"
"1","bot_learned_sequence","human","0","8407","3","1","1","3","0","0","2","knockdown","jump","pull","pull","1","1","30","0","9"
"1","bot_learned_sequence","human","0","391","3","1","0","2","1","0","0","idle","swing","push","none","1","1","0","0","9"
"1","bot_learned_sequence","human","0","455","3","1","0","3","1","0","0","drain","push","none","none","1","1","1","33","9"
"1","bot_learned_sequence","human","0","323","3","0","0","1","1","0","0","drain","jump","none","none","1","1","0","627","9"
"1","bot_learned_sequence","human","0","323","3","0","0","1","1","0","0","idle","swing","none","none","1","1","1","0","9"
"1","bot_learned_sequence","human","0","387","3","0","0","2","1","0","0","drain","swing","none","none","1","1","0","66","9"
"1","bot_learned_sequence","human","0","322","2","0","0","1","1","0","0","pull","pull","none","none","1","1","53","297","9"
"1","bot_learned_sequence","human","0","258","2","0","0","0","1","0","0","pull","swing","none","none","1","1","33","33","9"
"1","bot_learned_sequence","human","0","415","3","3","1","2","1","0","0","pull","pull","jump","pull","1","0","-30","495","9"
"1","bot_learned_sequence","human","0","59","3","2","3","0","0","0","0","pull","drain","none","none","1","0","-50","198","9"
"1","bot_learned_sequence","human","0","270","2","3","0","0","1","0","0","swing","pull","none","none","1","0","20","462","9"
"1","bot_learned_sequence","human","0","14","2","3","0","0","0","0","0","swing","jump","pull","none","1","0","20","66","9"
"1","bot_learned_sequence","human","0","346","2","2","1","1","1","0","0","swing","jump","none","none","1","0","20","660","9"
"1","bot_learned_sequence","human","0","346","2","2","1","1","1","0","0","swing","drain","none","none","1","0","20","99","9"
"1","bot_learned_sequence","human","0","331","3","2","0","1","1","0","0","swing","pull","jump","pull","1","0","20","0","9"
"1","bot_learned_sequence","human","0","715","3","2","0","3","2","0","0","jump","jump","none","none","1","0","-22","264","9"
"1","bot_learned_sequence","human","0","74","2","2","0","1","0","0","0","grip","pull","none","none","1","0","0","693","9"
"1","bot_learned_sequence","human","0","10490","2","2","3","3","0","2","2","jump","jump","none","none","1","0","0","330","9"
"1","bot_learned_sequence","human","0","8622","2","3","2","2","1","0","2","drain","drain","none","none","1","0","-50","396","9"
"1","bot_learned_sequence","human","0","430","2","3","2","2","1","0","0","swing","swing","swing","swing","1","0","-50","66","9"
"1","bot_learned_sequence","human","0","637","1","3","3","1","2","0","0","idle","jump","drain","none","1","0","-1","0","9"
"1","bot_learned_sequence","human","0","573","1","3","3","0","2","0","0","idle","jump","pull","none","1","0","-30","0","9"
"1","bot_learned_sequence","human","0","524","0","3","0","0","2","0","0","idle","pull","none","none","1","0","0","0","9"
"1","bot_learned_sequence","human","0","556","0","3","2","0","2","0","0","idle","jump","drain","pull","1","0","0","0","9"
"1","bot_learned_sequence","human","0","284","0","3","1","0","1","0","0","idle","drain","none","none","1","0","-1","0","9"
"1","bot_learned_sequence","human","0","300","0","3","2","0","1","0","0","jump","drain","none","none","1","0","0","264","9"
"1","bot_learned_sequence","human","0","268","0","3","0","0","1","0","0","idle","pull","jump","pull","1","0","0","0","9"
"1","bot_learned_sequence","human","0","280","0","2","1","0","1","0","0","pull","drain","pull","none","1","0","-33","660","9"
"1","bot_learned_sequence","human","0","2543","3","3","2","3","1","2","0","jump","jump","swing","none","1","1","20","330","9"
"1","bot_learned_sequence","human","0","8671","3","3","1","3","1","0","2","idle","pull","push","none","1","1","0","0","9"
"1","bot_learned_sequence","human","0","223","3","3","1","3","0","0","0","idle","pull","none","none","1","1","50","0","9"
"1","bot_learned_sequence","human","0","8411","3","2","1","3","0","0","2","swing","pull","jump","none","1","1","-60","0","9"
"1","bot_learned_sequence","human","0","58","2","2","3","0","0","0","0","idle","jump","none","none","1","1","2","0","9"
"1","bot_learned_sequence","human","0","8554","2","2","2","1","1","0","2","swing","grip","none","none","1","1","2","165","9"
"1","bot_learned_sequence","human","0","8618","2","2","2","2","1","0","2","swing","pull","jump","none","1","1","70","132","9"
"1","bot_learned_sequence","human","0","8362","2","2","2","2","0","0","2","swing","pull","none","none","1","1","50","0","9"
"1","bot_learned_sequence","human","0","474","2","2","1","3","1","0","0","jump","pull","none","none","1","1","80","33","9"
"1","bot_learned_sequence","human","0","8386","2","0","0","3","0","0","2","idle","jump","none","none","1","1","46","0","9"
"1","bot_learned_sequence","human","0","8383","3","3","3","2","0","0","2","idle","swing","swing","swing","1","0","-20","0","9"
"1","bot_learned_sequence","human","0","2350","2","3","2","0","1","2","0","swing","swing","swing","swing","1","0","10","396","9"
"1","bot_learned_sequence","human","0","2174","2","3","3","1","0","2","0","pull","swing","none","none","1","0","60","0","9"
"1","bot_learned_sequence","human","0","2430","2","3","3","1","1","2","0","jump","swing","pull","jump","1","0","50","264","9"
"1","bot_learned_sequence","human","0","394","2","2","0","2","1","0","0","drain","pull","none","none","1","0","-2","297","9"
"1","bot_learned_sequence","human","0","2506","2","2","0","3","1","2","0","jump","swing","none","none","1","0","-2","396","9"
"1","bot_learned_sequence","human","0","490","2","2","2","3","1","0","0","idle","drain","jump","swing","1","0","-20","0","9"
"1","bot_learned_sequence","human","0","2218","2","2","2","2","0","2","0","pull","swing","swing","jump","1","0","-50","0","9"
"1","bot_learned_sequence","human","0","378","2","2","3","1","1","0","0","pull","drain","knockdown","none","1","0","-80","165","9"
"1","bot_learned_sequence","human","0","2360","0","2","3","0","1","2","0","idle","jump","none","none","1","0","-46","0","9"
"1","bot_learned_sequence","human","0","56","0","2","3","0","0","0","0","jump","drain","none","none","1","0","-26","33","9"
"1","bot_learned_sequence","human","0","447","3","3","3","2","1","0","0","jump","jump","grip","none","1","1","-28","0","9"
"1","bot_learned_sequence","human","0","383","3","3","3","1","1","0","0","idle","drain","grip","none","1","1","-27","0","9"
"1","bot_learned_sequence","human","0","8286","2","3","1","1","0","0","2","swing","pull","jump","pull","1","1","20","132","9"
"1","bot_learned_sequence","human","0","8285","1","3","1","1","0","0","2","knockdown","pull","drain","swing","1","1","0","0","9"
"1","bot_learned_sequence","human","0","8334","2","3","0","2","0","0","2","swing","pull","jump","pull","1","1","1","0","9"
"1","bot_learned_sequence","human","0","330","2","2","0","1","1","0","0","drain","swing","none","none","1","1","-20","363","9"
"1","bot_learned_sequence","human","0","74","2","2","0","1","0","0","0","pull","swing","none","none","1","1","-20","231","9"
"1","bot_learned_sequence","human","0","345","1","2","1","1","1","0","0","pull","jump","swing","none","1","1","0","561","9"
"1","bot_learned_sequence","human","0","605","1","3","1","1","2","0","0","drain","jump","swing","none","1","1","4","165","9"
"1","bot_learned_sequence","human","0","2125","1","3","0","1","0","2","0","idle","kick","none","none","1","1","34","0","9"
"1","bot_learned_sequence","human","0","397","1","3","0","2","1","0","0","idle","jump","swing","none","1","1","20","0","9"
"1","bot_learned_sequence","human","0","205","1","3","0","3","0","0","0","jump","jump","none","none","1","1","20","264","9"
"1","bot_learned_sequence","human","0","333","1","3","0","1","1","0","0","idle","swing","none","none","1","1","-20","0","9"
"1","bot_learned_sequence","human","0","332","0","3","0","1","1","0","0","jump","push","none","none","1","1","0","297","9"
"1","bot_learned_sequence","human","0","652","0","3","0","2","2","0","0","drain","push","none","none","1","1","0","0","9"
"1","bot_learned_sequence","human","0","557","1","3","2","0","2","0","0","idle","drain","none","none","1","1","0","0","9"
"1","bot_learned_sequence","human","0","13","1","3","0","0","0","0","0","jump","jump","none","none","1","1","-20","627","9"
"1","bot_learned_sequence","human","0","285","1","3","1","0","1","0","0","idle","drain","jump","none","1","1","20","0","9"
"1","bot_learned_sequence","human","0","361","1","2","2","1","1","0","0","idle","drain","swing","swing","1","1","20","0","9"
"1","bot_learned_sequence","human","0","421","1","1","2","2","1","0","0","idle","drain","none","none","1","1","30","0","9"
"1","bot_learned_sequence","human","0","8198","2","1","0","0","0","0","2","swing","jump","none","none","1","1","20","0","9"
"1","bot_learned_sequence","human","0","8322","2","0","0","2","0","0","2","swing","pull","none","none","1","1","2","198","9"
"1","bot_learned_sequence","human","0","1","1","0","0","0","0","0","0","idle","swing","none","none","1","1","12","0","9"
"1","bot_learned_sequence","human","0","159","3","3","1","2","0","0","0","grip","pull","none","none","1","0","57","165","9"
"1","bot_learned_sequence","human","0","139","3","2","0","2","0","0","0","idle","pull","swing","none","1","0","-20","0","9"
"1","bot_learned_sequence","human","0","2411","3","2","2","1","1","2","0","swing","swing","none","none","1","0","-21","528","9"
"1","bot_learned_sequence","human","0","2091","3","2","2","0","0","2","0","pull","swing","none","none","1","0","-1","0","9"
"1","bot_learned_sequence","human","0","314","2","2","3","0","1","0","0","jump","drain","none","none","1","0","20","660","9"
"1","bot_learned_sequence","human","0","282","2","2","1","0","1","0","0","swing","pull","none","none","1","0","20","462","9"
"1","bot_learned_sequence","human","0","22","2","1","1","0","0","0","0","swing","jump","none","none","1","0","0","66","9"
"1","bot_learned_sequence","human","0","615","3","1","2","1","2","0","0","swing","drain","jump","drain","1","0","-4","396","9"
"1","bot_learned_sequence","human","0","374","2","1","3","1","1","0","0","idle","drain","none","none","1","0","-20","0","9"
"1","bot_learned_sequence","human","0","39","3","1","2","0","0","0","0","swing","jump","none","none","1","0","-20","132","9"
"1","bot_learned_sequence","human","0","310","2","1","3","0","1","0","0","jump","drain","none","none","1","0","20","297","9"
"1","bot_learned_sequence","human","0","279","3","1","1","0","1","0","0","idle","pull","jump","pull","1","0","20","0","9"
"1","bot_learned_sequence","human","0","547","3","0","2","0","2","0","0","push","drain","jump","none","1","0","0","0","9"
"1","bot_learned_sequence","human","0","327","3","1","0","1","1","0","0","drain","jump","none","none","1","0","20","594","9"
"1","bot_learned_sequence","human","0","149","1","1","1","2","0","0","0","swing","jump","none","none","1","0","0","330","9"
"1","bot_learned_sequence","human","0","405","1","1","1","2","1","0","0","drain","drain","none","none","1","0","-30","33","9"
"1","bot_learned_sequence","human","0","2057","1","2","0","0","0","2","0","jump","swing","none","none","1","0","-20","363","9"
"1","bot_learned_sequence","human","0","2057","1","2","0","0","0","2","0","jump","swing","swing","swing","1","0","-20","0","9"
"1","bot_learned_sequence","human","0","4","0","1","0","0","0","0","0","swing","pull","jump","none","1","0","-12","99","9"
"1","bot_learned_sequence","human","0","111","3","3","2","1","0","0","0","idle","pull","pull","none","1","1","41","0","9"
"1","bot_learned_sequence","human","0","390","2","1","0","2","1","0","0","jump","jump","swing","swing","1","1","0","363","9"
"1","bot_learned_sequence","human","0","2294","2","1","3","3","0","2","0","swing","swing","none","none","1","1","-20","231","9"
"1","bot_learned_sequence","human","0","10486","2","1","3","3","0","2","2","swing","jump","none","none","1","1","-20","198","9"
"1","bot_learned_sequence","human","0","2550","2","1","3","3","1","2","0","jump","kick","none","none","1","1","0","627","9"
"1","bot_learned_sequence","human","0","506","2","2","3","3","1","0","0","jump","jump","none","none","1","1","-50","33","9"
"1","bot_learned_sequence","human","0","505","1","2","3","3","1","0","0","pull","drain","none","none","1","1","0","693","9"
"1","bot_learned_sequence","human","0","2169","1","2","3","1","0","2","0","jump","kick","none","none","1","1","0","495","9"
"1","bot_learned_sequence","human","0","10425","1","2","3","2","0","2","2","swing","drain","none","none","1","1","0","198","9"
"1","bot_learned_sequence","human","0","8218","2","2","1","0","0","0","2","swing","jump","none","none","1","1","3","528","9"
"1","bot_learned_sequence","human","0","10602","2","2","2","1","1","2","2","swing","kick","swing","none","1","1","39","0","9"
"1","bot_learned_sequence","human","0","8442","2","2","3","3","0","0","2","knockdown","swing","none","none","1","1","34","660","9"
"1","bot_learned_sequence","human","0","8374","2","1","3","2","0","0","2","idle","jump","none","none","1","1","49","0","9"
"1","bot_learned_sequence","human","0","8598","2","1","1","2","1","0","2","drain","pull","none","none","1","1","52","165","9"
"1","bot_learned_sequence","human","0","8577","1","0","0","2","1","0","2","pull","pull","none","none","1","1","22","396","9"
"1","bot_learned_sequence","human","0","8943","3","3","2","3","2","0","2","idle","pull","none","none","1","0","0","0","9"
"1","bot_learned_sequence","human","0","8943","3","3","2","3","2","0","2","idle","jump","pull","none","1","0","-81","0","9"
"1","bot_learned_sequence","human","0","2110","2","3","3","0","0","2","0","pull","swing","swing","pull","1","0","60","231","9"
"1","bot_learned_sequence","human","0","8569","1","2","3","1","1","0","2","swing","jump","swing","none","1","0","20","198","9"
"1","bot_learned_sequence","human","0","10489","1","2","3","3","0","2","2","swing","swing","none","none","1","0","20","66","9"
"1","bot_learned_sequence","human","0","8441","1","2","3","3","0","0","2","jump","jump","none","none","1","0","20","66","9"
"1","bot_learned_sequence","human","0","8697","1","2","3","3","1","0","2","kick","drain","none","none","1","0","0","132","9"
"1","bot_learned_sequence","human","0","10730","2","2","2","3","1","2","2","idle","swing","swing","jump","1","0","50","0","9"
"1","bot_learned_sequence","human","0","230","2","1","2","3","0","0","0","idle","pull","jump","pull","1","0","20","0","9"
"1","bot_learned_sequence","human","0","486","2","1","2","3","1","0","0","drain","drain","none","none","1","0","0","99","9"
"1","bot_learned_sequence","human","0","602","2","2","1","1","2","0","0","idle","jump","none","none","1","0","30","0","9"
"1","bot_learned_sequence","human","0","474","2","2","1","3","1","0","0","idle","pull","jump","none","1","0","30","0","9"
"1","bot_learned_sequence","human","0","10710","2","1","1","3","1","2","2","kick","swing","none","none","1","0","0","429","9"
"1","bot_learned_sequence","human","0","10454","2","1","1","3","0","2","2","drain","swing","swing","none","1","0","0","66","9"
"1","bot_learned_sequence","human","0","2378","2","2","0","1","1","2","0","jump","swing","swing","jump","1","0","-3","99","9"
"1","bot_learned_sequence","human","0","10650","2","2","1","2","1","2","2","kick","swing","knockdown","none","1","0","-39","0","9"
"1","bot_learned_sequence","human","0","2282","2","2","2","3","0","2","0","swing","grip","none","none","1","0","-34","132","9"
"1","bot_learned_sequence","human","0","2553","1","2","3","3","1","2","0","jump","drain","jump","drain","1","0","-52","660","9"
"1","bot_learned_sequence","human","0","2392","0","2","1","1","1","2","0","idle","pull","jump","pull","1","0","-2","0","9"
"1","bot_learned_sequence","human","0","303","3","3","2","0","1","0","0","idle","grip","jump","grip","1","1","32","0","9"
"1","bot_learned_sequence","human","0","155","3","2","1","2","0","0","0","jump","pull","none","none","1","1","8","33","9"
"1","bot_learned_sequence","human","0","495","3","3","2","3","1","0","0","idle","jump","none","none","1","0","27","0","9"
"1","bot_learned_sequence","human","0","143","3","3","0","2","0","0","0","grip","pull","pull","jump","1","0","47","33","9"
"1","bot_learned_sequence","human","0","79","3","3","0","1","0","0","0","idle","pull","pull","none","1","0","-66","0","9"
"1","bot_learned_sequence","human","0","350","2","3","1","1","1","0","0","drain","drain","none","none","1","0","-8","462","9"
"1","bot_learned_sequence","human","0","2559","3","3","3","3","1","2","0","swing","swing","swing","none","1","1","-60","450","9"
"1","bot_learned_sequence","human","0","63","3","3","3","0","0","0","0","drain","drain","pull","jump","1","1","20","550","9"
"1","bot_learned_sequence","human","0","2159","3","3","2","1","0","2","0","drain","swing","none","none","1","1","10","150","9"
"1","bot_learned_sequence","human","0","286","2","3","1","0","1","0","0","idle","pull","none","none","1","1","1","0","9"
"1","bot_learned_sequence","human","0","10","2","2","0","0","0","0","0","drain","swing","knockdown","none","1","1","-20","450","9"
"1","bot_learned_sequence","human","0","2394","2","2","1","1","1","2","0","idle","swing","swing","swing","1","1","0","0","9"
"1","bot_learned_sequence","human","0","270","2","3","0","0","1","0","0","drain","drain","none","none","1","1","-19","600","9"
"1","bot_learned_sequence","human","0","349","1","3","1","1","1","0","0","swing","swing","none","none","1","1","0","300","9"
"1","bot_learned_sequence","human","0","381","1","3","3","1","1","0","0","idle","drain","pull","jump","1","1","20","0","9"
"1","bot_learned_sequence","human","0","139","3","2","0","2","0","0","0","idle","drain","none","none","1","1","-20","0","9"
"1","bot_learned_sequence","human","0","2203","3","2","1","2","0","2","0","swing","swing","knockdown","none","1","1","-20","300","9"
"1","bot_learned_sequence","human","0","2123","3","2","0","1","0","2","0","idle","jump","drain","none","1","1","0","0","9"
"1","bot_learned_sequence","human","0","411","3","2","1","2","1","0","0","idle","pull","none","none","1","1","71","0","9"
"1","bot_learned_sequence","human","0","322","2","0","0","1","1","0","0","idle","jump","none","none","1","1","19","0","9"
"1","bot_learned_sequence","bot","3","8703","3","3","3","3","1","0","2","swing","swing","none","none","1","0","60","450","9"
"1","bot_learned_sequence","bot","3","8447","3","3","3","3","0","0","2","swing","swing","none","none","1","0","20","400","9"
"1","bot_learned_sequence","bot","3","8671","3","3","1","3","1","0","2","swing","drain","none","none","1","0","-20","250","9"
"1","bot_learned_sequence","bot","3","335","3","3","0","1","1","0","0","idle","drain","none","none","1","0","0","0","9"
"1","bot_learned_sequence","bot","3","8415","3","3","1","3","0","0","2","swing","drain","none","none","1","0","-10","150","9"
"1","bot_learned_sequence","bot","3","159","3","3","1","2","0","0","0","idle","grip","none","none","1","0","24","0","9"
"1","bot_learned_sequence","bot","3","410","2","2","1","2","1","0","0","drain","pull","none","none","1","0","-2","0","9"
"1","bot_learned_sequence","bot","3","10","2","2","0","0","0","0","0","pull","jump","drain","none","1","0","-19","50","9"
"1","bot_learned_sequence","bot","3","298","2","2","2","0","1","0","0","idle","drain","none","none","1","0","20","0","9"
"1","bot_learned_sequence","bot","3","266","2","2","0","0","1","0","0","drain","pull","drain","none","1","0","0","300","9"
"1","bot_learned_sequence","bot","3","8618","2","2","2","2","1","0","2","swing","drain","none","none","1","0","19","200","9"
"1","bot_learned_sequence","bot","3","75","3","2","0","1","0","0","0","idle","swing","none","none","1","0","20","0","9"
"1","bot_learned_sequence","bot","3","414","2","3","1","2","1","0","0","idle","drain","none","none","1","0","0","0","9"
"1","bot_learned_sequence","bot","3","46","2","3","2","0","0","0","0","idle","drain","none","none","1","0","-20","0","9"
"1","bot_learned_sequence","bot","3","46","2","3","2","0","0","0","0","drain","swing","none","none","1","0","20","500","9"
"1","bot_learned_sequence","bot","3","8638","2","3","3","2","1","0","2","idle","drain","none","none","1","0","-20","0","9"
"1","bot_learned_sequence","bot","3","430","2","3","2","2","1","0","0","pull","drain","none","none","1","0","-51","700","9"
"1","bot_learned_sequence","bot","3","318","2","3","3","0","1","0","0","idle","drain","none","none","1","0","-60","0","9"
"1","bot_learned_sequence","bot","3","56","0","2","3","0","0","0","0","idle","drain","none","none","1","0","-21","0","9"
"1","bot_learned_sequence","bot","3","632","0","2","3","1","2","0","0","idle","drain","none","none","1","0","0","0","9"
"1","bot_learned_sequence","bot","3","296","0","2","2","0","1","0","0","idle","drain","none","none","1","0","-19","0","9"
"1","bot_learned_sequence","human","0","4527","3","3","2","2","1","0","1","idle","grip","none","none","1","1","2","0","9"
"1","bot_learned_sequence","human","0","111","3","3","2","1","0","0","0","pull","jump","none","none","1","1","-20","0","9"
"1","bot_learned_sequence","human","0","511","3","3","3","3","1","0","0","pull","jump","drain","none","1","1","20","200","9"
"1","bot_learned_sequence","human","0","4143","3","3","2","0","0","0","1","idle","pull","jump","pull","1","1","50","0","9"
"1","bot_learned_sequence","human","0","2143","3","3","1","1","0","2","0","swing","swing","swing","swing","1","1","10","300","9"
"1","bot_learned_sequence","human","0","255","3","3","3","3","0","0","0","idle","swing","swing","pull","1","1","80","0","9"
"1","bot_learned_sequence","human","0","391","3","1","0","2","1","0","0","idle","pull","jump","pull","1","1","20","0","9"
"1","bot_learned_sequence","bot","3","9711","3","3","2","3","1","1","2","swing","pull","none","none","1","0","-22","550","9"
"1","bot_learned_sequence","bot","3","159","3","3","1","2","0","0","0","jump","pull","drain","none","1","0","20","0","9"
"1","bot_learned_sequence","bot","3","495","3","3","2","3","1","0","0","idle","pull","none","none","1","0","-20","0","9"
"1","bot_learned_sequence","bot","3","1487","3","3","0","3","1","1","0","idle","pull","none","none","1","0","-50","0","9"
"1","bot_learned_sequence","bot","3","415","3","3","1","2","1","0","0","idle","drain","swing","none","1","0","0","0","9"
"1","bot_learned_sequence","bot","3","8367","3","3","2","2","0","0","2","swing","swing","none","none","1","0","10","50","9"
"1","bot_learned_sequence","bot","3","8703","3","3","3","3","1","0","2","idle","pull","none","none","1","0","20","0","9"
"1","bot_learned_sequence","bot","3","444","0","3","3","2","1","0","0","pull","drain","none","none","1","0","0","350","9"
"1","bot_learned_sequence","bot","3","301","1","3","2","0","1","0","0","pull","drain","none","none","1","0","0","400","9"
"1","bot_learned_sequence","bot","3","285","1","3","1","0","1","0","0","jump","pull","drain","none","1","0","0","200","9"
"1","bot_learned_sequence","human","0","2239","3","3","3","2","0","2","0","idle","swing","swing","swing","1","1","-20","0","9"
"1","bot_learned_sequence","human","0","2238","2","3","3","2","0","2","0","pull","swing","none","none","1","1","80","100","9"
"1","bot_learned_sequence","human","0","430","2","3","2","2","1","0","0","idle","pull","jump","pull","1","1","100","0","9"
"1","bot_learned_sequence","human","0","4230","2","1","0","2","0","0","1","pull","jump","none","none","1","1","31","650","9"
"1","bot_learned_sequence","bot","4","239","3","3","2","3","0","0","0","drain","swing","none","none","1","0","0","150","9"
"1","bot_learned_sequence","bot","4","1385","1","2","2","1","1","1","0","idle","pull","none","none","1","0","-51","0","9"
"1","bot_learned_sequence","bot","4","41","1","2","2","0","0","0","0","jump","drain","pull","none","1","0","-31","50","9"
"1","bot_learned_sequence","bot","4","88","0","2","1","1","0","0","0","jump","push","none","none","1","0","0","550","9"
"1","bot_learned_sequence","bot","4","312","0","2","3","0","1","0","0","jump","swing","drain","none","1","0","-23","250","9"
"1","bot_learned_sequence","human","0","2495","3","3","3","2","1","2","0","pull","jump","drain","none","1","1","-20","450","9"
"1","bot_learned_sequence","human","0","2367","3","3","3","0","1","2","0","idle","swing","swing","swing","1","1","68","0","9"
"1","bot_learned_sequence","human","0","170","2","2","2","2","0","0","0","grip","pull","jump","pull","1","1","20","100","9"
"1","bot_learned_sequence","human","0","506","2","2","3","3","1","0","0","idle","swing","none","none","1","1","50","0","9"
"1","bot_learned_sequence","human","0","474","2","2","1","3","1","0","0","drain","pull","jump","none","1","1","100","200","9"
"1","bot_learned_sequence","human","0","4178","2","0","1","1","0","0","1","pull","jump","none","none","1","1","20","500","9"
"1","bot_learned_sequence","bot","4","511","3","3","3","3","1","0","0","idle","swing","pull","none","1","0","0","0","9"
"1","bot_learned_sequence","bot","4","8683","3","2","2","3","1","0","2","idle","grip","none","none","1","0","-48","0","9"
"1","bot_learned_sequence","bot","4","1369","1","2","1","1","1","1","0","idle","pull","none","none","1","0","-50","0","9"
"1","bot_learned_sequence","bot","4","424","0","2","2","2","1","0","0","idle","drain","none","none","1","0","-20","0","9"
"1","bot_learned_sequence","bot","4","2303","3","3","3","3","0","2","0","idle","swing","swing","swing","1","0","30","0","9"
"1","bot_learned_sequence","human","0","687","3","3","2","2","2","0","0","drain","jump","none","none","1","1","-49","400","9"
"1","bot_learned_sequence","human","0","6527","3","3","3","1","1","2","1","pull","swing","swing","none","1","1","-51","0","9"
"1","bot_learned_sequence","human","0","383","3","3","3","1","1","0","0","idle","swing","swing","none","1","1","50","0","9"
"1","bot_learned_sequence","human","0","255","3","3","3","3","0","0","0","swing","jump","pull","jump","1","1","30","450","9"
"1","bot_learned_sequence","human","0","2239","3","3","3","2","0","2","0","idle","swing","swing","drain","1","1","0","0","9"
"1","bot_learned_sequence","human","0","382","2","3","3","1","1","0","0","idle","swing","swing","none","1","1","50","0","9"
"1","bot_learned_sequence","human","0","414","2","3","1","2","1","0","0","drain","pull","jump","none","1","1","60","250","9"
"1","bot_learned_sequence","human","0","4186","2","2","1","1","0","0","1","idle","jump","none","none","1","1","-1","0","9"
"1","bot_learned_sequence","human","0","10","2","2","0","0","0","0","0","drain","swing","swing","none","1","1","27","500","9"
"1","bot_learned_sequence","human","0","5","1","1","0","0","0","0","0","idle","pull","none","none","1","1","0","0","9"
"1","bot_learned_sequence","human","0","313","1","2","3","0","1","0","0","drain","jump","drain","none","1","1","20","250","9"
"1","bot_learned_sequence","human","0","26","2","2","1","0","0","0","0","idle","jump","none","none","1","1","50","0","9"
"1","bot_learned_sequence","human","0","130","2","0","0","2","0","0","0","drain","jump","none","none","1","1","0","200","9"
"1","bot_learned_sequence","human","0","450","2","0","0","3","1","0","0","drain","swing","swing","swing","1","1","10","400","9"
"1","bot_learned_sequence","human","0","129","1","0","0","2","0","0","0","drain","jump","none","none","1","1","0","650","9"
"1","bot_learned_sequence","human","0","705","1","0","0","3","2","0","0","idle","jump","jump","none","1","1","8","0","9"
"1","bot_learned_sequence","human","0","449","1","0","0","3","1","0","0","drain","jump","none","none","1","1","8","0","9"
"1","bot_learned_sequence","bot","4","415","3","3","1","2","1","0","0","jump","pull","none","none","1","0","49","300","9"
"1","bot_learned_sequence","bot","4","447","3","3","3","2","1","0","0","idle","drain","swing","none","1","0","21","0","9"
"1","bot_learned_sequence","bot","4","495","3","3","2","3","1","0","0","swing","pull","none","none","1","0","50","450","9"
"1","bot_learned_sequence","bot","4","507","3","2","3","3","1","0","0","idle","drain","none","none","1","0","-60","0","9"
"1","bot_learned_sequence","bot","4","1355","3","2","0","1","1","1","0","jump","pull","none","none","1","0","-30","300","9"
"1","bot_learned_sequence","bot","4","266","2","2","0","0","1","0","0","jump","pull","drain","none","1","0","-30","550","9"
"1","bot_learned_sequence","bot","4","26","2","2","1","0","0","0","0","idle","grip","none","none","1","0","-5","0","9"
"1","bot_learned_sequence","bot","4","1669","1","1","0","2","2","1","0","idle","pull","drain","none","1","0","0","0","9"
"1","bot_learned_sequence","bot","4","120","0","2","3","1","0","0","0","idle","drain","none","none","1","0","-20","0","9"
"1","bot_learned_sequence","bot","4","8500","0","1","3","0","1","0","2","idle","drain","none","none","1","0","-50","0","9"
"1","bot_learned_sequence","bot","4","20","0","1","1","0","0","0","0","jump","push","none","none","1","0","0","150","9"
"1","bot_learned_sequence","human","0","6399","3","3","3","3","0","2","1","swing","swing","none","none","1","1","0","0","9"
"1","bot_learned_sequence","human","0","4605","1","3","3","3","1","0","1","swing","swing","none","none","1","1","1","300","9"
"1","bot_learned_sequence","human","0","4349","1","3","3","3","0","0","1","idle","swing","swing","swing","1","1","40","0","9"
"1","bot_learned_sequence","human","0","4349","1","3","3","3","0","0","1","idle","swing","swing","none","1","1","40","0","9"
"1","bot_learned_sequence","human","0","4345","1","2","3","3","0","0","1","swing","swing","none","none","1","1","0","450","9"
"1","bot_learned_sequence","human","0","4345","1","2","3","3","0","0","1","idle","swing","swing","none","1","1","1","0","9"
"1","bot_learned_sequence","human","0","4345","1","2","3","3","0","0","1","swing","swing","swing","swing","1","1","0","300","9"
"1","bot_learned_sequence","human","0","6393","1","2","3","3","0","2","1","idle","swing","swing","none","1","1","81","0","9"
"1","bot_learned_sequence","human","0","4345","1","2","3","3","0","0","1","idle","swing","swing","swing","1","1","113","0","9"
"1","bot_learned_sequence","bot","4","9471","3","3","3","3","0","1","2","swing","swing","none","none","1","0","0","0","9"
"1","bot_learned_sequence","bot","4","9471","3","3","3","3","0","1","2","idle","swing","swing","none","1","0","133","0","9"
"1","bot_learned_sequence","bot","4","9462","2","1","3","3","0","1","2","swing","swing","none","none","1","0","-114","250","9"
"1","bot_learned_sequence","human","0","8367","3","3","2","2","0","0","2","idle","jump","grip","none","1","1","2","0","9"
"1","bot_learned_sequence","human","0","8431","3","3","2","3","0","0","2","idle","swing","swing","none","1","1","30","0","9"
"1","bot_learned_sequence","human","0","8415","3","3","1","3","0","0","2","idle","pull","jump","none","1","1","10","0","9"
"1","bot_learned_sequence","human","0","8362","2","2","2","2","0","0","2","idle","jump","none","none","1","1","20","0","9"
"1","bot_learned_sequence","human","0","8346","2","2","1","2","0","0","2","pull","pull","jump","drain","1","1","-20","400","9"
"1","bot_learned_sequence","human","0","8330","2","2","0","2","0","0","2","drain","pull","jump","pull","1","1","0","150","9"
"1","bot_learned_sequence","human","0","8341","1","1","1","2","0","0","2","drain","jump","none","none","1","1","-20","50","9"
"1","bot_learned_sequence","human","0","8276","0","1","1","1","0","0","2","swing","swing","none","none","1","1","0","500","9"
"1","bot_learned_sequence","human","0","8676","0","1","2","3","1","0","2","idle","jump","none","none","1","1","0","0","9"
"1","bot_learned_sequence","human","0","8632","0","2","3","2","1","0","2","idle","jump","none","none","1","1","0","0","9"
"1","bot_learned_sequence","human","0","8632","0","2","3","2","1","0","2","drain","drain","none","none","1","1","30","0","9"
"1","bot_learned_sequence","human","0","8237","1","3","2","0","0","0","2","idle","swing","swing","drain","1","1","-20","0","9"
"1","bot_learned_sequence","human","0","8377","1","2","3","2","0","0","2","swing","drain","jump","none","1","1","20","350","9"
"1","bot_learned_sequence","human","0","8457","1","2","0","0","1","0","2","idle","pull","jump","pull","1","1","20","0","9"
"1","bot_learned_sequence","human","0","8533","1","1","1","1","1","0","2","knockdown","drain","none","none","1","1","20","700","9"
"1","bot_learned_sequence","human","0","8549","1","1","2","1","1","0","2","knockdown","drain","none","none","1","1","20","700","9"
"1","bot_learned_sequence","human","0","8454","2","1","0","0","1","0","2","idle","pull","jump","none","1","1","38","0","9"
"1","bot_learned_sequence","human","0","8466","2","0","1","0","1","0","2","drain","drain","pull","jump","1","1","18","550","9"
"1","bot_learned_sequence","bot","4","10751","3","3","3","3","1","2","2","idle","pull","none","none","1","0","20","0","9"
"1","bot_learned_sequence","bot","4","2303","3","3","3","3","0","2","0","swing","pull","none","none","1","0","-30","50","9"
"1","bot_learned_sequence","bot","4","2170","2","2","3","1","0","2","0","jump","jump","pull","none","1","0","-20","50","9"
"1","bot_learned_sequence","bot","4","2474","2","2","2","2","1","2","0","idle","pull","none","none","1","0","20","0","9"
"1","bot_learned_sequence","bot","4","410","2","2","1","2","1","0","0","drain","push","none","none","1","0","0","200","9"
"1","bot_learned_sequence","bot","4","2170","2","2","3","1","0","2","0","idle","drain","none","none","1","0","0","0","9"
"1","bot_learned_sequence","bot","4","2410","2","2","2","1","1","2","0","idle","pull","drain","none","1","0","-20","0","9"
"1","bot_learned_sequence","bot","4","2133","1","1","1","1","0","2","0","idle","swing","none","none","1","0","20","0","9"
"1","bot_learned_sequence","bot","4","2225","1","0","3","2","0","2","0","jump","drain","none","none","1","0","0","550","9"
"1","bot_learned_sequence","bot","4","2514","2","0","1","3","1","2","0","idle","push","none","none","1","0","0","0","9"
"1","bot_learned_sequence","bot","4","2530","2","0","2","3","1","2","0","drain","drain","none","none","1","0","-30","0","9"
"1","bot_learned_sequence","bot","4","2262","2","1","1","3","0","2","0","idle","swing","none","none","1","0","-20","0","9"
"1","bot_learned_sequence","bot","4","2514","2","0","1","3","1","2","0","drain","pull","none","none","1","0","0","150","9"
"1","bot_learned_sequence","bot","4","2376","0","2","0","1","1","2","0","jump","drain","none","none","1","0","-18","350","9"
"1","bot_learned_sequence","human","0","10751","3","3","3","3","1","2","2","pull","swing","swing","swing","1","1","-20","100","9"
"1","bot_learned_sequence","human","0","8685","1","3","2","3","1","0","2","idle","pull","jump","none","1","1","79","0","9"
"1","bot_learned_sequence","human","0","8665","1","2","1","3","1","0","2","idle","pull","none","none","1","1","30","0","9"
"1","bot_learned_sequence","human","0","8597","1","1","1","2","1","0","2","idle","pull","none","none","1","1","80","0","9"
"1","bot_learned_sequence","human","0","8593","1","0","1","2","1","0","2","idle","pull","none","none","1","1","30","0","9"
"1","bot_learned_sequence","bot","4","10431","3","3","3","2","0","2","2","idle","push","none","none","1","0","0","0","9"
"1","bot_learned_sequence","bot","4","11007","3","3","3","3","2","2","2","idle","pull","none","none","1","0","20","0","9"
"1","bot_learned_sequence","bot","4","2661","1","1","2","1","2","2","0","idle","pull","none","none","1","0","-50","0","9"
"1","bot_learned_sequence","bot","4","357","1","1","2","1","1","0","0","pull","jump","knockdown","none","1","0","-80","50","9"
"1","bot_learned_sequence","human","0","2287","3","3","2","3","0","2","0","idle","grip","jump","none","1","1","24","0","9"
"1","bot_learned_sequence","human","0","10479","3","3","2","3","0","2","2","pull","grip","none","none","1","1","24","0","9"
"1","bot_learned_sequence","human","0","10463","3","3","1","3","0","2","2","idle","jump","grip","none","1","1","92","0","9"
"1","bot_learned_sequence","human","0","10475","3","2","2","3","0","2","2","idle","swing","none","none","1","1","34","0","9"
"1","bot_learned_sequence","bot","4","2463","3","3","1","2","1","2","0","idle","pull","none","none","1","1","50","0","9"
"1","bot_learned_sequence","bot","4","10719","3","3","1","3","1","2","2","swing","pull","none","none","1","1","22","100","9"
"1","bot_learned_sequence","bot","4","10455","3","1","1","3","0","2","2","idle","grip","none","none","1","1","4","0","9"
"1","bot_learned_sequence","human","0","8431","3","3","2","3","0","0","2","drain","pull","jump","none","1","0","0","50","9"
"1","bot_learned_sequence","human","0","10687","3","3","3","2","1","2","2","idle","swing","swing","none","1","0","-20","0","9"
"1","bot_learned_sequence","human","0","10366","2","3","3","1","0","2","2","pull","swing","none","none","1","0","8","250","9"
"1","bot_learned_sequence","human","0","8318","2","3","3","1","0","0","2","grip","drain","none","none","1","0","-2","50","9"
"1","bot_learned_sequence","bot","4","10623","3","3","3","1","1","2","2","grip","pull","drain","none","1","1","-20","400","9"
"1","bot_learned_sequence","bot","4","2494","2","3","3","2","1","2","0","jump","drain","none","none","1","1","20","400","9"
"1","bot_learned_sequence","bot","4","2319","3","3","0","0","1","2","0","idle","pull","none","none","1","1","20","0","9"
"1","bot_learned_sequence","bot","4","2079","3","3","1","0","0","2","0","idle","grip","none","none","1","1","24","0","9"
"1","bot_learned_sequence","bot","4","2527","3","3","1","3","1","2","0","idle","pull","none","none","1","1","-20","0","9"
"1","bot_learned_sequence","bot","4","2303","3","3","3","3","0","2","0","jump","drain","none","none","1","1","0","100","9"
"1","bot_learned_sequence","bot","4","2159","3","3","2","1","0","2","0","idle","swing","none","none","1","1","0","0","9"
"1","bot_learned_sequence","bot","4","2479","3","3","2","2","1","2","0","idle","pull","pull","none","1","1","0","0","9"
"1","bot_learned_sequence","bot","4","2538","2","2","2","3","1","2","0","jump","pull","none","none","1","1","-20","700","9"
"1","bot_learned_sequence","bot","4","2282","2","2","2","3","0","2","0","pull","jump","none","none","1","1","10","50","9"
"1","bot_learned_sequence","bot","4","2282","2","2","2","3","0","2","0","jump","drain","none","none","1","1","30","0","9"
"1","bot_learned_sequence","bot","4","2198","2","1","1","2","0","2","0","idle","drain","none","none","1","1","-50","0","9"
"1","bot_learned_sequence","bot","4","2288","0","0","3","3","0","2","0","push","drain","none","none","1","1","-20","100","9"
"1","bot_learned_sequence","bot","4","64","0","0","0","1","0","0","0","jump","push","none","none","1","1","30","0","9"
"1","bot_learned_sequence","bot","4","2160","0","0","3","1","0","2","0","idle","drain","none","none","1","1","-15","0","9"
"1","bot_learned_sequence","human","0","10479","3","3","2","3","0","2","2","drain","jump","none","none","1","0","50","200","9"
"1","bot_learned_sequence","human","0","8303","3","3","2","1","0","0","2","idle","pull","none","none","1","0","0","0","9"
"1","bot_learned_sequence","human","0","8303","3","3","2","1","0","0","2","idle","jump","none","none","1","0","41","0","9"
"1","bot_learned_sequence","human","0","8351","3","3","1","2","0","0","2","swing","swing","none","none","1","0","0","300","9"
"1","bot_learned_sequence","human","0","8638","2","3","3","2","1","0","2","idle","pull","none","none","1","0","10","0","9"
"1","bot_learned_sequence","human","0","8954","2","2","3","3","2","0","2","idle","jump","none","none","1","0","20","0","9"
"1","bot_learned_sequence","human","0","8378","2","2","3","2","0","0","2","pull","pull","none","none","1","0","-10","500","9"
"1","bot_learned_sequence","human","0","8378","2","2","3","2","0","0","2","drain","jump","pull","swing","1","0","-30","0","9"
"1","bot_learned_sequence","human","0","8292","0","1","2","1","0","0","2","idle","jump","none","none","1","0","50","0","9"
"1","bot_learned_sequence","human","0","8432","0","0","3","3","0","0","2","idle","push","none","none","1","0","20","0","9"
"1","bot_learned_sequence","human","0","16","0","0","1","0","0","0","0","push","jump","none","none","1","0","-30","0","9"
"1","bot_learned_sequence","bot","4","10715","3","2","1","3","1","2","2","idle","pull","none","none","1","1","50","0","9"
"1","bot_learned_sequence","bot","4","2523","3","2","1","3","1","2","0","idle","pull","none","none","1","1","30","0","9"
"1","bot_learned_sequence","bot","4","10379","3","2","0","2","0","2","2","jump","swing","none","none","1","1","40","450","9"
"1","bot_learned_sequence","bot","4","2499","3","0","0","3","1","2","0","jump","pull","none","none","1","1","20","700","9"
"1","bot_learned_sequence","bot","4","339","3","0","1","1","1","0","0","idle","drain","none","none","1","1","0","0","9"
"1","bot_learned_sequence","bot","4","2515","3","0","1","3","1","2","0","idle","pull","none","none","1","1","3","0","9"
"1","bot_learned_sequence","human","0","10495","3","3","3","3","0","2","2","swing","swing","knockdown","none","1","0","-48","550","9"
"1","bot_learned_sequence","human","0","8639","3","3","3","2","1","0","2","pull","swing","swing","knockdown","1","0","-49","50","9"
"1","bot_learned_sequence","human","0","8638","2","3","3","2","1","0","2","idle","drain","jump","kick","1","0","0","0","9"
"1","bot_learned_sequence","human","0","10621","1","3","3","1","1","2","2","idle","drain","jump","none","1","0","-10","0","9"
"1","bot_learned_sequence","human","0","10302","2","3","3","0","0","2","2","swing","swing","none","none","1","0","-40","100","9"
"1","bot_learned_sequence","human","0","10621","1","3","3","1","1","2","2","idle","swing","swing","none","1","0","-10","0","9"
"1","bot_learned_sequence","human","0","8301","1","3","2","1","0","0","2","idle","pull","jump","none","1","0","-30","0","9"
"1","bot_learned_sequence","human","0","8508","0","3","3","0","1","0","2","pull","drain","knockdown","none","1","0","-20","150","9"
"1","bot_learned_sequence","human","0","10508","0","3","0","0","1","2","2","idle","drain","jump","swing","1","0","-2","0","9"
"1","bot_learned_sequence","bot","4","511","3","3","3","3","1","0","0","idle","swing","none","none","1","1","0","0","9"
"1","bot_learned_sequence","bot","4","2559","3","3","3","3","1","2","0","idle","drain","none","none","1","1","20","0","9"
"1","bot_learned_sequence","bot","4","10331","3","2","1","1","0","2","2","kick","swing","none","none","1","1","2","250","9"
"1","bot_learned_sequence","bot","4","2139","3","2","1","1","0","2","0","drain","grip","none","none","1","1","23","200","9"
"1","bot_learned_sequence","human","0","10511","3","3","0","0","1","2","2","idle","swing","swing","none","1","0","-20","0","9"
"1","bot_learned_sequence","human","0","8622","2","3","2","2","1","0","2","idle","drain","jump","kick","1","0","-30","0","9"
"1","bot_learned_sequence","human","0","8366","2","3","2","2","0","0","2","idle","drain","none","none","1","0","-23","0","9"
"1","bot_learned_sequence","human","0","10542","2","3","2","0","1","2","2","idle","pull","pull","none","1","0","-57","0","9"
"1","bot_learned_sequence","human","0","8447","3","3","3","3","0","0","2","idle","push","none","none","1","1","0","0","9"
"1","bot_learned_sequence","human","0","511","3","3","3","3","1","0","0","idle","jump","pull","jump","1","1","10","0","9"
"1","bot_learned_sequence","human","0","479","3","3","1","3","1","0","0","drain","pull","none","none","1","1","20","0","9"
"1","bot_learned_sequence","human","0","95","3","3","1","1","0","0","0","idle","swing","knockdown","none","1","1","0","0","9"
"1","bot_learned_sequence","human","0","79","3","3","0","1","0","0","0","idle","swing","jump","drain","1","1","-50","0","9"
"1","bot_learned_sequence","human","0","302","2","3","2","0","1","0","0","idle","drain","pull","jump","1","1","21","0","9"
"1","bot_learned_sequence","human","0","23","3","1","1","0","0","0","0","drain","pull","jump","pull","1","1","50","300","9"
"1","bot_learned_sequence","human","0","275","3","0","1","0","1","0","0","drain","drain","pull","jump","1","1","20","450","9"
"1","bot_learned_sequence","human","0","691","3","0","3","2","2","0","0","idle","drain","none","none","1","1","20","0","9"
"1","bot_learned_sequence","human","0","403","3","0","1","2","1","0","0","idle","pull","jump","none","1","1","11","0","9"
"1","bot_learned_sequence","bot","4","10495","3","3","3","3","0","2","2","idle","jump","knockdown","none","1","0","-20","0","9"
"1","bot_learned_sequence","bot","4","383","3","3","3","1","1","0","0","pull","drain","none","none","1","0","-20","0","9"
"1","bot_learned_sequence","bot","4","1295","3","3","0","0","1","1","0","drain","pull","none","none","1","0","50","400","9"
"1","bot_learned_sequence","bot","4","14","2","3","0","0","0","0","0","pull","swing","drain","pull","1","0","0","150","9"
"1","bot_learned_sequence","bot","4","94","2","3","1","1","0","0","0","idle","swing","none","none","1","0","-20","0","9"
"1","bot_learned_sequence","bot","4","1357","1","3","0","1","1","1","0","idle","pull","none","none","1","0","-50","0","9"
"1","bot_learned_sequence","bot","4","268","0","3","0","0","1","0","0","pull","drain","none","none","1","0","0","450","9"
"1","bot_learned_sequence","bot","4","476","0","3","1","3","1","0","0","jump","push","none","none","1","0","0","650","9"
"1","bot_learned_sequence","bot","4","732","0","3","1","3","2","0","0","drain","drain","none","none","1","0","-20","200","9"
"1","bot_learned_sequence","bot","4","140","0","3","0","2","0","0","0","jump","drain","push","none","1","0","-11","300","9"
"1","bot_learned_sequence","human","0","1535","3","3","3","3","1","1","0","pull","jump","grip","none","1","1","2","700","9"
"1","bot_learned_sequence","human","0","1343","3","3","3","0","1","1","0","pull","jump","none","none","1","1","0","0","9"
"1","bot_learned_sequence","human","0","1407","3","3","3","1","1","1","0","idle","jump","grip","none","1","1","2","0","9"
"1","bot_learned_sequence","human","0","1519","3","3","2","3","1","1","0","drain","grip","none","none","1","1","24","600","9"
"1","bot_learned_sequence","human","0","1519","3","3","2","3","1","1","0","knockdown","pull","none","none","1","1","39","700","9"
"1","bot_learned_sequence","human","0","1279","3","3","3","3","0","1","0","idle","pull","none","none","1","1","19","0","9"
"1","bot_learned_sequence","human","0","1535","3","3","3","3","1","1","0","idle","pull","jump","jump","1","1","0","0","9"
"1","bot_learned_sequence","human","0","1535","3","3","3","3","1","1","0","pull","pull","none","none","1","1","0","100","9"
"1","bot_learned_sequence","human","0","1535","3","3","3","3","1","1","0","pull","pull","pull","none","1","1","0","400","9"
"1","bot_learned_sequence","human","0","1471","3","3","3","2","1","1","0","idle","pull","pull","none","1","1","0","0","9"
"1","bot_learned_sequence","human","0","1791","3","3","3","3","2","1","0","pull","pull","none","none","1","1","0","700","9"
"1","bot_learned_sequence","human","0","1535","3","3","3","3","1","1","0","push","jump","pull","none","1","1","0","250","9"
"1","bot_learned_sequence","human","0","1535","3","3","3","3","1","1","0","push","pull","pull","none","1","1","0","200","9"
"1","bot_learned_sequence","human","0","1535","3","3","3","3","1","1","0","pull","drain","none","none","1","1","0","450","9"
"1","bot_learned_sequence","human","0","1535","3","3","3","3","1","1","0","pull","drain","jump","drain","1","1","20","200","9"
"1","bot_learned_sequence","human","0","1355","3","2","0","1","1","1","0","push","pull","none","none","1","1","0","700","9"
"1","bot_learned_sequence","human","0","1103","3","3","0","1","0","1","0","drain","pull","none","none","1","1","0","100","9"
"1","bot_learned_sequence","human","0","1359","3","3","0","1","1","1","0","idle","pull","jump","pull","1","1","20","0","9"
"1","bot_learned_sequence","human","0","1435","3","2","1","2","1","1","0","push","jump","drain","none","1","1","0","150","9"
"1","bot_learned_sequence","human","0","1263","3","3","2","3","0","1","0","idle","jump","pull","knockdown","1","1","-20","0","9"
"1","bot_learned_sequence","human","0","1791","3","3","3","3","2","1","0","push","drain","none","none","1","1","1","400","9"
"1","bot_learned_sequence","human","0","1391","3","3","2","1","1","1","0","idle","grip","none","none","1","1","4","0","9"
"1","bot_learned_sequence","human","0","1535","3","3","3","3","1","1","0","drain","drain","pull","none","1","1","0","0","9"
"1","bot_learned_sequence","human","0","1359","3","3","0","1","1","1","0","pull","drain","jump","pull","1","1","0","400","9"
"1","bot_learned_sequence","human","0","1535","3","3","3","3","1","1","0","idle","drain","pull","none","1","1","0","0","9"
"1","bot_learned_sequence","human","0","1279","3","3","3","3","0","1","0","pull","drain","jump","drain","1","1","0","450","9"
"1","bot_learned_sequence","human","0","1439","3","3","1","2","1","1","0","idle","swing","none","none","1","1","77","0","9"
"1","bot_learned_sequence","human","0","1515","3","2","2","3","1","1","0","swing","drain","none","none","1","1","0","600","9"
"1","bot_learned_sequence","human","0","1611","3","2","0","1","2","1","0","idle","pull","jump","pull","1","1","0","0","9"
"1","bot_learned_sequence","human","0","1531","3","2","3","3","1","1","0","drain","push","jump","pull","1","1","20","0","9"
"1","bot_learned_sequence","human","0","1451","3","2","2","2","1","1","0","pull","drain","none","none","1","1","-20","100","9"
"1","bot_learned_sequence","human","0","1099","3","2","0","1","0","1","0","idle","pull","drain","none","1","1","0","0","9"
"1","bot_learned_sequence","human","0","1035","3","2","0","0","0","1","0","pull","pull","jump","pull","1","1","0","300","9"
"1","bot_learned_sequence","human","0","9547","3","2","0","1","1","1","2","drain","pull","pull","jump","1","1","0","100","9"
"1","bot_learned_sequence","human","0","9431","3","1","1","3","0","1","2","idle","jump","pull","none","1","1","20","0","9"
"1","bot_learned_sequence","human","0","1479","3","1","0","3","1","1","0","pull","swing","none","none","1","1","-20","350","9"
"1","bot_learned_sequence","human","0","1223","3","1","0","3","0","1","0","idle","jump","jump","none","1","1","0","0","9"
"1","bot_learned_sequence","human","0","199","3","1","0","3","0","0","0","swing","pull","jump","none","1","1","0","250","9"
"1","bot_learned_sequence","human","0","423","3","1","2","2","1","0","0","pull","grip","none","none","1","1","26","150","9"
"1","bot_learned_sequence","bot","1","4543","3","3","3","2","1","0","1","grip","push","none","none","1","0","0","150","9"
"1","bot_learned_sequence","bot","1","4607","3","3","3","3","1","0","1","jump","drain","none","none","1","0","0","400","9"
"1","bot_learned_sequence","bot","1","4559","3","3","0","3","1","0","1","jump","pull","none","none","1","0","0","0","9"
"1","bot_learned_sequence","bot","1","4255","3","3","1","2","0","0","1","grip","push","none","none","1","0","20","200","9"
"1","bot_learned_sequence","bot","1","4287","3","3","3","2","0","0","1","grip","pull","drain","none","1","0","18","600","9"
"1","bot_learned_sequence","bot","1","4287","3","3","3","2","0","0","1","grip","jump","none","none","1","0","-22","100","9"
"1","bot_learned_sequence","bot","1","4351","3","3","3","3","0","0","1","pull","swing","none","none","1","0","0","250","9"
"1","bot_learned_sequence","bot","1","4607","3","3","3","3","1","0","1","idle","pull","none","none","1","0","0","0","9"
"1","bot_learned_sequence","bot","1","4607","3","3","3","3","1","0","1","drain","push","none","none","1","0","0","50","9"
"1","bot_learned_sequence","bot","1","4111","3","3","0","0","0","0","1","pull","jump","push","none","1","0","-20","50","9"
"1","bot_learned_sequence","bot","1","4190","2","3","1","1","0","0","1","pull","drain","none","none","1","0","0","600","9"
"1","bot_learned_sequence","bot","1","4623","3","3","0","0","2","0","1","idle","pull","none","none","1","0","-20","0","9"
"1","bot_learned_sequence","bot","1","4142","2","3","2","0","0","0","1","pull","push","none","none","1","0","0","50","9"
"1","bot_learned_sequence","bot","1","4414","2","3","3","0","1","0","1","drain","drain","none","none","1","0","0","450","9"
"1","bot_learned_sequence","bot","1","4607","3","3","3","3","1","0","1","knockdown","push","none","none","1","0","0","700","9"
"1","bot_learned_sequence","bot","1","4863","3","3","3","3","2","0","1","drain","push","drain","pull","1","0","-1","50","9"
"1","bot_learned_sequence","bot","1","4511","3","3","1","2","1","0","1","idle","drain","none","none","1","0","0","0","9"
"1","bot_learned_sequence","bot","1","4287","3","3","3","2","0","0","1","idle","push","none","none","1","0","-20","0","9"
"1","bot_learned_sequence","bot","1","4607","3","3","3","3","1","0","1","drain","drain","none","none","1","0","0","0","9"
"1","bot_learned_sequence","bot","1","4478","2","3","3","1","1","0","1","idle","swing","none","none","1","0","0","0","9"
"1","bot_learned_sequence","bot","1","4606","2","3","3","3","1","0","1","push","drain","none","none","1","0","-20","0","9"
"1","bot_learned_sequence","bot","1","4526","2","3","2","2","1","0","1","pull","pull","none","none","1","0","20","700","9"
"1","bot_learned_sequence","bot","1","4366","2","3","0","0","1","0","1","drain","pull","none","none","1","0","0","300","9"
"1","bot_learned_sequence","bot","1","6494","2","3","1","1","1","2","1","idle","drain","none","none","1","0","0","0","9"
"1","bot_learned_sequence","bot","1","6445","1","3","2","0","1","2","1","pull","drain","none","none","1","0","0","200","9"
"1","bot_learned_sequence","bot","1","4477","1","3","3","1","1","0","1","pull","pull","none","none","1","0","20","700","9"
"1","bot_learned_sequence","bot","1","4413","1","3","3","0","1","0","1","swing","drain","none","none","1","0","20","350","9"
"1","bot_learned_sequence","bot","1","61","1","3","3","0","0","0","0","jump","swing","none","none","1","0","0","300","9"
"1","bot_learned_sequence","bot","1","381","1","3","3","1","1","0","0","jump","pull","none","none","1","0","-2","600","9"
"1","bot_learned_sequence","bot","1","493","1","3","2","3","1","0","0","idle","pull","none","none","1","0","-26","0","9"
"1","bot_learned_sequence","bot","1","125","1","3","3","1","0","0","0","idle","push","none","none","1","0","-2","0","9"
"1","bot_learned_sequence","human","0","223","3","3","1","3","0","0","0","idle","jump","grip","none","1","1","0","0","9"
"1","bot_learned_sequence","human","0","383","3","3","3","1","1","0","0","pull","pull","none","none","1","1","0","350","9"
"1","bot_learned_sequence","human","0","511","3","3","3","3","1","0","0","idle","pull","jump","none","1","1","0","0","9"
"1","bot_learned_sequence","human","0","511","3","3","3","3","1","0","0","idle","pull","none","none","1","1","0","0","9"
"1","bot_learned_sequence","bot","1","2239","3","3","3","2","0","2","0","grip","pull","none","none","1","0","-22","250","9"
"1","bot_learned_sequence","bot","1","255","3","3","3","3","0","0","0","idle","pull","none","none","1","0","-4","0","9"
"1","bot_learned_sequence","bot","1","383","3","3","3","1","1","0","0","grip","pull","pull","none","1","0","0","300","9"
"1","bot_learned_sequence","bot","1","255","3","3","3","3","0","0","0","pull","drain","none","none","1","0","-20","250","9"
"1","bot_learned_sequence","bot","1","463","3","3","0","3","1","0","0","idle","pull","none","none","1","0","0","0","9"
"1","bot_learned_sequence","human","0","751","3","3","2","3","2","0","0","idle","pull","pull","pull","1","1","-30","0","9"
"1","bot_learned_sequence","human","0","158","2","3","1","2","0","0","0","idle","grip","none","none","1","1","11","0","9"
"1","bot_learned_sequence","human","0","206","2","3","0","3","0","0","0","idle","jump","grip","none","1","1","20","0","9"
"1","bot_learned_sequence","human","0","254","2","3","3","3","0","0","0","idle","jump","none","none","1","1","40","0","9"
"1","bot_learned_sequence","human","0","174","2","3","2","2","0","0","0","drain","pull","none","none","1","1","40","250","9"
"1","bot_learned_sequence","human","0","238","2","3","2","3","0","0","0","drain","push","none","none","1","1","0","0","9"
"1","bot_learned_sequence","human","0","334","2","3","0","1","1","0","0","idle","pull","none","none","1","1","20","0","9"
"1","bot_learned_sequence","human","0","79","3","3","0","1","0","0","0","idle","jump","pull","none","1","1","0","0","9"
"1","bot_learned_sequence","human","0","351","3","3","1","1","1","0","0","pull","pull","none","none","1","1","20","200","9"
"1","bot_learned_sequence","human","0","175","3","3","2","2","0","0","0","idle","jump","pull","drain","1","1","20","0","9"
"1","bot_learned_sequence","human","0","511","3","3","3","3","1","0","0","knockdown","drain","none","none","1","1","-30","700","9"
"1","bot_learned_sequence","human","0","591","3","3","0","1","2","0","0","idle","pull","none","none","1","1","-10","0","9"
"1","bot_learned_sequence","human","0","30","2","3","1","0","0","0","0","idle","pull","drain","none","1","1","20","0","9"
"1","bot_learned_sequence","human","0","366","2","3","2","1","1","0","0","knockdown","drain","none","none","1","1","0","700","9"
"1","bot_learned_sequence","human","0","222","2","3","1","3","0","0","0","idle","pull","none","none","1","1","40","0","9"
"1","bot_learned_sequence","human","0","462","2","3","0","3","1","0","0","pull","pull","none","none","1","1","20","600","9"
"1","bot_learned_sequence","human","0","474","2","2","1","3","1","0","0","idle","jump","none","none","1","1","14","0","9"
"1","bot_learned_sequence","bot","1","2239","3","3","3","2","0","2","0","grip","push","none","none","1","0","0","250","9"
"1","bot_learned_sequence","bot","1","767","3","3","3","3","2","0","0","idle","pull","none","none","1","0","0","0","9"
"1","bot_learned_sequence","bot","1","191","3","3","3","2","0","0","0","idle","push","none","none","1","0","0","0","9"
"1","bot_learned_sequence","bot","1","751","3","3","2","3","2","0","0","idle","pull","none","none","1","0","0","0","9"
"1","bot_learned_sequence","bot","1","347","3","2","1","1","1","0","0","idle","drain","none","none","1","0","-2","0","9"
"1","bot_learned_sequence","bot","1","107","3","2","2","1","0","0","0","grip","jump","none","none","1","0","-11","100","9"
"1","bot_learned_sequence","bot","1","379","3","2","3","1","1","0","0","idle","push","none","none","1","0","0","0","9"
"1","bot_learned_sequence","bot","1","507","3","2","3","3","1","0","0","idle","pull","none","none","1","0","-40","0","9"
"1","bot_learned_sequence","bot","1","507","3","2","3","3","1","0","0","jump","pull","drain","none","1","0","-40","650","9"
"1","bot_learned_sequence","bot","1","187","3","2","3","2","0","0","0","push","drain","none","none","1","0","0","0","9"
"1","bot_learned_sequence","bot","1","331","3","2","0","1","1","0","0","pull","pull","drain","none","1","0","-20","700","9"
"1","bot_learned_sequence","bot","1","31","3","3","1","0","0","0","0","pull","jump","none","none","1","0","0","50","9"
"1","bot_learned_sequence","bot","1","443","3","2","3","2","1","0","0","pull","pull","none","none","1","0","-20","650","9"
"1","bot_learned_sequence","human","0","351","3","3","1","1","1","0","0","drain","drain","jump","pull","1","1","20","250","9"
"1","bot_learned_sequence","human","0","383","3","3","3","1","1","0","0","idle","drain","pull","none","1","1","20","0","9"
"1","bot_learned_sequence","human","0","15","3","3","0","0","0","0","0","drain","pull","none","none","1","1","20","250","9"
"1","bot_learned_sequence","human","0","399","3","3","0","2","1","0","0","idle","pull","pull","none","1","1","0","0","9"
"1","bot_learned_sequence","human","0","335","3","3","0","1","1","0","0","idle","jump","pull","none","1","1","20","0","9"
"1","bot_learned_sequence","human","0","1375","3","3","1","1","1","1","0","drain","swing","none","none","1","1","-30","200","9"
"1","bot_learned_sequence","human","0","1135","3","3","2","1","0","1","0","idle","drain","none","none","1","1","20","0","9"
"1","bot_learned_sequence","human","0","1439","3","3","1","2","1","1","0","pull","drain","none","none","1","1","20","650","9"
"1","bot_learned_sequence","human","0","1359","3","3","0","1","1","1","0","idle","drain","none","none","1","1","-1","0","9"
"1","bot_learned_sequence","human","0","1358","2","3","0","1","1","1","0","idle","pull","none","none","1","1","40","0","9"
"1","bot_learned_sequence","human","0","1486","2","3","0","3","1","1","0","idle","pull","none","none","1","1","0","0","9"
"1","bot_learned_sequence","human","0","1230","2","3","0","3","0","1","0","idle","jump","none","none","1","1","0","0","9"
"1","bot_learned_sequence","human","0","1486","2","3","0","3","1","1","0","pull","drain","none","none","1","1","0","250","9"
"1","bot_learned_sequence","human","0","1534","2","3","3","3","1","1","0","idle","jump","drain","none","1","1","0","0","9"
"1","bot_learned_sequence","human","0","1390","2","3","2","1","1","1","0","pull","grip","none","none","1","1","4","350","9"
"1","bot_learned_sequence","human","0","1502","2","3","1","3","1","1","0","idle","pull","pull","none","1","1","20","0","9"
"1","bot_learned_sequence","human","0","1454","2","3","2","2","1","1","0","pull","pull","jump","drain","1","1","20","150","9"
"1","bot_learned_sequence","human","0","1530","2","2","3","3","1","1","0","knockdown","drain","none","none","1","1","0","700","9"
"1","bot_learned_sequence","human","0","1291","3","2","0","0","1","1","0","idle","pull","none","none","1","1","16","0","9"
"1","bot_learned_sequence","human","0","1035","3","2","0","0","0","1","0","drain","pull","none","none","1","1","16","50","9"
"1","bot_learned_sequence","human","0","1035","3","2","0","0","0","1","0","push","drain","none","none","1","1","16","650","9"
"1","bot_learned_sequence","bot","1","447","3","3","3","2","1","0","0","grip","push","none","none","1","0","-20","500","9"
"1","bot_learned_sequence","bot","1","511","3","3","3","3","1","0","0","idle","drain","none","none","1","0","10","0","9"
"1","bot_learned_sequence","bot","1","15","3","3","0","0","0","0","0","pull","jump","none","none","1","0","0","50","9"
"1","bot_learned_sequence","bot","1","335","3","3","0","1","1","0","0","idle","drain","none","none","1","0","-20","0","9"
"1","bot_learned_sequence","bot","1","303","3","3","2","0","1","0","0","pull","drain","none","none","1","0","-20","100","9"
"1","bot_learned_sequence","bot","1","63","3","3","3","0","0","0","0","pull","drain","pull","none","1","0","0","200","9"
"1","bot_learned_sequence","bot","1","607","3","3","1","1","2","0","0","idle","pull","none","none","1","0","0","0","9"
"1","bot_learned_sequence","bot","1","495","3","3","2","3","1","0","0","idle","drain","none","none","1","0","30","0","9"
"1","bot_learned_sequence","bot","1","4175","3","3","0","1","0","0","1","drain","swing","none","none","1","0","0","250","9"
"1","bot_learned_sequence","bot","1","4127","3","3","1","0","0","0","1","idle","swing","pull","none","1","0","0","0","9"
"1","bot_learned_sequence","bot","1","4399","3","3","2","0","1","0","1","drain","drain","pull","none","1","0","-20","550","9"
"1","bot_learned_sequence","bot","1","4383","3","3","1","0","1","0","1","drain","drain","none","none","1","0","1","50","9"
"1","bot_learned_sequence","bot","1","4139","3","2","2","0","0","0","1","pull","drain","none","none","1","0","-20","400","9"
"1","bot_learned_sequence","bot","1","4411","3","2","3","0","1","0","1","jump","pull","none","none","1","0","0","300","9"
"1","bot_learned_sequence","bot","1","4447","3","3","1","1","1","0","1","idle","pull","pull","none","1","0","0","0","9"
"1","bot_learned_sequence","bot","1","4863","3","3","3","3","2","0","1","idle","swing","none","none","1","0","0","0","9"
"1","bot_learned_sequence","bot","1","4607","3","3","3","3","1","0","1","idle","drain","none","none","1","0","0","0","9"
"1","bot_learned_sequence","bot","1","4555","3","2","0","3","1","0","1","idle","pull","pull","pull","1","0","0","0","9"
"1","bot_learned_sequence","bot","1","4587","3","2","2","3","1","0","1","idle","pull","none","none","1","0","-20","0","9"
"1","bot_learned_sequence","bot","1","4174","2","3","0","1","0","0","1","pull","drain","none","none","1","0","-16","650","9"
"1","bot_learned_sequence","bot","1","4110","2","3","0","0","0","0","1","pull","push","none","none","1","0","-16","350","9"
"1","bot_learned_sequence","human","0","1259","3","2","2","3","0","1","0","idle","pull","none","none","1","1","10","0","9"
"1","bot_learned_sequence","bot","1","4543","3","3","3","2","1","0","1","grip","pull","none","none","1","0","18","400","9"
"1","bot_learned_sequence","bot","1","4287","3","3","3","2","0","0","1","grip","push","none","none","1","0","-25","700","9"
"1","bot_learned_sequence","human","0","495","3","3","2","3","1","0","0","swing","swing","jump","none","1","1","0","50","9"
"1","bot_learned_sequence","human","0","111","3","3","2","1","0","0","0","pull","pull","none","none","1","1","40","250","9"
"1","bot_learned_sequence","human","0","271","3","3","0","0","1","0","0","drain","pull","none","none","1","1","40","350","9"
"1","bot_learned_sequence","human","0","335","3","3","0","1","1","0","0","idle","pull","pull","none","1","1","20","0","9"
"1","bot_learned_sequence","human","0","143","3","3","0","2","0","0","0","jump","jump","pull","none","1","1","20","0","9"
"1","bot_learned_sequence","human","0","95","3","3","1","1","0","0","0","pull","drain","none","none","1","1","0","300","9"
"1","bot_learned_sequence","human","0","351","3","3","1","1","1","0","0","idle","pull","pull","drain","1","1","41","0","9"
"1","bot_learned_sequence","human","0","523","3","2","0","0","2","0","0","idle","pull","none","none","1","1","0","0","9"
"1","bot_learned_sequence","human","0","1771","3","2","2","3","2","1","0","idle","swing","jump","none","1","1","0","0","9"
"1","bot_learned_sequence","human","0","1439","3","3","1","2","1","1","0","drain","grip","none","none","1","1","4","150","9"
"1","bot_learned_sequence","human","0","1231","3","3","0","3","0","1","0","idle","jump","grip","none","1","1","80","0","9"
"1","bot_learned_sequence","bot","1","255","3","3","3","3","0","0","0","idle","drain","swing","none","1","0","0","0","9"
"1","bot_learned_sequence","bot","1","431","3","3","2","2","1","0","0","idle","pull","none","none","1","0","-20","0","9"
"1","bot_learned_sequence","bot","1","415","3","3","1","2","1","0","0","idle","pull","none","none","1","0","-40","0","9"
"1","bot_learned_sequence","bot","1","47","3","3","2","0","0","0","0","jump","jump","none","none","1","0","-20","0","9"
"1","bot_learned_sequence","bot","1","351","3","3","1","1","1","0","0","pull","pull","none","none","1","0","0","550","9"
"1","bot_learned_sequence","bot","1","271","3","3","0","0","1","0","0","drain","pull","none","none","1","0","0","500","9"
"1","bot_learned_sequence","bot","1","78","2","3","0","1","0","0","0","drain","push","none","none","1","0","0","350","9"
"1","bot_learned_sequence","bot","1","4542","2","3","3","2","1","0","1","idle","drain","none","none","1","0","0","0","9"
"1","bot_learned_sequence","bot","1","4287","3","3","3","2","0","0","1","idle","drain","none","none","1","0","-4","0","9"
"1","bot_learned_sequence","human","0","1263","3","3","2","3","0","1","0","idle","grip","none","none","1","1","24","0","9"
"1","bot_learned_sequence","human","0","1423","3","3","0","2","1","1","0","drain","pull","none","none","1","1","20","400","9"
"1","bot_learned_sequence","human","0","1419","3","2","0","2","1","1","0","idle","pull","none","none","1","1","20","0","9"
"1","bot_learned_sequence","human","0","1499","3","2","1","3","1","1","0","idle","pull","jump","none","1","1","21","0","9"
"1","bot_learned_sequence","human","0","1243","3","2","1","3","0","1","0","pull","pull","none","none","1","1","1","300","9"
"1","bot_learned_sequence","bot","1","4542","2","3","3","2","1","0","1","pull","drain","none","none","1","0","-20","500","9"
"1","bot_learned_sequence","bot","1","4126","2","3","1","0","0","0","1","pull","push","none","none","1","0","0","500","9"
"1","bot_learned_sequence","bot","1","4398","2","3","2","0","1","0","1","pull","push","none","none","1","0","-21","400","9"
"1","bot_learned_sequence","bot","1","4478","2","3","3","1","1","0","1","pull","pull","none","none","1","0","-1","600","9"
"1","bot_learned_sequence","human","0","1263","3","3","2","3","0","1","0","idle","jump","grip","jump","1","1","64","0","9"
"1","bot_learned_sequence","human","0","1247","3","3","1","3","0","1","0","knockdown","grip","none","none","1","1","42","0","9"
"1","bot_learned_sequence","human","0","1247","3","3","1","3","0","1","0","idle","jump","grip","none","1","1","20","0","9"
"1","bot_learned_sequence","human","0","1531","3","2","3","3","1","1","0","idle","pull","pull","jump","1","1","0","0","9"
"1","bot_learned_sequence","human","0","1531","3","2","3","3","1","1","0","pull","pull","none","none","1","1","12","350","9"
"1","bot_learned_sequence","bot","1","511","3","3","3","3","1","0","0","idle","swing","none","none","1","0","-3","0","9"
"1","bot_learned_sequence","bot","1","4606","2","3","3","3","1","0","1","jump","pull","none","none","1","0","-12","350","9"
"1","bot_learned_sequence","human","0","1455","3","3","2","2","1","1","0","pull","grip","none","none","1","1","4","250","9"
"1","bot_learned_sequence","human","0","1279","3","3","3","3","0","1","0","jump","jump","none","none","1","1","20","400","9"
"1","bot_learned_sequence","human","0","1295","3","3","0","0","1","1","0","idle","jump","pull","jump","1","1","-20","0","9"
"1","bot_learned_sequence","human","0","1391","3","3","2","1","1","1","0","idle","pull","none","none","1","1","2","0","9"
"1","bot_learned_sequence","human","0","1519","3","3","2","3","1","1","0","swing","grip","none","none","1","1","4","550","9"
"1","bot_learned_sequence","human","0","1263","3","3","2","3","0","1","0","idle","jump","grip","none","1","1","81","0","9"
"1","bot_learned_sequence","human","0","1243","3","2","1","3","0","1","0","idle","jump","grip","none","1","1","0","0","9"
"1","bot_learned_sequence","human","0","1439","3","3","1","2","1","1","0","drain","pull","none","none","1","1","20","350","9"
"1","bot_learned_sequence","human","0","1359","3","3","0","1","1","1","0","pull","pull","jump","none","1","1","0","350","9"
"1","bot_learned_sequence","human","0","9551","3","3","0","1","1","1","2","pull","pull","none","none","1","1","0","650","9"
"1","bot_learned_sequence","human","0","1439","3","3","1","2","1","1","0","idle","pull","none","none","1","1","20","0","9"
"1","bot_learned_sequence","human","0","1215","3","3","3","2","0","1","0","idle","pull","none","none","1","1","40","0","9"
"1","bot_learned_sequence","human","0","1279","3","3","3","3","0","1","0","idle","jump","pull","jump","1","1","20","0","9"
"1","bot_learned_sequence","human","0","1471","3","3","3","2","1","1","0","pull","drain","none","none","1","1","0","700","9"
"1","bot_learned_sequence","human","0","1295","3","3","0","0","1","1","0","pull","pull","jump","none","1","1","0","300","9"
"1","bot_learned_sequence","human","0","463","3","3","0","3","1","0","0","idle","pull","jump","pull","1","1","0","0","9"
"1","bot_learned_sequence","human","0","219","3","2","1","3","0","0","0","drain","jump","none","none","1","1","0","0","9"
"1","bot_learned_sequence","human","0","335","3","3","0","1","1","0","0","idle","jump","swing","jump","1","1","0","0","9"
"1","bot_learned_sequence","human","0","335","3","3","0","1","1","0","0","pull","pull","none","none","1","1","20","150","9"
"1","bot_learned_sequence","human","0","351","3","3","1","1","1","0","0","pull","pull","jump","pull","1","1","0","400","9"
"1","bot_learned_sequence","human","0","254","2","3","3","3","0","0","0","idle","jump","swing","jump","1","1","1","0","9"
"1","bot_learned_sequence","human","0","510","2","3","3","3","1","0","0","pull","pull","jump","none","1","1","1","100","9"
"1","bot_learned_sequence","human","0","254","2","3","3","3","0","0","0","idle","drain","none","none","1","1","0","0","9"
"1","bot_learned_sequence","human","0","78","2","3","0","1","0","0","0","drain","swing","none","none","1","1","0","700","9"
"1","bot_learned_sequence","human","0","1358","2","3","0","1","1","1","0","pull","swing","none","none","1","1","0","300","9"
"1","bot_learned_sequence","human","0","1358","2","3","0","1","1","1","0","pull","jump","none","none","1","1","-10","500","9"
"1","bot_learned_sequence","human","0","1102","2","3","0","1","0","1","0","pull","drain","none","none","1","1","-20","550","9"
"1","bot_learned_sequence","human","0","1422","2","3","0","2","1","1","0","drain","jump","swing","none","1","1","0","100","9"
"1","bot_learned_sequence","human","0","1502","2","3","1","3","1","1","0","swing","drain","none","none","1","1","0","600","9"
"1","bot_learned_sequence","human","0","1294","2","3","0","0","1","1","0","pull","pull","jump","none","1","1","0","550","9"
"1","bot_learned_sequence","human","0","1358","2","3","0","1","1","1","0","idle","jump","swing","none","1","1","0","0","9"
"1","bot_learned_sequence","human","0","1438","2","3","1","2","1","1","0","idle","jump","none","none","1","1","0","0","9"
"1","bot_learned_sequence","human","0","1374","2","3","1","1","1","1","0","pull","drain","pull","jump","1","1","7","250","9"
"1","bot_learned_sequence","human","0","1514","2","2","2","3","1","1","0","knockdown","drain","none","none","1","1","20","700","9"
"1","bot_learned_sequence","human","0","1611","3","2","0","1","2","1","0","idle","pull","none","none","1","1","20","0","9"
"1","bot_learned_sequence","human","0","1175","3","1","1","2","0","1","0","pull","jump","none","none","1","1","-20","450","9"
"1","bot_learned_sequence","human","0","1447","3","1","2","2","1","1","0","drain","drain","none","none","1","1","-20","0","9"
"1","bot_learned_sequence","human","0","1226","2","2","0","3","0","1","0","idle","jump","none","none","1","1","21","0","9"
"1","bot_learned_sequence","human","0","1494","2","1","1","3","1","1","0","pull","swing","none","none","1","1","0","500","9"
"1","bot_learned_sequence","human","0","1254","2","1","2","3","0","1","0","idle","jump","none","none","1","1","20","0","9"
"1","bot_learned_sequence","human","0","1270","2","1","3","3","0","1","0","idle","pull","none","none","1","1","20","0","9"
"1","bot_learned_sequence","human","0","1354","2","2","0","1","1","1","0","drain","pull","none","none","1","1","20","650","9"
"1","bot_learned_sequence","human","0","1354","2","2","0","1","1","1","0","idle","jump","none","none","1","1","20","0","9"
"1","bot_learned_sequence","human","0","1354","2","2","0","1","1","1","0","pull","pull","none","none","1","1","20","500","9"
"1","bot_learned_sequence","human","0","1530","2","2","3","3","1","1","0","idle","swing","none","none","1","1","50","0","9"
"1","bot_learned_sequence","human","0","1194","2","2","2","2","0","1","0","drain","jump","none","none","1","1","50","600","9"
"1","bot_learned_sequence","human","0","1782","2","1","3","3","2","1","0","idle","swing","none","none","1","1","0","0","9"
"1","bot_learned_sequence","human","0","1370","2","2","1","1","1","1","0","idle","swing","none","none","1","1","0","0","9"
"1","bot_learned_sequence","human","0","1258","2","2","2","3","0","1","0","idle","pull","none","none","1","1","0","0","9"
"1","bot_learned_sequence","human","0","1786","2","2","3","3","2","1","0","idle","jump","none","none","1","1","0","0","9"
"1","bot_learned_sequence","human","0","1770","2","2","2","3","2","1","0","pull","swing","none","none","1","1","0","0","9"
"1","bot_learned_sequence","human","0","1274","2","2","3","3","0","1","0","idle","swing","none","none","1","1","0","0","9"
"1","bot_learned_sequence","human","0","1274","2","2","3","3","0","1","0","pull","swing","none","none","1","1","0","650","9"
"1","bot_learned_sequence","human","0","1530","2","2","3","3","1","1","0","pull","swing","none","none","1","1","0","700","9"
"1","bot_learned_sequence","human","0","1274","2","2","3","3","0","1","0","pull","swing","swing","none","1","1","20","500","9"
"1","bot_learned_sequence","human","0","1514","2","2","2","3","1","1","0","drain","pull","pull","none","1","1","-1","150","9"
"1","bot_learned_sequence","human","0","1402","2","2","3","1","1","1","0","pull","jump","none","none","1","1","0","550","9"
"1","bot_learned_sequence","human","0","1402","2","2","3","1","1","1","0","pull","swing","swing","none","1","1","0","350","9"
"1","bot_learned_sequence","human","0","1210","2","2","3","2","0","1","0","idle","jump","none","none","1","1","0","0","9"
"1","bot_learned_sequence","human","0","1466","2","2","3","2","1","1","0","pull","swing","none","none","1","1","0","600","9"
"1","bot_learned_sequence","human","0","1466","2","2","3","2","1","1","0","idle","jump","pull","none","1","1","0","0","9"
"1","bot_learned_sequence","human","0","1530","2","2","3","3","1","1","0","pull","pull","none","none","1","1","-2","100","9"
"1","bot_learned_sequence","human","0","1530","2","2","3","3","1","1","0","pull","jump","none","none","1","1","-2","250","9"
"1","bot_learned_sequence","human","0","1210","2","2","3","2","0","1","0","grip","swing","none","none","1","1","20","300","9"
"1","bot_learned_sequence","human","0","1466","2","2","3","2","1","1","0","idle","jump","none","none","1","1","20","0","9"
"1","bot_learned_sequence","human","0","1146","2","2","3","1","0","1","0","pull","pull","none","none","1","1","20","100","9"
"1","bot_learned_sequence","human","0","1462","2","1","3","2","1","1","0","idle","pull","pull","swing","1","1","0","0","9"
"1","bot_learned_sequence","human","0","1270","2","1","3","3","0","1","0","pull","swing","none","none","1","1","0","700","9"
"1","bot_learned_sequence","human","0","1526","2","1","3","3","1","1","0","pull","pull","jump","pull","1","1","0","700","9"
"1","bot_learned_sequence","human","0","1254","2","1","2","3","0","1","0","idle","grip","jump","grip","1","1","-6","0","9"
"1","bot_learned_sequence","bot","1","4287","3","3","3","2","0","0","1","idle","pull","jump","none","1","0","-20","0","9"
"1","bot_learned_sequence","bot","1","4351","3","3","3","3","0","0","1","jump","drain","none","none","1","0","0","200","9"
"1","bot_learned_sequence","bot","1","4351","3","3","3","3","0","0","1","idle","swing","none","none","1","0","-4","0","9"
"1","bot_learned_sequence","bot","1","4606","2","3","3","3","1","0","1","idle","drain","none","none","1","0","-20","0","9"
"1","bot_learned_sequence","bot","1","4367","3","3","0","0","1","0","1","idle","pull","none","none","1","0","0","0","9"
"1","bot_learned_sequence","bot","1","6175","3","3","1","0","0","2","1","jump","drain","pull","none","1","0","0","100","9"
"1","bot_learned_sequence","bot","1","4399","3","3","2","0","1","0","1","idle","drain","pull","none","1","0","19","0","9"
"1","bot_learned_sequence","bot","1","4143","3","3","2","0","0","0","1","pull","drain","pull","none","1","0","0","0","9"
"1","bot_learned_sequence","bot","1","4415","3","3","3","0","1","0","1","idle","swing","none","none","1","0","20","0","9"
"1","bot_learned_sequence","bot","1","126","2","3","3","1","0","0","0","jump","drain","none","none","1","0","0","0","9"
"1","bot_learned_sequence","bot","1","287","3","3","1","0","1","0","0","swing","pull","pull","pull","1","0","0","50","9"
"1","bot_learned_sequence","bot","1","255","3","3","3","3","0","0","0","jump","swing","none","none","1","0","40","50","9"
"1","bot_learned_sequence","bot","1","251","3","2","3","3","0","0","0","jump","swing","pull","none","1","0","-1","50","9"
"1","bot_learned_sequence","bot","1","123","3","2","3","1","0","0","0","idle","drain","none","none","1","0","0","0","9"
"1","bot_learned_sequence","bot","1","283","3","2","1","0","1","0","0","idle","swing","none","none","1","0","0","0","9"
"1","bot_learned_sequence","bot","1","4379","3","2","1","0","1","0","1","jump","pull","none","none","1","0","10","200","9"
"1","bot_learned_sequence","bot","1","4459","3","2","2","1","1","0","1","idle","drain","none","none","1","0","0","0","9"
"1","bot_learned_sequence","bot","1","4395","3","2","2","0","1","0","1","idle","swing","none","none","1","0","0","0","9"
"1","bot_learned_sequence","bot","1","4443","3","2","1","1","1","0","1","drain","pull","none","none","1","0","0","100","9"
"1","bot_learned_sequence","bot","1","4443","3","2","1","1","1","0","1","jump","pull","none","none","1","0","0","250","9"
"1","bot_learned_sequence","bot","1","4638","2","3","1","0","2","0","1","pull","drain","pull","none","1","0","-20","100","9"
"1","bot_learned_sequence","bot","1","4382","2","3","1","0","1","0","1","swing","drain","none","none","1","0","-50","200","9"
"1","bot_learned_sequence","bot","1","4445","1","3","1","1","1","0","1","idle","pull","none","none","1","0","-30","0","9"
"1","bot_learned_sequence","bot","1","4541","1","3","3","2","1","0","1","drain","drain","none","none","1","0","20","0","9"
"1","bot_learned_sequence","bot","1","4473","1","2","3","1","1","0","1","idle","pull","none","none","1","0","-1","0","9"
"1","bot_learned_sequence","bot","1","4217","1","2","3","1","0","0","1","pull","jump","pull","none","1","0","0","50","9"
"1","bot_learned_sequence","bot","1","4473","1","2","3","1","1","0","1","swing","pull","none","none","1","0","0","200","9"
"1","bot_learned_sequence","bot","1","4345","1","2","3","3","0","0","1","jump","swing","none","none","1","0","-20","600","9"
"1","bot_learned_sequence","bot","1","4601","1","2","3","3","1","0","1","pull","drain","none","none","1","0","0","400","9"
"1","bot_learned_sequence","bot","1","4362","2","2","0","0","1","0","1","jump","pull","none","none","1","0","-20","100","9"
"1","bot_learned_sequence","bot","1","4602","2","2","3","3","1","0","1","swing","drain","none","none","1","0","-50","200","9"
"1","bot_learned_sequence","bot","1","4521","1","2","2","2","1","0","1","jump","pull","none","none","1","0","-20","600","9"
"1","bot_learned_sequence","bot","1","4857","1","2","3","3","2","0","1","swing","drain","none","none","1","0","0","150","9"
"1","bot_learned_sequence","bot","1","4442","2","2","1","1","1","0","1","swing","swing","none","none","1","0","0","650","9"
"1","bot_learned_sequence","bot","1","4282","2","2","3","2","0","0","1","pull","swing","none","none","1","0","0","150","9"
"1","bot_learned_sequence","bot","1","4794","2","2","3","2","2","0","1","swing","pull","none","none","1","0","0","0","9"
"1","bot_learned_sequence","bot","1","4586","2","2","2","3","1","0","1","idle","pull","none","none","1","0","0","0","9"
"1","bot_learned_sequence","bot","1","4586","2","2","2","3","1","0","1","jump","pull","none","none","1","0","0","50","9"
"1","bot_learned_sequence","bot","1","4602","2","2","3","3","1","0","1","idle","drain","none","none","1","0","1","0","9"
"1","bot_learned_sequence","bot","1","4506","2","2","1","2","1","0","1","idle","pull","none","none","1","0","0","0","9"
"1","bot_learned_sequence","bot","1","4330","2","2","2","3","0","0","1","jump","swing","pull","none","1","0","0","150","9"
"1","bot_learned_sequence","bot","1","4586","2","2","2","3","1","0","1","jump","grip","none","none","1","0","-18","450","9"
"1","bot_learned_sequence","bot","1","4585","1","2","2","3","1","0","1","swing","pull","none","none","1","0","0","250","9"
"1","bot_learned_sequence","bot","1","4601","1","2","3","3","1","0","1","idle","pull","none","none","1","0","0","0","9"
"1","bot_learned_sequence","bot","1","4585","1","2","2","3","1","0","1","idle","pull","none","none","1","0","0","0","9"
"1","bot_learned_sequence","human","0","2463","3","3","1","2","1","2","0","idle","swing","none","none","1","1","-20","0","9"
"1","bot_learned_sequence","human","0","191","3","3","3","2","0","0","0","idle","swing","none","none","1","1","20","0","9"
"1","bot_learned_sequence","human","0","255","3","3","3","3","0","0","0","jump","jump","pull","pull","1","1","71","0","9"
"1","bot_learned_sequence","human","0","495","3","3","2","3","1","0","0","knockdown","pull","none","none","1","1","51","700","9"
"1","bot_learned_sequence","human","0","591","3","3","0","1","2","0","0","drain","jump","none","none","1","1","-16","500","9"
"1","bot_learned_sequence","human","0","15","3","3","0","0","0","0","0","pull","swing","knockdown","none","1","1","-46","150","9"
"1","bot_learned_sequence","human","0","2414","2","3","2","1","1","2","0","idle","drain","swing","none","1","1","-20","0","9"
"1","bot_learned_sequence","human","0","2158","2","3","2","1","0","2","0","swing","swing","none","none","1","1","-40","50","9"
"1","bot_learned_sequence","human","0","446","2","3","3","2","1","0","0","idle","swing","pull","drain","1","1","-20","0","9"
"1","bot_learned_sequence","human","0","13","1","3","0","0","0","0","0","idle","pull","jump","pull","1","1","81","0","9"
"1","bot_learned_sequence","human","0","389","1","1","0","2","1","0","0","idle","jump","swing","pull","1","1","-20","0","9"
"1","bot_learned_sequence","human","0","409","1","2","1","2","1","0","0","drain","drain","none","none","1","1","-20","400","9"
"1","bot_learned_sequence","human","0","4118","2","1","1","0","0","0","1","idle","swing","swing","drain","1","1","19","0","9"
"1","bot_learned_sequence","human","0","2","2","0","0","0","0","0","0","drain","jump","none","none","1","1","0","450","9"
"1","bot_learned_sequence","human","0","706","2","0","0","3","2","0","0","idle","push","none","none","1","1","24","0","9"
"1","bot_learned_sequence","bot","3","8703","3","3","3","3","1","0","2","idle","swing","none","none","1","0","-51","0","9"
"1","bot_learned_sequence","bot","3","447","3","3","3","2","1","0","0","idle","drain","none","none","1","0","0","0","9"
"1","bot_learned_sequence","bot","3","8543","3","3","1","1","1","0","2","swing","pull","none","none","1","0","20","450","9"
"1","bot_learned_sequence","bot","3","511","3","3","3","3","1","0","0","drain","push","none","none","1","0","31","50","9"
"1","bot_learned_sequence","bot","3","1503","3","3","1","3","1","1","0","idle","pull","none","none","1","0","31","0","9"
"1","bot_learned_sequence","bot","3","255","3","3","3","3","0","0","0","jump","jump","none","none","1","0","-71","0","9"
"1","bot_learned_sequence","bot","3","702","2","3","3","2","2","0","0","idle","drain","none","none","1","0","16","0","9"
"1","bot_learned_sequence","bot","3","271","3","3","0","0","1","0","0","jump","pull","none","none","1","0","46","600","9"
"1","bot_learned_sequence","bot","3","8331","3","2","0","2","0","0","2","swing","swing","none","none","1","0","40","250","9"
"1","bot_learned_sequence","bot","3","1435","3","2","1","2","1","1","0","drain","pull","none","none","1","0","-21","50","9"
"1","bot_learned_sequence","bot","3","437","1","1","3","2","1","0","0","knockdown","drain","none","none","1","0","20","700","9"
"1","bot_learned_sequence","bot","3","262","2","1","0","0","1","0","0","idle","pull","none","none","1","0","20","0","9"
"1","bot_learned_sequence","bot","3","1430","2","1","1","2","1","1","0","drain","pull","none","none","1","0","-19","100","9"
"1","bot_learned_sequence","bot","3","265","1","2","0","0","1","0","0","pull","drain","none","none","1","0","-20","50","9"
"1","bot_learned_sequence","bot","3","8","0","2","0","0","0","0","0","jump","push","none","none","1","0","0","50","9"
"1","bot_learned_sequence","human","0","6591","3","3","3","2","1","2","1","idle","drain","none","none","1","1","-49","0","9"
"1","bot_learned_sequence","human","0","2223","3","3","2","2","0","2","0","idle","grip","none","none","1","1","5","0","9"
"1","bot_learned_sequence","human","0","2287","3","3","2","3","0","2","0","swing","grip","jump","grip","1","1","24","200","9"
"1","bot_learned_sequence","human","0","2523","3","2","1","3","1","2","0","idle","pull","none","none","1","1","10","0","9"
"1","bot_learned_sequence","bot","3","9711","3","3","2","3","1","1","2","idle","pull","none","none","1","0","49","0","9"
"1","bot_learned_sequence","bot","3","9695","3","3","1","3","1","1","2","drain","pull","none","none","1","0","49","50","9"
"1","bot_learned_sequence","bot","3","8447","3","3","3","3","0","0","2","jump","swing","none","none","1","0","-24","650","9"
"1","bot_learned_sequence","human","0","155","3","2","1","2","0","0","0","idle","jump","pull","none","1","1","70","0","9"
"1","bot_learned_sequence","human","0","215","3","1","1","3","0","0","0","swing","jump","pull","none","1","1","30","150","9"
"1","bot_learned_sequence","human","0","3","3","0","0","0","0","0","0","idle","swing","knockdown","none","1","1","-20","0","9"
"1","bot_learned_sequence","human","0","355","3","0","2","1","1","0","0","push","drain","none","none","1","1","0","50","9"
"1","bot_learned_sequence","human","0","727","3","1","1","3","2","0","0","idle","push","none","none","1","1","30","0","9"
"1","bot_learned_sequence","human","0","723","3","0","1","3","2","0","0","idle","push","none","none","1","1","0","0","9"
"1","bot_learned_sequence","human","0","643","3","0","0","2","2","0","0","idle","push","none","none","1","1","5","0","9"
"1","bot_learned_sequence","human","0","8403","3","0","1","3","0","0","2","idle","pull","none","none","1","1","0","0","9"
"1","bot_learned_sequence","human","0","211","3","0","1","3","0","0","0","drain","jump","none","none","1","1","20","150","9"
"1","bot_learned_sequence","human","0","67","3","0","0","1","0","0","0","idle","pull","jump","pull","1","1","40","0","9"
"1","bot_learned_sequence","human","0","451","3","0","0","3","1","0","0","pull","pull","none","none","1","1","20","650","9"
"1","bot_learned_sequence","human","0","723","3","0","1","3","2","0","0","idle","jump","jump","none","1","1","0","0","9"
"1","bot_learned_sequence","human","0","739","3","0","2","3","2","0","0","idle","jump","none","none","1","1","0","0","9"
"1","bot_learned_sequence","human","0","707","3","0","0","3","2","0","0","idle","push","none","none","1","1","0","0","9"
"1","bot_learned_sequence","human","0","8519","3","1","0","1","1","0","2","idle","swing","none","none","1","1","0","0","9"
"1","bot_learned_sequence","human","0","8535","3","1","1","1","1","0","2","idle","swing","none","none","1","1","0","0","9"
"1","bot_learned_sequence","human","0","39","3","1","2","0","0","0","0","drain","swing","swing","none","1","1","0","600","9"
"1","bot_learned_sequence","human","0","183","3","1","3","2","0","0","0","swing","swing","none","none","1","1","-20","700","9"
"1","bot_learned_sequence","human","0","107","3","2","2","1","0","0","0","drain","swing","swing","none","1","1","-20","450","9"
"1","bot_learned_sequence","human","0","299","3","2","2","0","1","0","0","idle","swing","pull","jump","1","1","2","0","9"
"1","bot_learned_sequence","human","0","219","3","2","1","3","0","0","0","idle","pull","jump","none","1","1","70","0","9"
"1","bot_learned_sequence","human","0","391","3","1","0","2","1","0","0","idle","swing","jump","none","1","1","57","0","9"
"1","bot_learned_sequence","bot","1","8687","3","3","2","3","1","0","2","drain","pull","none","none","1","0","-50","100","9"
"1","bot_learned_sequence","bot","1","573","1","3","3","0","2","0","0","idle","drain","none","none","1","0","-20","0","9"
"1","bot_learned_sequence","bot","1","125","1","3","3","1","0","0","0","idle","swing","none","none","1","0","-50","0","9"
"1","bot_learned_sequence","bot","1","8604","0","3","1","2","1","0","2","idle","push","none","none","1","0","0","0","9"
"1","bot_learned_sequence","bot","1","2620","0","3","3","0","2","2","0","idle","drain","jump","push","1","0","0","0","9"
"1","bot_learned_sequence","bot","1","364","0","3","2","1","1","0","0","pull","pull","none","none","1","0","-20","550","9"
"1","bot_learned_sequence","bot","1","44","0","3","2","0","0","0","0","pull","drain","pull","jump","1","0","-20","100","9"
"1","bot_learned_sequence","bot","1","2748","0","3","3","2","2","2","0","idle","drain","none","none","1","0","0","0","9"
"1","bot_learned_sequence","bot","1","2333","1","3","1","0","1","2","0","swing","pull","none","none","1","0","0","500","9"
"1","bot_learned_sequence","bot","1","477","1","3","1","3","1","0","0","idle","drain","none","none","1","0","0","0","9"
"1","bot_learned_sequence","bot","1","157","1","3","1","2","0","0","0","swing","swing","none","none","1","0","0","100","9"
"1","bot_learned_sequence","bot","1","509","1","3","3","3","1","0","0","swing","drain","none","none","1","0","20","700","9"
"1","bot_learned_sequence","bot","1","478","2","3","1","3","1","0","0","drain","pull","none","none","1","0","-1","50","9"
"1","bot_learned_sequence","bot","1","445","1","3","3","2","1","0","0","pull","pull","none","none","1","0","-50","650","9"
"1","bot_learned_sequence","bot","1","316","0","3","3","0","1","0","0","jump","drain","none","none","1","0","-20","400","9"
"1","bot_learned_sequence","bot","1","300","0","3","2","0","1","0","0","jump","pull","none","none","1","0","-37","650","9"
"1","bot_learned_sequence","human","0","10495","3","3","3","3","0","2","2","idle","push","none","none","1","1","0","0","9"
"1","bot_learned_sequence","human","0","2495","3","3","3","2","1","2","0","idle","drain","jump","drain","1","1","20","0","9"
"1","bot_learned_sequence","human","0","2479","3","3","2","2","1","2","0","idle","swing","none","none","1","1","-30","0","9"
"1","bot_learned_sequence","human","0","350","2","3","1","1","1","0","0","drain","drain","swing","swing","1","1","0","650","9"
"1","bot_learned_sequence","human","0","45","1","3","2","0","0","0","0","pull","grip","jump","grip","1","1","22","700","9"
"1","bot_learned_sequence","human","0","701","1","3","3","2","2","0","0","pull","drain","none","none","1","1","0","350","9"
"1","bot_learned_sequence","human","0","110","2","3","2","1","0","0","0","idle","swing","swing","none","1","1","50","0","9"
"1","bot_learned_sequence","human","0","494","2","3","2","3","1","0","0","swing","pull","jump","none","1","1","30","600","9"
"1","bot_learned_sequence","human","0","429","1","3","2","2","1","0","0","drain","drain","none","none","1","1","-20","400","9"
"1","bot_learned_sequence","human","0","429","1","3","2","2","1","0","0","idle","drain","none","none","1","1","20","0","9"
"1","bot_learned_sequence","human","0","110","2","3","2","1","0","0","0","idle","swing","knockdown","none","1","1","20","0","9"
"1","bot_learned_sequence","human","0","345","1","2","1","1","1","0","0","drain","pull","none","none","1","1","80","100","9"
"1","bot_learned_sequence","human","0","341","1","1","1","1","1","0","0","idle","pull","none","none","1","1","50","0","9"
"1","bot_learned_sequence","bot","1","8943","3","3","2","3","2","0","2","idle","pull","none","none","1","0","-1","0","9"
"1","bot_learned_sequence","bot","1","8607","3","3","1","2","1","0","2","drain","drain","none","none","1","0","0","300","9"
"1","bot_learned_sequence","bot","1","8671","3","3","1","3","1","0","2","swing","pull","none","none","1","0","30","700","9"
"1","bot_learned_sequence","bot","1","427","3","2","2","2","1","0","0","pull","grip","drain","none","1","0","-19","50","9"
"1","bot_learned_sequence","bot","1","471","3","1","1","3","1","0","0","idle","pull","none","none","1","0","0","0","9"
"1","bot_learned_sequence","bot","1","475","3","2","1","3","1","0","0","idle","pull","none","none","1","0","28","0","9"
"1","bot_learned_sequence","bot","1","459","3","2","0","3","1","0","0","drain","pull","none","none","1","0","8","50","9"
"1","bot_learned_sequence","bot","1","327","3","1","0","1","1","0","0","grip","push","none","none","1","0","0","150","9"
"1","bot_learned_sequence","bot","1","727","3","1","1","3","2","0","0","jump","pull","none","none","1","0","0","50","9"
"1","bot_learned_sequence","bot","1","411","3","2","1","2","1","0","0","drain","drain","none","none","1","0","0","350","9"
"1","bot_learned_sequence","bot","1","491","3","2","2","3","1","0","0","swing","swing","none","none","1","0","-30","200","9"
"1","bot_learned_sequence","bot","1","442","2","2","3","2","1","0","0","pull","pull","none","none","1","0","20","550","9"
"1","bot_learned_sequence","bot","1","502","2","1","3","3","1","0","0","knockdown","drain","none","none","1","0","20","700","9"
"1","bot_learned_sequence","bot","1","347","3","2","1","1","1","0","0","idle","pull","none","none","1","0","20","0","9"
"1","bot_learned_sequence","bot","1","470","2","1","1","3","1","0","0","idle","drain","none","none","1","0","-80","0","9"
"1","bot_learned_sequence","human","0","2543","3","3","2","3","1","2","0","pull","grip","none","none","1","1","8","150","9"
"1","bot_learned_sequence","human","0","2287","3","3","2","3","0","2","0","idle","jump","none","none","1","1","21","0","9"
"1","bot_learned_sequence","human","0","255","3","3","3","3","0","0","0","idle","pull","jump","none","1","1","20","0","9"
"1","bot_learned_sequence","human","0","251","3","2","3","3","0","0","0","push","pull","none","none","1","1","0","0","9"
"1","bot_learned_sequence","human","0","251","3","2","3","3","0","0","0","idle","jump","none","none","1","1","50","0","9"
"1","bot_learned_sequence","human","0","167","3","1","2","2","0","0","0","idle","jump","none","none","1","1","0","0","9"
"1","bot_learned_sequence","bot","1","254","2","3","3","3","0","0","0","pull","push","none","none","1","0","0","0","9"
"1","bot_learned_sequence","bot","1","254","2","3","3","3","0","0","0","jump","drain","none","none","1","0","-50","150","9"
"1","bot_learned_sequence","bot","1","397","1","3","0","2","1","0","0","idle","push","none","none","1","0","0","0","9"
"1","bot_learned_sequence","bot","1","173","1","3","2","2","0","0","0","jump","push","none","none","1","0","-16","450","9"
"1","bot_learned_sequence","bot","1","430","2","3","2","2","1","0","0","jump","pull","none","none","1","1","-81","500","9"
"1","bot_learned_sequence","bot","1","365","1","3","2","1","1","0","0","pull","drain","none","none","1","1","20","600","9"
"1","bot_learned_sequence","bot","1","301","1","3","2","0","1","0","0","idle","pull","none","none","1","1","-21","0","9"
"1","bot_learned_sequence","bot","1","317","1","3","3","0","1","0","0","jump","pull","none","none","1","1","0","500","9"
"1","bot_learned_sequence","bot","1","381","1","3","3","1","1","0","0","idle","pull","none","none","1","1","-10","0","9"
"1","bot_learned_sequence","bot","1","316","0","3","3","0","1","0","0","knockdown","drain","pull","none","1","1","20","700","9"
"1","bot_learned_sequence","bot","1","313","1","2","3","0","1","0","0","idle","drain","none","none","1","1","0","0","9"
"1","bot_learned_sequence","bot","1","57","1","2","3","0","0","0","0","idle","swing","none","none","1","1","-20","0","9"
"1","bot_learned_sequence","bot","1","440","0","2","3","2","1","0","0","jump","drain","none","none","1","1","-20","350","9"
"1","bot_learned_sequence","bot","1","297","1","2","2","0","1","0","0","jump","drain","swing","none","1","1","-20","600","9"
"1","bot_learned_sequence","human","0","151","3","1","1","2","0","0","0","idle","pull","jump","none","1","0","0","0","9"
"1","bot_learned_sequence","human","0","7","3","1","0","0","0","0","0","idle","jump","none","none","1","0","-20","0","9"
"1","bot_learned_sequence","human","0","199","3","1","0","3","0","0","0","pull","jump","none","none","1","0","1","600","9"
"1","bot_learned_sequence","human","0","455","3","1","0","3","1","0","0","idle","jump","none","none","1","0","0","0","9"
"1","bot_learned_sequence","human","0","214","2","1","1","3","0","0","0","swing","swing","jump","none","1","0","20","200","9"
"1","bot_learned_sequence","human","0","103","3","1","2","1","0","0","0","pull","drain","none","none","1","1","0","550","9"
"1","bot_learned_sequence","human","0","167","3","1","2","2","0","0","0","idle","pull","none","none","1","1","20","0","9"
"1","bot_learned_sequence","human","0","471","3","1","1","3","1","0","0","pull","drain","pull","jump","1","1","20","600","9"
"1","bot_learned_sequence","human","0","643","3","0","0","2","2","0","0","idle","jump","none","none","1","1","0","0","9"
"1","bot_learned_sequence","bot","1","495","3","3","2","3","1","0","0","drain","pull","none","none","1","0","-61","100","9"
"1","bot_learned_sequence","bot","1","413","1","3","1","2","1","0","0","pull","pull","none","none","1","0","0","600","9"
"1","bot_learned_sequence","bot","1","173","1","3","2","2","0","0","0","pull","drain","none","none","1","0","-40","100","9"
"1","bot_learned_sequence","bot","1","45","1","3","2","0","0","0","0","jump","swing","pull","none","1","0","0","200","9"
"1","bot_learned_sequence","bot","1","285","1","3","1","0","1","0","0","pull","drain","knockdown","none","1","0","-20","300","9"
"1","bot_learned_sequence","bot","1","572","0","3","3","0","2","0","0","jump","drain","pull","push","1","0","0","450","9"
"1","bot_learned_sequence","human","0","8607","3","3","1","2","1","0","2","drain","pull","jump","none","1","1","48","300","9"
"1","bot_learned_sequence","human","0","2287","3","3","2","3","0","2","0","swing","swing","none","none","1","1","29","400","9"
"1","bot_learned_sequence","human","0","491","3","2","2","3","1","0","0","idle","pull","jump","pull","1","1","49","0","9"
"1","bot_learned_sequence","human","0","335","3","3","0","1","1","0","0","idle","swing","swing","none","1","1","27","0","9"
"1","bot_learned_sequence","human","0","75","3","2","0","1","0","0","0","swing","jump","none","none","1","1","-24","300","9"
"1","bot_learned_sequence","human","0","91","3","2","1","1","0","0","0","grip","drain","none","none","1","1","-22","300","9"
"1","bot_learned_sequence","human","0","2139","3","2","1","1","0","2","0","swing","swing","swing","swing","1","1","60","450","9"
"1","bot_learned_sequence","human","0","2215","3","1","2","2","0","2","0","swing","swing","pull","jump","1","1","50","250","9"
"1","bot_learned_sequence","human","0","227","3","0","2","3","0","0","0","idle","push","jump","none","1","1","0","0","9"
"1","bot_learned_sequence","human","0","34","2","0","2","0","0","0","0","pull","drain","none","none","1","1","-20","200","9"
"1","bot_learned_sequence","human","0","530","2","0","1","0","2","0","0","drain","drain","none","none","1","1","0","100","9"
"1","bot_learned_sequence","human","0","354","2","0","2","1","1","0","0","idle","jump","drain","knockdown","1","1","-21","0","9"
"1","bot_learned_sequence","human","0","754","2","0","3","3","2","0","0","idle","jump","none","none","1","1","0","0","9"
"1","bot_learned_sequence","human","0","8386","2","0","0","3","0","0","2","drain","jump","swing","swing","1","1","20","200","9"
"1","bot_learned_sequence","human","0","10690","2","0","0","3","1","2","2","idle","swing","none","none","1","1","17","0","9"
"1","bot_learned_sequence","human","0","10690","2","0","0","3","1","2","2","drain","swing","jump","none","1","1","17","350","9"
"1","bot_learned_sequence","bot","4","127","3","3","3","1","0","0","0","idle","swing","none","none","1","0","-29","0","9"
"1","bot_learned_sequence","bot","4","126","2","3","3","1","0","0","0","pull","drain","jump","drain","1","0","-30","50","9"
"1","bot_learned_sequence","bot","4","8222","2","3","1","0","0","0","2","swing","swing","none","none","1","0","24","200","9"
"1","bot_learned_sequence","bot","4","94","2","3","1","1","0","0","0","jump","grip","none","none","1","0","24","450","9"
"1","bot_learned_sequence","bot","4","8366","2","3","2","2","0","0","2","swing","swing","none","none","1","0","-60","50","9"
"1","bot_learned_sequence","bot","4","1452","0","3","2","2","1","1","0","jump","pull","push","none","1","0","-20","600","9"
"1","bot_learned_sequence","bot","4","444","0","3","3","2","1","0","0","jump","drain","none","none","1","0","-20","450","9"
"1","bot_learned_sequence","bot","4","301","1","3","2","0","1","0","0","jump","drain","none","none","1","0","-8","450","9"
"1","bot_learned_sequence","bot","4","285","1","3","1","0","1","0","0","idle","grip","none","none","1","0","-6","0","9"
"1","bot_learned_sequence","bot","4","296","0","2","2","0","1","0","0","idle","drain","pull","none","1","0","0","0","9"
"1","bot_learned_sequence","bot","4","392","0","2","0","2","1","0","0","idle","pull","none","none","1","0","20","0","9"
"1","bot_learned_sequence","bot","4","580","0","1","0","1","2","0","0","idle","drain","none","none","1","0","0","0","9"
"1","bot_learned_sequence","bot","4","2360","0","2","3","0","1","2","0","idle","drain","none","none","1","0","-50","0","9"
"1","bot_learned_sequence","bot","4","10552","0","2","3","0","1","2","2","swing","drain","none","none","1","0","-17","50","9"
"1","bot_learned_sequence","human","0","2267","3","2","1","3","0","2","0","idle","jump","none","none","1","1","12","0","9"
"1","bot_learned_sequence","human","0","235","3","2","2","3","0","0","0","idle","pull","none","none","1","1","12","0","9"
"1","bot_learned_sequence","human","0","447","3","3","3","2","1","0","0","jump","jump","none","none","1","1","0","200","9"
"1","bot_learned_sequence","human","0","2267","3","2","1","3","0","2","0","drain","swing","swing","none","1","1","-2","150","9"
"1","bot_learned_sequence","human","0","91","3","2","1","1","0","0","0","idle","pull","none","none","1","1","0","0","9"
"1","bot_learned_sequence","human","0","91","3","2","1","1","0","0","0","jump","jump","drain","jump","1","1","0","100","9"
"1","bot_learned_sequence","human","0","362","2","2","2","1","1","0","0","idle","drain","pull","jump","1","1","20","0","9"
"1","bot_learned_sequence","human","0","406","2","1","1","2","1","0","0","swing","drain","pull","none","1","1","0","500","9"
"1","bot_learned_sequence","human","0","135","3","1","0","2","0","0","0","jump","jump","pull","none","1","1","0","0","9"
"1","bot_learned_sequence","human","0","602","2","2","1","1","2","0","0","drain","drain","none","none","1","1","0","150","9"
"1","bot_learned_sequence","human","0","698","2","2","3","2","2","0","0","idle","jump","none","none","1","1","0","0","9"
"1","bot_learned_sequence","human","0","714","2","2","0","3","2","0","0","idle","pull","none","none","1","1","49","0","9"
"1","bot_learned_sequence","human","0","198","2","1","0","3","0","0","0","idle","swing","swing","none","1","1","20","0","9"
"1","bot_learned_sequence","human","0","198","2","1","0","3","0","0","0","idle","jump","none","none","1","1","0","0","9"
"1","bot_learned_sequence","human","0","710","2","1","0","3","2","0","0","idle","jump","none","none","1","1","0","0","9"
"1","bot_learned_sequence","human","0","214","2","1","1","3","0","0","0","swing","pull","jump","none","1","1","20","500","9"
"1","bot_learned_sequence","human","0","342","2","1","1","1","1","0","0","idle","swing","jump","none","1","1","20","0","9"
"1","bot_learned_sequence","human","0","210","2","0","1","3","0","0","0","idle","jump","none","none","1","1","40","0","9"
"1","bot_learned_sequence","bot","4","8703","3","3","3","3","1","0","2","swing","pull","none","none","1","0","20","250","9"
"1","bot_learned_sequence","bot","4","8703","3","3","3","3","1","0","2","idle","jump","jump","none","1","0","0","0","9"
"1","bot_learned_sequence","bot","4","751","3","3","2","3","2","0","0","idle","jump","none","none","1","0","0","0","9"
"1","bot_learned_sequence","bot","4","767","3","3","3","3","2","0","0","jump","pull","pull","none","1","0","0","450","9"
"1","bot_learned_sequence","bot","4","190","2","3","3","2","0","0","0","idle","drain","none","none","1","0","2","0","9"
"1","bot_learned_sequence","bot","4","94","2","3","1","1","0","0","0","pull","jump","none","none","1","0","0","50","9"
"1","bot_learned_sequence","bot","4","542","2","3","1","0","2","0","0","idle","pull","none","none","1","0","10","0","9"
"1","bot_learned_sequence","bot","4","1294","2","3","0","0","1","1","0","drain","pull","none","none","1","0","10","100","9"
"1","bot_learned_sequence","bot","4","26","2","2","1","0","0","0","0","pull","drain","pull","none","1","0","20","50","9"
"1","bot_learned_sequence","bot","4","282","2","2","1","0","1","0","0","idle","drain","pull","none","1","0","20","0","9"
"1","bot_learned_sequence","bot","4","2330","2","2","1","0","1","2","0","jump","drain","none","none","1","0","-20","550","9"
"1","bot_learned_sequence","bot","4","361","1","2","2","1","1","0","0","idle","swing","none","none","1","0","-20","0","9"
"1","bot_learned_sequence","bot","4","45","1","3","2","0","0","0","0","jump","jump","none","none","1","0","0","0","9"
"1","bot_learned_sequence","bot","4","285","1","3","1","0","1","0","0","pull","pull","none","none","1","0","20","550","9"
"1","bot_learned_sequence","bot","4","330","2","2","0","1","1","0","0","idle","pull","drain","none","1","0","20","0","9"
"1","bot_learned_sequence","bot","4","58","2","2","3","0","0","0","0","pull","drain","knockdown","none","1","0","-19","650","9"
"1","bot_learned_sequence","bot","4","57","1","2","3","0","0","0","0","idle","drain","none","none","1","0","0","0","9"
"1","bot_learned_sequence","bot","4","297","1","2","2","0","1","0","0","jump","pull","none","none","1","0","-20","650","9"
"1","bot_learned_sequence","bot","4","377","1","2","3","1","1","0","0","jump","drain","none","none","1","0","0","500","9"
"1","bot_learned_sequence","bot","4","1448","0","2","2","2","1","1","0","idle","pull","push","none","1","0","-40","0","9"
"1","bot_learned_sequence","human","0","10751","3","3","3","3","1","2","2","swing","swing","swing","none","1","1","-78","300","9"
"1","bot_learned_sequence","human","0","430","2","3","2","2","1","0","0","idle","drain","none","none","1","1","-50","0","9"
"1","bot_learned_sequence","human","0","301","1","3","2","0","1","0","0","jump","swing","drain","swing","1","1","0","200","9"
"1","bot_learned_sequence","human","0","8254","2","3","3","0","0","0","2","swing","jump","none","none","1","1","10","400","9"
"1","bot_learned_sequence","human","0","61","1","3","3","0","0","0","0","jump","drain","none","none","1","1","0","150","9"
"1","bot_learned_sequence","human","0","318","2","3","3","0","1","0","0","swing","swing","none","none","1","1","0","0","9"
"1","bot_learned_sequence","human","0","8317","1","3","3","1","0","0","2","swing","jump","drain","none","1","1","0","250","9"
"1","bot_learned_sequence","human","0","46","2","3","2","0","0","0","0","jump","swing","swing","none","1","1","19","300","9"
"1","bot_learned_sequence","human","0","62","2","3","3","0","0","0","0","idle","pull","pull","none","1","1","69","0","9"
"1","bot_learned_sequence","human","0","366","2","3","2","1","1","0","0","idle","pull","none","none","1","1","30","0","9"
"1","bot_learned_sequence","human","0","169","1","2","2","2","0","0","0","drain","jump","pull","none","1","1","0","200","9"
"1","bot_learned_sequence","human","0","345","1","2","1","1","1","0","0","jump","drain","none","none","1","1","0","500","9"
"1","bot_learned_sequence","human","0","281","1","2","1","0","1","0","0","idle","swing","none","none","1","1","0","0","9"
"1","bot_learned_sequence","human","0","362","2","2","2","1","1","0","0","swing","drain","swing","none","1","1","0","550","9"
"1","bot_learned_sequence","human","0","8357","1","1","2","2","0","0","2","swing","swing","none","none","1","1","-29","250","9"
"1","bot_learned_sequence","human","0","8357","1","1","2","2","0","0","2","swing","jump","none","none","1","1","-29","150","9"
"1","bot_learned_sequence","human","0","26","2","2","1","0","0","0","0","drain","swing","none","none","1","1","-10","550","9"
"1","bot_learned_sequence","human","0","8282","2","2","1","1","0","0","2","swing","swing","none","none","1","1","-10","0","9"
"1","bot_learned_sequence","human","0","8281","1","2","1","1","0","0","2","swing","drain","none","none","1","1","20","400","9"
"1","bot_learned_sequence","human","0","393","1","2","0","2","1","0","0","idle","pull","none","none","1","1","-21","0","9"
"1","bot_learned_sequence","human","0","137","1","2","0","2","0","0","0","jump","pull","none","none","1","1","-21","150","9"
"1","bot_learned_sequence","human","0","73","1","2","0","1","0","0","0","pull","swing","none","none","1","1","-10","100","9"
"1","bot_learned_sequence","human","0","329","1","2","0","1","1","0","0","idle","jump","none","none","1","1","11","0","9"
"1","bot_learned_sequence","human","0","372","0","1","3","1","1","0","0","idle","drain","jump","drain","1","1","0","0","9"
"1","bot_learned_sequence","human","0","5","1","1","0","0","0","0","0","knockdown","pull","drain","none","1","1","0","0","9"
"1","bot_learned_sequence","human","0","341","1","1","1","1","1","0","0","idle","drain","pull","jump","1","1","40","0","9"
"1","bot_learned_sequence","human","0","578","2","0","0","1","2","0","0","drain","pull","none","none","1","1","0","50","9"
"1","bot_learned_sequence","human","0","322","2","0","0","1","1","0","0","idle","push","none","none","1","1","0","0","9"
"1","bot_learned_sequence","human","0","155","3","2","1","2","0","0","0","idle","pull","swing","none","1","0","-3","0","9"
"1","bot_learned_sequence","human","0","187","3","2","3","2","0","0","0","idle","pull","jump","pull","1","0","20","0","9"
"1","bot_learned_sequence","human","0","2395","3","2","1","1","1","2","0","drain","swing","swing","none","1","0","19","400","9"
"1","bot_learned_sequence","human","0","2139","3","2","1","1","0","2","0","swing","swing","swing","jump","1","0","19","100","9"
"1","bot_learned_sequence","human","0","71","3","1","0","1","0","0","0","swing","jump","none","none","1","0","0","100","9"
"1","bot_learned_sequence","human","0","10379","3","2","0","2","0","2","2","swing","swing","none","none","1","0","20","100","9"
"1","bot_learned_sequence","human","0","459","3","2","0","3","1","0","0","swing","swing","swing","none","1","0","0","0","9"
"1","bot_learned_sequence","human","0","139","3","2","0","2","0","0","0","drain","jump","none","none","1","0","-19","700","9"
"1","bot_learned_sequence","human","0","2218","2","2","2","2","0","2","0","idle","jump","none","none","1","0","0","0","9"
"1","bot_learned_sequence","human","0","438","2","1","3","2","1","0","0","pull","drain","none","none","1","0","0","50","9"
"1","bot_learned_sequence","human","0","326","2","1","0","1","1","0","0","pull","pull","jump","none","1","0","20","700","9"
"1","bot_learned_sequence","human","0","326","2","1","0","1","1","0","0","swing","swing","swing","none","1","0","0","100","9"
"1","bot_learned_sequence","human","0","330","2","2","0","1","1","0","0","swing","drain","swing","swing","1","0","-10","550","9"
"1","bot_learned_sequence","human","0","2213","1","1","2","2","0","2","0","swing","swing","none","none","1","0","29","50","9"
"1","bot_learned_sequence","human","0","165","1","1","2","2","0","0","0","jump","jump","none","none","1","0","29","200","9"
"1","bot_learned_sequence","human","0","89","1","2","1","1","0","0","0","drain","drain","none","none","1","0","9","350","9"
"1","bot_learned_sequence","human","0","2138","2","2","1","1","0","2","0","swing","swing","swing","none","1","0","10","0","9"
"1","bot_learned_sequence","human","0","22","2","1","1","0","0","0","0","drain","jump","drain","none","1","0","-20","250","9"
"1","bot_learned_sequence","human","0","38","2","1","2","0","0","0","0","pull","jump","none","none","1","0","21","550","9"
"1","bot_learned_sequence","human","0","310","2","1","3","0","1","0","0","pull","drain","pull","none","1","0","21","300","9"
"1","bot_learned_sequence","human","0","22","2","1","1","0","0","0","0","swing","jump","pull","none","1","0","9","50","9"
"1","bot_learned_sequence","human","0","278","2","1","1","0","1","0","0","jump","drain","pull","none","1","0","-11","50","9"
"1","bot_learned_sequence","human","0","577","1","0","0","1","2","0","0","idle","push","none","none","1","0","0","0","9"
"1","bot_learned_sequence","human","0","536","0","2","1","0","2","0","0","idle","drain","none","none","1","0","0","0","9"
"1","bot_learned_sequence","human","0","360","0","2","2","1","1","0","0","idle","jump","push","drain","1","0","21","0","9"
"1","bot_learned_sequence","human","0","21","1","1","1","0","0","0","0","knockdown","jump","none","none","1","0","0","0","9"
"1","bot_learned_sequence","human","0","293","1","1","2","0","1","0","0","idle","swing","drain","none","1","0","-41","0","9"
"1","bot_learned_sequence","human","0","8687","3","3","2","3","1","0","2","swing","pull","jump","none","1","1","100","0","9"
"1","bot_learned_sequence","human","0","463","3","3","0","3","1","0","0","drain","pull","jump","none","1","1","49","50","9"
"1","bot_learned_sequence","human","0","395","3","2","0","2","1","0","0","jump","pull","jump","pull","1","1","19","650","9"
"1","bot_learned_sequence","human","0","587","3","2","0","1","2","0","0","idle","swing","none","none","1","1","0","0","9"
"1","bot_learned_sequence","human","0","219","3","2","1","3","0","0","0","jump","swing","none","none","1","1","50","650","9"
"1","bot_learned_sequence","human","0","8411","3","2","1","3","0","0","2","swing","swing","none","none","1","1","50","250","9"
"1","bot_learned_sequence","human","0","8395","3","2","0","3","0","0","2","swing","pull","jump","pull","1","1","50","100","9"
"1","bot_learned_sequence","human","0","406","2","1","1","2","1","0","0","pull","drain","none","none","1","1","11","50","9"
"1","bot_learned_sequence","human","0","386","2","0","0","2","1","0","0","jump","pull","none","none","1","1","1","150","9"
"1","bot_learned_sequence","human","0","338","2","0","1","1","1","0","0","jump","drain","jump","none","1","1","40","500","9"
"1","bot_learned_sequence","human","0","2239","3","3","3","2","0","2","0","pull","swing","jump","drain","1","0","-30","100","9"
"1","bot_learned_sequence","human","0","286","2","3","1","0","1","0","0","jump","pull","jump","none","1","0","1","450","9"
"1","bot_learned_sequence","human","0","302","2","3","2","0","1","0","0","jump","swing","none","none","1","0","0","300","9"
"1","bot_learned_sequence","human","0","318","2","3","3","0","1","0","0","pull","jump","drain","none","1","0","0","0","9"
"1","bot_learned_sequence","human","0","558","2","3","2","0","2","0","0","swing","jump","none","none","1","0","-50","350","9"
"1","bot_learned_sequence","human","0","2174","2","3","3","1","0","2","0","swing","swing","none","none","1","0","-50","50","9"
"1","bot_learned_sequence","human","0","2109","1","3","3","0","0","2","0","jump","swing","drain","none","1","0","0","50","9"
"1","bot_learned_sequence","human","0","62","2","3","3","0","0","0","0","swing","drain","none","none","1","0","-10","200","9"
"1","bot_learned_sequence","human","0","2094","2","3","2","0","0","2","0","swing","swing","swing","none","1","0","20","500","9"
"1","bot_learned_sequence","human","0","2366","2","3","3","0","1","2","0","swing","swing","swing","jump","1","0","20","50","9"
"1","bot_learned_sequence","human","0","25","1","2","1","0","0","0","0","drain","jump","none","none","1","0","-41","300","9"
"1","bot_learned_sequence","human","0","296","0","2","2","0","1","0","0","pull","swing","jump","none","1","0","-1","450","9"
"1","bot_learned_sequence","human","0","41","1","2","2","0","0","0","0","pull","drain","pull","jump","1","0","-1","150","9"
"1","bot_learned_sequence","human","0","8","0","2","0","0","0","0","0","knockdown","jump","drain","jump","1","0","0","0","9"
"1","bot_learned_sequence","human","0","511","3","3","3","3","1","0","0","idle","swing","pull","jump","1","1","1","0","9"
"1","bot_learned_sequence","human","0","143","3","3","0","2","0","0","0","idle","swing","swing","swing","1","1","59","0","9"
"1","bot_learned_sequence","human","0","321","1","0","0","1","1","0","0","swing","pull","none","none","1","1","16","100","9"
"1","bot_learned_sequence","human","0","127","3","3","3","1","0","0","0","pull","drain","none","none","1","0","-59","300","9"
"1","bot_learned_sequence","human","0","285","1","3","1","0","1","0","0","swing","pull","none","none","1","0","20","650","9"
"1","bot_learned_sequence","human","0","269","1","3","0","0","1","0","0","idle","pull","jump","none","1","0","4","0","9"
"1","bot_learned_sequence","human","0","276","0","1","1","0","1","0","0","idle","swing","none","none","1","0","-16","0","9"
"1","bot_learned_sequence","human","0","751","3","3","2","3","2","0","0","idle","jump","push","none","1","1","50","0","9"
"1","bot_learned_sequence","human","0","459","3","2","0","3","1","0","0","jump","pull","swing","none","1","1","-20","100","9"
"1","bot_learned_sequence","human","0","459","3","2","0","3","1","0","0","drain","swing","swing","swing","1","1","0","50","9"
"1","bot_learned_sequence","human","0","2443","3","2","0","2","1","2","0","swing","swing","none","none","1","1","-50","150","9"
"1","bot_learned_sequence","human","0","155","3","2","1","2","0","0","0","pull","drain","knockdown","none","1","1","-51","50","9"
"1","bot_learned_sequence","human","0","154","2","2","1","2","0","0","0","jump","pull","jump","none","1","1","-1","200","9"
"1","bot_learned_sequence","human","0","6","2","1","0","0","0","0","0","pull","pull","pull","jump","1","1","-31","250","9"
"1","bot_learned_sequence","human","0","528","0","0","1","0","2","0","0","jump","drain","jump","drain","1","1","0","450","9"
"1","bot_learned_sequence","human","0","289","1","0","2","0","1","0","0","idle","drain","pull","jump","1","1","0","0","9"
"1","bot_learned_sequence","human","0","703","3","3","3","2","2","0","0","push","jump","push","none","1","0","-80","500","9"
"1","bot_learned_sequence","human","0","126","2","3","3","1","0","0","0","push","jump","jump","none","1","0","20","350","9"
"1","bot_learned_sequence","human","0","318","2","3","3","0","1","0","0","swing","drain","none","none","1","0","0","250","9"
"1","bot_learned_sequence","human","0","8494","2","3","2","0","1","0","2","swing","swing","none","none","1","0","50","150","9"
"1","bot_learned_sequence","human","0","10542","2","3","2","0","1","2","2","swing","swing","jump","pull","1","0","50","150","9"
"1","bot_learned_sequence","human","0","394","2","2","0","2","1","0","0","idle","pull","none","none","1","0","31","0","9"
"1","bot_learned_sequence","human","0","2186","2","2","0","2","0","2","0","drain","swing","swing","none","1","0","-20","350","9"
"1","bot_learned_sequence","human","0","2202","2","2","1","2","0","2","0","swing","swing","swing","jump","1","0","-30","0","9"
"1","bot_learned_sequence","human","0","329","1","2","0","1","1","0","0","jump","pull","none","none","1","0","31","650","9"
"1","bot_learned_sequence","human","0","281","1","2","1","0","1","0","0","pull","drain","jump","drain","1","0","-20","450","9"
"1","bot_learned_sequence","human","0","447","3","3","3","2","1","0","0","idle","jump","pull","jump","1","1","-20","0","9"
"1","bot_learned_sequence","human","0","127","3","3","3","1","0","0","0","pull","swing","none","none","1","1","0","150","9"
"1","bot_learned_sequence","human","0","2815","3","3","3","3","2","2","0","idle","kick","kick","none","1","1","0","0","9"
"1","bot_learned_sequence","human","0","767","3","3","3","3","2","0","0","idle","swing","swing","none","1","1","0","0","9"
"1","bot_learned_sequence","human","0","255","3","3","3","3","0","0","0","jump","swing","jump","none","1","1","20","400","9"
"1","bot_learned_sequence","human","0","411","3","2","1","2","1","0","0","idle","pull","jump","pull","1","1","50","0","9"
"1","bot_learned_sequence","human","0","151","3","1","1","2","0","0","0","knockdown","pull","none","none","1","1","0","0","9"
"1","bot_learned_sequence","human","0","455","3","1","0","3","1","0","0","drain","pull","jump","swing","1","1","0","50","9"
"1","bot_learned_sequence","human","0","8411","3","2","1","3","0","0","2","swing","pull","jump","pull","1","1","80","50","9"
"1","bot_learned_sequence","human","0","8387","3","0","0","3","0","0","2","knockdown","jump","pull","none","1","1","30","0","9"
"1","bot_learned_sequence","human","0","3","3","0","0","0","0","0","0","idle","swing","jump","none","1","1","18","0","9"
"1","bot_learned_sequence","human","0","415","3","3","1","2","1","0","0","jump","pull","jump","pull","1","0","50","700","9"
"1","bot_learned_sequence","human","0","735","3","3","1","3","2","0","0","idle","jump","none","none","1","0","0","0","9"
"1","bot_learned_sequence","human","0","239","3","3","2","3","0","0","0","jump","pull","none","none","1","0","-20","100","9"
"1","bot_learned_sequence","human","0","366","2","3","2","1","1","0","0","swing","swing","swing","swing","1","0","-50","500","9"
"1","bot_learned_sequence","human","0","255","3","3","3","3","0","0","0","jump","swing","swing","none","1","1","-10","150","9"
"1","bot_learned_sequence","human","0","191","3","3","3","2","0","0","0","pull","jump","none","none","1","1","69","500","9"
"1","bot_learned_sequence","human","0","191","3","3","3","2","0","0","0","jump","pull","pull","none","1","1","49","0","9"
"1","bot_learned_sequence","human","0","335","3","3","0","1","1","0","0","swing","swing","none","none","1","1","-50","0","9"
"1","bot_learned_sequence","human","0","8270","2","3","0","1","0","0","2","swing","swing","jump","none","1","1","-50","0","9"
"1","bot_learned_sequence","human","0","414","2","3","1","2","1","0","0","jump","drain","none","none","1","1","-30","400","9"
"1","bot_learned_sequence","human","0","301","1","3","2","0","1","0","0","idle","drain","none","none","1","1","-20","0","9"
"1","bot_learned_sequence","human","0","8222","2","3","1","0","0","0","2","swing","swing","none","none","1","1","-21","200","9"
"1","bot_learned_sequence","human","0","94","2","3","1","1","0","0","0","jump","pull","knockdown","none","1","1","-21","0","9"
"1","bot_learned_sequence","human","0","365","1","3","2","1","1","0","0","idle","drain","none","none","1","1","9","0","9"
"1","bot_learned_sequence","human","0","286","2","3","1","0","1","0","0","idle","grip","none","none","1","1","18","0","9"
"1","bot_learned_sequence","human","0","74","2","2","0","1","0","0","0","pull","jump","grip","none","1","1","58","350","9"
"1","bot_learned_sequence","human","0","703","3","3","3","2","2","0","0","jump","jump","none","none","1","0","30","50","9"
"1","bot_learned_sequence","human","0","175","3","3","2","2","0","0","0","pull","jump","drain","none","1","0","-49","50","9"
"1","bot_learned_sequence","human","0","2075","3","2","1","0","0","2","0","swing","swing","none","none","1","0","50","0","9"
"1","bot_learned_sequence","human","0","107","3","2","2","1","0","0","0","jump","jump","none","none","1","0","50","50","9"
"1","bot_learned_sequence","human","0","267","3","2","0","0","1","0","0","drain","pull","none","none","1","0","30","650","9"
"1","bot_learned_sequence","human","0","2123","3","2","0","1","0","2","0","swing","swing","none","none","1","0","20","100","9"
"1","bot_learned_sequence","human","0","91","3","2","1","1","0","0","0","pull","jump","none","none","1","0","21","0","9"
"1","bot_learned_sequence","human","0","407","3","1","1","2","1","0","0","drain","push","none","none","1","0","-11","50","9"
"1","bot_learned_sequence","human","0","26","2","2","1","0","0","0","0","grip","pull","knockdown","none","1","0","-63","350","9"
"1","bot_learned_sequence","human","0","191","3","3","3","2","0","0","0","jump","swing","none","none","1","1","50","100","9"
"1","bot_learned_sequence","human","0","351","3","3","1","1","1","0","0","drain","pull","jump","pull","1","1","76","300","9"
"1","bot_learned_sequence","human","0","95","3","3","1","1","0","0","0","knockdown","pull","pull","none","1","1","26","0","9"
"1","bot_learned_sequence","human","0","263","3","1","0","0","1","0","0","drain","jump","kick","none","1","1","0","400","9"
"1","bot_learned_sequence","human","0","2071","3","1","1","0","0","2","0","jump","jump","swing","none","1","1","-31","600","9"
"1","bot_learned_sequence","human","0","326","2","1","0","1","1","0","0","pull","jump","none","none","1","1","11","0","9"
"1","bot_learned_sequence","human","0","495","3","3","2","3","1","0","0","swing","drain","none","none","1","0","-78","600","9"
"1","bot_learned_sequence","human","0","287","3","3","1","0","1","0","0","pull","grip","none","none","1","0","-24","100","9"
"1","bot_learned_sequence","human","0","302","2","3","2","0","1","0","0","jump","drain","none","none","1","0","-50","700","9"
"1","bot_learned_sequence","human","0","2318","2","3","0","0","1","2","0","swing","swing","swing","swing","1","0","-50","100","9"
"1","bot_learned_sequence","human","0","2349","1","3","2","0","1","2","0","jump","swing","jump","drain","1","0","0","250","9"
"1","bot_learned_sequence","human","0","10509","1","3","0","0","1","2","2","kick","kick","none","none","1","0","0","150","9"
"1","bot_learned_sequence","human","0","8205","1","3","0","0","0","0","2","idle","jump","none","none","1","0","-19","0","9"
"1","bot_learned_sequence","human","0","10349","1","3","2","1","0","2","2","idle","swing","swing","jump","1","0","20","0","9"
"1","bot_learned_sequence","human","0","281","1","2","1","0","1","0","0","jump","pull","knockdown","none","1","0","-11","0","9"
"1","bot_learned_sequence","human","0","319","3","3","3","0","1","0","0","pull","swing","swing","swing","1","1","20","50","9"
"1","bot_learned_sequence","human","0","8558","2","3","2","1","1","0","2","swing","pull","jump","pull","1","1","78","0","9"
"1","bot_learned_sequence","human","0","8366","2","3","2","2","0","0","2","knockdown","jump","pull","pull","1","1","28","0","9"
"1","bot_learned_sequence","human","0","90","2","2","1","1","0","0","0","idle","pull","none","none","1","1","0","0","9"
"1","bot_learned_sequence","human","0","698","2","2","3","2","2","0","0","jump","jump","none","none","1","1","-28","400","9"
"1","bot_learned_sequence","human","0","2414","2","3","2","1","1","2","0","drain","kick","none","none","1","1","-24","300","9"
"1","bot_learned_sequence","human","0","10430","2","3","3","2","0","2","2","swing","kick","none","none","1","1","-28","50","9"
"1","bot_learned_sequence","human","0","189","1","3","3","2","0","0","0","grip","swing","knockdown","pull","1","1","-4","50","9"
"1","bot_learned_sequence","human","0","381","1","3","3","1","1","0","0","idle","pull","drain","none","1","1","20","0","9"
"1","bot_learned_sequence","human","0","174","2","3","2","2","0","0","0","swing","pull","none","none","1","1","49","300","9"
"1","bot_learned_sequence","human","0","8602","2","2","1","2","1","0","2","kick","pull","none","none","1","1","49","150","9"
"1","bot_learned_sequence","human","0","5","1","1","0","0","0","0","0","pull","swing","jump","none","1","1","-20","100","9"
"1","bot_learned_sequence","human","0","2069","1","1","1","0","0","2","0","jump","jump","knockdown","none","1","1","0","0","9"
"1","bot_learned_sequence","human","0","2309","1","1","0","0","1","2","0","pull","drain","none","none","1","1","-20","0","9"
"1","bot_learned_sequence","human","0","2644","0","1","1","1","2","2","0","idle","drain","none","none","1","1","0","0","9"
"1","bot_learned_sequence","human","0","2389","1","1","1","1","1","2","0","jump","jump","none","none","1","1","20","700","9"
"1","bot_learned_sequence","human","0","2389","1","1","1","1","1","2","0","jump","drain","none","none","1","1","20","100","9"
"1","bot_learned_sequence","human","0","10245","1","1","0","0","0","2","2","swing","jump","none","none","1","1","0","50","9"
"1","bot_learned_sequence","human","0","10581","1","1","1","1","1","2","2","idle","drain","none","none","1","1","0","0","9"
"1","bot_learned_sequence","human","0","2070","2","1","1","0","0","2","0","jump","drain","pull","jump","1","1","20","50","9"
"1","bot_learned_sequence","human","0","338","2","0","1","1","1","0","0","idle","drain","swing","none","1","1","0","0","9"
"1","bot_learned_sequence","human","0","338","2","0","1","1","1","0","0","idle","pull","jump","pull","1","1","39","0","9"
"1","bot_learned_sequence","human","0","10751","3","3","3","3","1","2","2","swing","jump","pull","none","1","0","29","450","9"
"1","bot_learned_sequence","human","0","479","3","3","1","3","1","0","0","idle","pull","pull","none","1","0","60","0","9"
"1","bot_learned_sequence","human","0","2459","3","2","1","2","1","2","0","pull","swing","none","none","1","0","-78","0","9"
"1","bot_learned_sequence","human","0","106","2","2","2","1","0","0","0","pull","grip","none","none","1","0","4","300","9"
"1","bot_learned_sequence","human","0","682","2","2","2","2","2","0","0","idle","jump","none","none","1","0","0","0","9"
"1","bot_learned_sequence","human","0","746","2","2","2","3","2","0","0","jump","drain","none","none","1","0","24","350","9"
"1","bot_learned_sequence","human","0","10395","3","2","1","2","0","2","2","kick","swing","swing","none","1","0","28","700","9"
"1","bot_learned_sequence","human","0","10475","3","2","2","3","0","2","2","kick","swing","knockdown","grip","1","0","30","250","9"
"1","bot_learned_sequence","human","0","235","3","2","2","3","0","0","0","drain","swing","none","none","1","0","-49","500","9"
"1","bot_learned_sequence","human","0","2219","3","2","2","2","0","2","0","pull","swing","kick","none","1","0","-49","50","9"
"1","bot_learned_sequence","human","0","2410","2","2","2","1","1","2","0","pull","pull","drain","none","1","0","-49","50","9"
"1","bot_learned_sequence","human","0","5","1","1","0","0","0","0","0","idle","pull","jump","none","1","0","0","0","9"
"1","bot_learned_sequence","human","0","8261","1","1","0","1","0","0","2","jump","jump","drain","none","1","0","0","0","9"
"1","bot_learned_sequence","human","0","8597","1","1","1","2","1","0","2","idle","drain","none","none","1","0","20","0","9"
"1","bot_learned_sequence","human","0","8517","1","1","0","1","1","0","2","drain","pull","jump","pull","1","0","20","0","9"
"1","bot_learned_sequence","human","0","8529","1","0","1","1","1","0","2","idle","drain","none","none","1","0","0","0","9"
"1","bot_learned_sequence","human","0","8453","1","1","0","0","1","0","2","drain","jump","none","none","1","0","-20","550","9"
"1","bot_learned_sequence","human","0","8533","1","1","1","1","1","0","2","jump","jump","none","none","1","0","-20","250","9"
"1","bot_learned_sequence","human","0","10245","1","1","0","0","0","2","2","drain","swing","none","none","1","0","-20","650","9"
"1","bot_learned_sequence","human","0","10501","1","1","0","0","1","2","2","jump","swing","none","none","1","0","0","250","9"
"1","bot_learned_sequence","human","0","8521","1","2","0","1","1","0","2","idle","drain","jump","none","1","0","-20","0","9"
"1","bot_learned_sequence","human","0","411","3","2","1","2","1","0","0","grip","pull","none","none","1","1","71","700","9"
"1","bot_learned_sequence","human","0","219","3","2","1","3","0","0","0","jump","pull","pull","none","1","1","70","50","9"
"1","bot_learned_sequence","human","0","451","3","0","0","3","1","0","0","idle","jump","none","none","1","1","-20","0","9"
"1","bot_learned_sequence","human","0","387","3","0","0","2","1","0","0","idle","jump","none","none","1","1","0","0","9"
"1","bot_learned_sequence","human","0","71","3","1","0","1","0","0","0","jump","swing","jump","none","1","1","-20","0","9"
"1","bot_learned_sequence","human","0","70","2","1","0","1","0","0","0","drain","jump","swing","none","1","1","-20","350","9"
"1","bot_learned_sequence","human","0","326","2","1","0","1","1","0","0","jump","drain","none","none","1","1","-20","650","9"
"1","bot_learned_sequence","human","0","261","1","1","0","0","1","0","0","jump","drain","push","none","1","1","0","650","9"
"1","bot_learned_sequence","human","0","597","1","1","1","1","2","0","0","jump","drain","none","none","1","1","-30","500","9"
"1","bot_learned_sequence","human","0","437","1","1","3","2","1","0","0","idle","drain","none","none","1","1","20","0","9"
"1","bot_learned_sequence","human","0","38","2","1","2","0","0","0","0","idle","swing","none","none","1","1","20","0","9"
"1","bot_learned_sequence","human","0","8306","2","0","3","1","0","0","2","knockdown","jump","none","none","1","1","0","0","9"
"1","bot_learned_sequence","human","0","438","2","1","3","2","1","0","0","drain","drain","none","none","1","1","-20","0","9"
"1","bot_learned_sequence","human","0","23","3","1","1","0","0","0","0","idle","swing","swing","none","1","1","10","0","9"
"1","bot_learned_sequence","human","0","6","2","1","0","0","0","0","0","drain","pull","jump","none","1","1","30","0","9"
"1","bot_learned_sequence","human","0","450","2","0","0","3","1","0","0","jump","swing","none","none","1","1","0","50","9"
"1","bot_learned_sequence","human","0","706","2","0","0","3","2","0","0","jump","jump","none","none","1","1","0","0","9"
"1","bot_learned_sequence","human","0","129","1","0","0","2","0","0","0","drain","jump","swing","swing","1","1","0","650","9"
"1","bot_learned_sequence","human","0","261","1","1","0","0","1","0","0","pull","swing","none","none","1","1","50","0","9"
"1","bot_learned_sequence","human","0","69","1","1","0","1","0","0","0","jump","jump","none","none","1","1","50","250","9"
"1","bot_learned_sequence","human","0","65","1","0","0","1","0","0","0","idle","swing","none","none","1","1","14","0","9"
"1","bot_learned_sequence","human","0","2559","3","3","3","3","1","2","0","idle","jump","swing","swing","1","0","0","0","9"
"1","bot_learned_sequence","human","0","8431","3","3","2","3","0","0","2","idle","pull","jump","pull","1","0","-2","0","9"
"1","bot_learned_sequence","human","0","190","2","3","3","2","0","0","0","pull","jump","none","none","1","0","-70","700","9"
"1","bot_learned_sequence","human","0","268","0","3","0","0","1","0","0","swing","pull","jump","pull","1","0","20","550","9"
"1","bot_learned_sequence","human","0","316","0","3","3","0","1","0","0","jump","drain","pull","none","1","0","0","600","9"
"1","bot_learned_sequence","human","0","29","1","3","1","0","0","0","0","swing","jump","none","none","1","0","20","0","9"
"1","bot_learned_sequence","human","0","45","1","3","2","0","0","0","0","idle","pull","jump","drain","1","0","40","0","9"
"1","bot_learned_sequence","human","0","25","1","2","1","0","0","0","0","swing","pull","jump","none","1","0","40","600","9"
"1","bot_learned_sequence","human","0","281","1","2","1","0","1","0","0","drain","drain","pull","jump","1","0","20","100","9"
"1","bot_learned_sequence","human","0","389","1","1","0","2","1","0","0","idle","pull","knockdown","none","1","0","-20","0","9"
"1","bot_learned_sequence","human","0","2521","1","2","1","3","1","2","0","swing","swing","none","none","1","0","-20","550","9"
"1","bot_learned_sequence","human","0","489","1","2","2","3","1","0","0","drain","drain","none","none","1","0","20","0","9"
"1","bot_learned_sequence","human","0","24","0","2","1","0","0","0","0","jump","jump","none","none","1","0","-10","700","9"
"1","bot_learned_sequence","human","0","312","0","2","3","0","1","0","0","idle","jump","none","none","1","0","0","0","9"
"1","bot_learned_sequence","human","0","56","0","2","3","0","0","0","0","swing","drain","none","none","1","0","0","50","9"
"1","bot_learned_sequence","human","0","568","0","2","3","0","2","0","0","jump","jump","pull","drain","1","0","0","0","9"
"1","bot_learned_sequence","human","0","8564","0","1","3","1","1","0","2","swing","drain","pull","none","1","0","0","200","9"
"1","bot_learned_sequence","human","0","8485","1","1","2","0","1","0","2","idle","drain","none","none","1","0","-20","0","9"
"1","bot_learned_sequence","human","0","261","1","1","0","0","1","0","0","swing","pull","jump","none","1","0","-50","0","9"
"1","bot_learned_sequence","human","0","767","3","3","3","3","2","0","0","jump","jump","swing","swing","1","1","-20","250","9"
"1","bot_learned_sequence","human","0","8442","2","2","3","3","0","0","2","swing","pull","none","none","1","1","0","200","9"
"1","bot_learned_sequence","human","0","746","2","2","2","3","2","0","0","jump","push","none","none","1","1","30","50","9"
"1","bot_learned_sequence","human","0","730","2","2","1","3","2","0","0","idle","push","none","none","1","1","30","0","9"
"1","bot_learned_sequence","human","0","325","1","1","0","1","1","0","0","idle","pull","jump","drain","1","1","20","0","9"
"1","bot_learned_sequence","human","0","133","1","1","0","2","0","0","0","jump","pull","none","none","1","1","1","200","9"
"1","bot_learned_sequence","human","0","65","1","0","0","1","0","0","0","drain","jump","pull","none","1","1","-19","50","9"
"1","bot_learned_sequence","human","0","577","1","0","0","1","2","0","0","drain","jump","none","none","1","1","39","650","9"
"1","bot_learned_sequence","human","0","129","1","0","0","2","0","0","0","drain","swing","none","none","1","1","9","0","9"
"1","bot_learned_sequence","human","0","2558","2","3","3","3","1","2","0","swing","swing","none","none","1","0","30","450","9"
"1","bot_learned_sequence","human","0","2298","2","2","3","3","0","2","0","pull","swing","none","none","1","0","0","100","9"
"1","bot_learned_sequence","human","0","762","2","2","3","3","2","0","0","idle","jump","none","none","1","0","-30","0","9"
"1","bot_learned_sequence","human","0","698","2","2","3","2","2","0","0","push","jump","none","none","1","0","-30","700","9"
"1","bot_learned_sequence","human","0","618","2","2","2","1","2","0","0","idle","pull","none","none","1","0","-30","0","9"
"1","bot_learned_sequence","human","0","313","1","2","3","0","1","0","0","idle","drain","none","none","1","0","50","0","9"
"1","bot_learned_sequence","human","0","277","1","1","1","0","1","0","0","pull","jump","none","none","1","0","-1","500","9"
"1","bot_learned_sequence","human","0","21","1","1","1","0","0","0","0","pull","drain","none","none","1","0","-1","100","9"
"1","bot_learned_sequence","human","0","532","0","1","1","0","2","0","0","drain","jump","none","none","1","0","-30","550","9"
"1","bot_learned_sequence","human","0","532","0","1","1","0","2","0","0","idle","pull","jump","none","1","0","-9","0","9"
"1","bot_learned_sequence","human","0","36","0","1","2","0","0","0","0","swing","drain","none","none","1","0","-9","0","9"
"1","bot_learned_sequence","human","0","335","3","3","0","1","1","0","0","drain","pull","none","none","1","1","0","150","9"
"1","bot_learned_sequence","human","0","335","3","3","0","1","1","0","0","idle","swing","none","none","1","1","0","0","9"
"1","bot_learned_sequence","human","0","8623","3","3","2","2","1","0","2","idle","swing","none","none","1","1","40","0","9"
"1","bot_learned_sequence","human","0","8431","3","3","2","3","0","0","2","swing","swing","none","none","1","1","40","100","9"
"1","bot_learned_sequence","human","0","455","3","1","0","3","1","0","0","drain","swing","none","none","1","1","40","0","9"
"1","bot_learned_sequence","human","0","135","3","1","0","2","0","0","0","pull","swing","none","none","1","1","40","200","9"
"1","bot_learned_sequence","human","0","387","3","0","0","2","1","0","0","jump","pull","jump","none","1","1","20","650","9"
"1","bot_learned_sequence","human","0","131","3","0","0","2","0","0","0","drain","pull","swing","none","1","1","0","0","9"
"1","bot_learned_sequence","human","0","323","3","0","0","1","1","0","0","jump","swing","swing","none","1","1","20","0","9"
"1","bot_learned_sequence","human","0","8455","3","1","0","0","1","0","2","swing","pull","jump","pull","1","1","20","200","9"
"1","bot_learned_sequence","human","0","8259","3","0","0","1","0","0","2","knockdown","pull","none","none","1","1","21","0","9"
"1","bot_learned_sequence","human","0","8835","3","0","0","2","2","0","2","idle","pull","none","none","1","1","21","0","9"
"1","bot_learned_sequence","human","0","8687","3","3","2","3","1","0","2","kick","pull","jump","none","1","0","-10","250","9"
"1","bot_learned_sequence","human","0","2399","3","3","1","1","1","2","0","swing","swing","none","none","1","0","0","250","9"
"1","bot_learned_sequence","human","0","255","3","3","3","3","0","0","0","swing","swing","swing","swing","1","0","-72","50","9"
"1","bot_learned_sequence","human","0","63","3","3","3","0","0","0","0","pull","drain","none","none","1","0","-80","200","9"
"1","bot_learned_sequence","human","0","317","1","3","3","0","1","0","0","swing","drain","pull","none","1","0","-40","0","9"
"1","bot_learned_sequence","human","0","44","0","3","2","0","0","0","0","swing","jump","none","none","1","0","-20","100","9"
"1","bot_learned_sequence","human","0","44","0","3","2","0","0","0","0","pull","drain","none","none","1","0","0","0","9"
"1","bot_learned_sequence","human","0","284","0","3","1","0","1","0","0","swing","jump","none","none","1","0","-20","0","9"
"1","bot_learned_sequence","human","0","348","0","3","1","1","1","0","0","swing","drain","swing","none","1","0","-20","100","9"
"1","bot_learned_sequence","human","0","175","3","3","2","2","0","0","0","knockdown","jump","pull","none","1","1","27","0","9"
"1","bot_learned_sequence","human","0","385","1","0","0","2","1","0","0","idle","swing","none","none","1","1","-50","0","9"
"1","bot_learned_sequence","human","0","337","1","0","1","1","1","0","0","pull","swing","knockdown","none","1","1","-50","200","9"
"1","bot_learned_sequence","human","0","16","0","0","1","0","0","0","0","idle","jump","none","none","1","1","18","0","9"
"1","bot_learned_sequence","human","0","11007","3","3","3","3","2","2","2","swing","swing","jump","none","1","0","0","600","9"
"1","bot_learned_sequence","human","0","366","2","3","2","1","1","0","0","idle","jump","none","none","1","0","-40","0","9"
"1","bot_learned_sequence","human","0","2174","2","3","3","1","0","2","0","pull","swing","swing","swing","1","0","0","450","9"
"1","bot_learned_sequence","human","0","2105","1","2","3","0","0","2","0","pull","swing","pull","jump","1","0","0","200","9"
"1","bot_learned_sequence","human","0","276","0","1","1","0","1","0","0","swing","pull","none","none","1","0","50","150","9"
"1","bot_learned_sequence","human","0","191","3","3","3","2","0","0","0","jump","swing","swing","swing","1","1","-60","400","9"
"1","bot_learned_sequence","human","0","8445","1","3","3","3","0","0","2","swing","jump","none","none","1","1","20","250","9"
"1","bot_learned_sequence","human","0","8685","1","3","2","3","1","0","2","swing","pull","none","none","1","1","50","400","9"
"1","bot_learned_sequence","human","0","56","0","2","3","0","0","0","0","jump","jump","drain","none","1","1","-30","300","9"
"1","bot_learned_sequence","human","0","280","0","2","1","0","1","0","0","idle","push","none","none","1","1","0","0","9"
"1","bot_learned_sequence","human","0","616","0","2","2","1","2","0","0","jump","drain","none","none","1","1","0","500","9"
"1","bot_learned_sequence","human","0","569","1","2","3","0","2","0","0","jump","drain","none","none","1","1","20","500","9"
"1","bot_learned_sequence","human","0","57","1","2","3","0","0","0","0","idle","jump","none","none","1","1","2","0","9"
"1","bot_learned_sequence","human","0","344","0","2","1","1","1","0","0","pull","grip","none","none","1","1","2","350","9"
"1","bot_learned_sequence","human","0","344","0","2","1","1","1","0","0","pull","drain","none","none","1","1","0","450","9"
"1","bot_learned_sequence","human","0","41","1","2","2","0","0","0","0","idle","jump","drain","none","1","1","20","0","9"
"1","bot_learned_sequence","human","0","9","1","2","0","0","0","0","0","jump","pull","none","none","1","1","40","450","9"
"1","bot_learned_sequence","human","0","8197","1","1","0","0","0","0","2","kick","jump","pull","drain","1","1","20","0","9"
"1","bot_learned_sequence","human","0","453","1","1","0","3","1","0","0","idle","push","jump","push","1","1","2","0","9"
"1","bot_learned_sequence","human","0","2815","3","3","3","3","2","2","0","jump","jump","none","none","1","0","0","450","9"
"1","bot_learned_sequence","human","0","2295","3","1","3","3","0","2","0","jump","swing","swing","none","1","0","-50","100","9"
"1","bot_learned_sequence","human","0","298","2","2","2","0","1","0","0","idle","drain","jump","drain","1","0","20","0","9"
"1","bot_learned_sequence","human","0","7","3","1","0","0","0","0","0","knockdown","jump","pull","none","1","0","31","0","9"
"1","bot_learned_sequence","human","0","327","3","1","0","1","1","0","0","idle","push","none","none","1","0","10","0","9"
"1","bot_learned_sequence","human","0","455","3","1","0","3","1","0","0","idle","pull","jump","none","1","0","40","0","9"
"1","bot_learned_sequence","human","0","386","2","0","0","2","1","0","0","drain","jump","none","none","1","0","0","600","9"
"1","bot_learned_sequence","human","0","658","2","0","1","2","2","0","0","idle","jump","none","none","1","0","0","0","9"
"1","bot_learned_sequence","human","0","194","2","0","0","3","0","0","0","idle","pull","jump","none","1","0","-1","0","9"
"1","bot_learned_sequence","human","0","454","2","1","0","3","1","0","0","idle","pull","jump","pull","1","0","18","0","9"
"1","bot_learned_sequence","human","0","66","2","0","0","1","0","0","0","grip","pull","none","none","1","0","0","500","9"
"1","bot_learned_sequence","human","0","326","2","1","0","1","1","0","0","drain","jump","none","none","1","0","-20","350","9"
"1","bot_learned_sequence","human","0","2053","1","1","0","0","0","2","0","jump","kick","none","none","1","0","-20","0","9"
"1","bot_learned_sequence","human","0","5","1","1","0","0","0","0","0","pull","drain","none","none","1","0","-20","350","9"
"1","bot_learned_sequence","human","0","175","3","3","2","2","0","0","0","jump","pull","pull","none","1","1","77","350","9"
"1","bot_learned_sequence","human","0","459","3","2","0","3","1","0","0","drain","push","none","none","1","1","0","200","9"
"1","bot_learned_sequence","human","0","203","3","2","0","3","0","0","0","swing","swing","none","none","1","1","0","250","9"
"1","bot_learned_sequence","human","0","426","2","2","2","2","1","0","0","idle","grip","none","none","1","1","-18","0","9"
"1","bot_learned_sequence","human","0","362","2","2","2","1","1","0","0","jump","pull","jump","drain","1","1","60","150","9"
"1","bot_learned_sequence","human","0","8630","2","1","3","2","1","0","2","idle","drain","swing","swing","1","1","75","0","9"
"1","bot_learned_sequence","human","0","11007","3","3","3","3","2","2","2","swing","jump","swing","pull","1","0","0","600","9"
"1","bot_learned_sequence","human","0","62","2","3","3","0","0","0","0","jump","drain","none","none","1","0","0","300","9"
"1","bot_learned_sequence","human","0","302","2","3","2","0","1","0","0","idle","swing","none","none","1","0","0","0","9"
"1","bot_learned_sequence","human","0","2110","2","3","3","0","0","2","0","swing","swing","swing","swing","1","0","0","50","9"
"1","bot_learned_sequence","human","0","2238","2","3","3","2","0","2","0","swing","swing","swing","pull","1","0","50","250","9"
"1","bot_learned_sequence","human","0","426","2","2","2","2","1","0","0","grip","pull","none","none","1","0","20","150","9"
"1","bot_learned_sequence","human","0","474","2","2","1","3","1","0","0","drain","jump","none","none","1","0","-20","450","9"
"1","bot_learned_sequence","human","0","2815","3","3","3","3","2","2","0","idle","jump","swing","swing","1","1","-30","0","9"
"1","bot_learned_sequence","human","0","8431","3","3","2","3","0","0","2","swing","grip","jump","grip","1","1","24","100","9"
"1","bot_learned_sequence","human","0","27","3","2","1","0","0","0","0","jump","drain","pull","none","1","1","7","100","9"
"1","bot_learned_sequence","human","0","767","3","3","3","3","2","0","0","idle","swing","swing","jump","1","0","0","0","9"
"1","bot_learned_sequence","human","0","127","3","3","3","1","0","0","0","grip","drain","none","none","1","0","-24","650","9"
"1","bot_learned_sequence","human","0","15","3","3","0","0","0","0","0","idle","pull","knockdown","none","1","0","-69","0","9"
"1","bot_learned_sequence","human","0","2382","2","3","0","1","1","2","0","idle","jump","swing","none","1","1","-50","0","9"
"1","bot_learned_sequence","human","0","605","1","3","1","1","2","0","0","idle","drain","push","jump","1","1","0","0","9"
"1","bot_learned_sequence","human","0","477","1","3","1","3","1","0","0","drain","drain","jump","none","1","1","20","0","9"
"1","bot_learned_sequence","human","0","585","1","2","0","1","2","0","0","jump","push","none","none","1","1","0","400","9"
"1","bot_learned_sequence","human","0","537","1","2","1","0","2","0","0","jump","jump","swing","swing","1","1","50","100","9"
"1","bot_learned_sequence","human","0","41","1","2","2","0","0","0","0","jump","pull","none","none","1","1","50","300","9"
"1","bot_learned_sequence","human","0","629","1","1","3","1","2","0","0","idle","drain","jump","none","1","1","0","0","9"
"1","bot_learned_sequence","human","0","566","2","1","3","0","2","0","0","push","drain","none","none","1","1","0","400","9"
"1","bot_learned_sequence","human","0","266","2","2","0","0","1","0","0","drain","jump","none","none","1","1","20","500","9"
"1","bot_learned_sequence","human","0","6","2","1","0","0","0","0","0","jump","swing","none","none","1","1","20","0","9"
"1","bot_learned_sequence","human","0","341","1","1","1","1","1","0","0","pull","jump","swing","none","1","1","0","550","9"
"1","bot_learned_sequence","human","0","677","1","1","2","2","2","0","0","jump","drain","none","none","1","1","0","350","9"
"1","bot_learned_sequence","human","0","262","2","1","0","0","1","0","0","drain","jump","swing","swing","1","1","0","300","9"
"1","bot_learned_sequence","human","0","5","1","1","0","0","0","0","0","jump","swing","swing","none","1","1","-19","100","9"
"1","bot_learned_sequence","human","0","329","1","2","0","1","1","0","0","drain","swing","none","none","1","1","-19","150","9"
"1","bot_learned_sequence","human","0","281","1","2","1","0","1","0","0","pull","swing","none","none","1","1","10","550","9"
"1","bot_learned_sequence","human","0","537","1","2","1","0","2","0","0","drain","drain","none","none","1","1","10","400","9"
"1","bot_learned_sequence","human","0","2329","1","2","1","0","1","2","0","idle","swing","swing","drain","1","1","-30","0","9"
"1","bot_learned_sequence","human","0","528","0","0","1","0","2","0","0","jump","drain","none","none","1","1","0","300","9"
"1","bot_learned_sequence","human","0","592","0","0","1","1","2","0","0","idle","drain","pull","jump","1","1","20","0","9"
"1","bot_learned_sequence","human","0","0","0","0","0","0","0","0","0","knockdown","jump","pull","none","1","1","18","0","9"
"1","bot_learned_sequence","human","0","366","2","3","2","1","1","0","0","idle","pull","jump","pull","1","0","50","0","9"
"1","bot_learned_sequence","human","0","8459","3","2","0","0","1","0","2","idle","pull","jump","none","1","0","50","0","9"
"1","bot_learned_sequence","human","0","327","3","1","0","1","1","0","0","drain","pull","none","none","1","0","30","100","9"
"1","bot_learned_sequence","human","0","375","3","1","3","1","1","0","0","jump","jump","none","none","1","0","-20","350","9"
"1","bot_learned_sequence","human","0","375","3","1","3","1","1","0","0","drain","drain","none","none","1","0","-20","0","9"
"1","bot_learned_sequence","human","0","582","2","1","0","1","2","0","0","idle","jump","none","none","1","0","-20","0","9"
"1","bot_learned_sequence","human","0","198","2","1","0","3","0","0","0","jump","jump","none","none","1","0","-50","400","9"
"1","bot_learned_sequence","human","0","393","1","2","0","2","1","0","0","jump","jump","push","none","1","0","0","100","9"
"1","bot_learned_sequence","human","0","617","1","2","2","1","2","0","0","idle","jump","none","none","1","0","0","0","9"
"1","bot_learned_sequence","human","0","569","1","2","3","0","2","0","0","push","jump","pull","jump","1","0","0","700","9"
"1","bot_learned_sequence","human","0","10","2","2","0","0","0","0","0","jump","pull","none","none","1","0","-20","650","9"
"1","bot_learned_sequence","human","0","677","1","1","2","2","2","0","0","swing","jump","none","none","1","0","0","300","9"
"1","bot_learned_sequence","human","0","281","1","2","1","0","1","0","0","drain","jump","drain","none","1","0","0","600","9"
"1","bot_learned_sequence","human","0","41","1","2","2","0","0","0","0","pull","jump","drain","none","1","0","20","100","9"
"1","bot_learned_sequence","human","0","9","1","2","0","0","0","0","0","jump","pull","jump","pull","1","0","39","700","9"
"1","bot_learned_sequence","human","0","341","1","1","1","1","1","0","0","swing","drain","none","none","1","0","19","200","9"
"1","bot_learned_sequence","human","0","262","2","1","0","0","1","0","0","swing","pull","jump","pull","1","0","19","550","9"
"1","bot_learned_sequence","human","0","326","2","1","0","1","1","0","0","swing","drain","none","none","1","0","-10","300","9"
"1","bot_learned_sequence","human","0","511","3","3","3","3","1","0","0","jump","swing","swing","none","1","1","-29","400","9"
"1","bot_learned_sequence","human","0","8687","3","3","2","3","1","0","2","swing","jump","pull","none","1","1","-30","150","9"
"1","bot_learned_sequence","human","0","2190","2","3","0","2","0","2","0","drain","swing","swing","none","1","1","0","450","9"
"1","bot_learned_sequence","human","0","8414","2","3","1","3","0","0","2","swing","drain","none","none","1","1","-50","100","9"
"1","bot_learned_sequence","human","0","222","2","3","1","3","0","0","0","jump","swing","swing","none","1","1","19","50","9"
"1","bot_learned_sequence","human","0","174","2","3","2","2","0","0","0","pull","swing","none","none","1","1","19","100","9"
"1","bot_learned_sequence","human","0","414","2","3","1","2","1","0","0","jump","pull","jump","none","1","1","49","150","9"
"1","bot_learned_sequence","human","0","365","1","3","2","1","1","0","0","pull","drain","none","none","1","1","0","700","9"
"1","bot_learned_sequence","human","0","62","2","3","3","0","0","0","0","pull","swing","pull","jump","1","1","80","200","9"
"1","bot_learned_sequence","human","0","42","2","2","2","0","0","0","0","jump","drain","jump","drain","1","1","40","0","9"
"1","bot_learned_sequence","human","0","262","2","1","0","0","1","0","0","jump","pull","none","none","1","1","50","200","9"
"1","bot_learned_sequence","human","0","130","2","0","0","2","0","0","0","idle","swing","none","none","1","1","14","0","9"
"1","bot_learned_sequence","human","0","129","1","0","0","2","0","0","0","drain","pull","none","none","1","1","34","150","9"
"1","bot_learned_sequence","human","0","447","3","3","3","2","1","0","0","idle","jump","none","none","1","0","29","0","9"
"1","bot_learned_sequence","human","0","2171","3","2","3","1","0","2","0","pull","swing","swing","jump","1","0","30","100","9"
"1","bot_learned_sequence","human","0","2367","3","3","3","0","1","2","0","drain","swing","jump","none","1","0","50","200","9"
"1","bot_learned_sequence","human","0","427","3","2","2","2","1","0","0","swing","pull","none","none","1","0","-19","600","9"
"1","bot_learned_sequence","human","0","2155","3","2","2","1","0","2","0","jump","swing","drain","jump","1","0","0","150","9"
"1","bot_learned_sequence","human","0","343","3","1","1","1","1","0","0","drain","jump","none","none","1","0","0","150","9"
"1","bot_learned_sequence","human","0","667","3","2","1","2","2","0","0","drain","pull","none","none","1","0","1","150","9"
"1","bot_learned_sequence","human","0","459","3","2","0","3","1","0","0","swing","pull","none","none","1","0","-49","100","9"
"1","bot_learned_sequence","human","0","265","1","2","0","0","1","0","0","drain","jump","none","none","1","0","-50","700","9"
"1","bot_learned_sequence","human","0","2168","0","2","3","1","0","2","0","swing","jump","drain","none","1","0","-14","450","9"
"1","bot_learned_sequence","human","0","2239","3","3","3","2","0","2","0","jump","jump","pull","none","1","1","30","250","9"
"1","bot_learned_sequence","human","0","254","2","3","3","3","0","0","0","jump","jump","pull","none","1","1","101","50","9"
"1","bot_learned_sequence","human","0","410","2","2","1","2","1","0","0","drain","pull","jump","none","1","1","80","100","9"
"1","bot_learned_sequence","human","0","10306","2","0","0","1","0","2","2","swing","kick","none","none","1","1","-26","100","9"
"1","bot_learned_sequence","human","0","10305","1","0","0","1","0","2","2","jump","jump","pull","jump","1","1","24","0","9"
"1","bot_learned_sequence","human","0","511","3","3","3","3","1","0","0","idle","swing","jump","swing","1","0","0","0","9"
"1","bot_learned_sequence","human","0","511","3","3","3","3","1","0","0","idle","jump","swing","swing","1","0","0","0","9"
"1","bot_learned_sequence","human","0","511","3","3","3","3","1","0","0","idle","jump","swing","jump","1","0","0","0","9"
"1","bot_learned_sequence","human","0","767","3","3","3","3","2","0","0","swing","jump","pull","jump","1","0","0","500","9"
"1","bot_learned_sequence","human","0","2303","3","3","3","3","0","2","0","swing","swing","jump","none","1","0","-31","150","9"
"1","bot_learned_sequence","human","0","297","1","2","2","0","1","0","0","idle","jump","drain","none","1","0","20","0","9"
"1","bot_learned_sequence","human","0","24","0","2","1","0","0","0","0","idle","swing","none","none","1","0","26","0","9"
"1","bot_learned_sequence","human","0","10260","0","1","1","0","0","2","2","jump","jump","none","none","1","0","-24","0","9"
"1","bot_learned_sequence","human","0","10751","3","3","3","3","1","2","2","idle","jump","swing","swing","1","1","0","0","9"
"1","bot_learned_sequence","human","0","8959","3","3","3","3","2","0","2","idle","jump","swing","swing","1","1","0","0","9"
"1","bot_learned_sequence","human","0","511","3","3","3","3","1","0","0","idle","jump","push","none","1","1","30","0","9"
"1","bot_learned_sequence","human","0","447","3","3","3","2","1","0","0","push","jump","pull","none","1","1","60","600","9"
"1","bot_learned_sequence","human","0","155","3","2","1","2","0","0","0","pull","pull","none","none","1","1","0","250","9"
"1","bot_learned_sequence","human","0","2459","3","2","1","2","1","2","0","idle","swing","swing","none","1","1","0","0","9"
"1","bot_learned_sequence","human","0","2155","3","2","2","1","0","2","0","drain","swing","swing","none","1","1","0","450","9"
"1","bot_learned_sequence","human","0","427","3","2","2","2","1","0","0","swing","drain","swing","none","1","1","0","50","9"
"1","bot_learned_sequence","human","0","10491","3","2","3","3","0","2","2","swing","swing","none","none","1","1","80","250","9"
"1","bot_learned_sequence","human","0","215","3","1","1","3","0","0","0","swing","jump","none","none","1","1","40","50","9"
"1","bot_learned_sequence","human","0","10751","3","3","3","3","1","2","2","swing","pull","none","none","1","0","0","600","9"
"1","bot_learned_sequence","human","0","10751","3","3","3","3","1","2","2","idle","kick","kick","none","1","0","6","0","9"
"1","bot_learned_sequence","human","0","10751","3","3","3","3","1","2","2","idle","kick","kick","kick","1","0","0","0","9"
"1","bot_learned_sequence","human","0","11007","3","3","3","3","2","2","2","idle","kick","none","none","1","0","0","0","9"
"1","bot_learned_sequence","human","0","10430","2","3","3","2","0","2","2","swing","swing","jump","drain","1","0","0","200","9"
"1","bot_learned_sequence","human","0","8622","2","3","2","2","1","0","2","swing","swing","none","none","1","0","30","400","9"
"1","bot_learned_sequence","human","0","430","2","3","2","2","1","0","0","jump","swing","none","none","1","0","0","250","9"
"1","bot_learned_sequence","human","0","8445","1","3","3","3","0","0","2","swing","jump","drain","none","1","0","-50","250","9"
"1","bot_learned_sequence","human","0","125","1","3","3","1","0","0","0","pull","swing","none","none","1","0","-40","400","9"
"1","bot_learned_sequence","human","0","445","1","3","3","2","1","0","0","idle","jump","drain","none","1","0","-20","0","9"
"1","bot_learned_sequence","human","0","10751","3","3","3","3","1","2","2","jump","jump","none","none","1","1","-50","350","9"
"1","bot_learned_sequence","human","0","2174","2","3","3","1","0","2","0","jump","swing","jump","drain","1","1","0","100","9"
"1","bot_learned_sequence","human","0","2351","3","3","2","0","1","2","0","jump","kick","none","none","1","1","20","400","9"
"1","bot_learned_sequence","human","0","111","3","3","2","1","0","0","0","swing","jump","none","none","1","1","30","650","9"
"1","bot_learned_sequence","human","0","2299","3","2","3","3","0","2","0","swing","swing","none","none","1","1","10","200","9"
"1","bot_learned_sequence","human","0","251","3","2","3","3","0","0","0","jump","jump","pull","none","1","1","-20","0","9"
"1","bot_learned_sequence","human","0","491","3","2","2","3","1","0","0","drain","jump","none","none","1","1","-20","0","9"
"1","bot_learned_sequence","human","0","2383","3","3","0","1","1","2","0","drain","kick","jump","none","1","1","-30","550","9"
"1","bot_learned_sequence","human","0","4","0","1","0","0","0","0","0","idle","jump","drain","none","1","1","20","0","9"
"1","bot_learned_sequence","human","0","340","0","1","1","1","1","0","0","idle","drain","none","none","1","1","-1","0","9"
"1","bot_learned_sequence","human","0","256","0","0","0","0","1","0","0","idle","jump","push","jump","1","1","0","0","9"
"1","bot_learned_sequence","human","0","688","0","0","3","2","2","0","0","push","jump","none","none","1","1","0","650","9"
"1","bot_learned_sequence","human","0","656","0","0","1","2","2","0","0","idle","pull","none","none","1","1","0","0","9"
"1","bot_learned_sequence","human","0","672","0","0","2","2","2","0","0","idle","jump","drain","none","1","1","0","0","9"
"1","bot_learned_sequence","human","0","564","0","1","3","0","2","0","0","idle","jump","pull","none","1","1","0","0","9"
"1","bot_learned_sequence","human","0","293","1","1","2","0","1","0","0","jump","drain","none","none","1","1","0","500","9"
"1","bot_learned_sequence","human","0","550","2","1","2","0","2","0","0","idle","drain","jump","swing","1","1","0","0","9"
"1","bot_learned_sequence","human","0","2090","2","2","2","0","0","2","0","drain","swing","jump","none","1","1","30","100","9"
"1","bot_learned_sequence","human","0","342","2","1","1","1","1","0","0","idle","pull","jump","none","1","1","0","0","9"
"1","bot_learned_sequence","human","0","210","2","0","1","3","0","0","0","grip","jump","pull","none","1","1","18","0","9"
"1","bot_learned_sequence","human","0","146","2","0","1","2","0","0","0","knockdown","pull","none","none","1","1","0","0","9"
"1","bot_learned_sequence","human","0","210","2","0","1","3","0","0","0","idle","pull","jump","pull","1","1","38","0","9"
"1","bot_learned_sequence","human","0","210","2","0","1","3","0","0","0","knockdown","pull","none","none","1","1","18","0","9"
"1","bot_learned_sequence","human","0","415","3","3","1","2","1","0","0","idle","pull","jump","pull","1","0","50","0","9"
"1","bot_learned_sequence","human","0","8335","3","3","0","2","0","0","2","kick","swing","swing","none","1","0","-20","350","9"
"1","bot_learned_sequence","human","0","415","3","3","1","2","1","0","0","jump","swing","none","none","1","0","-30","200","9"
"1","bot_learned_sequence","human","0","254","2","3","3","3","0","0","0","jump","jump","none","none","1","0","20","0","9"
"1","bot_learned_sequence","human","0","446","2","3","3","2","1","0","0","jump","drain","pull","jump","1","0","20","0","9"
"1","bot_learned_sequence","human","0","266","2","2","0","0","1","0","0","jump","pull","jump","pull","1","0","10","500","9"
"1","bot_learned_sequence","human","0","278","2","1","1","0","1","0","0","idle","drain","none","none","1","0","-10","0","9"
"1","bot_learned_sequence","human","0","278","2","1","1","0","1","0","0","idle","pull","drain","pull","1","0","10","0","9"
"1","bot_learned_sequence","human","0","533","1","1","1","0","2","0","0","drain","drain","none","none","1","0","1","350","9"
"1","bot_learned_sequence","human","0","672","0","0","2","2","2","0","0","jump","push","none","none","1","0","0","300","9"
"1","bot_learned_sequence","human","0","736","0","0","2","3","2","0","0","jump","jump","jump","none","1","0","0","400","9"
"1","bot_learned_sequence","human","0","672","0","0","2","2","2","0","0","drain","drain","none","none","1","0","0","200","9"
"1","bot_learned_sequence","human","0","641","1","0","0","2","2","0","0","idle","push","none","none","1","0","0","0","9"
"1","bot_learned_sequence","human","0","5","1","1","0","0","0","0","0","idle","swing","swing","jump","1","0","0","0","9"
"1","bot_learned_sequence","human","0","485","1","1","2","3","1","0","0","idle","drain","none","none","1","0","0","0","9"
"1","bot_learned_sequence","human","0","325","1","1","0","1","1","0","0","idle","swing","swing","none","1","0","0","0","9"
"1","bot_learned_sequence","human","0","297","1","2","2","0","1","0","0","idle","drain","none","none","1","0","0","0","9"
"1","bot_learned_sequence","human","0","104","0","2","2","1","0","0","0","pull","grip","none","none","1","0","-18","0","9"
"1","bot_learned_sequence","human","0","376","0","2","3","1","1","0","0","idle","drain","none","none","1","0","-20","0","9"
"1","bot_learned_sequence","human","0","312","0","2","3","0","1","0","0","idle","drain","none","none","1","0","-18","0","9"
"1","bot_learned_sequence","human","0","9727","3","3","3","3","1","1","2","swing","swing","none","none","1","1","-30","200","9"
"1","bot_learned_sequence","human","0","9471","3","3","3","3","0","1","2","swing","jump","none","none","1","1","-16","500","9"
"1","bot_learned_sequence","human","0","1215","3","3","3","2","0","1","0","jump","swing","none","none","1","1","14","550","9"
"1","bot_learned_sequence","human","0","1471","3","3","3","2","1","1","0","idle","drain","jump","drain","1","1","0","0","9"
"1","bot_learned_sequence","human","0","9663","3","3","3","2","1","1","2","swing","swing","none","none","1","1","-49","150","9"
"1","bot_learned_sequence","human","0","1086","2","3","3","0","0","1","0","idle","jump","none","none","1","1","-9","0","9"
"1","bot_learned_sequence","human","0","1342","2","3","3","0","1","1","0","drain","swing","jump","none","1","1","-30","500","9"
"1","bot_learned_sequence","human","0","1085","1","3","3","0","0","1","0","pull","swing","jump","none","1","1","20","150","9"
"1","bot_learned_sequence","human","0","1405","1","3","3","1","1","1","0","idle","drain","none","none","1","1","35","0","9"
"1","bot_learned_sequence","human","0","1149","1","3","3","1","0","1","0","idle","swing","none","none","1","1","6","0","9"
"1","bot_learned_sequence","human","0","1461","1","1","3","2","1","1","0","idle","jump","none","none","1","1","-59","0","9"
"1","bot_learned_sequence","human","0","52","0","1","3","0","0","0","0","pull","drain","none","none","1","1","-30","200","9"
"1","bot_learned_sequence","human","0","356","0","1","2","1","1","0","0","jump","drain","pull","none","1","1","20","550","9"
"1","bot_learned_sequence","human","0","261","1","1","0","0","1","0","0","idle","drain","jump","none","1","1","50","0","9"
"1","bot_learned_sequence","human","0","353","1","0","2","1","1","0","0","idle","drain","none","none","1","1","0","0","9"
"1","bot_learned_sequence","human","0","6655","3","3","3","3","1","2","1","swing","swing","none","none","1","0","30","100","9"
"1","bot_learned_sequence","human","0","4319","3","3","1","3","0","0","1","idle","swing","swing","none","1","0","40","0","9"
"1","bot_learned_sequence","human","0","4319","3","3","1","3","0","0","1","swing","pull","jump","pull","1","0","49","700","9"
"1","bot_learned_sequence","human","0","4299","3","2","0","3","0","0","1","jump","pull","none","none","1","0","-21","50","9"
"1","bot_learned_sequence","human","0","4571","3","2","1","3","1","0","1","idle","jump","drain","none","1","0","30","0","9"
"1","bot_learned_sequence","human","0","4555","3","2","0","3","1","0","1","idle","pull","none","none","1","0","10","0","9"
"1","bot_learned_sequence","human","0","4311","3","1","1","3","0","0","1","jump","swing","knockdown","none","1","0","-20","50","9"
"1","bot_learned_sequence","human","0","4567","3","1","1","3","1","0","1","drain","drain","none","none","1","0","-35","350","9"
"1","bot_learned_sequence","human","0","4549","1","1","0","3","1","0","1","jump","pull","none","none","1","0","59","150","9"
"1","bot_learned_sequence","human","0","5","1","1","0","0","0","0","0","jump","swing","swing","jump","1","0","30","0","9"
"1","bot_learned_sequence","human","0","511","3","3","3","3","1","0","0","swing","swing","jump","none","1","1","0","0","9"
"1","bot_learned_sequence","human","0","2303","3","3","3","3","0","2","0","swing","swing","jump","pull","1","1","0","200","9"
"1","bot_learned_sequence","human","0","4335","3","3","2","3","0","0","1","idle","pull","none","none","1","1","70","0","9"
"1","bot_learned_sequence","human","0","4319","3","3","1","3","0","0","1","jump","pull","jump","pull","1","1","50","100","9"
"1","bot_learned_sequence","human","0","4559","3","3","0","3","1","0","1","idle","pull","none","none","1","1","0","0","9"
"1","bot_learned_sequence","human","0","4303","3","3","0","3","0","0","1","swing","jump","none","none","1","1","0","100","9"
"1","bot_learned_sequence","human","0","4495","3","3","0","2","1","0","1","drain","pull","none","none","1","1","30","350","9"
"1","bot_learned_sequence","human","0","4571","3","2","1","3","1","0","1","jump","jump","none","none","1","1","0","250","9"
"1","bot_learned_sequence","human","0","6651","3","2","3","3","1","2","1","idle","swing","none","none","1","1","0","0","9"
"1","bot_learned_sequence","human","0","6395","3","2","3","3","0","2","1","jump","swing","swing","swing","1","1","0","0","9"
"1","bot_learned_sequence","human","0","6395","3","2","3","3","0","2","1","jump","swing","drain","none","1","1","0","200","9"
"1","bot_learned_sequence","human","0","479","3","3","1","3","1","0","0","swing","grip","none","none","1","1","-18","200","9"
"1","bot_learned_sequence","human","0","2287","3","3","2","3","0","2","0","pull","swing","swing","jump","1","1","0","50","9"
"1","bot_learned_sequence","human","0","431","3","3","2","2","1","0","0","jump","drain","none","none","1","1","50","350","9"
"1","bot_learned_sequence","human","0","495","3","3","2","3","1","0","0","swing","pull","jump","pull","1","1","20","450","9"
"1","bot_learned_sequence","human","0","2395","3","2","1","1","1","2","0","swing","swing","swing","none","1","1","-74","550","9"
"1","bot_learned_sequence","human","0","6491","3","2","1","1","1","2","1","jump","swing","swing","none","1","1","-74","0","9"
"1","bot_learned_sequence","human","0","6571","3","2","2","2","1","2","1","swing","swing","none","none","1","1","-24","100","9"
"1","bot_learned_sequence","human","0","4586","2","2","2","3","1","0","1","idle","pull","none","none","1","1","80","0","9"
"1","bot_learned_sequence","human","0","2049","1","0","0","0","0","2","0","drain","kick","none","none","1","1","0","450","9"
"1","bot_learned_sequence","human","0","2305","1","0","0","0","1","2","0","drain","swing","none","none","1","1","-30","550","9"
"1","bot_learned_sequence","human","0","2049","1","0","0","0","0","2","0","jump","swing","jump","none","1","1","-30","50","9"
"1","bot_learned_sequence","human","0","2433","1","0","0","2","1","2","0","drain","kick","none","none","1","1","-20","200","9"
"1","bot_learned_sequence","human","0","388","0","1","0","2","1","0","0","drain","pull","jump","none","1","1","0","50","9"
"1","bot_learned_sequence","human","0","511","3","3","3","3","1","0","0","swing","swing","none","none","1","0","0","0","9"
"1","bot_learned_sequence","human","0","447","3","3","3","2","1","0","0","pull","swing","swing","none","1","0","0","0","9"
"1","bot_learned_sequence","human","0","1215","3","3","3","2","0","1","0","pull","swing","jump","none","1","0","-50","200","9"
"1","bot_learned_sequence","human","0","1343","3","3","3","0","1","1","0","pull","swing","none","none","1","0","0","100","9"
"1","bot_learned_sequence","human","0","1535","3","3","3","3","1","1","0","idle","drain","none","none","1","0","-30","0","9"
"1","bot_learned_sequence","human","0","1406","2","3","3","1","1","1","0","idle","jump","none","none","1","0","0","0","9"
"1","bot_learned_sequence","human","0","1726","2","3","3","2","2","1","0","idle","jump","swing","jump","1","0","0","0","9"
"1","bot_learned_sequence","human","0","9726","2","3","3","3","1","1","2","swing","swing","none","none","1","0","0","100","9"
"1","bot_learned_sequence","human","0","447","3","3","3","2","1","0","0","idle","swing","none","none","1","0","18","0","9"
"1","bot_learned_sequence","human","0","495","3","3","2","3","1","0","0","jump","pull","jump","none","1","0","0","100","9"
"1","bot_learned_sequence","human","0","110","2","3","2","1","0","0","0","pull","pull","drain","none","1","0","30","100","9"
"1","bot_learned_sequence","human","0","286","2","3","1","0","1","0","0","drain","swing","none","none","1","0","0","450","9"
"1","bot_learned_sequence","human","0","9566","2","3","1","1","1","1","2","swing","jump","none","none","1","0","74","0","9"
"1","bot_learned_sequence","human","0","9646","2","3","2","2","1","1","2","swing","swing","none","none","1","0","24","200","9"
"1","bot_learned_sequence","human","0","8484","0","1","2","0","1","0","2","idle","drain","none","none","1","0","30","0","9"
"1","bot_learned_sequence","human","0","8196","0","1","0","0","0","0","2","swing","jump","none","none","1","0","30","250","9"
"1","bot_learned_sequence","human","0","260","0","1","0","0","1","0","0","jump","drain","none","none","1","0","0","500","9"
"1","bot_learned_sequence","human","0","304","0","0","3","0","1","0","0","idle","drain","swing","drain","1","0","0","0","9"
"1","bot_learned_sequence","human","0","257","1","0","0","0","1","0","0","pull","pull","jump","none","1","0","-46","0","9"
"1","bot_learned_sequence","human","0","1791","3","3","3","3","2","1","0","idle","jump","swing","swing","1","1","62","0","9"
"1","bot_learned_sequence","human","0","323","3","0","0","1","1","0","0","jump","pull","none","none","1","1","16","50","9"
"1","bot_learned_sequence","human","0","2815","3","3","3","3","2","2","0","idle","swing","drain","none","1","0","0","0","9"
"1","bot_learned_sequence","human","0","6399","3","3","3","3","0","2","1","swing","swing","swing","knockdown","1","0","-162","200","9"
"1","bot_learned_sequence","human","0","381","1","3","3","1","1","0","0","pull","drain","none","none","1","0","-66","0","9"
"1","bot_learned_sequence","human","0","332","0","3","0","1","1","0","0","idle","jump","none","none","1","0","-16","0","9"
"1","bot_learned_sequence","human","0","1727","3","3","3","2","2","1","0","idle","jump","none","none","1","1","0","0","9"
"1","bot_learned_sequence","human","0","1727","3","3","3","2","2","1","0","jump","swing","jump","none","1","1","0","300","9"
"1","bot_learned_sequence","human","0","1470","2","3","3","2","1","1","0","jump","drain","none","none","1","1","0","500","9"
"1","bot_learned_sequence","human","0","1471","3","3","3","2","1","1","0","idle","jump","none","none","1","1","0","0","9"
"1","bot_learned_sequence","human","0","191","3","3","3","2","0","0","0","pull","swing","swing","drain","1","1","-28","100","9"
"1","bot_learned_sequence","human","0","8382","2","3","3","2","0","0","2","swing","drain","none","none","1","1","0","600","9"
"1","bot_learned_sequence","human","0","110","2","3","2","1","0","0","0","drain","jump","drain","none","1","1","0","0","9"
"1","bot_learned_sequence","human","0","9662","2","3","3","2","1","1","2","swing","swing","jump","none","1","1","30","150","9"
"1","bot_learned_sequence","human","0","1210","2","2","3","2","0","1","0","idle","drain","jump","drain","1","1","20","0","9"
"1","bot_learned_sequence","human","0","9226","2","2","0","0","0","1","2","swing","pull","jump","none","1","1","50","100","9"
"1","bot_learned_sequence","human","0","9222","2","1","0","0","0","1","2","knockdown","jump","none","none","1","1","30","0","9"
"1","bot_learned_sequence","human","0","1106","2","0","1","1","0","1","0","jump","swing","none","none","1","1","20","50","9"
"1","bot_learned_sequence","human","0","1090","2","0","0","1","0","1","0","drain","jump","none","none","1","1","0","150","9"
"1","bot_learned_sequence","human","0","1606","2","1","0","1","2","1","0","idle","swing","jump","swing","1","1","0","0","9"
"1","bot_learned_sequence","human","0","1610","2","2","0","1","2","1","0","idle","jump","none","none","1","1","0","0","9"
"1","bot_learned_sequence","human","0","1178","2","2","1","2","0","1","0","idle","pull","knockdown","none","1","1","-20","0","9"
"1","bot_learned_sequence","human","0","1513","1","2","2","3","1","1","0","swing","drain","none","none","1","1","-19","100","9"
"1","bot_learned_sequence","human","0","1482","2","2","0","3","1","1","0","swing","pull","jump","none","1","1","11","100","9"
"1","bot_learned_sequence","human","0","1221","1","1","0","3","0","1","0","knockdown","jump","none","none","1","1","30","0","9"
"1","bot_learned_sequence","human","0","9281","1","0","0","1","0","1","2","jump","jump","none","none","1","1","37","250","9"
"1","bot_learned_sequence","human","0","4847","3","3","2","3","2","0","1","jump","jump","none","none","1","0","0","150","9"
"1","bot_learned_sequence","human","0","4847","3","3","2","3","2","0","1","drain","drain","jump","none","1","0","0","250","9"
"1","bot_learned_sequence","human","0","6639","3","3","2","3","1","2","1","jump","swing","jump","swing","1","0","0","400","9"
"1","bot_learned_sequence","human","0","75","3","2","0","1","0","0","0","grip","pull","none","none","1","0","20","500","9"
"1","bot_learned_sequence","human","0","2523","3","2","1","3","1","2","0","drain","swing","swing","swing","1","0","0","450","9"
"1","bot_learned_sequence","human","0","155","3","2","1","2","0","0","0","drain","drain","none","none","1","0","0","0","9"
"1","bot_learned_sequence","human","0","2459","3","2","1","2","1","2","0","idle","swing","swing","swing","1","0","-30","0","9"
"1","bot_learned_sequence","human","0","4314","2","2","1","3","0","0","1","jump","pull","none","none","1","0","20","150","9"
"1","bot_learned_sequence","human","0","6474","2","2","0","1","1","2","1","drain","swing","swing","swing","1","0","-50","300","9"
"1","bot_learned_sequence","human","0","4361","1","2","0","0","1","0","1","idle","drain","none","none","1","0","-30","0","9"
"1","bot_learned_sequence","human","0","4440","0","2","1","1","1","0","1","idle","jump","none","none","1","0","-20","0","9"
"1","bot_learned_sequence","human","0","4201","1","2","2","1","0","0","1","swing","drain","none","none","1","0","-20","550","9"
"1","bot_learned_sequence","human","0","4457","1","2","2","1","1","0","1","swing","jump","drain","none","1","0","0","250","9"
"1","bot_learned_sequence","human","0","4666","2","2","3","0","2","0","1","idle","jump","grip","none","1","0","3","0","9"
"1","bot_learned_sequence","human","0","4534","2","1","3","2","1","0","1","idle","swing","none","none","1","0","-1","0","9"
"1","bot_learned_sequence","human","0","6518","2","1","3","1","1","2","1","drain","swing","swing","swing","1","0","19","200","9"
"1","bot_learned_sequence","human","0","6453","1","1","3","0","1","2","1","idle","drain","none","none","1","0","-67","0","9"
"1","bot_learned_sequence","human","0","6164","0","1","1","0","0","2","1","idle","jump","none","none","1","0","-37","0","9"
"1","bot_learned_sequence","human","0","9967","3","3","2","3","2","1","2","swing","jump","none","none","1","1","0","100","9"
"1","bot_learned_sequence","human","0","9951","3","3","1","3","2","1","2","idle","jump","none","none","1","1","-50","0","9"
"1","bot_learned_sequence","human","0","1439","3","3","1","2","1","1","0","pull","swing","jump","none","1","1","-50","500","9"
"1","bot_learned_sequence","human","0","1119","3","3","1","1","0","1","0","jump","swing","none","none","1","1","-70","50","9"
"1","bot_learned_sequence","human","0","1390","2","3","2","1","1","1","0","pull","drain","none","none","1","1","-20","450","9"
"1","bot_learned_sequence","human","0","365","1","3","2","1","1","0","0","pull","pull","none","none","1","1","30","500","9"
"1","bot_learned_sequence","human","0","109","1","3","2","1","0","0","0","jump","drain","pull","jump","1","1","-10","150","9"
"1","bot_learned_sequence","human","0","8205","1","3","0","0","0","0","2","swing","pull","none","none","1","1","0","50","9"
"1","bot_learned_sequence","human","0","8525","1","3","0","1","1","0","2","swing","swing","none","none","1","1","40","50","9"
"1","bot_learned_sequence","human","0","8605","1","3","1","2","1","0","2","swing","drain","none","none","1","1","20","200","9"
"1","bot_learned_sequence","human","0","42","2","2","2","0","0","0","0","jump","swing","drain","swing","1","1","-30","250","9"
"1","bot_learned_sequence","human","0","617","1","2","2","1","2","0","0","pull","drain","none","none","1","1","-30","0","9"
"1","bot_learned_sequence","human","0","105","1","2","2","1","0","0","0","jump","swing","swing","jump","1","1","-50","600","9"
"1","bot_learned_sequence","human","0","376","0","2","3","1","1","0","0","jump","jump","drain","none","1","1","0","500","9"
"1","bot_learned_sequence","human","0","297","1","2","2","0","1","0","0","idle","drain","jump","drain","1","1","40","0","9"
"1","bot_learned_sequence","human","0","449","1","0","0","3","1","0","0","idle","jump","none","none","1","1","-11","0","9"
"1","bot_learned_sequence","human","0","8641","1","0","0","3","1","0","2","drain","swing","none","none","1","1","-11","50","9"
"1","bot_learned_sequence","human","0","8640","0","0","0","3","1","0","2","idle","pull","none","none","1","1","9","0","9"
"1","bot_learned_sequence","human","0","6783","3","3","3","1","2","2","1","jump","jump","none","none","1","0","50","200","9"
"1","bot_learned_sequence","human","0","4447","3","3","1","1","1","0","1","jump","jump","pull","none","1","0","70","650","9"
"1","bot_learned_sequence","human","0","4251","3","2","1","2","0","0","1","idle","pull","jump","none","1","0","20","0","9"
"1","bot_learned_sequence","human","0","459","3","2","0","3","1","0","0","swing","pull","jump","pull","1","0","-10","400","9"
"1","bot_learned_sequence","human","0","407","3","1","1","2","1","0","0","idle","pull","jump","none","1","0","30","0","9"
"1","bot_learned_sequence","human","0","2055","3","1","0","0","0","2","0","jump","swing","none","none","1","0","10","50","9"
"1","bot_learned_sequence","human","0","2391","3","1","1","1","1","2","0","pull","swing","jump","none","1","0","0","250","9"
"1","bot_learned_sequence","human","0","343","3","1","1","1","1","0","0","drain","drain","none","none","1","0","0","0","9"
"1","bot_learned_sequence","human","0","343","3","1","1","1","1","0","0","drain","drain","swing","none","1","0","0","50","9"
"1","bot_learned_sequence","human","0","2327","3","1","1","0","1","2","0","swing","swing","swing","none","1","0","-20","250","9"
"1","bot_learned_sequence","human","0","2395","3","2","1","1","1","2","0","drain","swing","swing","swing","1","0","-20","100","9"
"1","bot_learned_sequence","human","0","2139","3","2","1","1","0","2","0","swing","swing","jump","none","1","0","-20","0","9"
"1","bot_learned_sequence","human","0","662","2","1","1","2","2","0","0","drain","pull","jump","none","1","0","30","0","9"
"1","bot_learned_sequence","human","0","134","2","1","0","2","0","0","0","drain","pull","jump","none","1","0","20","300","9"
"1","bot_learned_sequence","human","0","578","2","0","0","1","2","0","0","idle","push","jump","none","1","0","0","0","9"
"1","bot_learned_sequence","human","0","85","1","1","1","1","0","0","0","jump","drain","none","none","1","0","-51","50","9"
"1","bot_learned_sequence","human","0","2356","0","1","3","0","1","2","0","jump","drain","none","none","1","0","11","350","9"
"1","bot_learned_sequence","human","0","4863","3","3","3","3","2","0","1","jump","jump","none","none","1","1","-12","50","9"
"1","bot_learned_sequence","human","0","4335","3","3","2","3","0","0","1","swing","grip","none","none","1","1","5","150","9"
"1","bot_learned_sequence","human","0","145","1","0","1","2","0","0","0","idle","jump","pull","none","1","1","34","0","9"
"1","bot_learned_sequence","human","0","1791","3","3","3","3","2","1","0","idle","jump","none","none","1","0","12","0","9"
"1","bot_learned_sequence","human","0","1535","3","3","3","3","1","1","0","jump","swing","swing","none","1","0","12","400","9"
"1","bot_learned_sequence","human","0","191","3","3","3","2","0","0","0","idle","pull","none","none","1","0","-1","0","9"
"1","bot_learned_sequence","human","0","250","2","2","3","3","0","0","0","swing","swing","pull","pull","1","0","9","250","9"
"1","bot_learned_sequence","human","0","1710","2","3","2","2","2","1","0","jump","jump","swing","swing","1","1","0","200","9"
"1","bot_learned_sequence","human","0","1085","1","3","3","0","0","1","0","pull","swing","none","none","1","1","19","100","9"
"1","bot_learned_sequence","human","0","1085","1","3","3","0","0","1","0","idle","jump","none","none","1","1","-11","0","9"
"1","bot_learned_sequence","human","0","9277","1","3","3","0","0","1","2","swing","drain","jump","drain","1","1","21","50","9"
"1","bot_learned_sequence","human","0","1085","1","3","3","0","0","1","0","jump","jump","grip","none","1","1","3","200","9"
"1","bot_learned_sequence","human","0","1069","1","3","2","0","0","1","0","pull","jump","grip","none","1","1","2","100","9"
"1","bot_learned_sequence","human","0","1389","1","3","2","1","1","1","0","pull","drain","none","none","1","1","0","600","9"
"1","bot_learned_sequence","human","0","285","1","3","1","0","1","0","0","swing","drain","pull","jump","1","1","20","450","9"
"1","bot_learned_sequence","human","0","394","2","2","0","2","1","0","0","jump","pull","none","none","1","1","14","100","9"
"1","bot_learned_sequence","human","0","202","2","2","0","3","0","0","0","drain","jump","none","none","1","1","0","100","9"
"1","bot_learned_sequence","human","0","239","3","3","2","3","0","0","0","knockdown","jump","none","none","1","0","30","0","9"
"1","bot_learned_sequence","human","0","683","3","2","2","2","2","0","0","idle","pull","none","none","1","0","0","0","9"
"1","bot_learned_sequence","human","0","683","3","2","2","2","2","0","0","idle","jump","none","none","1","0","0","0","9"
"1","bot_learned_sequence","human","0","4555","3","2","0","3","1","0","1","idle","pull","jump","pull","1","0","49","0","9"
"1","bot_learned_sequence","human","0","4231","3","1","0","2","0","0","1","jump","jump","swing","swing","1","0","30","150","9"
"1","bot_learned_sequence","human","0","4295","3","1","0","3","0","0","1","idle","jump","none","none","1","0","-21","0","9"
"1","bot_learned_sequence","human","0","4231","3","1","0","2","0","0","1","idle","pull","none","none","1","0","-22","0","9"
"1","bot_learned_sequence","human","0","4167","3","1","0","1","0","0","1","idle","pull","none","none","1","0","0","0","9"
"1","bot_learned_sequence","human","0","4503","3","1","1","2","1","0","1","drain","drain","none","none","1","0","0","50","9"
"1","bot_learned_sequence","human","0","4423","3","1","0","1","1","0","1","idle","swing","none","none","1","0","-20","0","9"
"1","bot_learned_sequence","human","0","346","2","2","1","1","1","0","0","jump","jump","drain","none","1","0","-34","650","9"
"1","bot_learned_sequence","human","0","282","2","2","1","0","1","0","0","idle","jump","none","none","1","0","-14","0","9"
"1","bot_learned_sequence","human","0","42","2","2","2","0","0","0","0","pull","drain","none","none","1","0","-14","300","9"
"1","bot_learned_sequence","human","0","767","3","3","3","3","2","0","0","idle","jump","swing","swing","1","1","0","0","9"
"1","bot_learned_sequence","human","0","4351","3","3","3","3","0","0","1","idle","jump","none","none","1","1","10","0","9"
"1","bot_learned_sequence","human","0","4591","3","3","2","3","1","0","1","jump","pull","jump","none","1","1","40","50","9"
"1","bot_learned_sequence","human","0","2427","3","2","3","1","1","2","0","idle","swing","swing","none","1","1","0","0","9"
"1","bot_learned_sequence","human","0","2491","3","2","3","2","1","2","0","swing","swing","pull","none","1","1","0","100","9"
"1","bot_learned_sequence","human","0","235","3","2","2","3","0","0","0","drain","jump","drain","none","1","1","0","150","9"
"1","bot_learned_sequence","human","0","6651","3","2","3","3","1","2","1","swing","swing","jump","drain","1","1","-30","300","9"
"1","bot_learned_sequence","human","0","6571","3","2","2","2","1","2","1","idle","swing","swing","swing","1","1","-20","0","9"
"1","bot_learned_sequence","human","0","235","3","2","2","3","0","0","0","swing","pull","jump","pull","1","1","80","0","9"
"1","bot_learned_sequence","human","0","235","3","2","2","3","0","0","0","knockdown","jump","pull","jump","1","1","60","0","9"
"1","bot_learned_sequence","human","0","450","2","0","0","3","1","0","0","pull","drain","none","none","1","1","0","700","9"
"1","bot_learned_sequence","human","0","2085","1","1","2","0","0","2","0","swing","jump","drain","none","1","1","20","0","9"
"1","bot_learned_sequence","human","0","278","2","1","1","0","1","0","0","swing","swing","none","none","1","1","0","700","9"
"1","bot_learned_sequence","human","0","294","2","1","2","0","1","0","0","drain","drain","swing","swing","1","1","0","600","9"
"1","bot_learned_sequence","human","0","6503","3","1","2","1","1","2","1","jump","swing","swing","none","1","1","0","300","9"
"1","bot_learned_sequence","human","0","4651","3","2","2","0","2","0","1","idle","jump","none","none","1","1","0","0","9"
"1","bot_learned_sequence","human","0","4283","3","2","3","2","0","0","1","swing","drain","none","none","1","1","60","150","9"
"1","bot_learned_sequence","human","0","6171","3","2","1","0","0","2","1","swing","swing","swing","none","1","1","110","500","9"
"1","bot_learned_sequence","human","0","4419","3","0","0","1","1","0","1","drain","pull","jump","pull","1","1","50","100","9"
"1","bot_learned_sequence","human","0","4099","3","0","0","0","0","0","1","knockdown","jump","pull","none","1","1","30","0","9"
"1","bot_learned_sequence","human","0","767","3","3","3","3","2","0","0","idle","push","none","none","1","0","0","0","9"
"1","bot_learned_sequence","human","0","430","2","3","2","2","1","0","0","jump","pull","none","none","1","0","10","350","9"
"1","bot_learned_sequence","human","0","158","2","3","1","2","0","0","0","idle","jump","pull","none","1","0","20","0","9"
"1","bot_learned_sequence","human","0","8686","2","3","2","3","1","0","2","swing","swing","none","none","1","0","0","200","9"
"1","bot_learned_sequence","human","0","606","2","3","1","1","2","0","0","idle","drain","none","none","1","0","0","0","9"
"1","bot_learned_sequence","human","0","1454","2","3","2","2","1","1","0","idle","jump","swing","none","1","0","0","0","9"
"1","bot_learned_sequence","human","0","1262","2","3","2","3","0","1","0","drain","jump","none","none","1","0","50","200","9"
"1","bot_learned_sequence","human","0","9470","2","3","3","3","0","1","2","swing","pull","jump","drain","1","0","20","450","9"
"1","bot_learned_sequence","human","0","1262","2","3","2","3","0","1","0","knockdown","jump","drain","swing","1","0","10","0","9"
"1","bot_learned_sequence","human","0","190","2","3","3","2","0","0","0","pull","swing","none","none","1","0","-80","0","9"
"1","bot_learned_sequence","human","0","316","0","3","3","0","1","0","0","jump","drain","pull","jump","1","0","20","600","9"
"1","bot_learned_sequence","human","0","297","1","2","2","0","1","0","0","drain","drain","jump","none","1","0","0","200","9"
"1","bot_learned_sequence","human","0","25","1","2","1","0","0","0","0","drain","drain","pull","jump","1","0","50","150","9"
"1","bot_learned_sequence","human","0","9","1","2","0","0","0","0","0","knockdown","jump","pull","none","1","0","10","0","9"
"1","bot_learned_sequence","human","0","8325","1","1","0","2","0","0","2","jump","swing","none","none","1","0","-20","0","9"
"1","bot_learned_sequence","human","0","73","1","2","0","1","0","0","0","drain","swing","none","none","1","0","0","450","9"
"1","bot_learned_sequence","human","0","329","1","2","0","1","1","0","0","swing","swing","none","none","1","0","0","100","9"
"1","bot_learned_sequence","human","0","9549","1","3","0","1","1","1","2","swing","jump","none","none","1","0","0","100","9"
"1","bot_learned_sequence","human","0","1501","1","3","1","3","1","1","0","swing","drain","none","none","1","0","0","50","9"
"1","bot_learned_sequence","human","0","1758","2","3","1","3","2","1","0","idle","jump","swing","none","1","0","0","0","9"
"1","bot_learned_sequence","human","0","1294","2","3","0","0","1","1","0","idle","swing","none","none","1","0","-110","0","9"
"1","bot_learned_sequence","human","0","9308","0","3","1","1","0","1","2","swing","jump","drain","none","1","0","-50","150","9"
"1","bot_learned_sequence","human","0","8959","3","3","3","3","2","0","2","swing","jump","none","none","1","1","-50","700","9"
"1","bot_learned_sequence","human","0","2814","2","3","3","3","2","2","0","jump","jump","swing","none","1","1","0","550","9"
"1","bot_learned_sequence","human","0","174","2","3","2","2","0","0","0","idle","grip","none","none","1","1","24","0","9"
"1","bot_learned_sequence","human","0","8366","2","3","2","2","0","0","2","swing","jump","grip","none","1","1","42","150","9"
"1","bot_learned_sequence","human","0","8350","2","3","1","2","0","0","2","knockdown","grip","none","none","1","1","22","0","9"
"1","bot_learned_sequence","human","0","14","2","3","0","0","0","0","0","knockdown","jump","none","none","1","1","0","0","9"
"1","bot_learned_sequence","human","0","2382","2","3","0","1","1","2","0","idle","swing","none","none","1","1","0","0","9"
"1","bot_learned_sequence","human","0","334","2","3","0","1","1","0","0","pull","pull","none","none","1","1","0","450","9"
"1","bot_learned_sequence","human","0","78","2","3","0","1","0","0","0","drain","jump","pull","none","1","1","0","0","9"
"1","bot_learned_sequence","human","0","670","2","3","1","2","2","0","0","idle","drain","none","none","1","1","0","0","9"
"1","bot_learned_sequence","human","0","302","2","3","2","0","1","0","0","pull","jump","drain","none","1","1","-10","650","9"
"1","bot_learned_sequence","human","0","8206","2","3","0","0","0","0","2","swing","pull","jump","pull","1","1","-10","0","9"
"1","bot_learned_sequence","human","0","8270","2","3","0","1","0","0","2","swing","swing","none","none","1","1","-60","0","9"
"1","bot_learned_sequence","human","0","8265","1","2","0","1","0","0","2","swing","jump","none","none","1","1","-50","50","9"
"1","bot_learned_sequence","human","0","296","0","2","2","0","1","0","0","pull","jump","drain","none","1","1","0","550","9"
"1","bot_learned_sequence","human","0","264","0","2","0","0","1","0","0","idle","push","none","none","1","1","0","0","9"
"1","bot_learned_sequence","human","0","521","1","2","0","0","2","0","0","idle","pull","none","none","1","1","19","0","9"
"1","bot_learned_sequence","human","0","8265","1","2","0","1","0","0","2","kick","jump","none","none","1","1","19","50","9"
"1","bot_learned_sequence","human","0","8955","3","2","3","3","2","0","2","idle","jump","none","none","1","0","0","0","9"
"1","bot_learned_sequence","human","0","8955","3","2","3","3","2","0","2","swing","jump","none","none","1","0","0","600","9"
"1","bot_learned_sequence","human","0","8955","3","2","3","3","2","0","2","idle","jump","pull","none","1","0","-2","0","9"
"1","bot_learned_sequence","human","0","155","3","2","1","2","0","0","0","grip","pull","none","none","1","0","-22","150","9"
"1","bot_learned_sequence","human","0","2219","3","2","2","2","0","2","0","grip","swing","none","none","1","0","-42","50","9"
"1","bot_learned_sequence","human","0","123","3","2","3","1","0","0","0","idle","drain","none","none","1","0","-20","0","9"
"1","bot_learned_sequence","human","0","267","3","2","0","0","1","0","0","pull","pull","jump","pull","1","0","20","650","9"
"1","bot_learned_sequence","human","0","27","3","2","1","0","0","0","0","jump","drain","pull","jump","1","0","0","0","9"
"1","bot_learned_sequence","human","0","363","3","2","2","1","1","0","0","drain","push","none","none","1","0","0","50","9"
"1","bot_learned_sequence","human","0","331","3","2","0","1","1","0","0","idle","pull","none","none","1","0","10","0","9"
"1","bot_learned_sequence","human","0","2123","3","2","0","1","0","2","0","drain","swing","none","none","1","0","10","400","9"
"1","bot_learned_sequence","human","0","2059","3","2","0","0","0","2","0","pull","swing","none","none","1","0","10","0","9"
"1","bot_learned_sequence","human","0","27","3","2","1","0","0","0","0","drain","drain","none","none","1","0","10","550","9"
"1","bot_learned_sequence","human","0","2075","3","2","1","0","0","2","0","swing","swing","swing","none","1","0","60","0","9"
"1","bot_learned_sequence","human","0","642","2","0","0","2","2","0","0","drain","pull","none","none","1","0","0","150","9"
"1","bot_learned_sequence","human","0","2390","2","1","1","1","1","2","0","pull","kick","none","none","1","0","-19","650","9"
"1","bot_learned_sequence","human","0","2239","3","3","3","2","0","2","0","pull","kick","none","none","1","1","-51","0","9"
"1","bot_learned_sequence","human","0","431","3","3","2","2","1","0","0","pull","pull","jump","none","1","1","49","650","9"
"1","bot_learned_sequence","human","0","479","3","3","1","3","1","0","0","jump","pull","none","none","1","1","30","250","9"
"1","bot_learned_sequence","human","0","2079","3","3","1","0","0","2","0","pull","swing","kick","pull","1","1","30","150","9"
"1","bot_learned_sequence","human","0","8257","1","0","0","1","0","0","2","knockdown","jump","swing","none","1","1","0","0","9"
"1","bot_learned_sequence","human","0","8193","1","0","0","0","0","0","2","idle","swing","jump","none","1","1","50","0","9"
"1","bot_learned_sequence","human","0","8431","3","3","2","3","0","0","2","kick","pull","jump","pull","1","0","51","0","9"
"1","bot_learned_sequence","human","0","191","3","3","3","2","0","0","0","jump","jump","none","none","1","0","-30","700","9"
"1","bot_learned_sequence","human","0","383","3","3","3","1","1","0","0","pull","drain","pull","jump","1","0","-30","50","9"
"1","bot_learned_sequence","human","0","2404","0","1","2","1","1","2","0","swing","drain","none","none","1","0","-20","350","9"
"1","bot_learned_sequence","human","0","340","0","1","1","1","1","0","0","jump","drain","none","none","1","0","-34","650","9"
"1","bot_learned_sequence","human","0","9451","3","2","2","3","0","1","2","swing","pull","none","none","1","1","-30","50","9"
"1","bot_learned_sequence","human","0","9435","3","2","1","3","0","1","2","swing","swing","none","none","1","1","-30","500","9"
"1","bot_learned_sequence","human","0","1434","2","2","1","2","1","1","0","idle","jump","none","none","1","1","-50","0","9"
"1","bot_learned_sequence","human","0","1401","1","2","3","1","1","1","0","pull","drain","jump","drain","1","1","19","500","9"
"1","bot_learned_sequence","human","0","1301","1","1","1","0","1","1","0","jump","drain","pull","jump","1","1","19","150","9"
"1","bot_learned_sequence","human","0","1302","2","1","1","0","1","1","0","jump","drain","none","none","1","1","-10","200","9"
"1","bot_learned_sequence","human","0","1302","2","1","1","0","1","1","0","idle","pull","jump","pull","1","1","-10","0","9"
"1","bot_learned_sequence","human","0","1281","1","0","0","0","1","1","0","idle","pull","pull","none","1","1","-10","0","9"
"1","bot_learned_sequence","human","0","4334","2","3","2","3","0","0","1","idle","pull","none","none","1","0","29","0","9"
"1","bot_learned_sequence","human","0","6654","2","3","3","3","1","2","1","swing","swing","swing","swing","1","0","0","650","9"
"1","bot_learned_sequence","human","0","6334","2","3","3","2","0","2","1","pull","swing","none","none","1","0","30","250","9"
"1","bot_learned_sequence","human","0","4206","2","3","2","1","0","0","1","swing","pull","jump","none","1","0","80","400","9"
"1","bot_learned_sequence","human","0","4250","2","2","1","2","0","0","1","jump","pull","jump","pull","1","0","31","600","9"
"1","bot_learned_sequence","human","0","4421","1","1","0","1","1","0","1","idle","jump","none","none","1","0","-19","0","9"
"1","bot_learned_sequence","human","0","4421","1","1","0","1","1","0","1","jump","jump","none","none","1","0","10","600","9"
"1","bot_learned_sequence","human","0","175","3","3","2","2","0","0","0","jump","pull","jump","pull","1","1","49","0","9"
"1","bot_learned_sequence","human","0","207","3","3","0","3","0","0","0","drain","jump","none","none","1","1","80","100","9"
"1","bot_learned_sequence","human","0","135","3","1","0","2","0","0","0","drain","swing","none","none","1","1","20","300","9"
"1","bot_learned_sequence","human","0","8327","3","1","0","2","0","0","2","swing","pull","none","none","1","1","49","250","9"
"1","bot_learned_sequence","human","0","8323","3","0","0","2","0","0","2","knockdown","jump","pull","none","1","1","29","0","9"
"1","bot_learned_sequence","human","0","8703","3","3","3","3","1","0","2","swing","swing","jump","pull","1","0","-19","50","9"
"1","bot_learned_sequence","human","0","2431","3","3","3","1","1","2","0","pull","swing","swing","none","1","0","-51","50","9"
"1","bot_learned_sequence","human","0","317","1","3","3","0","1","0","0","jump","drain","none","none","1","0","-20","350","9"
"1","bot_learned_sequence","human","0","2093","1","3","2","0","0","2","0","idle","swing","swing","none","1","0","-19","0","9"
"1","bot_learned_sequence","human","0","2093","1","3","2","0","0","2","0","pull","swing","none","none","1","0","-49","50","9"
"1","bot_learned_sequence","human","0","300","0","3","2","0","1","0","0","idle","grip","none","none","1","0","-29","0","9"
"1","bot_learned_sequence","human","0","191","3","3","3","2","0","0","0","jump","swing","swing","none","1","1","-30","50","9"
"1","bot_learned_sequence","human","0","367","3","3","2","1","1","0","0","pull","pull","none","none","1","1","-30","0","9"
"1","bot_learned_sequence","human","0","414","2","3","1","2","1","0","0","drain","push","none","none","1","1","0","100","9"
"1","bot_learned_sequence","human","0","270","2","3","0","0","1","0","0","drain","swing","none","none","1","1","-20","250","9"
"1","bot_learned_sequence","human","0","2062","2","3","0","0","0","2","0","pull","swing","swing","none","1","1","-20","0","9"
"1","bot_learned_sequence","human","0","2062","2","3","0","0","0","2","0","jump","swing","none","none","1","1","-40","0","9"
"1","bot_learned_sequence","human","0","2317","1","3","0","0","1","2","0","pull","swing","jump","none","1","1","-20","250","9"
"1","bot_learned_sequence","human","0","558","2","3","2","0","2","0","0","push","drain","none","none","1","1","0","150","9"
"1","bot_learned_sequence","human","0","766","2","3","3","3","2","0","0","idle","drain","none","none","1","1","-20","0","9"
"1","bot_learned_sequence","human","0","2142","2","3","1","1","0","2","0","idle","swing","swing","swing","1","1","51","0","9"
"1","bot_learned_sequence","human","0","409","1","2","1","2","1","0","0","idle","pull","none","none","1","1","50","0","9"
"1","bot_learned_sequence","human","0","8389","1","1","0","3","0","0","2","drain","pull","none","none","1","1","0","250","9"
"1","bot_learned_sequence","human","0","8645","1","1","0","3","1","0","2","idle","push","none","none","1","1","31","0","9"
"1","bot_learned_sequence","human","0","324","0","1","0","1","1","0","0","idle","drain","push","none","1","1","0","0","9"
"1","bot_learned_sequence","human","0","260","0","1","0","0","1","0","0","jump","pull","jump","pull","1","1","44","200","9"
"1","bot_learned_sequence","human","0","0","0","0","0","0","0","0","0","knockdown","pull","none","none","1","1","24","0","9"
"1","bot_learned_sequence","human","0","32","0","0","2","0","0","0","0","idle","swing","none","none","1","1","24","0","9"
"1","bot_learned_sequence","human","0","11007","3","3","3","3","2","2","2","idle","swing","jump","none","1","0","50","0","9"
"1","bot_learned_sequence","human","0","415","3","3","1","2","1","0","0","pull","pull","none","none","1","0","30","0","9"
"1","bot_learned_sequence","human","0","747","3","2","2","3","2","0","0","idle","jump","drain","none","1","0","0","0","9"
"1","bot_learned_sequence","human","0","267","3","2","0","0","1","0","0","swing","pull","jump","none","1","0","40","600","9"
"1","bot_learned_sequence","human","0","8203","3","2","0","0","0","0","2","swing","pull","none","none","1","0","20","0","9"
"1","bot_learned_sequence","human","0","8459","3","2","0","0","1","0","2","swing","drain","pull","none","1","0","40","100","9"
"1","bot_learned_sequence","human","0","8203","3","2","0","0","0","0","2","swing","jump","pull","none","1","0","40","0","9"
"1","bot_learned_sequence","human","0","8519","3","1","0","1","1","0","2","drain","pull","jump","none","1","0","20","0","9"
"1","bot_learned_sequence","human","0","8519","3","1","0","1","1","0","2","idle","jump","none","none","1","0","0","0","9"
"1","bot_learned_sequence","human","0","651","3","2","0","2","2","0","0","jump","push","none","none","1","0","0","150","9"
"1","bot_learned_sequence","human","0","603","3","2","1","1","2","0","0","idle","jump","none","none","1","0","0","0","9"
"1","bot_learned_sequence","human","0","90","2","2","1","1","0","0","0","jump","pull","none","none","1","0","9","50","9"
"1","bot_learned_sequence","human","0","2165","1","1","3","1","0","2","0","idle","drain","none","none","1","0","0","0","9"
"1","bot_learned_sequence","human","0","309","1","1","3","0","1","0","0","idle","jump","drain","none","1","0","-31","0","9"
"1","bot_learned_sequence","human","0","2597","1","1","2","0","2","2","0","idle","pull","none","none","1","0","-10","0","9"
"1","bot_learned_sequence","human","0","2100","0","1","3","0","0","2","0","idle","pull","jump","pull","1","0","20","0","9"
"1","bot_learned_sequence","human","0","2096","0","0","3","0","0","2","0","knockdown","pull","drain","none","1","0","0","0","9"
"1","bot_learned_sequence","human","0","273","1","0","1","0","1","0","0","idle","pull","none","none","1","0","20","0","9"
"1","bot_learned_sequence","human","0","255","3","3","3","3","0","0","0","jump","swing","none","none","1","1","47","150","9"
"1","bot_learned_sequence","human","0","219","3","2","1","3","0","0","0","idle","swing","jump","pull","1","1","89","0","9"
"1","bot_learned_sequence","human","0","227","3","0","2","3","0","0","0","knockdown","jump","pull","none","1","1","30","0","9"
"1","bot_learned_sequence","human","0","10751","3","3","3","3","1","2","2","jump","jump","kick","none","1","0","-10","550","9"
"1","bot_learned_sequence","human","0","495","3","3","2","3","1","0","0","swing","grip","none","none","1","0","-47","600","9"
"1","bot_learned_sequence","human","0","255","3","3","3","3","0","0","0","pull","jump","none","none","1","0","-78","350","9"
"1","bot_learned_sequence","human","0","8431","3","3","2","3","0","0","2","swing","pull","jump","none","1","1","-10","50","9"
"1","bot_learned_sequence","human","0","415","3","3","1","2","1","0","0","pull","push","none","none","1","1","-60","50","9"
"1","bot_learned_sequence","human","0","79","3","3","0","1","0","0","0","idle","push","none","none","1","1","-30","0","9"
"1","bot_learned_sequence","human","0","350","2","3","1","1","1","0","0","drain","swing","drain","swing","1","1","0","50","9"
"1","bot_learned_sequence","human","0","8302","2","3","2","1","0","0","2","swing","swing","none","none","1","1","-50","300","9"
"1","bot_learned_sequence","human","0","701","1","3","3","2","2","0","0","idle","drain","none","none","1","1","0","0","9"
"1","bot_learned_sequence","human","0","638","2","3","3","1","2","0","0","drain","jump","none","none","1","1","30","550","9"
"1","bot_learned_sequence","human","0","158","2","3","1","2","0","0","0","pull","pull","pull","drain","1","1","-10","0","9"
"1","bot_learned_sequence","human","0","408","0","2","1","2","1","0","0","idle","drain","none","none","1","1","0","0","9"
"1","bot_learned_sequence","human","0","281","1","2","1","0","1","0","0","idle","drain","pull","none","1","1","20","0","9"
"1","bot_learned_sequence","human","0","262","2","1","0","0","1","0","0","jump","pull","pull","none","1","1","0","0","9"
"1","bot_learned_sequence","human","0","389","1","1","0","2","1","0","0","jump","pull","jump","none","1","1","20","350","9"
"1","bot_learned_sequence","human","0","261","1","1","0","0","1","0","0","idle","swing","none","none","1","1","0","0","9"
"1","bot_learned_sequence","human","0","389","1","1","0","2","1","0","0","idle","pull","jump","pull","1","1","0","0","9"
"1","bot_learned_sequence","human","0","321","1","0","0","1","1","0","0","idle","swing","none","none","1","1","-20","0","9"
"1","bot_learned_sequence","human","0","65","1","0","0","1","0","0","0","jump","jump","none","none","1","1","7","350","9"
"1","bot_learned_sequence","human","0","1","1","0","0","0","0","0","0","pull","swing","none","none","1","1","7","150","9"
"1","bot_learned_sequence","human","0","271","3","3","0","0","1","0","0","push","pull","none","none","1","0","30","200","9"
"1","bot_learned_sequence","human","0","2379","3","2","0","1","1","2","0","swing","swing","swing","swing","1","0","20","250","9"
"1","bot_learned_sequence","human","0","171","3","2","2","2","0","0","0","swing","jump","pull","none","1","0","50","50","9"
"1","bot_learned_sequence","human","0","747","3","2","2","3","2","0","0","drain","jump","none","none","1","0","0","200","9"
"1","bot_learned_sequence","human","0","747","3","2","2","3","2","0","0","idle","drain","none","none","1","0","0","0","9"
"1","bot_learned_sequence","human","0","107","3","2","2","1","0","0","0","pull","pull","none","none","1","0","10","0","9"
"1","bot_learned_sequence","human","0","265","1","2","0","0","1","0","0","pull","jump","none","none","1","0","0","0","9"
"1","bot_learned_sequence","human","0","21","1","1","1","0","0","0","0","pull","jump","none","none","1","0","-20","350","9"
"1","bot_learned_sequence","human","0","37","1","1","2","0","0","0","0","jump","drain","none","none","1","0","0","50","9"
"1","bot_learned_sequence","human","0","293","1","1","2","0","1","0","0","jump","drain","pull","none","1","0","-30","250","9"
"1","bot_learned_sequence","human","0","293","1","1","2","0","1","0","0","idle","pull","jump","none","1","0","-20","0","9"
"1","bot_learned_sequence","human","0","260","0","1","0","0","1","0","0","swing","pull","jump","pull","1","0","20","100","9"
"1","bot_learned_sequence","human","0","276","0","1","1","0","1","0","0","idle","jump","pull","none","1","0","-7","0","9"
"1","bot_learned_sequence","human","0","276","0","1","1","0","1","0","0","jump","drain","pull","none","1","0","-7","300","9"
"1","bot_learned_sequence","human","0","4","0","1","0","0","0","0","0","swing","jump","none","none","1","0","-7","50","9"
"1","bot_learned_sequence","human","0","767","3","3","3","3","2","0","0","jump","swing","swing","none","1","1","0","150","9"
"1","bot_learned_sequence","human","0","511","3","3","3","3","1","0","0","swing","swing","swing","none","1","1","-41","300","9"
"1","bot_learned_sequence","human","0","8447","3","3","3","3","0","0","2","swing","swing","jump","none","1","1","-10","150","9"
"1","bot_learned_sequence","human","0","159","3","3","1","2","0","0","0","idle","pull","pull","jump","1","1","49","0","9"
"1","bot_learned_sequence","human","0","8391","3","1","0","3","0","0","2","swing","pull","none","none","1","1","10","350","9"
"1","bot_learned_sequence","human","0","387","3","0","0","2","1","0","0","idle","swing","none","none","1","1","-10","0","9"
"1","bot_learned_sequence","human","0","2118","2","1","0","1","0","2","0","pull","swing","none","none","1","1","49","500","9"
"1","bot_learned_sequence","human","0","66","2","0","0","1","0","0","0","knockdown","jump","none","none","1","1","29","0","9"
"1","bot_learned_sequence","human","0","767","3","3","3","3","2","0","0","swing","swing","none","none","1","0","41","700","9"
"1","bot_learned_sequence","human","0","2303","3","3","3","3","0","2","0","jump","swing","swing","swing","1","0","9","100","9"
"1","bot_learned_sequence","human","0","2430","2","3","3","1","1","2","0","jump","swing","none","none","1","0","-50","650","9"
"1","bot_learned_sequence","human","0","2109","1","3","3","0","0","2","0","pull","swing","drain","none","1","0","-10","50","9"
"1","bot_learned_sequence","human","0","284","0","3","1","0","1","0","0","swing","pull","none","none","1","0","10","200","9"
"1","bot_learned_sequence","human","0","552","0","2","2","0","2","0","0","idle","pull","drain","jump","1","0","0","0","9"
"1","bot_learned_sequence","human","0","8281","1","2","1","1","0","0","2","swing","jump","none","none","1","0","-49","400","9"
"1","bot_learned_sequence","human","0","271","3","3","0","0","1","0","0","idle","jump","kick","none","1","1","20","0","9"
"1","bot_learned_sequence","human","0","8271","3","3","0","1","0","0","2","grip","pull","jump","none","1","1","50","100","9"
"1","bot_learned_sequence","human","0","8267","3","2","0","1","0","0","2","knockdown","jump","none","none","1","1","30","0","9"
"1","bot_learned_sequence","human","0","8839","3","1","0","2","2","0","2","idle","jump","none","none","1","1","0","0","9"
"1","bot_learned_sequence","human","0","8519","3","1","0","1","1","0","2","drain","swing","pull","jump","1","1","0","650","9"
"1","bot_learned_sequence","human","0","199","3","1","0","3","0","0","0","jump","pull","jump","none","1","1","49","350","9"
"1","bot_learned_sequence","human","0","199","3","1","0","3","0","0","0","knockdown","jump","none","none","1","1","30","0","9"
"1","bot_learned_sequence","human","0","2370","2","0","0","1","1","2","0","idle","swing","swing","swing","1","1","0","0","9"
"1","bot_learned_sequence","human","0","2386","2","0","1","1","1","2","0","idle","pull","none","none","1","1","0","0","9"
"1","bot_learned_sequence","human","0","322","2","0","0","1","1","0","0","jump","pull","jump","pull","1","1","38","650","9"
"1","bot_learned_sequence","human","0","2239","3","3","3","2","0","2","0","pull","swing","swing","none","1","0","-20","0","9"
"1","bot_learned_sequence","human","0","46","2","3","2","0","0","0","0","pull","pull","drain","jump","1","0","30","300","9"
"1","bot_learned_sequence","human","0","10271","3","3","1","0","0","2","2","kick","swing","grip","none","1","0","-20","150","9"
"1","bot_learned_sequence","human","0","2605","1","3","2","0","2","2","0","jump","drain","none","none","1","0","0","150","9"
"1","bot_learned_sequence","human","0","2365","1","3","3","0","1","2","0","push","swing","none","none","1","0","2","250","9"
"1","bot_learned_sequence","human","0","125","1","3","3","1","0","0","0","jump","jump","none","none","1","0","-18","550","9"
"1","bot_learned_sequence","human","0","24","0","2","1","0","0","0","0","pull","pull","jump","none","1","0","20","300","9"
"1","bot_learned_sequence","human","0","8488","0","2","2","0","1","0","2","swing","jump","none","none","1","0","2","50","9"
"1","bot_learned_sequence","human","0","8232","0","2","2","0","0","0","2","swing","jump","none","none","1","0","4","250","9"
"1","bot_learned_sequence","human","0","8216","0","2","1","0","0","0","2","swing","grip","none","none","1","0","4","100","9"
"1","bot_learned_sequence","human","0","8472","0","2","1","0","1","0","2","pull","drain","pull","jump","1","0","-20","650","9"
"1","bot_learned_sequence","human","0","271","3","3","0","0","1","0","0","drain","swing","swing","jump","1","1","28","350","9"
"1","bot_learned_sequence","human","0","95","3","3","1","1","0","0","0","grip","swing","none","none","1","1","-22","250","9"
"1","bot_learned_sequence","human","0","302","2","3","2","0","1","0","0","idle","pull","drain","none","1","1","20","0","9"
"1","bot_learned_sequence","human","0","2399","3","3","1","1","1","2","0","drain","pull","pull","jump","1","1","41","650","9"
"1","bot_learned_sequence","human","0","399","3","3","0","2","1","0","0","idle","pull","jump","none","1","1","1","0","9"
"1","bot_learned_sequence","human","0","8650","2","2","0","3","1","0","2","drain","jump","none","none","1","1","-20","100","9"
"1","bot_learned_sequence","human","0","8522","2","2","0","1","1","0","2","pull","swing","none","none","1","1","-20","150","9"
"1","bot_learned_sequence","human","0","398","2","3","0","2","1","0","0","idle","push","none","none","1","1","-20","0","9"
"1","bot_learned_sequence","human","0","477","1","3","1","3","1","0","0","push","jump","none","none","1","1","0","600","9"
"1","bot_learned_sequence","human","0","461","1","3","0","3","1","0","0","drain","push","none","none","1","1","0","50","9"
"1","bot_learned_sequence","human","0","397","1","3","0","2","1","0","0","idle","push","none","none","1","1","0","0","9"
"1","bot_learned_sequence","human","0","269","1","3","0","0","1","0","0","pull","drain","push","none","1","1","0","250","9"
"1","bot_learned_sequence","human","0","301","1","3","2","0","1","0","0","pull","drain","none","none","1","1","0","150","9"
"1","bot_learned_sequence","human","0","269","1","3","0","0","1","0","0","jump","push","none","none","1","1","0","0","9"
"1","bot_learned_sequence","human","0","573","1","3","3","0","2","0","0","idle","drain","none","none","1","1","20","0","9"
"1","bot_learned_sequence","human","0","317","1","3","3","0","1","0","0","idle","pull","none","none","1","1","40","0","9"
"1","bot_learned_sequence","human","0","317","1","3","3","0","1","0","0","idle","drain","none","none","1","1","20","0","9"
"1","bot_learned_sequence","human","0","8281","1","2","1","1","0","0","2","idle","swing","swing","jump","1","1","19","0","9"
"1","bot_learned_sequence","human","0","89","1","2","1","1","0","0","0","knockdown","jump","pull","none","1","1","26","0","9"
"1","bot_learned_sequence","human","0","405","1","1","1","2","1","0","0","idle","drain","none","none","1","1","0","0","9"
"1","bot_learned_sequence","human","0","37","1","1","2","0","0","0","0","jump","jump","drain","pull","1","1","-10","50","9"
"1","bot_learned_sequence","human","0","741","1","1","2","3","2","0","0","idle","push","none","none","1","1","0","0","9"
"1","bot_learned_sequence","human","0","741","1","1","2","3","2","0","0","drain","push","none","none","1","1","0","200","9"
"1","bot_learned_sequence","human","0","485","1","1","2","3","1","0","0","drain","drain","jump","pull","1","1","21","50","9"
"1","bot_learned_sequence","human","0","8325","1","1","0","2","0","0","2","knockdown","jump","pull","none","1","1","27","0","9"
"1","bot_learned_sequence","human","0","69","1","1","0","1","0","0","0","jump","swing","swing","none","1","1","0","50","9"
"1","bot_learned_sequence","human","0","405","1","1","1","2","1","0","0","drain","swing","drain","none","1","1","0","150","9"
"1","bot_learned_sequence","human","0","8724","0","1","1","0","2","0","2","idle","drain","none","none","1","1","0","0","9"
"1","bot_learned_sequence","human","0","260","0","1","0","0","1","0","0","jump","pull","jump","none","1","1","0","250","9"
"1","bot_learned_sequence","human","0","532","0","1","1","0","2","0","0","push","drain","none","none","1","1","0","550","9"
"1","bot_learned_sequence","human","0","645","1","1","0","2","2","0","0","idle","push","none","none","1","1","30","0","9"
"1","bot_learned_sequence","human","0","8196","0","1","0","0","0","0","2","swing","pull","jump","pull","1","1","19","100","9"
"1","bot_learned_sequence","human","0","8192","0","0","0","0","0","0","2","knockdown","jump","pull","none","1","1","29","0","9"
"1","bot_learned_sequence","human","0","2815","3","3","3","3","2","2","0","jump","swing","jump","pull","1","0","-10","600","9"
"1","bot_learned_sequence","human","0","479","3","3","1","3","1","0","0","idle","pull","knockdown","none","1","0","10","0","9"
"1","bot_learned_sequence","human","0","287","3","3","1","0","1","0","0","idle","grip","none","none","1","0","24","0","9"
"1","bot_learned_sequence","human","0","79","3","3","0","1","0","0","0","swing","jump","grip","none","1","0","2","250","9"
"1","bot_learned_sequence","human","0","2110","2","3","3","0","0","2","0","jump","jump","drain","none","1","0","40","700","9"
"1","bot_learned_sequence","human","0","2330","2","2","1","0","1","2","0","jump","pull","none","none","1","0","20","700","9"
"1","bot_learned_sequence","human","0","2074","2","2","1","0","0","2","0","swing","jump","pull","drain","1","0","20","50","9"
"1","bot_learned_sequence","human","0","39","3","1","2","0","0","0","0","push","push","none","none","1","0","0","400","9"
"1","bot_learned_sequence","human","0","375","3","1","3","1","1","0","0","jump","drain","none","none","1","0","0","300","9"
"1","bot_learned_sequence","human","0","535","3","1","1","0","2","0","0","idle","jump","none","none","1","0","0","0","9"
"1","bot_learned_sequence","human","0","551","3","1","2","0","2","0","0","push","drain","pull","pull","1","0","0","100","9"
"1","bot_learned_sequence","human","0","647","3","1","0","2","2","0","0","idle","pull","none","none","1","0","0","0","9"
"1","bot_learned_sequence","human","0","263","3","1","0","0","1","0","0","push","jump","pull","none","1","0","0","0","9"
"1","bot_learned_sequence","human","0","711","3","1","0","3","2","0","0","idle","pull","none","none","1","0","0","0","9"
"1","bot_learned_sequence","human","0","2503","3","1","0","3","1","2","0","drain","swing","knockdown","none","1","0","-20","200","9"
"1","bot_learned_sequence","human","0","21","1","1","1","0","0","0","0","pull","grip","none","none","1","0","-14","150","9"
"1","bot_learned_sequence","human","0","293","1","1","2","0","1","0","0","idle","jump","drain","pull","1","0","20","0","9"
"1","bot_learned_sequence","human","0","533","1","1","1","0","2","0","0","push","drain","jump","none","1","0","0","150","9"
"1","bot_learned_sequence","human","0","261","1","1","0","0","1","0","0","drain","pull","pull","jump","1","0","30","350","9"
"1","bot_learned_sequence","human","0","757","1","1","3","3","2","0","0","idle","drain","none","none","1","0","0","0","9"
"1","bot_learned_sequence","human","0","693","1","1","3","2","2","0","0","idle","jump","none","none","1","0","0","0","9"
"1","bot_learned_sequence","human","0","501","1","1","3","3","1","0","0","idle","drain","none","none","1","0","-21","0","9"
"1","bot_learned_sequence","human","0","293","1","1","2","0","1","0","0","idle","grip","none","none","1","0","-25","0","9"
"1","bot_learned_sequence","human","0","308","0","1","3","0","1","0","0","jump","drain","pull","jump","1","0","20","100","9"
"1","bot_learned_sequence","human","0","357","1","1","2","1","1","0","0","swing","drain","none","none","1","0","0","150","9"
"1","bot_learned_sequence","human","0","257","1","0","0","0","1","0","0","idle","pull","jump","none","1","0","30","0","9"
"1","bot_learned_sequence","human","0","2305","1","0","0","0","1","2","0","drain","kick","none","none","1","0","0","600","9"
"1","bot_learned_sequence","human","0","65","1","0","0","1","0","0","0","jump","push","none","none","1","0","0","150","9"
"1","bot_learned_sequence","human","0","577","1","0","0","1","2","0","0","drain","push","none","none","1","0","0","50","9"
"1","bot_learned_sequence","human","0","565","1","1","3","0","2","0","0","push","jump","push","none","1","0","-30","500","9"
"1","bot_learned_sequence","human","0","191","3","3","3","2","0","0","0","idle","pull","drain","none","1","1","-1","0","9"
"1","bot_learned_sequence","human","0","8351","3","3","1","2","0","0","2","swing","grip","jump","grip","1","1","4","50","9"
"1","bot_learned_sequence","human","0","207","3","3","0","3","0","0","0","knockdown","grip","none","none","1","1","15","0","9"
"1","bot_learned_sequence","human","0","143","3","3","0","2","0","0","0","idle","jump","grip","none","1","1","0","0","9"
"1","bot_learned_sequence","human","0","75","3","2","0","1","0","0","0","jump","jump","none","none","1","1","0","50","9"
"1","bot_learned_sequence","human","0","411","3","2","1","2","1","0","0","drain","drain","none","none","1","1","-20","0","9"
"1","bot_learned_sequence","human","0","271","3","3","0","0","1","0","0","idle","swing","swing","none","1","1","1","0","9"
"1","bot_learned_sequence","human","0","10399","3","3","1","2","0","2","2","swing","swing","none","none","1","1","-79","50","9"
"1","bot_learned_sequence","human","0","10478","2","3","2","3","0","2","2","swing","jump","drain","none","1","1","-50","150","9"
"1","bot_learned_sequence","human","0","509","1","3","3","3","1","0","0","idle","drain","none","none","1","1","-30","0","9"
"1","bot_learned_sequence","human","0","380","0","3","3","1","1","0","0","pull","pull","none","none","1","1","20","500","9"
"1","bot_learned_sequence","human","0","444","0","3","3","2","1","0","0","idle","drain","pull","none","1","1","0","0","9"
"1","bot_learned_sequence","human","0","8637","1","3","3","2","1","0","2","swing","drain","none","none","1","1","0","250","9"
"1","bot_learned_sequence","human","0","10349","1","3","2","1","0","2","2","swing","swing","swing","jump","1","1","0","200","9"
"1","bot_learned_sequence","human","0","2493","1","3","3","2","1","2","0","jump","drain","none","none","1","1","0","600","9"
"1","bot_learned_sequence","human","0","2430","2","3","3","1","1","2","0","drain","swing","none","none","1","1","20","550","9"
"1","bot_learned_sequence","human","0","10686","2","3","3","2","1","2","2","swing","swing","none","none","1","1","20","100","9"
"1","bot_learned_sequence","human","0","8686","2","3","2","3","1","0","2","swing","pull","jump","pull","1","1","20","200","9"
"1","bot_learned_sequence","human","0","493","1","3","2","3","1","0","0","jump","drain","none","none","1","1","20","100","9"
"1","bot_learned_sequence","human","0","8526","2","3","0","1","1","0","2","idle","pull","drain","swing","1","1","20","0","9"
"1","bot_learned_sequence","human","0","410","2","2","1","2","1","0","0","idle","drain","swing","swing","1","1","0","0","9"
"1","bot_learned_sequence","human","0","8577","1","0","0","2","1","0","2","drain","jump","swing","none","1","1","0","150","9"
"1","bot_learned_sequence","human","0","8277","1","1","1","1","0","0","2","swing","drain","jump","none","1","1","-10","150","9"
"1","bot_learned_sequence","human","0","8581","1","1","0","2","1","0","2","idle","drain","none","none","1","1","0","0","9"
"1","bot_learned_sequence","human","0","69","1","1","0","1","0","0","0","idle","swing","none","none","1","1","-20","0","9"
"1","bot_learned_sequence","human","0","276","0","1","1","0","1","0","0","pull","drain","jump","none","1","1","0","450","9"
"1","bot_learned_sequence","human","0","2612","0","1","3","0","2","2","0","idle","jump","none","none","1","1","0","0","9"
"1","bot_learned_sequence","human","0","2612","0","1","3","0","2","2","0","jump","pull","drain","none","1","1","0","550","9"
"1","bot_learned_sequence","human","0","2356","0","1","3","0","1","2","0","pull","jump","drain","none","1","1","0","700","9"
"1","bot_learned_sequence","human","0","2596","0","1","2","0","2","2","0","idle","pull","none","none","1","1","0","0","9"
"1","bot_learned_sequence","human","0","2596","0","1","2","0","2","2","0","jump","drain","none","none","1","1","0","250","9"
"1","bot_learned_sequence","human","0","2676","0","1","3","1","2","2","0","idle","jump","none","none","1","1","0","0","9"
"1","bot_learned_sequence","human","0","2356","0","1","3","0","1","2","0","pull","drain","none","none","1","1","0","100","9"
"1","bot_learned_sequence","human","0","20","0","1","1","0","0","0","0","jump","pull","jump","drain","1","1","0","100","9"
"1","bot_learned_sequence","human","0","276","0","1","1","0","1","0","0","pull","pull","jump","pull","1","1","20","550","9"
"1","bot_learned_sequence","human","0","20","0","1","1","0","0","0","0","knockdown","jump","pull","drain","1","1","0","0","9"
"1","bot_learned_sequence","human","0","277","1","1","1","0","1","0","0","idle","swing","none","none","1","1","21","0","9"
"1","bot_learned_sequence","human","0","17","1","0","1","0","0","0","0","jump","jump","none","none","1","1","-20","200","9"
"1","bot_learned_sequence","human","0","8481","1","0","2","0","1","0","2","kick","drain","none","none","1","1","-30","550","9"
"1","bot_learned_sequence","human","0","2","2","0","0","0","0","0","0","jump","jump","pull","pull","1","1","-16","0","9"
"1","bot_learned_sequence","human","0","11007","3","3","3","3","2","2","2","swing","jump","swing","swing","1","0","20","650","9"
"1","bot_learned_sequence","human","0","239","3","3","2","3","0","0","0","drain","grip","none","none","1","0","3","300","9"
"1","bot_learned_sequence","human","0","751","3","3","2","3","2","0","0","drain","jump","drain","swing","1","0","-2","150","9"
"1","bot_learned_sequence","human","0","127","3","3","3","1","0","0","0","idle","pull","pull","none","1","0","-31","0","9"
"1","bot_learned_sequence","human","0","287","3","3","1","0","1","0","0","drain","drain","none","none","1","0","-20","250","9"
"1","bot_learned_sequence","human","0","366","2","3","2","1","1","0","0","idle","drain","jump","none","1","0","-20","0","9"
"1","bot_learned_sequence","human","0","430","2","3","2","2","1","0","0","drain","drain","none","none","1","0","20","0","9"
"1","bot_learned_sequence","human","0","31","3","3","1","0","0","0","0","knockdown","jump","drain","none","1","0","0","0","9"
"1","bot_learned_sequence","human","0","287","3","3","1","0","1","0","0","idle","drain","none","none","1","0","0","0","9"
"1","bot_learned_sequence","human","0","2335","3","3","1","0","1","2","0","swing","swing","swing","swing","1","0","59","50","9"
"1","bot_learned_sequence","human","0","10431","3","3","3","2","0","2","2","swing","swing","swing","none","1","0","79","250","9"
"1","bot_learned_sequence","human","0","8603","3","2","1","2","1","0","2","drain","pull","jump","pull","1","0","20","400","9"
"1","bot_learned_sequence","human","0","8919","3","1","1","3","2","0","2","idle","push","none","none","1","0","50","0","9"
"1","bot_learned_sequence","human","0","471","3","1","1","3","1","0","0","drain","pull","jump","pull","1","0","30","150","9"
"1","bot_learned_sequence","human","0","2519","3","1","1","3","1","2","0","idle","swing","none","none","1","0","0","0","9"
"1","bot_learned_sequence","human","0","2535","3","1","2","3","1","2","0","drain","swing","swing","swing","1","0","0","50","9"
"1","bot_learned_sequence","human","0","8407","3","1","1","3","0","0","2","jump","jump","none","none","1","0","0","100","9"
"1","bot_learned_sequence","human","0","8667","3","2","1","3","1","0","2","drain","drain","none","none","1","0","-20","250","9"
"1","bot_learned_sequence","human","0","10731","3","2","2","3","1","2","2","swing","swing","none","none","1","0","-20","200","9"
"1","bot_learned_sequence","human","0","10731","3","2","2","3","1","2","2","swing","swing","swing","swing","1","0","-20","200","9"
"1","bot_learned_sequence","human","0","2231","3","1","3","2","0","2","0","pull","swing","jump","none","1","0","0","100","9"
"1","bot_learned_sequence","human","0","283","3","2","1","0","1","0","0","drain","drain","kick","none","1","0","-20","450","9"
"1","bot_learned_sequence","human","0","309","1","1","3","0","1","0","0","idle","drain","none","none","1","0","-30","0","9"
"1","bot_learned_sequence","human","0","2341","1","1","2","0","1","2","0","jump","pull","drain","none","1","0","-30","200","9"
"1","bot_learned_sequence","human","0","532","0","1","1","0","2","0","0","swing","jump","none","none","1","0","20","100","9"
"1","bot_learned_sequence","human","0","293","1","1","2","0","1","0","0","jump","drain","jump","drain","1","0","20","650","9"
"1","bot_learned_sequence","human","0","2069","1","1","1","0","0","2","0","idle","swing","swing","none","1","0","0","0","9"
"1","bot_learned_sequence","human","0","277","1","1","1","0","1","0","0","drain","drain","swing","swing","1","0","10","550","9"
"1","bot_learned_sequence","human","0","69","1","1","0","1","0","0","0","idle","pull","jump","none","1","0","20","0","9"
"1","bot_learned_sequence","human","0","8897","1","0","0","3","2","0","2","jump","jump","none","none","1","0","0","250","9"
"1","bot_learned_sequence","human","0","8833","1","0","0","2","2","0","2","pull","jump","none","none","1","0","0","500","9"
"1","bot_learned_sequence","human","0","8833","1","0","0","2","2","0","2","idle","push","none","none","1","0","0","0","9"
"1","bot_learned_sequence","human","0","8897","1","0","0","3","2","0","2","jump","pull","none","none","1","0","0","50","9"
"1","bot_learned_sequence","human","0","8321","1","0","0","2","0","0","2","idle","jump","none","none","1","0","0","0","9"
"1","bot_learned_sequence","human","0","129","1","0","0","2","0","0","0","drain","pull","jump","pull","1","0","0","50","9"
"1","bot_learned_sequence","human","0","69","1","1","0","1","0","0","0","swing","jump","none","none","1","0","-1","600","9"
"1","bot_learned_sequence","human","0","2132","0","1","1","1","0","2","0","jump","kick","none","none","1","0","20","200","9"
"1","bot_learned_sequence","human","0","8","0","2","0","0","0","0","0","jump","jump","none","none","1","0","16","0","9"
"1","bot_learned_sequence","human","0","175","3","3","2","2","0","0","0","jump","pull","none","none","1","1","40","350","9"
"1","bot_learned_sequence","human","0","75","3","2","0","1","0","0","0","pull","pull","none","none","1","1","-10","250","9"
"1","bot_learned_sequence","human","0","8583","3","1","0","2","1","0","2","swing","pull","none","none","1","1","-30","0","9"
"1","bot_learned_sequence","human","0","330","2","2","0","1","1","0","0","idle","swing","none","none","1","1","-50","0","9"
"1","bot_learned_sequence","human","0","281","1","2","1","0","1","0","0","pull","swing","drain","pull","1","1","0","200","9"
"1","bot_learned_sequence","human","0","586","2","2","0","1","2","0","0","idle","jump","swing","jump","1","1","0","0","9"
"1","bot_learned_sequence","human","0","2442","2","2","0","2","1","2","0","drain","swing","swing","swing","1","1","0","100","9"
"1","bot_learned_sequence","human","0","8602","2","2","1","2","1","0","2","swing","drain","none","none","1","1","-2","350","9"
"1","bot_learned_sequence","human","0","346","2","2","1","1","1","0","0","grip","swing","none","none","1","1","-59","50","9"
"1","bot_learned_sequence","human","0","8361","1","2","2","2","0","0","2","swing","pull","none","none","1","1","-59","50","9"
"1","bot_learned_sequence","human","0","8617","1","2","2","2","1","0","2","swing","drain","none","none","1","1","-79","600","9"
"1","bot_learned_sequence","human","0","280","0","2","1","0","1","0","0","swing","grip","jump","grip","1","1","24","0","9"
"1","bot_learned_sequence","human","0","20","0","1","1","0","0","0","0","idle","jump","grip","none","1","1","44","0","9"
"1","bot_learned_sequence","human","0","260","0","1","0","0","1","0","0","idle","jump","grip","none","1","1","54","0","9"
"1","bot_learned_sequence","human","0","0","0","0","0","0","0","0","0","idle","swing","swing","none","1","1","12","0","9"
"1","bot_learned_sequence","human","0","414","2","3","1","2","1","0","0","pull","pull","none","none","1","0","10","650","9"
"1","bot_learned_sequence","human","0","2349","1","3","2","0","1","2","0","pull","swing","swing","drain","1","0","30","0","9"
"1","bot_learned_sequence","human","0","298","2","2","2","0","1","0","0","jump","drain","none","none","1","0","0","150","9"
"1","bot_learned_sequence","human","0","2330","2","2","1","0","1","2","0","swing","swing","swing","swing","1","0","0","200","9"
"1","bot_learned_sequence","human","0","346","2","2","1","1","1","0","0","idle","grip","none","none","1","0","61","0","9"
"1","bot_learned_sequence","human","0","2214","2","1","2","2","0","2","0","pull","swing","none","none","1","0","49","250","9"
"1","bot_learned_sequence","human","0","390","2","1","0","2","1","0","0","drain","pull","jump","pull","1","0","79","150","9"
"1","bot_learned_sequence","human","0","450","2","0","0","3","1","0","0","grip","swing","none","none","1","0","-24","0","9"
"1","bot_learned_sequence","human","0","191","3","3","3","2","0","0","0","grip","pull","pull","pull","1","1","-2","150","9"
"1","bot_learned_sequence","human","0","223","3","3","1","3","0","0","0","drain","jump","none","none","1","1","-20","50","9"
"1","bot_learned_sequence","human","0","335","3","3","0","1","1","0","0","jump","swing","swing","none","1","1","0","250","9"
"1","bot_learned_sequence","human","0","2399","3","3","1","1","1","2","0","drain","swing","swing","swing","1","1","0","100","9"
"1","bot_learned_sequence","human","0","2127","3","3","0","1","0","2","0","jump","swing","drain","jump","1","1","-20","100","9"
"1","bot_learned_sequence","human","0","335","3","3","0","1","1","0","0","jump","jump","push","none","1","1","0","700","9"
"1","bot_learned_sequence","human","0","31","3","3","1","0","0","0","0","idle","drain","jump","drain","1","1","20","0","9"
"1","bot_learned_sequence","human","0","351","3","3","1","1","1","0","0","idle","push","none","none","1","1","50","0","9"
"1","bot_learned_sequence","human","0","411","3","2","1","2","1","0","0","pull","pull","jump","pull","1","1","-10","150","9"
"1","bot_learned_sequence","human","0","279","3","1","1","0","1","0","0","pull","drain","none","none","1","1","-50","50","9"
"1","bot_learned_sequence","human","0","262","2","1","0","0","1","0","0","pull","pull","jump","pull","1","1","20","500","9"
"1","bot_learned_sequence","human","0","341","1","1","1","1","1","0","0","pull","drain","pull","jump","1","1","0","550","9"
"1","bot_learned_sequence","human","0","2","2","0","0","0","0","0","0","pull","drain","pull","none","1","1","0","150","9"
"1","bot_learned_sequence","human","0","175","3","3","2","2","0","0","0","pull","grip","none","none","1","0","24","100","9"
"1","bot_learned_sequence","human","0","191","3","3","3","2","0","0","0","pull","drain","none","none","1","0","20","650","9"
"1","bot_learned_sequence","human","0","8223","3","3","1","0","0","0","2","swing","jump","none","none","1","0","20","200","9"
"1","bot_learned_sequence","human","0","31","3","3","1","0","0","0","0","drain","drain","jump","none","1","0","20","150","9"
"1","bot_learned_sequence","human","0","623","3","3","2","1","2","0","0","push","jump","drain","none","1","0","0","700","9"
"1","bot_learned_sequence","human","0","543","3","3","1","0","2","0","0","idle","jump","drain","none","1","0","0","0","9"
"1","bot_learned_sequence","human","0","333","1","3","0","1","1","0","0","idle","pull","none","none","1","0","50","0","9"
"1","bot_learned_sequence","human","0","13","1","3","0","0","0","0","0","drain","jump","pull","none","1","0","50","150","9"
"1","bot_learned_sequence","human","0","265","1","2","0","0","1","0","0","jump","pull","none","none","1","0","0","450","9"
"1","bot_learned_sequence","human","0","264","0","2","0","0","1","0","0","idle","pull","none","none","1","0","0","0","9"
"1","bot_learned_sequence","human","0","511","3","3","3","3","1","0","0","jump","jump","swing","none","1","1","0","300","9"
"1","bot_learned_sequence","human","0","399","3","3","0","2","1","0","0","drain","swing","swing","none","1","1","-29","350","9"
"1","bot_learned_sequence","human","0","2191","3","3","0","2","0","2","0","swing","swing","none","none","1","1","-79","200","9"
"1","bot_learned_sequence","human","0","10719","3","3","1","3","1","2","2","swing","swing","swing","none","1","1","-80","300","9"
"1","bot_learned_sequence","human","0","2222","2","3","2","2","0","2","0","pull","swing","swing","none","1","1","-28","0","9"
"1","bot_learned_sequence","human","0","250","2","2","3","3","0","0","0","idle","swing","swing","none","1","1","90","0","9"
"1","bot_learned_sequence","human","0","138","2","2","0","2","0","0","0","drain","pull","none","none","1","1","80","550","9"
"1","bot_learned_sequence","human","0","706","2","0","0","3","2","0","0","idle","jump","none","none","1","1","-20","0","9"
"1","bot_learned_sequence","human","0","2498","2","0","0","3","1","2","0","drain","kick","none","none","1","1","-20","400","9"
"1","bot_learned_sequence","human","0","8495","3","3","2","0","1","0","2","swing","swing","none","none","1","0","59","100","9"
"1","bot_learned_sequence","human","0","10303","3","3","3","0","0","2","2","swing","swing","swing","swing","1","0","80","150","9"
"1","bot_learned_sequence","human","0","10367","3","3","3","1","0","2","2","swing","swing","none","none","1","0","50","50","9"
"1","bot_learned_sequence","human","0","8367","3","3","2","2","0","0","2","swing","pull","jump","none","1","0","78","150","9"
"1","bot_learned_sequence","human","0","8363","3","2","2","2","0","0","2","swing","pull","none","none","1","0","28","0","9"
"1","bot_learned_sequence","human","0","8667","3","2","1","3","1","0","2","swing","pull","none","none","1","0","6","700","9"
"1","bot_learned_sequence","human","0","154","2","2","1","2","0","0","0","grip","pull","pull","none","1","0","-22","700","9"
"1","bot_learned_sequence","human","0","249","1","2","3","3","0","0","0","swing","drain","none","none","1","0","-80","200","9"
"1","bot_learned_sequence","human","0","312","0","2","3","0","1","0","0","jump","jump","drain","none","1","0","20","450","9"
"1","bot_learned_sequence","human","0","8488","0","2","2","0","1","0","2","kick","pull","jump","pull","1","0","40","450","9"
"1","bot_learned_sequence","human","0","175","3","3","2","2","0","0","0","idle","pull","pull","none","1","1","79","0","9"
"1","bot_learned_sequence","human","0","10395","3","2","1","2","0","2","2","swing","swing","none","none","1","1","0","0","9"
"1","bot_learned_sequence","human","0","326","2","1","0","1","1","0","0","pull","pull","none","none","1","1","-39","100","9"
"1","bot_learned_sequence","human","0","257","1","0","0","0","1","0","0","pull","swing","jump","none","1","1","-20","250","9"
"1","bot_learned_sequence","human","0","400","0","0","1","2","1","0","0","jump","jump","none","none","1","1","0","650","9"
"1","bot_learned_sequence","human","0","80","0","0","1","1","0","0","0","jump","drain","none","none","1","1","0","100","9"
"1","bot_learned_sequence","human","0","352","0","0","2","1","1","0","0","pull","drain","none","none","1","1","20","650","9"
"1","bot_learned_sequence","human","0","8465","1","0","1","0","1","0","2","idle","drain","none","none","1","1","16","0","9"
"1","bot_learned_sequence","human","0","257","1","0","0","0","1","0","0","jump","pull","jump","pull","1","1","16","250","9"
"1","bot_learned_sequence","human","0","317","1","3","3","0","1","0","0","idle","drain","jump","drain","1","0","20","0","9"
"1","bot_learned_sequence","human","0","14","2","3","0","0","0","0","0","jump","pull","drain","none","1","0","20","150","9"
"1","bot_learned_sequence","human","0","286","2","3","1","0","1","0","0","idle","swing","swing","none","1","0","0","0","9"
"1","bot_learned_sequence","human","0","10286","2","3","2","0","0","2","2","swing","swing","swing","pull","1","0","0","0","9"
"1","bot_learned_sequence","human","0","276","0","1","1","0","1","0","0","idle","drain","pull","jump","1","0","39","0","9"
"1","bot_learned_sequence","human","0","324","0","1","0","1","1","0","0","jump","pull","none","none","1","0","20","250","9"
"1","bot_learned_sequence","human","0","336","0","0","1","1","1","0","0","idle","pull","jump","none","1","0","0","0","9"
"1","bot_learned_sequence","human","0","336","0","0","1","1","1","0","0","jump","pull","jump","none","1","0","0","50","9"
"1","bot_learned_sequence","human","0","80","0","0","1","1","0","0","0","drain","pull","pull","pull","1","0","0","50","9"
"1","bot_learned_sequence","human","0","2052","0","1","0","0","0","2","0","jump","kick","none","none","1","0","-16","100","9"
"1","bot_learned_sequence","human","0","2415","3","3","2","1","1","2","0","push","swing","swing","none","1","1","0","50","9"
"1","bot_learned_sequence","human","0","2223","3","3","2","2","0","2","0","grip","pull","pull","jump","1","1","70","100","9"
"1","bot_learned_sequence","human","0","475","3","2","1","3","1","0","0","idle","pull","jump","none","1","1","30","0","9"
"1","bot_learned_sequence","human","0","455","3","1","0","3","1","0","0","drain","pull","jump","none","1","1","0","0","9"
"1","bot_learned_sequence","human","0","11","3","2","0","0","0","0","0","pull","swing","swing","none","1","1","-20","50","9"
"1","bot_learned_sequence","human","0","283","3","2","1","0","1","0","0","drain","swing","swing","swing","1","1","-20","100","9"
"1","bot_learned_sequence","human","0","11","3","2","0","0","0","0","0","jump","jump","push","none","1","1","0","50","9"
"1","bot_learned_sequence","human","0","539","3","2","1","0","2","0","0","idle","pull","none","none","1","1","0","0","9"
"1","bot_learned_sequence","human","0","555","3","2","2","0","2","0","0","jump","jump","none","none","1","1","0","450","9"
"1","bot_learned_sequence","human","0","8571","3","2","3","1","1","0","2","swing","drain","none","none","1","1","22","200","9"
"1","bot_learned_sequence","human","0","8235","3","2","2","0","0","0","2","swing","grip","jump","grip","1","1","24","150","9"
"1","bot_learned_sequence","human","0","151","3","1","1","2","0","0","0","pull","jump","grip","none","1","1","66","500","9"
"1","bot_learned_sequence","human","0","135","3","1","0","2","0","0","0","knockdown","grip","none","none","1","1","46","0","9"
"1","bot_learned_sequence","human","0","10751","3","3","3","3","1","2","2","swing","swing","jump","push","1","0","0","50","9"
"1","bot_learned_sequence","human","0","415","3","3","1","2","1","0","0","idle","push","none","none","1","0","0","0","9"
"1","bot_learned_sequence","human","0","317","1","3","3","0","1","0","0","pull","drain","none","none","1","0","0","0","9"
"1","bot_learned_sequence","human","0","285","1","3","1","0","1","0","0","jump","pull","jump","pull","1","0","20","550","9"
"1","bot_learned_sequence","human","0","365","1","3","2","1","1","0","0","idle","drain","pull","jump","1","0","20","0","9"
"1","bot_learned_sequence","human","0","8270","2","3","0","1","0","0","2","swing","pull","jump","pull","1","0","20","50","9"
"1","bot_learned_sequence","human","0","8266","2","2","0","1","0","0","2","knockdown","jump","pull","pull","1","0","0","0","9"
"1","bot_learned_sequence","human","0","654","2","3","0","2","2","0","0","pull","jump","none","none","1","0","0","450","9"
"1","bot_learned_sequence","human","0","2526","2","3","1","3","1","2","0","idle","swing","none","none","1","0","-22","0","9"
"1","bot_learned_sequence","human","0","2526","2","3","1","3","1","2","0","drain","swing","swing","swing","1","0","-22","100","9"
"1","bot_learned_sequence","human","0","93","1","3","1","1","0","0","0","idle","pull","pull","none","1","0","-64","0","9"
"1","bot_learned_sequence","human","0","8687","3","3","2","3","1","0","2","swing","grip","none","none","1","1","24","150","9"
"1","bot_learned_sequence","human","0","95","3","3","1","1","0","0","0","knockdown","jump","grip","none","1","1","-2","0","9"
"1","bot_learned_sequence","human","0","347","3","2","1","1","1","0","0","idle","drain","knockdown","none","1","1","18","0","9"
"1","bot_learned_sequence","human","0","395","3","2","0","2","1","0","0","idle","push","none","none","1","1","-12","0","9"
"1","bot_learned_sequence","human","0","191","3","3","3","2","0","0","0","idle","pull","pull","none","1","0","-32","0","9"
"1","bot_learned_sequence","human","0","30","2","3","1","0","0","0","0","idle","drain","none","none","1","0","-20","0","9"
"1","bot_learned_sequence","human","0","126","2","3","3","1","0","0","0","idle","jump","none","none","1","0","-8","0","9"
"1","bot_learned_sequence","human","0","2479","3","3","2","2","1","2","0","grip","grip","none","none","1","1","-2","0","9"
"1","bot_learned_sequence","human","0","2223","3","3","2","2","0","2","0","idle","pull","none","none","1","1","28","0","9"
"1","bot_learned_sequence","human","0","2239","3","3","3","2","0","2","0","grip","pull","pull","none","1","1","60","600","9"
"1","bot_learned_sequence","human","0","8671","3","3","1","3","1","0","2","swing","jump","none","none","1","1","40","250","9"
"1","bot_learned_sequence","human","0","223","3","3","1","3","0","0","0","drain","swing","swing","swing","1","1","40","150","9"
"1","bot_learned_sequence","human","0","8331","3","2","0","2","0","0","2","swing","pull","none","none","1","1","30","450","9"
"1","bot_learned_sequence","human","0","327","3","1","0","1","1","0","0","pull","swing","drain","jump","1","1","-10","200","9"
"1","bot_learned_sequence","human","0","8519","3","1","0","1","1","0","2","idle","push","none","none","1","1","0","0","9"
"1","bot_learned_sequence","human","0","8647","3","1","0","3","1","0","2","idle","push","none","none","1","1","0","0","9"
"1","bot_learned_sequence","human","0","8647","3","1","0","3","1","0","2","idle","jump","none","none","1","1","0","0","9"
"1","bot_learned_sequence","human","0","10375","3","1","0","2","0","2","2","pull","swing","swing","none","1","1","30","150","9"
"1","bot_learned_sequence","human","0","10627","3","0","0","2","1","2","2","idle","swing","swing","swing","1","1","-20","0","9"
"1","bot_learned_sequence","human","0","211","3","0","1","3","0","0","0","pull","pull","pull","jump","1","1","30","100","9"
"1","bot_learned_sequence","human","0","258","2","0","0","0","1","0","0","pull","pull","jump","none","1","1","22","650","9"
"1","bot_learned_sequence","human","0","8687","3","3","2","3","1","0","2","grip","grip","none","none","1","0","2","0","9"
"1","bot_learned_sequence","human","0","8431","3","3","2","3","0","0","2","pull","jump","grip","none","1","0","-28","250","9"
"1","bot_learned_sequence","human","0","2431","3","3","3","1","1","2","0","jump","swing","drain","none","1","0","-40","50","9"
"1","bot_learned_sequence","human","0","2158","2","3","2","1","0","2","0","idle","swing","swing","none","1","0","-50","0","9"
"1","bot_learned_sequence","human","0","317","1","3","3","0","1","0","0","pull","drain","pull","jump","1","0","20","500","9"
"1","bot_learned_sequence","human","0","349","1","3","1","1","1","0","0","idle","drain","pull","jump","1","0","50","0","9"
"1","bot_learned_sequence","human","0","2332","0","3","1","0","1","2","0","jump","drain","none","none","1","0","0","450","9"
"1","bot_learned_sequence","human","0","2365","1","3","3","0","1","2","0","jump","drain","none","none","1","0","0","350","9"
"1","bot_learned_sequence","human","0","2333","1","3","1","0","1","2","0","swing","pull","none","none","1","0","-30","150","9"
"1","bot_learned_sequence","human","0","188","0","3","3","2","0","0","0","swing","pull","none","none","1","0","-10","600","9"
"1","bot_learned_sequence","human","0","60","0","3","3","0","0","0","0","jump","drain","none","none","1","0","20","550","9"
"1","bot_learned_sequence","human","0","268","0","3","0","0","1","0","0","idle","pull","none","none","1","0","0","0","9"
"1","bot_learned_sequence","human","0","328","0","2","0","1","1","0","0","jump","pull","jump","none","1","0","-2","500","9"
"1","bot_learned_sequence","human","0","110","2","3","2","1","0","0","0","jump","grip","none","none","1","1","18","150","9"
"1","bot_learned_sequence","human","0","8223","3","3","1","0","0","0","2","swing","swing","none","none","1","1","-20","150","9"
"1","bot_learned_sequence","human","0","2110","2","3","3","0","0","2","0","jump","swing","none","none","1","1","-60","400","9"
"1","bot_learned_sequence","human","0","8510","2","3","3","0","1","0","2","idle","swing","swing","swing","1","1","-10","0","9"
"1","bot_learned_sequence","human","0","8621","1","3","2","2","1","0","2","swing","pull","jump","pull","1","1","50","150","9"
"1","bot_learned_sequence","human","0","8541","1","3","1","1","1","0","2","swing","drain","none","none","1","1","0","50","9"
"1","bot_learned_sequence","human","0","8542","2","3","1","1","1","0","2","swing","drain","none","none","1","1","59","0","9"
"1","bot_learned_sequence","human","0","10334","2","3","1","1","0","2","2","swing","swing","swing","jump","1","1","89","50","9"
"1","bot_learned_sequence","human","0","454","2","1","0","3","1","0","0","idle","jump","none","none","1","1","-20","0","9"
"1","bot_learned_sequence","human","0","390","2","1","0","2","1","0","0","drain","swing","none","none","1","1","-40","550","9"
"1","bot_learned_sequence","human","0","703","3","3","3","2","2","0","0","push","jump","none","none","1","0","50","650","9"
"1","bot_learned_sequence","human","0","175","3","3","2","2","0","0","0","knockdown","jump","pull","pull","1","0","48","0","9"
"1","bot_learned_sequence","human","0","139","3","2","0","2","0","0","0","jump","pull","drain","swing","1","0","0","150","9"
"1","bot_learned_sequence","human","0","207","3","3","0","3","0","0","0","idle","pull","jump","pull","1","0","20","0","9"
"1","bot_learned_sequence","human","0","459","3","2","0","3","1","0","0","drain","jump","none","none","1","0","0","650","9"
"1","bot_learned_sequence","human","0","10443","3","2","0","3","0","2","2","swing","kick","none","none","1","0","60","50","9"
"1","bot_learned_sequence","human","0","10459","3","2","1","3","0","2","2","swing","swing","swing","swing","1","0","10","100","9"
"1","bot_learned_sequence","human","0","422","2","1","2","2","1","0","0","pull","drain","pull","jump","1","0","0","400","9"
"1","bot_learned_sequence","human","0","2455","3","1","1","2","1","2","0","idle","swing","none","none","1","0","0","0","9"
"1","bot_learned_sequence","human","0","2331","3","2","1","0","1","2","0","drain","swing","swing","swing","1","0","0","300","9"
"1","bot_learned_sequence","human","0","41","1","2","2","0","0","0","0","pull","drain","knockdown","none","1","0","-20","650","9"
"1","bot_learned_sequence","human","0","313","1","2","3","0","1","0","0","jump","drain","none","none","1","0","20","300","9"
"1","bot_learned_sequence","human","0","281","1","2","1","0","1","0","0","swing","pull","pull","jump","1","0","40","200","9"
"1","bot_learned_sequence","human","0","277","1","1","1","0","1","0","0","idle","pull","jump","drain","1","0","-10","0","9"
"1","bot_learned_sequence","human","0","2559","3","3","3","3","1","2","0","jump","jump","grip","none","1","1","-46","350","9"
"1","bot_learned_sequence","human","0","2159","3","3","2","1","0","2","0","pull","grip","jump","grip","1","1","-6","50","9"
"1","bot_learned_sequence","human","0","2414","2","3","2","1","1","2","0","idle","drain","pull","jump","1","1","19","0","9"
"1","bot_learned_sequence","human","0","2191","3","3","0","2","0","2","0","drain","pull","none","none","1","1","20","100","9"
"1","bot_learned_sequence","human","0","2379","3","2","0","1","1","2","0","drain","pull","jump","none","1","1","0","50","9"
"1","bot_learned_sequence","human","0","2063","3","3","0","0","0","2","0","drain","kick","none","none","1","1","20","450","9"
"1","bot_learned_sequence","human","0","8335","3","3","0","2","0","0","2","swing","jump","none","none","1","1","20","200","9"
"1","bot_learned_sequence","human","0","8655","3","3","0","3","1","0","2","swing","pull","jump","none","1","1","40","0","9"
"1","bot_learned_sequence","human","0","463","3","3","0","3","1","0","0","jump","pull","none","none","1","1","40","100","9"
"1","bot_learned_sequence","human","0","8399","3","3","0","3","0","0","2","swing","jump","pull","none","1","1","38","0","9"
"1","bot_learned_sequence","human","0","8655","3","3","0","3","1","0","2","idle","pull","none","none","1","1","35","0","9"
"1","bot_learned_sequence","human","0","139","3","2","0","2","0","0","0","grip","pull","pull","none","1","1","17","400","9"
"1","bot_learned_sequence","human","0","8415","3","3","1","3","0","0","2","idle","pull","none","none","1","0","6","0","9"
"1","bot_learned_sequence","human","0","8478","2","3","1","0","1","0","2","pull","drain","none","none","1","0","0","450","9"
"1","bot_learned_sequence","human","0","8318","2","3","3","1","0","0","2","idle","drain","none","none","1","0","-20","0","9"
"1","bot_learned_sequence","human","0","8558","2","3","2","1","1","0","2","idle","jump","push","drain","1","0","0","0","9"
"1","bot_learned_sequence","human","0","8479","3","3","1","0","1","0","2","idle","drain","none","none","1","0","-20","0","9"
"1","bot_learned_sequence","human","0","10527","3","3","1","0","1","2","2","kick","swing","swing","swing","1","0","-20","550","9"
"1","bot_learned_sequence","human","0","2095","3","3","2","0","0","2","0","jump","swing","swing","drain","1","0","0","100","9"
"1","bot_learned_sequence","human","0","2111","3","3","3","0","0","2","0","idle","swing","swing","none","1","0","-20","0","9"
"1","bot_learned_sequence","human","0","2367","3","3","3","0","1","2","0","pull","swing","none","none","1","0","-40","0","9"
"1","bot_learned_sequence","human","0","2111","3","3","3","0","0","2","0","pull","swing","swing","jump","1","0","-20","0","9"
"1","bot_learned_sequence","human","0","319","3","3","3","0","1","0","0","pull","drain","swing","swing","1","0","-40","200","9"
"1","bot_learned_sequence","human","0","2111","3","3","3","0","0","2","0","jump","swing","knockdown","none","1","0","-38","0","9"
"1","bot_learned_sequence","human","0","46","2","3","2","0","0","0","0","pull","grip","none","none","1","0","-15","300","9"
"1","bot_learned_sequence","human","0","191","3","3","3","2","0","0","0","jump","swing","pull","none","1","1","-10","150","9"
"1","bot_learned_sequence","human","0","10574","2","3","0","1","1","2","2","swing","kick","jump","none","1","1","2","150","9"
"1","bot_learned_sequence","human","0","2254","2","3","0","3","0","2","0","drain","swing","none","none","1","1","-40","200","9"
"1","bot_learned_sequence","human","0","169","1","2","2","2","0","0","0","idle","swing","swing","none","1","1","40","0","9"
"1","bot_learned_sequence","human","0","165","1","1","2","2","0","0","0","drain","jump","drain","none","1","1","20","0","9"
"1","bot_learned_sequence","human","0","262","2","1","0","0","1","0","0","jump","pull","pull","jump","1","1","40","650","9"
"1","bot_learned_sequence","human","0","262","2","1","0","0","1","0","0","idle","pull","jump","none","1","1","50","0","9"
"1","bot_learned_sequence","human","0","578","2","0","0","1","2","0","0","idle","swing","none","none","1","1","0","0","9"
"1","bot_learned_sequence","human","0","578","2","0","0","1","2","0","0","idle","jump","none","none","1","1","0","0","9"
"1","bot_learned_sequence","human","0","159","3","3","1","2","0","0","0","pull","pull","none","none","1","0","-20","150","9"
"1","bot_learned_sequence","human","0","2331","3","2","1","0","1","2","0","swing","swing","swing","none","1","0","-2","550","9"
"1","bot_learned_sequence","human","0","315","3","2","3","0","1","0","0","idle","jump","drain","none","1","0","-10","0","9"
"1","bot_learned_sequence","human","0","8234","2","2","2","0","0","0","2","knockdown","jump","pull","jump","1","0","50","0","9"
"1","bot_learned_sequence","human","0","2054","2","1","0","0","0","2","0","drain","swing","swing","swing","1","0","-20","300","9"
"1","bot_learned_sequence","human","0","341","1","1","1","1","1","0","0","drain","jump","none","none","1","0","-40","100","9"
"1","bot_learned_sequence","human","0","552","0","2","2","0","2","0","0","idle","jump","none","none","1","0","0","0","9"
"1","bot_learned_sequence","human","0","312","0","2","3","0","1","0","0","jump","jump","pull","none","1","0","0","300","9"
"1","bot_learned_sequence","human","0","552","0","2","2","0","2","0","0","idle","pull","none","none","1","0","-22","0","9"
"1","bot_learned_sequence","human","0","335","3","3","0","1","1","0","0","idle","push","jump","push","1","1","70","0","9"
"1","bot_learned_sequence","human","0","155","3","2","1","2","0","0","0","knockdown","push","pull","none","1","1","48","0","9"
"1","bot_learned_sequence","human","0","151","3","1","1","2","0","0","0","grip","pull","none","none","1","1","50","650","9"
"1","bot_learned_sequence","human","0","455","3","1","0","3","1","0","0","drain","pull","none","none","1","1","71","0","9"
"1","bot_learned_sequence","human","0","131","3","0","0","2","0","0","0","idle","pull","jump","pull","1","1","1","0","9"
"1","bot_learned_sequence","human","0","451","3","0","0","3","1","0","0","pull","jump","none","none","1","1","15","700","9"
"1","bot_learned_sequence","human","0","175","3","3","2","2","0","0","0","pull","pull","drain","jump","1","0","-50","150","9"
"1","bot_learned_sequence","human","0","303","3","3","2","0","1","0","0","pull","drain","none","none","1","0","-30","0","9"
"1","bot_learned_sequence","human","0","109","1","3","2","1","0","0","0","idle","grip","none","none","1","0","-48","0","9"
"1","bot_learned_sequence","human","0","317","1","3","3","0","1","0","0","pull","drain","pull","none","1","0","-71","0","9"
"1","bot_learned_sequence","human","0","364","0","3","2","1","1","0","0","pull","pull","jump","pull","1","0","5","650","9"
"1","bot_learned_sequence","human","0","111","3","3","2","1","0","0","0","knockdown","jump","grip","none","1","1","12","0","9"
"1","bot_learned_sequence","human","0","91","3","2","1","1","0","0","0","idle","jump","grip","none","1","1","59","0","9"
"1","bot_learned_sequence","human","0","239","3","3","2","3","0","0","0","swing","jump","pull","pull","1","0","-3","50","9"
"1","bot_learned_sequence","human","0","159","3","3","1","2","0","0","0","grip","jump","none","none","1","0","-23","50","9"
"1","bot_learned_sequence","human","0","111","3","3","2","1","0","0","0","idle","drain","none","none","1","0","-52","0","9"
"1","bot_learned_sequence","human","0","195","3","0","0","3","0","0","0","jump","swing","swing","jump","1","1","20","0","9"
"1","bot_learned_sequence","human","0","131","3","0","0","2","0","0","0","idle","pull","none","none","1","1","20","0","9"
"1","bot_learned_sequence","human","0","2751","3","3","3","2","2","2","0","idle","jump","none","none","1","0","0","0","9"
"1","bot_learned_sequence","human","0","60","0","3","3","0","0","0","0","swing","jump","none","none","1","0","-20","0","9"
"1","bot_learned_sequence","human","0","44","0","3","2","0","0","0","0","jump","pull","none","none","1","0","-20","100","9"
"1","bot_learned_sequence","human","0","2383","3","3","0","1","1","2","0","idle","swing","none","none","1","1","-20","0","9"
"1","bot_learned_sequence","human","0","8607","3","3","1","2","1","0","2","swing","swing","swing","none","1","1","0","550","9"
"1","bot_learned_sequence","human","0","8591","3","3","0","2","1","0","2","swing","jump","none","none","1","1","0","0","9"
"1","bot_learned_sequence","human","0","8607","3","3","1","2","1","0","2","swing","drain","none","none","1","1","-2","0","9"
"1","bot_learned_sequence","human","0","175","3","3","2","2","0","0","0","grip","swing","none","none","1","1","-2","100","9"
"1","bot_learned_sequence","human","0","383","3","3","3","1","1","0","0","idle","pull","none","none","1","1","18","0","9"
"1","bot_learned_sequence","human","0","507","3","2","3","3","1","0","0","jump","pull","jump","none","1","1","0","0","9"
"1","bot_learned_sequence","human","0","351","3","3","1","1","1","0","0","drain","pull","none","none","1","1","20","400","9"
"1","bot_learned_sequence","human","0","8427","3","2","2","3","0","0","2","knockdown","jump","pull","pull","1","1","51","0","9"
"1","bot_learned_sequence","human","0","8679","3","1","2","3","1","0","2","swing","swing","none","none","1","1","0","600","9"
"1","bot_learned_sequence","human","0","411","3","2","1","2","1","0","0","drain","swing","swing","swing","1","1","-1","250","9"
"1","bot_learned_sequence","human","0","10455","3","1","1","3","0","2","2","swing","swing","none","none","1","1","-11","300","9"
"1","bot_learned_sequence","human","0","81","1","0","1","1","0","0","0","jump","drain","none","none","1","1","-20","250","9"
"1","bot_learned_sequence","human","0","321","1","0","0","1","1","0","0","pull","jump","none","none","1","1","-40","550","9"
"1","bot_learned_sequence","human","0","385","1","0","0","2","1","0","0","jump","jump","none","none","1","1","-11","550","9"
"1","bot_learned_sequence","human","0","302","2","3","2","0","1","0","0","idle","drain","none","none","1","0","20","0","9"
"1","bot_learned_sequence","human","0","8463","3","3","0","0","1","0","2","swing","pull","jump","pull","1","0","20","100","9"
"1","bot_learned_sequence","human","0","8207","3","3","0","0","0","0","2","knockdown","pull","drain","none","1","0","0","0","9"
"1","bot_learned_sequence","human","0","287","3","3","1","0","1","0","0","drain","drain","swing","none","1","0","-20","150","9"
"1","bot_learned_sequence","human","0","10271","3","3","1","0","0","2","2","swing","swing","none","none","1","0","0","100","9"
"1","bot_learned_sequence","human","0","2351","3","3","2","0","1","2","0","jump","swing","swing","none","1","0","0","0","9"
"1","bot_learned_sequence","human","0","2431","3","3","3","1","1","2","0","drain","swing","swing","swing","1","0","2","0","9"
"1","bot_learned_sequence","human","0","479","3","3","1","3","1","0","0","pull","jump","none","none","1","0","-18","50","9"
"1","bot_learned_sequence","human","0","510","2","3","3","3","1","0","0","pull","jump","none","none","1","0","0","0","9"
"1","bot_learned_sequence","human","0","238","2","3","2","3","0","0","0","jump","drain","none","none","1","0","-20","150","9"
"1","bot_learned_sequence","human","0","2173","1","3","3","1","0","2","0","idle","swing","swing","none","1","0","0","0","9"
"1","bot_learned_sequence","human","0","445","1","3","3","2","1","0","0","swing","drain","none","none","1","0","0","50","9"
"1","bot_learned_sequence","human","0","10366","2","3","3","1","0","2","2","swing","swing","none","none","1","0","-19","50","9"
"1","bot_learned_sequence","human","0","317","1","3","3","0","1","0","0","pull","pull","none","none","1","0","11","0","9"
"1","bot_learned_sequence","human","0","360","0","2","2","1","1","0","0","jump","pull","jump","none","1","0","30","250","9"
"1","bot_learned_sequence","human","0","264","0","2","0","0","1","0","0","drain","drain","none","none","1","0","20","550","9"
"1","bot_learned_sequence","human","0","24","0","2","1","0","0","0","0","idle","pull","jump","pull","1","0","40","0","9"
"1","bot_learned_sequence","human","0","276","0","1","1","0","1","0","0","jump","pull","jump","none","1","0","31","350","9"
"1","bot_learned_sequence","human","0","276","0","1","1","0","1","0","0","jump","pull","none","none","1","0","11","350","9"
"1","bot_learned_sequence","human","0","8559","3","3","2","1","1","0","2","swing","grip","none","none","1","1","33","250","9"
"1","bot_learned_sequence","human","0","2223","3","3","2","2","0","2","0","pull","swing","none","none","1","1","31","550","9"
"1","bot_learned_sequence","human","0","8667","3","2","1","3","1","0","2","swing","push","none","none","1","1","0","250","9"
"1","bot_learned_sequence","human","0","475","3","2","1","3","1","0","0","idle","swing","none","none","1","1","0","0","9"
"1","bot_learned_sequence","human","0","443","3","2","3","2","1","0","0","pull","drain","none","none","1","1","-30","50","9"
"1","bot_learned_sequence","human","0","443","3","2","3","2","1","0","0","idle","swing","none","none","1","1","40","0","9"
"1","bot_learned_sequence","human","0","182","2","1","3","2","0","0","0","jump","swing","swing","pull","1","1","20","0","9"
"1","bot_learned_sequence","human","0","410","2","2","1","2","1","0","0","idle","drain","none","none","1","1","-19","0","9"
"1","bot_learned_sequence","human","0","330","2","2","0","1","1","0","0","jump","push","none","none","1","1","0","700","9"
"1","bot_learned_sequence","human","0","586","2","2","0","1","2","0","0","jump","push","none","none","1","1","0","450","9"
"1","bot_learned_sequence","human","0","554","2","2","2","0","2","0","0","idle","drain","none","none","1","1","0","0","9"
"1","bot_learned_sequence","human","0","42","2","2","2","0","0","0","0","jump","grip","none","none","1","1","24","650","9"
"1","bot_learned_sequence","human","0","8294","2","1","2","1","0","0","2","swing","jump","grip","none","1","1","4","50","9"
"1","bot_learned_sequence","human","0","431","3","3","2","2","1","0","0","idle","pull","jump","drain","1","0","0","0","9"
"1","bot_learned_sequence","human","0","2271","3","3","1","3","0","2","0","idle","swing","none","none","1","0","-2","0","9"
"1","bot_learned_sequence","human","0","8367","3","3","2","2","0","0","2","swing","pull","none","none","1","0","-61","250","9"
"1","bot_learned_sequence","human","0","2430","2","3","3","1","1","2","0","idle","swing","none","none","1","0","0","0","9"
"1","bot_learned_sequence","human","0","2430","2","3","3","1","1","2","0","push","swing","swing","drain","1","0","0","100","9"
"1","bot_learned_sequence","human","0","2350","2","3","2","0","1","2","0","jump","swing","swing","none","1","0","1","400","9"
"1","bot_learned_sequence","human","0","2366","2","3","3","0","1","2","0","swing","swing","drain","none","1","0","1","0","9"
"1","bot_learned_sequence","human","0","190","2","3","3","2","0","0","0","swing","jump","pull","none","1","0","50","500","9"
"1","bot_learned_sequence","human","0","222","2","3","1","3","0","0","0","drain","jump","none","none","1","0","-20","350","9"
"1","bot_learned_sequence","human","0","238","2","3","2","3","0","0","0","swing","drain","none","none","1","0","-40","100","9"
"1","bot_learned_sequence","human","0","233","1","2","2","3","0","0","0","swing","jump","none","none","1","0","-20","0","9"
"1","bot_learned_sequence","human","0","441","1","2","3","2","1","0","0","pull","drain","pull","jump","1","0","0","450","9"
"1","bot_learned_sequence","human","0","270","2","3","0","0","1","0","0","swing","pull","jump","none","1","0","19","500","9"
"1","bot_learned_sequence","human","0","282","2","2","1","0","1","0","0","push","drain","none","none","1","0","0","100","9"
"1","bot_learned_sequence","human","0","538","2","2","1","0","2","0","0","idle","jump","none","none","1","0","0","0","9"
"1","bot_learned_sequence","human","0","2202","2","2","1","2","0","2","0","grip","swing","none","none","1","0","-24","100","9"
"1","bot_learned_sequence","human","0","89","1","2","1","1","0","0","0","grip","pull","pull","pull","1","0","-5","700","9"
"1","bot_learned_sequence","human","0","56","0","2","3","0","0","0","0","idle","pull","jump","pull","1","0","5","0","9"
"1","bot_learned_sequence","human","0","2559","3","3","3","3","1","2","0","idle","swing","jump","pull","1","1","29","0","9"
"1","bot_learned_sequence","human","0","367","3","3","2","1","1","0","0","pull","drain","none","none","1","1","50","450","9"
"1","bot_learned_sequence","human","0","159","3","3","1","2","0","0","0","drain","jump","pull","none","1","1","-20","350","9"
"1","bot_learned_sequence","human","0","2255","3","3","0","3","0","2","0","idle","swing","none","none","1","1","-20","0","9"
"1","bot_learned_sequence","human","0","2463","3","3","1","2","1","2","0","jump","swing","drain","swing","1","1","0","200","9"
"1","bot_learned_sequence","human","0","2415","3","3","2","1","1","2","0","pull","swing","none","none","1","1","-31","0","9"
"1","bot_learned_sequence","human","0","2158","2","3","2","1","0","2","0","pull","swing","none","none","1","1","0","100","9"
"1","bot_learned_sequence","human","0","302","2","3","2","0","1","0","0","pull","pull","none","none","1","1","0","0","9"
"1","bot_learned_sequence","human","0","26","2","2","1","0","0","0","0","jump","jump","pull","jump","1","1","50","50","9"
"1","bot_learned_sequence","human","0","338","2","0","1","1","1","0","0","idle","drain","none","none","1","1","20","0","9"
"1","bot_learned_sequence","human","0","46","2","3","2","0","0","0","0","idle","swing","jump","drain","1","0","20","0","9"
"1","bot_learned_sequence","human","0","8239","3","3","2","0","0","0","2","swing","pull","jump","pull","1","0","20","50","9"
"1","bot_learned_sequence","human","0","8607","3","3","1","2","1","0","2","swing","pull","jump","pull","1","0","31","0","9"
"1","bot_learned_sequence","human","0","395","3","2","0","2","1","0","0","pull","pull","pull","jump","1","0","0","0","9"
"1","bot_learned_sequence","human","0","330","2","2","0","1","1","0","0","idle","swing","jump","none","1","0","-30","0","9"
"1","bot_learned_sequence","human","0","329","1","2","0","1","1","0","0","drain","drain","none","none","1","0","-20","50","9"
"1","bot_learned_sequence","human","0","280","0","2","1","0","1","0","0","idle","drain","none","none","1","0","-36","0","9"
"1","bot_learned_sequence","human","0","358","2","1","2","1","1","0","0","pull","grip","none","none","1","1","-19","0","9"
"1","bot_learned_sequence","human","0","70","2","1","0","1","0","0","0","drain","jump","grip","none","1","1","40","200","9"
"1","bot_learned_sequence","human","0","127","3","3","3","1","0","0","0","pull","drain","knockdown","none","1","0","-75","100","9"
"1","bot_learned_sequence","human","0","302","2","3","2","0","1","0","0","pull","grip","none","none","1","0","-23","200","9"
"1","bot_learned_sequence","human","0","317","1","3","3","0","1","0","0","jump","drain","swing","swing","1","0","30","450","9"
"1","bot_learned_sequence","human","0","173","1","3","2","2","0","0","0","knockdown","jump","pull","none","1","0","31","0","9"
"1","bot_learned_sequence","human","0","473","1","2","1","3","1","0","0","grip","pull","knockdown","none","1","0","19","0","9"
"1","bot_learned_sequence","human","0","105","1","2","2","1","0","0","0","idle","drain","none","none","1","0","-49","0","9"
"1","bot_learned_sequence","human","0","415","3","3","1","2","1","0","0","idle","swing","none","none","1","1","60","0","9"
"1","bot_learned_sequence","human","0","8431","3","3","2","3","0","0","2","swing","swing","swing","none","1","1","40","0","9"
"1","bot_learned_sequence","human","0","8423","3","1","2","3","0","0","2","swing","jump","none","none","1","1","30","300","9"
"1","bot_learned_sequence","human","0","391","3","1","0","2","1","0","0","jump","pull","none","none","1","1","50","450","9"
"1","bot_learned_sequence","human","0","131","3","0","0","2","0","0","0","knockdown","jump","none","none","1","1","28","0","9"
"1","bot_learned_sequence","human","0","10751","3","3","3","3","1","2","2","swing","jump","swing","jump","1","0","-30","400","9"
"1","bot_learned_sequence","human","0","239","3","3","2","3","0","0","0","swing","jump","none","none","1","0","-50","50","9"
"1","bot_learned_sequence","human","0","2415","3","3","2","1","1","2","0","swing","swing","swing","none","1","0","-40","150","9"
"1","bot_learned_sequence","human","0","2238","2","3","3","2","0","2","0","swing","swing","none","none","1","0","-20","50","9"
"1","bot_learned_sequence","human","0","429","1","3","2","2","1","0","0","jump","pull","jump","none","1","0","-30","600","9"
"1","bot_learned_sequence","human","0","300","0","3","2","0","1","0","0","pull","drain","jump","none","1","0","-20","700","9"
"1","bot_learned_sequence","human","0","2348","0","3","2","0","1","2","0","idle","grip","none","none","1","0","-28","0","9"
"1","bot_learned_sequence","human","0","10475","3","2","2","3","0","2","2","swing","swing","none","none","1","1","-12","200","9"
"1","bot_learned_sequence","human","0","8427","3","2","2","3","0","0","2","knockdown","jump","none","none","1","1","-2","0","9"
"1","bot_learned_sequence","human","0","139","3","2","0","2","0","0","0","idle","pull","none","none","1","1","0","0","9"
"1","bot_learned_sequence","human","0","715","3","2","0","3","2","0","0","idle","jump","none","none","1","1","10","0","9"
"1","bot_learned_sequence","human","0","2507","3","2","0","3","1","2","0","pull","swing","swing","swing","1","1","10","150","9"
"1","bot_learned_sequence","human","0","2247","3","1","0","3","0","2","0","drain","swing","none","none","1","1","-4","300","9"
"1","bot_learned_sequence","human","0","2247","3","1","0","3","0","2","0","jump","swing","none","none","1","1","-23","200","9"
"1","bot_learned_sequence","human","0","2183","3","1","0","2","0","2","0","grip","swing","none","none","1","1","-23","0","9"
"1","bot_learned_sequence","human","0","2119","3","1","0","1","0","2","0","idle","pull","none","none","1","1","-21","0","9"
"1","bot_learned_sequence","human","0","2118","2","1","0","1","0","2","0","grip","pull","kick","none","1","1","0","550","9"
"1","bot_learned_sequence","human","0","70","2","1","0","1","0","0","0","pull","swing","jump","none","1","1","0","350","9"
"1","bot_learned_sequence","human","0","326","2","1","0","1","1","0","0","idle","swing","none","none","1","1","-50","0","9"
"1","bot_learned_sequence","human","0","326","2","1","0","1","1","0","0","jump","jump","none","none","1","1","-50","0","9"
"1","bot_learned_sequence","human","0","277","1","1","1","0","1","0","0","jump","drain","none","none","1","1","0","500","9"
"1","bot_learned_sequence","human","0","37","1","1","2","0","0","0","0","pull","jump","none","none","1","1","21","450","9"
"1","bot_learned_sequence","human","0","53","1","1","3","0","0","0","0","jump","drain","none","none","1","1","1","0","9"
"1","bot_learned_sequence","human","0","581","1","1","0","1","2","0","0","idle","drain","none","none","1","1","0","0","9"
"1","bot_learned_sequence","human","0","581","1","1","0","1","2","0","0","drain","drain","swing","none","1","1","0","250","9"
"1","bot_learned_sequence","human","0","329","1","2","0","1","1","0","0","drain","push","none","none","1","1","0","100","9"
"1","bot_learned_sequence","human","0","329","1","2","0","1","1","0","0","pull","drain","none","none","1","1","20","600","9"
"1","bot_learned_sequence","human","0","293","1","1","2","0","1","0","0","pull","drain","pull","jump","1","1","39","300","9"
"1","bot_learned_sequence","human","0","320","0","0","0","1","1","0","0","pull","swing","none","none","1","1","0","500","9"
"1","bot_learned_sequence","human","0","273","1","0","1","0","1","0","0","drain","drain","none","none","1","1","0","700","9"
"1","bot_learned_sequence","human","0","529","1","0","1","0","2","0","0","push","push","none","none","1","1","22","350","9"
"1","bot_learned_sequence","human","0","10751","3","3","3","3","1","2","2","idle","swing","swing","drain","1","0","-60","0","9"
"1","bot_learned_sequence","human","0","574","2","3","3","0","2","0","0","jump","jump","pull","none","1","0","-10","50","9"
"1","bot_learned_sequence","human","0","8509","1","3","3","0","1","0","2","swing","drain","none","none","1","0","2","100","9"
"1","bot_learned_sequence","human","0","8253","1","3","3","0","0","0","2","swing","jump","none","none","1","0","3","100","9"
"1","bot_learned_sequence","human","0","8237","1","3","2","0","0","0","2","swing","grip","none","none","1","0","23","0","9"
"1","bot_learned_sequence","human","0","8221","1","3","1","0","0","0","2","pull","jump","grip","none","1","0","22","150","9"
"1","bot_learned_sequence","human","0","281","1","2","1","0","1","0","0","idle","pull","none","none","1","0","20","0","9"
"1","bot_learned_sequence","human","0","281","1","2","1","0","1","0","0","jump","jump","pull","jump","1","0","50","0","9"
"1","bot_learned_sequence","human","0","389","1","1","0","2","1","0","0","idle","pull","none","none","1","0","-1","0","9"
"1","bot_learned_sequence","human","0","133","1","1","0","2","0","0","0","jump","jump","pull","none","1","0","-1","100","9"
"1","bot_learned_sequence","human","0","197","1","1","0","3","0","0","0","drain","jump","pull","none","1","0","-1","0","9"
"1","bot_learned_sequence","human","0","342","2","1","1","1","1","0","0","idle","drain","none","none","1","0","0","0","9"
"1","bot_learned_sequence","human","0","325","1","1","0","1","1","0","0","pull","pull","jump","pull","1","0","1","700","9"
"1","bot_learned_sequence","human","0","532","0","1","1","0","2","0","0","idle","jump","none","none","1","0","0","0","9"
"1","bot_learned_sequence","human","0","292","0","1","2","0","1","0","0","idle","drain","pull","none","1","0","20","0","9"
"1","bot_learned_sequence","human","0","336","0","0","1","1","1","0","0","swing","drain","none","none","1","0","0","650","9"
"1","bot_learned_sequence","human","0","580","0","1","0","1","2","0","0","idle","push","none","none","1","0","-22","0","9"
"1","bot_learned_sequence","human","0","399","3","3","0","2","1","0","0","idle","swing","none","none","1","1","-20","0","9"
"1","bot_learned_sequence","human","0","367","3","3","2","1","1","0","0","drain","swing","none","none","1","1","0","200","9"
"1","bot_learned_sequence","human","0","671","3","3","1","2","2","0","0","idle","push","none","none","1","1","0","0","9"
"1","bot_learned_sequence","human","0","702","2","3","3","2","2","0","0","idle","pull","drain","none","1","1","-50","0","9"
"1","bot_learned_sequence","human","0","381","1","3","3","1","1","0","0","idle","drain","grip","none","1","1","24","0","9"
"1","bot_learned_sequence","human","0","89","1","2","1","1","0","0","0","pull","jump","grip","none","1","1","22","50","9"
"1","bot_learned_sequence","human","0","329","1","2","0","1","1","0","0","idle","swing","none","none","1","1","-20","0","9"
"1","bot_learned_sequence","human","0","617","1","2","2","1","2","0","0","idle","drain","none","none","1","1","0","0","9"
"1","bot_learned_sequence","human","0","570","2","2","3","0","2","0","0","idle","jump","none","none","1","1","-50","0","9"
"1","bot_learned_sequence","human","0","25","1","2","1","0","0","0","0","knockdown","jump","drain","none","1","1","-30","0","9"
"1","bot_learned_sequence","human","0","360","0","2","2","1","1","0","0","idle","swing","none","none","1","1","0","0","9"
"1","bot_learned_sequence","human","0","120","0","2","3","1","0","0","0","jump","drain","none","none","1","1","0","600","9"
"1","bot_learned_sequence","human","0","2345","1","2","2","0","1","2","0","idle","swing","none","none","1","1","-10","0","9"
"1","bot_learned_sequence","human","0","281","1","2","1","0","1","0","0","idle","pull","drain","swing","1","1","20","0","9"
"1","bot_learned_sequence","human","0","277","1","1","1","0","1","0","0","idle","drain","swing","none","1","1","20","0","9"
"1","bot_learned_sequence","human","0","8277","1","1","1","1","0","0","2","swing","jump","drain","none","1","1","40","150","9"
"1","bot_learned_sequence","human","0","277","1","1","1","0","1","0","0","idle","pull","jump","pull","1","1","41","0","9"
"1","bot_learned_sequence","human","0","17","1","0","1","0","0","0","0","knockdown","jump","pull","none","1","1","21","0","9"
"1","bot_learned_sequence","human","0","2239","3","3","3","2","0","2","0","idle","swing","none","none","1","0","30","0","9"
"1","bot_learned_sequence","human","0","351","3","3","1","1","1","0","0","idle","pull","jump","none","1","0","20","0","9"
"1","bot_learned_sequence","human","0","623","3","3","2","1","2","0","0","push","jump","none","none","1","0","0","150","9"
"1","bot_learned_sequence","human","0","367","3","3","2","1","1","0","0","idle","pull","jump","none","1","0","50","0","9"
"1","bot_learned_sequence","human","0","107","3","2","2","1","0","0","0","knockdown","jump","none","none","1","0","0","0","9"
"1","bot_learned_sequence","human","0","459","3","2","0","3","1","0","0","drain","pull","jump","none","1","0","50","300","9"
"1","bot_learned_sequence","human","0","70","2","1","0","1","0","0","0","idle","pull","pull","none","1","0","-24","0","9"
"1","bot_learned_sequence","human","0","22","2","1","1","0","0","0","0","idle","pull","drain","none","1","0","0","0","9"
"1","bot_learned_sequence","human","0","266","2","2","0","0","1","0","0","drain","pull","jump","pull","1","0","20","550","9"
"1","bot_learned_sequence","human","0","470","2","1","1","3","1","0","0","idle","jump","none","none","1","0","10","0","9"
"1","bot_learned_sequence","human","0","454","2","1","0","3","1","0","0","drain","pull","none","none","1","0","10","100","9"
"1","bot_learned_sequence","human","0","466","2","0","1","3","1","0","0","swing","pull","jump","none","1","0","0","700","9"
"1","bot_learned_sequence","human","0","466","2","0","1","3","1","0","0","drain","pull","jump","pull","1","0","0","200","9"
"1","bot_learned_sequence","human","0","2373","1","1","0","1","1","2","0","swing","swing","none","none","1","0","-20","600","9"
"1","bot_learned_sequence","human","0","2559","3","3","3","3","1","2","0","drain","swing","swing","swing","1","1","49","0","9"
"1","bot_learned_sequence","human","0","79","3","3","0","1","0","0","0","idle","swing","none","none","1","1","-30","0","9"
"1","bot_learned_sequence","human","0","2127","3","3","0","1","0","2","0","swing","swing","knockdown","none","1","1","-30","150","9"
"1","bot_learned_sequence","human","0","77","1","3","0","1","0","0","0","swing","jump","drain","none","1","1","0","350","9"
"1","bot_learned_sequence","human","0","330","2","2","0","1","1","0","0","idle","drain","jump","jump","1","1","-10","0","9"
"1","bot_learned_sequence","human","0","362","2","2","2","1","1","0","0","swing","drain","pull","none","1","1","20","500","9"
"1","bot_learned_sequence","human","0","9","1","2","0","0","0","0","0","pull","jump","drain","none","1","1","0","250","9"
"1","bot_learned_sequence","human","0","2394","2","2","1","1","1","2","0","idle","swing","none","none","1","1","10","0","9"
"1","bot_learned_sequence","human","0","2394","2","2","1","1","1","2","0","drain","swing","swing","swing","1","1","10","0","9"
"1","bot_learned_sequence","human","0","198","2","1","0","3","0","0","0","drain","jump","knockdown","none","1","1","-22","600","9"
"1","bot_learned_sequence","bot","4","10751","3","3","3","3","1","2","2","jump","swing","none","none","1","0","-29","300","9"
"1","bot_learned_sequence","bot","4","383","3","3","3","1","1","0","0","jump","drain","none","none","1","0","30","200","9"
"1","bot_learned_sequence","bot","4","31","3","3","1","0","0","0","0","swing","swing","none","none","1","0","30","150","9"
"1","bot_learned_sequence","bot","4","8559","3","3","2","1","1","0","2","idle","drain","none","none","1","0","60","0","9"
"1","bot_learned_sequence","bot","4","8223","3","3","1","0","0","0","2","idle","swing","none","none","1","0","60","0","9"
"1","bot_learned_sequence","bot","4","410","2","2","1","2","1","0","0","jump","swing","none","none","1","0","-20","350","9"
"1","bot_learned_sequence","bot","4","345","1","2","1","1","1","0","0","jump","drain","pull","none","1","0","20","400","9"
"1","bot_learned_sequence","bot","4","8538","2","2","1","1","1","0","2","swing","drain","none","none","1","0","-10","0","9"
"1","bot_learned_sequence","bot","4","53","1","1","3","0","0","0","0","idle","drain","grip","none","1","0","2","0","9"
"1","bot_learned_sequence","human","0","2559","3","3","3","3","1","2","0","idle","drain","swing","none","1","1","10","0","9"
"1","bot_learned_sequence","human","0","495","3","3","2","3","1","0","0","idle","pull","drain","none","1","1","10","0","9"
"1","bot_learned_sequence","human","0","335","3","3","0","1","1","0","0","idle","pull","none","none","1","1","50","0","9"
"1","bot_learned_sequence","human","0","11","3","2","0","0","0","0","0","drain","jump","pull","none","1","1","10","200","9"
"1","bot_learned_sequence","human","0","2203","3","2","1","2","0","2","0","swing","swing","swing","pull","1","1","60","50","9"
"1","bot_learned_sequence","human","0","211","3","0","1","3","0","0","0","drain","jump","pull","none","1","1","10","0","9"
"1","bot_learned_sequence","human","0","2183","3","1","0","2","0","2","0","idle","swing","pull","jump","1","1","26","0","9"
"1","bot_learned_sequence","bot","4","351","3","3","1","1","1","0","0","idle","pull","none","none","1","0","-50","0","9"
"1","bot_learned_sequence","bot","4","287","3","3","1","0","1","0","0","pull","drain","none","none","1","0","-80","100","9"
"1","bot_learned_sequence","bot","4","8302","2","3","2","1","0","0","2","swing","swing","none","none","1","0","-60","250","9"
"1","bot_learned_sequence","human","0","494","2","3","2","3","1","0","0","grip","pull","drain","pull","1","1","6","0","9"
"1","bot_learned_sequence","human","0","270","2","3","0","0","1","0","0","idle","pull","jump","none","1","1","0","0","9"
"1","bot_learned_sequence","human","0","15","3","3","0","0","0","0","0","pull","drain","jump","none","1","1","-20","700","9"
"1","bot_learned_sequence","human","0","271","3","3","0","0","1","0","0","idle","drain","pull","knockdown","1","1","-20","0","9"
"1","bot_learned_sequence","human","0","382","2","3","3","1","1","0","0","idle","drain","pull","jump","1","1","20","0","9"
"1","bot_learned_sequence","human","0","283","3","2","1","0","1","0","0","drain","drain","jump","none","1","1","-20","300","9"
"1","bot_learned_sequence","human","0","271","3","3","0","0","1","0","0","swing","push","none","none","1","1","0","650","9"
"1","bot_learned_sequence","human","0","367","3","3","2","1","1","0","0","pull","jump","none","none","1","1","19","600","9"
"1","bot_learned_sequence","human","0","251","3","2","3","3","0","0","0","idle","pull","jump","pull","1","1","61","0","9"
"1","bot_learned_sequence","human","0","7","3","1","0","0","0","0","0","pull","jump","none","none","1","1","0","350","9"
"1","bot_learned_sequence","human","0","2695","3","1","0","2","2","2","0","drain","swing","swing","none","1","1","-20","50","9"
"1","bot_learned_sequence","human","0","346","2","2","1","1","1","0","0","idle","drain","none","none","1","1","30","0","9"
"1","bot_learned_sequence","human","0","2122","2","2","0","1","0","2","0","idle","swing","swing","swing","1","1","30","0","9"
"1","bot_learned_sequence","human","0","230","2","1","2","3","0","0","0","swing","drain","none","none","1","1","0","550","9"
"1","bot_learned_sequence","human","0","2247","3","1","0","3","0","2","0","idle","swing","swing","none","1","1","-20","0","9"
"1","bot_learned_sequence","bot","4","427","3","2","2","2","1","0","0","pull","grip","none","none","1","0","-6","0","9"
"1","bot_learned_sequence","bot","4","271","3","3","0","0","1","0","0","pull","swing","none","none","1","0","20","250","9"
"1","bot_learned_sequence","bot","4","14","2","3","0","0","0","0","0","jump","swing","swing","none","1","0","20","150","9"
"1","bot_learned_sequence","bot","4","735","3","3","1","3","2","0","0","idle","drain","none","none","1","0","0","0","9"
"1","bot_learned_sequence","bot","4","271","3","3","0","0","1","0","0","drain","swing","none","none","1","0","0","400","9"
"1","bot_learned_sequence","bot","4","591","3","3","0","1","2","0","0","idle","pull","none","none","1","0","-19","0","9"
"1","bot_learned_sequence","bot","4","1630","2","3","1","1","2","1","0","idle","pull","none","none","1","0","-30","0","9"
"1","bot_learned_sequence","bot","4","174","2","3","2","2","0","0","0","jump","drain","none","none","1","0","-30","550","9"
"1","bot_learned_sequence","bot","4","2542","2","3","2","3","1","2","0","idle","swing","none","none","1","0","-41","0","9"
"1","bot_learned_sequence","bot","4","509","1","3","3","3","1","0","0","pull","drain","none","none","1","0","-30","600","9"
"1","bot_learned_sequence","bot","4","269","1","3","0","0","1","0","0","idle","pull","none","none","1","0","20","0","9"
"1","bot_learned_sequence","bot","4","557","1","3","2","0","2","0","0","idle","drain","none","none","1","0","20","0","9"
"1","bot_learned_sequence","bot","4","8477","1","3","1","0","1","0","2","swing","pull","none","none","1","0","20","250","9"
"1","bot_learned_sequence","bot","4","266","2","2","0","0","1","0","0","idle","pull","none","none","1","0","0","0","9"
"1","bot_learned_sequence","bot","4","282","2","2","1","0","1","0","0","drain","drain","none","none","1","0","-30","150","9"
"1","bot_learned_sequence","bot","4","8361","1","2","2","2","0","0","2","swing","swing","none","none","1","0","0","450","9"
"1","bot_learned_sequence","bot","4","109","1","3","2","1","0","0","0","drain","drain","none","none","1","0","0","200","9"
"1","bot_learned_sequence","bot","4","317","1","3","3","0","1","0","0","pull","drain","none","none","1","0","20","600","9"
"1","bot_learned_sequence","bot","4","8509","1","3","3","0","1","0","2","idle","drain","none","none","1","0","0","0","9"
"1","bot_learned_sequence","bot","4","8750","2","3","2","0","2","0","2","idle","pull","drain","none","1","0","-20","0","9"
"1","bot_learned_sequence","human","0","2303","3","3","3","3","0","2","0","idle","drain","knockdown","none","1","1","-48","0","9"
"1","bot_learned_sequence","human","0","767","3","3","3","3","2","0","0","idle","jump","drain","none","1","1","30","0","9"
"1","bot_learned_sequence","human","0","2063","3","3","0","0","0","2","0","pull","swing","swing","jump","1","1","20","400","9"
"1","bot_learned_sequence","human","0","399","3","3","0","2","1","0","0","idle","pull","none","none","1","1","51","0","9"
"1","bot_learned_sequence","human","0","75","3","2","0","1","0","0","0","drain","jump","swing","none","1","1","20","600","9"
"1","bot_learned_sequence","human","0","219","3","2","1","3","0","0","0","swing","swing","drain","none","1","1","20","150","9"
"1","bot_learned_sequence","human","0","75","3","2","0","1","0","0","0","drain","jump","none","none","1","1","-51","450","9"
"1","bot_learned_sequence","human","0","282","2","2","1","0","1","0","0","idle","drain","pull","none","1","1","0","0","9"
"1","bot_learned_sequence","human","0","70","2","1","0","1","0","0","0","jump","jump","none","none","1","1","-20","50","9"
"1","bot_learned_sequence","human","0","346","2","2","1","1","1","0","0","drain","drain","jump","none","1","1","0","200","9"
"1","bot_learned_sequence","human","0","362","2","2","2","1","1","0","0","grip","drain","knockdown","none","1","1","-25","100","9"
"1","bot_learned_sequence","human","0","298","2","2","2","0","1","0","0","idle","pull","drain","pull","1","1","20","0","9"
"1","bot_learned_sequence","human","0","298","2","2","2","0","1","0","0","drain","drain","none","none","1","1","0","250","9"
"1","bot_learned_sequence","human","0","299","3","2","2","0","1","0","0","idle","drain","jump","none","1","1","21","0","9"
"1","bot_learned_sequence","human","0","23","3","1","1","0","0","0","0","idle","drain","none","none","1","1","21","0","9"
"1","bot_learned_sequence","human","0","7","3","1","0","0","0","0","0","idle","jump","drain","pull","1","1","20","0","9"
"1","bot_learned_sequence","human","0","259","3","0","0","0","1","0","0","drain","pull","jump","pull","1","1","20","100","9"
"1","bot_learned_sequence","human","0","515","3","0","0","0","2","0","0","idle","pull","jump","pull","1","1","0","0","9"
"1","bot_learned_sequence","human","0","547","3","0","2","0","2","0","0","push","pull","pull","none","1","1","0","700","9"
"1","bot_learned_sequence","human","0","307","3","0","3","0","1","0","0","idle","pull","none","none","1","1","1","0","9"
"1","bot_learned_sequence","bot","4","751","3","3","2","3","2","0","0","drain","pull","none","none","1","0","-30","100","9"
"1","bot_learned_sequence","bot","4","127","3","3","3","1","0","0","0","idle","drain","pull","none","1","0","21","0","9"
"1","bot_learned_sequence","bot","4","46","2","3","2","0","0","0","0","idle","drain","none","none","1","0","-61","0","9"
"1","bot_learned_sequence","bot","4","126","2","3","3","1","0","0","0","swing","swing","none","none","1","0","-20","150","9"
"1","bot_learned_sequence","bot","4","301","1","3","2","0","1","0","0","drain","drain","none","none","1","0","21","550","9"
"1","bot_learned_sequence","bot","4","1294","2","3","0","0","1","1","0","idle","pull","none","none","1","0","10","0","9"
"1","bot_learned_sequence","bot","4","26","2","2","1","0","0","0","0","pull","jump","none","none","1","0","0","50","9"
"1","bot_learned_sequence","bot","4","281","1","2","1","0","1","0","0","pull","pull","none","none","1","0","20","600","9"
"1","bot_learned_sequence","bot","4","409","1","2","1","2","1","0","0","idle","drain","none","none","1","0","-20","0","9"
"1","bot_learned_sequence","bot","4","8538","2","2","1","1","1","0","2","idle","drain","none","none","1","0","0","0","9"
"1","bot_learned_sequence","bot","4","90","2","2","1","1","0","0","0","jump","swing","grip","none","1","0","23","500","9"
"1","bot_learned_sequence","bot","4","13","1","3","0","0","0","0","0","jump","swing","none","none","1","0","-21","50","9"
"1","bot_learned_sequence","bot","4","12","0","3","0","0","0","0","0","pull","push","none","none","1","0","0","50","9"
"1","bot_learned_sequence","bot","4","156","0","3","1","2","0","0","0","jump","push","none","none","1","0","0","650","9"
"1","bot_learned_sequence","human","0","2559","3","3","3","3","1","2","0","swing","swing","none","none","1","1","-21","550","9"
"1","bot_learned_sequence","human","0","2559","3","3","3","3","1","2","0","idle","kick","none","none","1","1","-1","0","9"
"1","bot_learned_sequence","human","0","447","3","3","3","2","1","0","0","pull","jump","drain","none","1","1","10","400","9"
"1","bot_learned_sequence","human","0","366","2","3","2","1","1","0","0","pull","drain","pull","jump","1","1","20","350","9"
"1","bot_learned_sequence","human","0","95","3","3","1","1","0","0","0","idle","drain","none","none","1","1","20","0","9"
"1","bot_learned_sequence","human","0","15","3","3","0","0","0","0","0","drain","jump","none","none","1","1","0","450","9"
"1","bot_learned_sequence","human","0","495","3","3","2","3","1","0","0","idle","drain","none","none","1","1","-11","0","9"
"1","bot_learned_sequence","human","0","78","2","3","0","1","0","0","0","pull","pull","jump","none","1","1","20","400","9"
"1","bot_learned_sequence","human","0","78","2","3","0","1","0","0","0","pull","swing","jump","none","1","1","20","250","9"
"1","bot_learned_sequence","human","0","362","2","2","2","1","1","0","0","idle","swing","swing","jump","1","1","0","0","9"
"1","bot_learned_sequence","human","0","441","1","2","3","2","1","0","0","drain","drain","swing","swing","1","1","0","250","9"
"1","bot_learned_sequence","human","0","169","1","2","2","2","0","0","0","drain","drain","jump","none","1","1","50","50","9"
"1","bot_learned_sequence","human","0","553","1","2","2","0","2","0","0","idle","jump","none","none","1","1","0","0","9"
"1","bot_learned_sequence","human","0","4537","1","2","3","2","1","0","1","pull","jump","drain","jump","1","1","0","0","9"
"1","bot_learned_sequence","human","0","122","2","2","3","1","0","0","0","swing","jump","drain","none","1","1","0","50","9"
"1","bot_learned_sequence","human","0","298","2","2","2","0","1","0","0","idle","pull","jump","pull","1","1","20","0","9"
"1","bot_learned_sequence","human","0","298","2","2","2","0","1","0","0","knockdown","drain","none","none","1","1","0","700","9"
"1","bot_learned_sequence","human","0","26","2","2","1","0","0","0","0","idle","swing","swing","none","1","1","0","0","9"
"1","bot_learned_sequence","human","0","42","2","2","2","0","0","0","0","drain","drain","swing","swing","1","1","40","350","9"
"1","bot_learned_sequence","human","0","82","2","0","1","1","0","0","0","drain","jump","pull","none","1","1","37","0","9"
"1","bot_learned_sequence","bot","4","9711","3","3","2","3","1","1","2","kick","pull","none","none","1","0","21","700","9"
"1","bot_learned_sequence","bot","4","699","3","2","3","2","2","0","0","idle","drain","pull","none","1","0","0","0","9"
"1","bot_learned_sequence","bot","4","15","3","3","0","0","0","0","0","pull","jump","drain","none","1","0","0","50","9"
"1","bot_learned_sequence","bot","4","31","3","3","1","0","0","0","0","drain","drain","none","none","1","0","-20","100","9"
"1","bot_learned_sequence","bot","4","111","3","3","2","1","0","0","0","idle","drain","none","none","1","0","0","0","9"
"1","bot_learned_sequence","bot","4","1311","3","3","1","0","1","1","0","drain","pull","none","none","1","0","11","500","9"
"1","bot_learned_sequence","bot","4","283","3","2","1","0","1","0","0","pull","drain","none","none","1","0","-20","0","9"
"1","bot_learned_sequence","bot","4","283","3","2","1","0","1","0","0","jump","drain","none","none","1","0","-20","100","9"
"1","bot_learned_sequence","bot","4","299","3","2","2","0","1","0","0","idle","drain","pull","none","1","0","-20","0","9"
"1","bot_learned_sequence","bot","4","1387","3","2","2","1","1","1","0","idle","pull","pull","none","1","0","-19","0","9"
"1","bot_learned_sequence","bot","4","266","2","2","0","0","1","0","0","idle","drain","none","none","1","0","40","0","9"
"1","bot_learned_sequence","bot","4","501","1","1","3","3","1","0","0","jump","drain","none","none","1","0","0","550","9"
"1","bot_learned_sequence","bot","4","8358","2","1","2","2","0","0","2","swing","drain","none","none","1","0","-50","700","9"
"1","bot_learned_sequence","bot","4","10","2","2","0","0","0","0","0","jump","jump","none","none","1","0","-30","50","9"
"1","bot_learned_sequence","bot","4","278","2","1","1","0","1","0","0","idle","pull","drain","none","1","0","0","0","9"
"1","bot_learned_sequence","bot","4","1494","2","1","1","3","1","1","0","jump","pull","none","none","1","0","0","0","9"
"1","bot_learned_sequence","bot","4","218","2","2","1","3","0","0","0","idle","swing","swing","none","1","0","20","0","9"
"1","bot_learned_sequence","bot","4","458","2","2","0","3","1","0","0","drain","pull","none","none","1","0","0","200","9"
"1","bot_learned_sequence","bot","4","394","2","2","0","2","1","0","0","swing","drain","none","none","1","0","-40","700","9"
"1","bot_learned_sequence","bot","4","8","0","2","0","0","0","0","0","jump","drain","none","none","1","0","-37","0","9"
"1","bot_learned_sequence","human","0","6591","3","3","3","2","1","2","1","pull","swing","swing","knockdown","1","1","-78","50","9"
"1","bot_learned_sequence","human","0","173","1","3","2","2","0","0","0","idle","pull","jump","pull","1","1","-10","0","9"
"1","bot_learned_sequence","human","0","285","1","3","1","0","1","0","0","idle","drain","none","none","1","1","0","0","9"
"1","bot_learned_sequence","human","0","13","1","3","0","0","0","0","0","swing","jump","none","none","1","1","20","350","9"
"1","bot_learned_sequence","human","0","93","1","3","1","1","0","0","0","idle","pull","jump","none","1","1","70","0","9"
"1","bot_learned_sequence","human","0","488","0","2","2","3","1","0","0","idle","drain","none","none","1","1","-21","0","9"
"1","bot_learned_sequence","human","0","424","0","2","2","2","1","0","0","swing","drain","jump","none","1","1","0","600","9"
"1","bot_learned_sequence","human","0","89","1","2","1","1","0","0","0","swing","jump","none","none","1","1","20","150","9"
"1","bot_learned_sequence","human","0","422","2","1","2","2","1","0","0","knockdown","drain","none","none","1","1","0","700","9"
"1","bot_learned_sequence","human","0","278","2","1","1","0","1","0","0","idle","pull","jump","knockdown","1","1","-20","0","9"
"1","bot_learned_sequence","human","0","357","1","1","2","1","1","0","0","idle","pull","jump","knockdown","1","1","-50","0","9"
"1","bot_learned_sequence","human","0","372","0","1","3","1","1","0","0","idle","drain","pull","jump","1","1","20","0","9"
"1","bot_learned_sequence","human","0","22","2","1","1","0","0","0","0","drain","drain","none","none","1","1","20","600","9"
"1","bot_learned_sequence","human","0","6","2","1","0","0","0","0","0","swing","jump","pull","none","1","1","30","700","9"
"1","bot_learned_sequence","bot","4","235","3","2","2","3","0","0","0","idle","drain","none","none","1","0","30","0","9"
"1","bot_learned_sequence","bot","4","167","3","1","2","2","0","0","0","pull","drain","none","none","1","0","0","100","9"
"1","bot_learned_sequence","bot","4","7","3","1","0","0","0","0","0","drain","swing","none","none","1","0","0","350","9"
"1","bot_learned_sequence","bot","4","87","3","1","1","1","0","0","0","jump","swing","none","none","1","0","-20","650","9"
"1","bot_learned_sequence","bot","4","338","2","0","1","1","1","0","0","jump","drain","none","none","1","0","-31","450","9"
"1","bot_learned_sequence","bot","4","273","1","0","1","0","1","0","0","idle","pull","none","none","1","0","19","0","9"
"1","bot_learned_sequence","bot","4","354","2","0","2","1","1","0","0","knockdown","drain","none","none","1","0","0","700","9"
"1","bot_learned_sequence","bot","4","98","2","0","2","1","0","0","0","idle","swing","none","none","1","0","21","0","9"
"1","bot_learned_sequence","bot","4","354","2","0","2","1","1","0","0","drain","drain","pull","none","1","0","21","250","9"
"1","bot_learned_sequence","bot","4","82","2","0","1","1","0","0","0","idle","swing","none","none","1","0","0","0","9"
"1","bot_learned_sequence","bot","4","86","2","1","1","1","0","0","0","drain","swing","none","none","1","0","-20","600","9"
"1","bot_learned_sequence","bot","4","342","2","1","1","1","1","0","0","jump","drain","none","none","1","0","0","500","9"
"1","bot_learned_sequence","bot","4","1493","1","1","1","3","1","1","0","idle","pull","none","none","1","0","50","0","9"
"1","bot_learned_sequence","bot","4","133","1","1","0","2","0","0","0","idle","drain","none","none","1","0","-20","0","9"
"1","bot_learned_sequence","bot","4","73","1","2","0","1","0","0","0","drain","swing","none","none","1","0","-50","100","9"
"1","bot_learned_sequence","bot","4","265","1","2","0","0","1","0","0","pull","drain","push","none","1","0","-30","250","9"
"1","bot_learned_sequence","bot","4","600","0","2","1","1","2","0","0","idle","drain","none","none","1","0","0","0","9"
"1","bot_learned_sequence","human","0","495","3","3","2","3","1","0","0","grip","pull","none","none","1","1","-24","0","9"
"1","bot_learned_sequence","human","0","379","3","2","3","1","1","0","0","idle","pull","none","none","1","1","-20","0","9"
"1","bot_learned_sequence","human","0","59","3","2","3","0","0","0","0","idle","swing","swing","jump","1","1","-20","0","9"
"1","bot_learned_sequence","human","0","123","3","2","3","1","0","0","0","idle","jump","none","none","1","1","-10","0","9"
"1","bot_learned_sequence","human","0","314","2","2","3","0","1","0","0","drain","drain","jump","none","1","1","20","200","9"
"1","bot_learned_sequence","human","0","38","2","1","2","0","0","0","0","idle","drain","none","none","1","1","-20","0","9"
"1","bot_learned_sequence","human","0","39","3","1","2","0","0","0","0","swing","jump","drain","pull","1","1","0","300","9"
"1","bot_learned_sequence","human","0","279","3","1","1","0","1","0","0","idle","drain","jump","none","1","1","20","0","9"
"1","bot_learned_sequence","human","0","103","3","1","2","1","0","0","0","swing","jump","none","none","1","1","40","600","9"
"1","bot_learned_sequence","bot","4","191","3","3","3","2","0","0","0","grip","pull","none","none","1","0","-10","300","9"
"1","bot_learned_sequence","bot","4","478","2","3","1","3","1","0","0","pull","drain","none","none","1","0","20","450","9"
"1","bot_learned_sequence","bot","4","398","2","3","0","2","1","0","0","drain","pull","none","none","1","0","20","150","9"
"1","bot_learned_sequence","bot","4","1486","2","3","0","3","1","1","0","drain","pull","none","none","1","0","20","150","9"
"1","bot_learned_sequence","bot","4","474","2","2","1","3","1","0","0","jump","drain","none","none","1","0","-20","600","9"
"1","bot_learned_sequence","bot","4","73","1","2","0","1","0","0","0","jump","swing","none","none","1","0","0","100","9"
"1","bot_learned_sequence","bot","4","141","1","3","0","2","0","0","0","idle","swing","none","none","1","0","0","0","9"
"1","bot_learned_sequence","bot","4","77","1","3","0","1","0","0","0","jump","swing","none","none","1","0","-20","550","9"
"1","bot_learned_sequence","bot","4","413","1","3","1","2","1","0","0","jump","drain","none","none","1","0","-20","550","9"
"1","bot_learned_sequence","bot","4","364","0","3","2","1","1","0","0","idle","push","none","none","1","0","0","0","9"
"1","bot_learned_sequence","bot","4","9631","3","3","1","2","1","1","2","drain","pull","none","none","1","1","60","350","9"
"1","bot_learned_sequence","bot","4","175","3","3","2","2","0","0","0","jump","drain","none","none","1","1","20","50","9"
"1","bot_learned_sequence","bot","4","271","3","3","0","0","1","0","0","idle","pull","none","none","1","1","20","0","9"
"1","bot_learned_sequence","bot","4","75","3","2","0","1","0","0","0","grip","push","none","none","1","1","0","400","9"
"1","bot_learned_sequence","bot","4","439","3","1","3","2","1","0","0","pull","drain","none","none","1","1","20","600","9"
"1","bot_learned_sequence","bot","4","263","3","1","0","0","1","0","0","idle","pull","none","none","1","1","20","0","9"
"1","bot_learned_sequence","bot","4","263","3","1","0","0","1","0","0","drain","pull","none","none","1","1","0","50","9"
"1","bot_learned_sequence","bot","4","8343","3","1","1","2","0","0","2","swing","swing","none","none","1","1","50","300","9"
"1","bot_learned_sequence","bot","4","403","3","0","1","2","1","0","0","pull","pull","none","none","1","1","0","450","9"
"1","bot_learned_sequence","bot","4","391","3","1","0","2","1","0","0","idle","pull","pull","none","1","1","0","0","9"
"1","bot_learned_sequence","bot","4","215","3","1","1","3","0","0","0","jump","swing","none","none","1","1","0","100","9"
"1","bot_learned_sequence","bot","4","347","3","2","1","1","1","0","0","jump","drain","pull","none","1","1","19","450","9"
"1","bot_learned_sequence","bot","4","91","3","2","1","1","0","0","0","jump","drain","none","none","1","1","0","400","9"
"1","bot_learned_sequence","bot","4","91","3","2","1","1","0","0","0","idle","drain","none","none","1","1","20","0","9"
"1","bot_learned_sequence","bot","4","407","3","1","1","2","1","0","0","idle","drain","none","none","1","1","0","0","9"
"1","bot_learned_sequence","bot","4","8359","3","1","2","2","0","0","2","jump","swing","none","none","1","1","0","100","9"
"1","bot_learned_sequence","bot","4","1515","3","2","2","3","1","1","0","drain","pull","none","none","1","1","61","50","9"
"1","bot_learned_sequence","bot","4","151","3","1","1","2","0","0","0","pull","jump","pull","none","1","1","50","50","9"
"1","bot_learned_sequence","bot","4","8659","3","0","1","3","1","0","2","idle","drain","none","none","1","1","-20","0","9"
"1","bot_learned_sequence","bot","4","326","2","1","0","1","1","0","0","jump","swing","none","none","1","1","-10","250","9"
"1","bot_learned_sequence","bot","4","1346","2","0","0","1","1","1","0","idle","pull","none","none","1","1","30","0","9"
"1","bot_learned_sequence","bot","4","2738","2","0","3","2","2","2","0","idle","pull","none","none","1","1","0","0","9"
"1","bot_learned_sequence","bot","4","614","2","1","2","1","2","0","0","drain","drain","none","none","1","1","0","300","9"
"1","bot_learned_sequence","bot","4","294","2","1","2","0","1","0","0","idle","drain","knockdown","none","1","1","-20","0","9"
"1","bot_learned_sequence","bot","4","310","2","1","3","0","1","0","0","idle","pull","drain","none","1","1","-50","0","9"
"1","bot_learned_sequence","bot","4","565","1","1","3","0","2","0","0","idle","drain","pull","pull","1","1","-20","0","9"
"1","bot_learned_sequence","bot","4","273","1","0","1","0","1","0","0","pull","drain","pull","none","1","1","21","350","9"
"1","bot_learned_sequence","human","0","2175","3","3","3","1","0","2","0","idle","swing","swing","swing","1","0","0","0","9"
"1","bot_learned_sequence","human","0","255","3","3","3","3","0","0","0","idle","drain","pull","jump","1","0","20","0","9"
"1","bot_learned_sequence","human","0","175","3","3","2","2","0","0","0","drain","pull","none","none","1","0","-20","50","9"
"1","bot_learned_sequence","human","0","94","2","3","1","1","0","0","0","idle","grip","none","none","1","0","-28","0","9"
"1","bot_learned_sequence","human","0","2174","2","3","3","1","0","2","0","idle","swing","swing","swing","1","0","-20","0","9"
"1","bot_learned_sequence","human","0","45","1","3","2","0","0","0","0","idle","swing","swing","none","1","0","-20","0","9"
"1","bot_learned_sequence","human","0","4188","0","3","1","1","0","0","1","idle","pull","none","none","1","0","0","0","9"
"1","bot_learned_sequence","human","0","380","0","3","3","1","1","0","0","idle","drain","none","none","1","0","0","0","9"
"1","bot_learned_sequence","human","0","365","1","3","2","1","1","0","0","idle","pull","jump","none","1","0","0","0","9"
"1","bot_learned_sequence","human","0","270","2","3","0","0","1","0","0","idle","pull","jump","drain","1","0","-20","0","9"
"1","bot_learned_sequence","human","0","14","2","3","0","0","0","0","0","pull","jump","none","none","1","0","1","650","9"
"1","bot_learned_sequence","human","0","285","1","3","1","0","1","0","0","idle","drain","jump","drain","1","0","20","0","9"
"1","bot_learned_sequence","human","0","94","2","3","1","1","0","0","0","drain","jump","none","none","1","0","-20","250","9"
"1","bot_learned_sequence","human","0","109","1","3","2","1","0","0","0","idle","swing","jump","none","1","0","0","0","9"
"1","bot_learned_sequence","human","0","253","1","3","3","3","0","0","0","swing","drain","none","none","1","0","0","700","9"
"1","bot_learned_sequence","human","0","365","1","3","2","1","1","0","0","idle","pull","jump","pull","1","0","-31","0","9"
"1","bot_learned_sequence","human","0","2108","0","3","3","0","0","2","0","pull","drain","knockdown","none","1","0","0","150","9"
"1","bot_learned_sequence","human","0","380","0","3","3","1","1","0","0","idle","drain","jump","none","1","0","20","0","9"
"1","bot_learned_sequence","human","0","265","1","2","0","0","1","0","0","idle","pull","jump","knockdown","1","0","-20","0","9"
"1","bot_learned_sequence","human","0","4376","0","2","1","0","1","0","1","pull","drain","none","none","1","0","-30","150","9"
"1","bot_learned_sequence","human","0","4712","0","2","2","1","2","0","1","idle","jump","none","none","1","0","0","0","9"
"1","bot_learned_sequence","human","0","4792","0","2","3","2","2","0","1","idle","jump","none","none","1","0","0","0","9"
"1","bot_learned_sequence","human","0","8936","0","2","2","3","2","0","2","pull","drain","none","none","1","0","0","400","9"
"1","bot_learned_sequence","human","0","197","1","1","0","3","0","0","0","drain","jump","none","none","1","0","0","50","9"
"1","bot_learned_sequence","human","0","453","1","1","0","3","1","0","0","pull","pull","jump","pull","1","0","17","300","9"
"1","bot_learned_sequence","human","0","6335","3","3","3","2","0","2","1","pull","swing","swing","drain","1","1","-50","300","9"
"1","bot_learned_sequence","human","0","4223","3","3","3","1","0","0","1","idle","swing","swing","swing","1","1","30","0","9"
"1","bot_learned_sequence","human","0","4319","3","3","1","3","0","0","1","idle","jump","grip","none","1","1","62","0","9"
"1","bot_learned_sequence","human","0","4299","3","2","0","3","0","0","1","idle","jump","grip","none","1","1","12","0","9"
"1","bot_learned_sequence","human","0","4315","3","2","1","3","0","0","1","idle","jump","none","none","1","1","12","0","9"
"1","bot_learned_sequence","bot","2","1487","3","3","0","3","1","1","0","drain","pull","none","none","1","0","30","200","9"
"1","bot_learned_sequence","human","0","6399","3","3","3","3","0","2","1","swing","swing","swing","swing","1","1","10","500","9"
"1","bot_learned_sequence","human","0","4331","3","2","2","3","0","0","1","idle","jump","pull","none","1","1","32","0","9"
"1","bot_learned_sequence","human","0","4583","3","1","2","3","1","0","1","idle","pull","none","none","1","1","12","0","9"
"1","bot_learned_sequence","bot","2","9471","3","3","3","3","0","1","2","swing","swing","none","none","1","0","0","200","9"
"1","bot_learned_sequence","bot","2","9711","3","3","2","3","1","1","2","idle","pull","none","none","1","0","-6","0","9"
"1","bot_learned_sequence","bot","2","1199","3","3","2","2","0","1","0","grip","jump","knockdown","none","1","0","-4","50","9"
"1","bot_learned_sequence","human","0","2159","3","3","2","1","0","2","0","pull","jump","jump","none","1","1","0","350","9"
"1","bot_learned_sequence","human","0","6271","3","3","3","1","0","2","1","pull","swing","swing","swing","1","1","0","250","9"
"1","bot_learned_sequence","human","0","511","3","3","3","3","1","0","0","swing","drain","swing","swing","1","1","-30","200","9"
"1","bot_learned_sequence","human","0","2558","2","3","3","3","1","2","0","idle","swing","none","none","1","1","-30","0","9"
"1","bot_learned_sequence","human","0","6334","2","3","3","2","0","2","1","pull","swing","drain","none","1","1","0","200","9"
"1","bot_learned_sequence","human","0","6526","2","3","3","1","1","2","1","idle","swing","swing","none","1","1","30","0","9"
"1","bot_learned_sequence","human","0","6654","2","3","3","3","1","2","1","idle","swing","swing","swing","1","1","30","0","9"
"1","bot_learned_sequence","human","0","234","2","2","2","3","0","0","0","idle","pull","jump","none","1","1","-32","0","9"
"1","bot_learned_sequence","human","0","4457","1","2","2","1","1","0","1","grip","drain","none","none","1","1","18","600","9"
"1","bot_learned_sequence","human","0","4106","2","2","0","0","0","0","1","idle","pull","jump","pull","1","1","100","0","9"
"1","bot_learned_sequence","human","0","146","2","0","1","2","0","0","0","idle","pull","none","none","1","1","10","0","9"
"1","bot_learned_sequence","bot","2","8447","3","3","3","3","0","0","2","jump","drain","pull","none","1","0","20","50","9"
"1","bot_learned_sequence","bot","2","9695","3","3","1","3","1","1","2","jump","pull","none","none","1","0","0","400","9"
"1","bot_learned_sequence","bot","2","8447","3","3","3","3","0","0","2","idle","swing","none","none","1","0","20","0","9"
"1","bot_learned_sequence","bot","2","1178","2","2","1","2","0","1","0","idle","grip","none","none","1","0","14","0","9"
"1","bot_learned_sequence","bot","2","152","0","2","1","2","0","0","0","swing","push","none","none","1","0","-10","150","9"
"1","bot_learned_sequence","bot","2","104","0","2","2","1","0","0","0","pull","push","none","none","1","0","-10","350","9"
"1","bot_learned_sequence","human","0","2559","3","3","3","3","1","2","0","idle","swing","swing","drain","1","1","-20","0","9"
"1","bot_learned_sequence","human","0","2239","3","3","3","2","0","2","0","swing","swing","drain","none","1","1","0","200","9"
"1","bot_learned_sequence","human","0","4603","3","2","3","3","1","0","1","idle","drain","none","none","1","1","30","0","9"
"1","bot_learned_sequence","human","0","583","3","1","0","1","2","0","0","idle","pull","none","none","1","1","1","0","9"
"1","bot_learned_sequence","human","0","203","3","2","0","3","0","0","0","idle","jump","knockdown","none","1","1","-20","0","9"
"1","bot_learned_sequence","human","0","331","3","2","0","1","1","0","0","idle","swing","none","none","1","1","20","0","9"
"1","bot_learned_sequence","human","0","75","3","2","0","1","0","0","0","pull","swing","none","none","1","1","18","400","9"
"1","bot_learned_sequence","human","0","2139","3","2","1","1","0","2","0","idle","pull","none","none","1","1","20","0","9"
"1","bot_learned_sequence","human","0","2315","3","2","0","0","1","2","0","drain","kick","none","none","1","1","30","300","9"
"1","bot_learned_sequence","human","0","407","3","1","1","2","1","0","0","pull","swing","none","none","1","1","0","500","9"
"1","bot_learned_sequence","human","0","391","3","1","0","2","1","0","0","drain","swing","none","none","1","1","0","100","9"
"1","bot_learned_sequence","human","0","4506","2","2","1","2","1","0","1","idle","pull","none","none","1","1","40","0","9"
"1","bot_learned_sequence","human","0","4214","2","1","3","1","0","0","1","idle","jump","drain","pull","1","1","40","0","9"
"1","bot_learned_sequence","human","0","4371","3","0","1","0","1","0","1","idle","drain","jump","none","1","1","20","0","9"
"1","bot_learned_sequence","human","0","4371","3","0","1","0","1","0","1","idle","drain","pull","none","1","1","11","0","9"
"1","bot_learned_sequence","bot","2","1503","3","3","1","3","1","1","0","drain","pull","none","none","1","0","-30","200","9"
"1","bot_learned_sequence","bot","2","1439","3","3","1","2","1","1","0","idle","pull","none","none","1","0","0","0","9"
"1","bot_learned_sequence","bot","2","8447","3","3","3","3","0","0","2","swing","swing","none","none","1","0","20","600","9"
"1","bot_learned_sequence","bot","2","255","3","3","3","3","0","0","0","swing","swing","pull","knockdown","1","0","-20","550","9"
"1","bot_learned_sequence","bot","2","350","2","3","1","1","1","0","0","idle","drain","none","none","1","0","-30","0","9"
"1","bot_learned_sequence","bot","2","382","2","3","3","1","1","0","0","knockdown","swing","drain","none","1","0","0","700","9"
"1","bot_learned_sequence","bot","2","302","2","3","2","0","1","0","0","idle","drain","pull","none","1","0","2","0","9"
"1","bot_learned_sequence","bot","2","94","2","3","1","1","0","0","0","idle","grip","none","none","1","0","-18","0","9"
"1","bot_learned_sequence","bot","2","8541","1","3","1","1","1","0","2","pull","drain","none","none","1","0","-30","500","9"
"1","bot_learned_sequence","bot","2","301","1","3","2","0","1","0","0","idle","pull","none","none","1","0","0","0","9"
"1","bot_learned_sequence","bot","2","365","1","3","2","1","1","0","0","swing","drain","none","none","1","0","0","200","9"
"1","bot_learned_sequence","bot","2","46","2","3","2","0","0","0","0","jump","swing","none","none","1","0","0","650","9"
"1","bot_learned_sequence","bot","2","302","2","3","2","0","1","0","0","idle","pull","pull","none","1","0","10","0","9"
"1","bot_learned_sequence","bot","2","1369","1","2","1","1","1","1","0","pull","pull","none","none","1","0","-21","700","9"
"1","bot_learned_sequence","human","0","2303","3","3","3","3","0","2","0","jump","jump","none","none","1","1","30","0","9"
"1","bot_learned_sequence","human","0","4287","3","3","3","2","0","0","1","pull","swing","swing","none","1","1","40","50","9"
"1","bot_learned_sequence","human","0","2411","3","2","2","1","1","2","0","idle","swing","swing","none","1","1","0","0","9"
"1","bot_learned_sequence","human","0","6523","3","2","3","1","1","2","1","idle","swing","none","none","1","1","0","0","9"
"1","bot_learned_sequence","human","0","2171","3","2","3","1","0","2","0","drain","swing","swing","none","1","1","0","50","9"
"1","bot_learned_sequence","human","0","2427","3","2","3","1","1","2","0","idle","swing","swing","swing","1","1","18","0","9"
"1","bot_learned_sequence","human","0","123","3","2","3","1","0","0","0","idle","pull","none","none","1","1","20","0","9"
"1","bot_learned_sequence","human","0","27","3","2","1","0","0","0","0","swing","swing","jump","none","1","1","51","450","9"
"1","bot_learned_sequence","human","0","343","3","1","1","1","1","0","0","drain","push","none","none","1","1","-20","50","9"
"1","bot_learned_sequence","human","0","106","2","2","2","1","0","0","0","grip","drain","none","none","1","1","-4","350","9"
"1","bot_learned_sequence","human","0","42","2","2","2","0","0","0","0","idle","pull","knockdown","none","1","1","-20","0","9"
"1","bot_learned_sequence","human","0","378","2","2","3","1","1","0","0","drain","drain","swing","none","1","1","0","100","9"
"1","bot_learned_sequence","human","0","43","3","2","2","0","0","0","0","swing","jump","pull","none","1","1","50","0","9"
"1","bot_learned_sequence","human","0","4135","3","1","2","0","0","0","1","pull","drain","pull","jump","1","1","1","250","9"
"1","bot_learned_sequence","human","0","579","3","0","0","1","2","0","0","idle","drain","none","none","1","1","0","0","9"
"1","bot_learned_sequence","human","0","322","2","0","0","1","1","0","0","idle","pull","jump","none","1","1","0","0","9"
"1","bot_learned_sequence","bot","2","8447","3","3","3","3","0","0","2","jump","jump","knockdown","none","1","0","-30","0","9"
"1","bot_learned_sequence","bot","2","173","1","3","2","2","0","0","0","pull","drain","pull","none","1","0","20","250","9"
"1","bot_learned_sequence","bot","2","9438","2","3","1","3","0","1","2","swing","pull","none","none","1","0","-10","350","9"
"1","bot_learned_sequence","bot","2","8414","2","3","1","3","0","0","2","swing","drain","none","none","1","0","0","250","9"
"1","bot_learned_sequence","bot","2","8414","2","3","1","3","0","0","2","swing","grip","none","none","1","0","-18","50","9"
"1","bot_learned_sequence","bot","2","221","1","3","1","3","0","0","0","pull","jump","drain","none","1","0","0","50","9"
"1","bot_learned_sequence","bot","2","14","2","3","0","0","0","0","0","drain","swing","none","none","1","0","-20","700","9"
"1","bot_learned_sequence","bot","2","349","1","3","1","1","1","0","0","idle","drain","none","none","1","0","20","0","9"
"1","bot_learned_sequence","bot","2","109","1","3","2","1","0","0","0","idle","drain","pull","none","1","0","20","0","9"
"1","bot_learned_sequence","bot","2","154","2","2","1","2","0","0","0","idle","grip","none","none","1","0","4","0","9"
"1","bot_learned_sequence","bot","2","458","2","2","0","3","1","0","0","idle","drain","swing","drain","1","0","0","0","9"
"1","bot_learned_sequence","bot","2","142","2","3","0","2","0","0","0","jump","swing","none","none","1","0","-50","0","9"
"1","bot_learned_sequence","bot","2","1421","1","3","0","2","1","1","0","idle","pull","none","none","1","0","-1","0","9"
"1","bot_learned_sequence","bot","2","8","0","2","0","0","0","0","0","pull","jump","drain","none","1","0","0","50","9"
"1","bot_learned_sequence","bot","2","24","0","2","1","0","0","0","0","jump","push","none","none","1","0","0","550","9"
"1","bot_learned_sequence","bot","2","552","0","2","2","0","2","0","0","idle","pull","none","none","1","0","-7","0","9"
"1","bot_learned_sequence","human","0","4591","3","3","2","3","1","0","1","idle","pull","drain","none","1","1","0","0","9"
"1","bot_learned_sequence","human","0","6575","3","3","2","2","1","2","1","pull","swing","swing","swing","1","1","0","0","9"
"1","bot_learned_sequence","human","0","4191","3","3","1","1","0","0","1","idle","pull","jump","pull","1","1","30","0","9"
"1","bot_learned_sequence","human","0","6523","3","2","3","1","1","2","1","pull","swing","swing","knockdown","1","1","-20","50","9"
"1","bot_learned_sequence","human","0","4470","2","1","3","1","1","0","1","idle","drain","none","none","1","1","0","0","9"
"1","bot_learned_sequence","human","0","4119","3","1","1","0","0","0","1","idle","jump","none","none","1","1","50","0","9"
"1","bot_learned_sequence","human","0","4163","3","0","0","1","0","0","1","swing","pull","jump","pull","1","1","30","350","9"
"1","bot_learned_sequence","human","0","4291","3","0","0","3","0","0","1","idle","pull","none","none","1","1","10","0","9"
"1","bot_learned_sequence","bot","2","9631","3","3","1","2","1","1","2","swing","pull","none","none","1","0","0","0","9"
"1","bot_learned_sequence","bot","2","1374","2","3","1","1","1","1","0","idle","pull","none","none","1","0","20","0","9"
"1","bot_learned_sequence","bot","2","9694","2","3","1","3","1","1","2","swing","pull","none","none","1","0","20","250","9"
"1","bot_learned_sequence","bot","2","1437","1","3","1","2","1","1","0","jump","swing","none","none","1","0","-60","500","9"
"1","bot_learned_sequence","human","0","10431","3","3","3","2","0","2","2","idle","pull","none","none","1","1","1","0","9"
"1","bot_learned_sequence","human","0","4463","3","3","2","1","1","0","1","idle","swing","swing","swing","1","1","-20","0","9"
"1","bot_learned_sequence","human","0","2495","3","3","3","2","1","2","0","drain","swing","swing","swing","1","1","10","200","9"
"1","bot_learned_sequence","human","0","491","3","2","2","3","1","0","0","idle","drain","none","none","1","1","0","0","9"
"1","bot_learned_sequence","human","0","4247","3","1","1","2","0","0","1","idle","jump","jump","none","1","1","-30","0","9"
"1","bot_learned_sequence","human","0","279","3","1","1","0","1","0","0","idle","drain","pull","none","1","1","19","0","9"
"1","bot_learned_sequence","bot","1","2543","3","3","2","3","1","2","0","idle","grip","none","none","1","0","3","0","9"
"1","bot_learned_sequence","bot","1","9951","3","3","1","3","2","1","2","idle","pull","none","none","1","0","0","0","9"
"1","bot_learned_sequence","bot","1","191","3","3","3","2","0","0","0","grip","swing","none","none","1","0","-24","300","9"
"1","bot_learned_sequence","bot","1","383","3","3","3","1","1","0","0","idle","pull","none","none","1","0","0","0","9"
"1","bot_learned_sequence","bot","1","8703","3","3","3","3","1","0","2","swing","drain","none","none","1","0","-30","100","9"
"1","bot_learned_sequence","bot","1","1438","2","3","1","2","1","1","0","idle","pull","none","none","1","0","-30","0","9"
"1","bot_learned_sequence","bot","1","269","1","3","0","0","1","0","0","drain","drain","pull","none","1","0","19","300","9"
"1","bot_learned_sequence","bot","1","44","0","3","2","0","0","0","0","jump","drain","push","none","1","0","-13","150","9"
"1","bot_learned_sequence","human","0","8703","3","3","3","3","1","0","2","idle","jump","none","none","1","1","10","0","9"
"1","bot_learned_sequence","human","0","8415","3","3","1","3","0","0","2","drain","pull","none","none","1","1","10","150","9"
"1","bot_learned_sequence","human","0","6255","3","3","2","1","0","2","1","pull","swing","knockdown","none","1","1","-46","200","9"
"1","bot_learned_sequence","human","0","8239","3","3","2","0","0","0","2","pull","grip","none","none","1","1","6","250","9"
"1","bot_learned_sequence","human","0","8415","3","3","1","3","0","0","2","idle","jump","grip","none","1","1","62","0","9"
"1","bot_learned_sequence","human","0","8415","3","3","1","3","0","0","2","knockdown","grip","none","none","1","1","62","0","9"
"1","bot_learned_sequence","human","0","8407","3","1","1","3","0","0","2","idle","jump","grip","none","1","1","12","0","9"
"1","bot_learned_sequence","human","0","8423","3","1","2","3","0","0","2","idle","jump","none","none","1","1","0","0","9"
"1","bot_learned_sequence","bot","3","10495","3","3","3","3","0","2","2","idle","jump","knockdown","none","1","0","0","0","9"
"1","bot_learned_sequence","bot","3","2303","3","3","3","3","0","2","0","jump","drain","none","none","1","0","-10","500","9"
"1","bot_learned_sequence","bot","3","1439","3","3","1","2","1","1","0","idle","pull","none","none","1","0","48","0","9"
"1","bot_learned_sequence","bot","3","9679","3","3","0","3","1","1","2","idle","pull","none","none","1","0","24","0","9"
