"export_format_version","record_type","source_context","record_id","summary_id","participant_key","participant_label","participant_kind","elo_key","opponent_key","won","side","opponent_side","matchup","total_force_spent","total_force_regen","ending_force","ending_hp","ending_armor","low_force_windows","grip_cripple_events","saber_throw_punishes","knockdown_events","late_defense_spends","opening_tactic","primary_issue","spent_neutral","spent_advantage","spent_disadvantage","spent_panic","spent_finishing","force_push","force_pull","force_grip","force_drain","force_rage","force_absorb","force_protect","force_heal","force_speed","force_seeing","force_unknown","total_kills","total_damage_taken","total_damage_dealt","counter_successes","punish_successes","reset_successes","capture_version","capture_revision"
"5","duel_participant","duel","1","1","iphash:f51458ac","^7Padawan","2","","bot:/botfiles/mediumds.jkb","1","2","2","3","91","53","56","100","100","0","0","0","0","0","seeing","forced_entries","0","0","67","0","24","0","0","0","0","0","0","0","0","0","91","0","0","0","0","0","0","0","0",""
"5","duel_participant","duel","2","1","bot:/botfiles/mediumds.jkb","galak","0","","iphash:f51458ac","0","2","2","3","19","10","100","-8","100","0","1","0","2","0","push","knockdown","0","0","0","19","0","19","0","0","0","0","0","0","0","0","0","0","0","0","0","0","0","0","0",""
"5","duel_participant","duel","3","2","bot:/botfiles/mediumds.jkb","galak","0","","iphash:f51458ac","1","2","2","3","605","513","8","64","98","15","3","0","3","0","pull","low_force","153","38","1","188","225","75","146","44","284","0","0","0","0","56","0","0","0","0","0","0","0","0","0",""
"5","duel_participant","duel","4","2","iphash:f51458ac","^7Padawan","2","","bot:/botfiles/mediumds.jkb","0","2","2","3","541","541","100","-14","70","39","1","0","1","0","seeing","low_force","62","0","179","287","13","0","0","0","0","0","0","0","0","0","541","0","0","0","0","0","0","0","0",""
"5","duel_participant","duel","5","3","bot:/botfiles/mediumds.jkb","galak","0","","iphash:f51458ac","1","2","2","3","234","175","41","94","99","0","2","0","0","0","speed","late_defense","29","18","187","0","0","19","78","113","0","0","0","0","0","24","0","0","0","0","0","0","0","0","0",""
"5","duel_participant","duel","6","3","iphash:f51458ac","^7Padawan","2","","bot:/botfiles/mediumds.jkb","0","2","2","3","132","125","100","-6","38","0","1","2","1","0","unknown","saber_throw","0","0","132","0","0","0","0","0","0","0","0","0","0","0","132","0","0","0","0","0","0","0","0",""
"5","duel_participant","duel","7","4","bot:/botfiles/mediumds.jkb","galak","0","","iphash:f51458ac","1","2","2","3","674","576","2","54","94","29","3","0","2","0","pull","low_force","161","19","101","292","101","129","278","67","200","0","0","0","0","0","0","0","0","0","0","0","0","0","0",""
"5","duel_participant","duel","8","4","iphash:f51458ac","^7Padawan","2","","bot:/botfiles/mediumds.jkb","0","2","2","3","551","551","100","-6","37","23","1","4","3","0","unknown","low_force","78","0","158","250","65","0","0","0","0","0","0","0","0","0","551","0","0","0","0","0","0","0","0",""
"5","duel_participant","duel","9","5","bot:/botfiles/mediumds.jkb","galak","0","","iphash:f51458ac","1","2","2","3","1199","1099","0","79","31","42","4","3","1","0","pull","low_force","62","5","251","568","313","131","459","13","462","0","0","0","0","134","0","0","0","0","0","0","0","0","0",""
"5","duel_participant","duel","10","5","iphash:f51458ac","^7Padawan","2","","bot:/botfiles/mediumds.jkb","0","2","2","3","1041","1041","100","-12","10","69","0","1","3","0","unknown","low_force","90","24","99","652","176","0","0","0","0","0","0","0","0","0","1041","0","0","0","0","0","0","0","0",""
"5","duel_participant","duel","11","6","bot:/botfiles/mediumds.jkb","galak","0","","iphash:f51458ac","1","2","2","3","2976","2898","22","100","2","131","12","5","6","0","push","low_force","666","238","431","1005","636","265","1450","151","1110","0","0","0","0","0","0","0","0","0","0","0","0","0","0",""
"5","duel_participant","duel","12","6","iphash:f51458ac","^7Padawan","2","","bot:/botfiles/mediumds.jkb","0","2","2","3","2793","2793","100","-8","2","154","1","5","7","0","seeing","low_force","359","0","883","1070","481","0","0","0","0","0","0","0","0","0","2793","0","0","0","0","0","0","0","0",""
"5","duel_participant","duel","13","7","bot:/botfiles/mediumds.jkb","galak","0","","iphash:f51458ac","1","2","2","3","779","715","36","100","94","46","4","0","0","0","pull","low_force","190","61","87","329","112","76","397","59","247","0","0","0","0","0","0","0","0","0","0","0","0","0","0",""
"5","duel_participant","duel","14","7","iphash:f51458ac","^7Padawan","2","","bot:/botfiles/mediumds.jkb","0","2","2","3","673","673","100","-16","0","31","1","3","1","0","seeing","low_force","4","0","368","183","118","0","0","0","0","0","0","0","0","0","673","0","0","0","0","0","0","0","0",""
"5","duel_participant","duel","15","8","iphash:f51458ac","^7Padawan","2","","bot:/botfiles/mediumds.jkb","1","2","2","3","146","113","61","100","100","0","0","0","0","0","seeing","late_defense","0","0","132","0","14","0","0","0","0","0","0","0","0","0","146","0","0","0","0","0","0","0","0",""
"5","duel_participant","duel","16","8","bot:/botfiles/mediumds.jkb","galak","0","","iphash:f51458ac","0","2","2","3","37","37","100","-12","98","0","3","0","0","0","push","grip_control","37","0","0","0","0","37","0","0","0","0","0","0","0","0","0","0","0","0","0","0","0","0","0",""
"5","duel_participant","duel","17","9","bot:/botfiles/mediumds.jkb","galak","0","","iphash:f51458ac","1","2","2","3","919","852","33","96","67","28","3","4","2","0","pull","low_force","63","43","98","474","241","150","313","24","432","0","0","0","0","0","0","0","0","0","0","0","0","0","0",""
"5","duel_participant","duel","18","9","iphash:f51458ac","^7Padawan","2","","bot:/botfiles/mediumds.jkb","0","2","2","3","825","754","100","-20","0","63","0","2","0","0","seeing","low_force","104","23","165","372","161","0","0","0","0","0","0","0","0","0","825","0","0","0","0","0","0","0","0",""
"5","duel_participant","duel","19","10","iphash:f51458ac","^7Padawan","2","","bot:/botfiles/mediumds.jkb","1","2","2","3","190","124","28","60","100","0","0","0","0","0","seeing","late_defense","0","0","124","0","66","0","0","0","0","0","0","0","0","0","190","0","0","0","0","0","0","0","0",""
"5","duel_participant","duel","20","10","bot:/botfiles/mediumds.jkb","galak","0","","iphash:f51458ac","0","2","2","3","157","63","100","-10","100","1","4","0","0","0","drain","grip_control","47","0","90","20","0","19","39","5","44","0","0","0","0","50","0","0","0","0","0","0","0","0","0",""
"5","duel_participant","duel","21","11","iphash:f51458ac","^7Padawan","2","","bot:/botfiles/mediumds.jkb","1","2","2","3","189","170","75","100","100","0","0","0","0","0","seeing","forced_entries","0","0","67","0","122","0","0","0","0","0","0","0","0","0","189","0","0","0","0","0","0","0","0",""
"5","duel_participant","duel","22","11","bot:/botfiles/mediumds.jkb","galak","0","","iphash:f51458ac","0","2","2","3","117","109","100","-12","100","0","1","0","2","0","push","low_force","0","0","0","117","0","97","0","0","20","0","0","0","0","0","0","0","0","0","0","0","0","0","0",""
"5","duel_participant","duel","23","12","bot:/botfiles/mediumds.jkb","galak","0","","iphash:f51458ac","1","2","2","3","116","39","23","94","98","2","1","0","0","0","grip","low_force","47","0","20","24","25","0","24","92","0","0","0","0","0","0","0","0","0","0","0","0","0","0","0",""
"5","duel_participant","duel","24","12","iphash:f51458ac","^7Padawan","2","","bot:/botfiles/mediumds.jkb","0","2","2","3","149","149","100","-8","69","18","1","1","0","0","seeing","low_force","0","0","82","67","0","0","0","0","0","0","0","0","0","0","149","0","0","0","0","0","0","0","0",""
"5","duel_participant","duel","25","13","iphash:f51458ac","^7Padawan","2","","bot:/botfiles/easyds2.jkb","1","2","2","3","75","0","25","100","100","1","0","0","0","0","seeing","low_force","0","0","65","4","6","0","0","0","0","0","0","0","0","0","75","0","0","0","0","0","0","0","0",""
"5","duel_participant","duel","26","13","bot:/botfiles/easyds2.jkb","Stormtrooper","0","","iphash:f51458ac","0","2","2","3","0","0","100","-8","100","0","1","0","0","0","","grip_control","0","0","0","0","0","0","0","0","0","0","0","0","0","0","0","0","0","0","0","0","0","0","0",""
"5","duel_participant","duel","27","14","iphash:f51458ac","^7Padawan","2","","bot:/botfiles/easyds2.jkb","1","2","2","3","1892","1830","32","54","0","52","0","5","1","0","seeing","low_force","473","4","511","529","375","0","0","0","0","0","0","0","0","0","1892","0","0","0","0","0","0","0","0",""
"5","duel_participant","duel","28","14","bot:/botfiles/easyds2.jkb","Stormtrooper","0","","iphash:f51458ac","0","2","2","3","1835","1835","100","-10","64","56","6","3","4","0","push","low_force","482","0","441","556","356","305","604","40","756","0","0","0","0","130","0","0","0","0","0","0","0","0","0",""
"5","duel_participant","duel","29","15","iphash:f51458ac","^7Padawan","2","","bot:/botfiles/easyds2.jkb","1","2","2","3","77","0","17","100","99","3","0","0","0","0","seeing","low_force","0","0","65","3","9","0","0","0","0","0","0","0","0","0","77","0","0","0","0","0","0","0","0",""
"5","duel_participant","duel","30","15","bot:/botfiles/easyds2.jkb","Stormtrooper","0","","iphash:f51458ac","0","2","2","3","0","0","100","-8","99","0","1","0","1","0","","grip_control","0","0","0","0","0","0","0","0","0","0","0","0","0","0","0","0","0","0","0","0","0","0","0",""
"5","duel_participant","duel","31","16","iphash:f51458ac","^7Padawan","2","","bot:/botfiles/easyds2.jkb","1","2","2","3","71","0","29","100","100","0","0","0","0","0","seeing","forced_entries","31","0","40","0","0","0","0","0","0","0","0","0","0","0","71","0","0","0","0","0","0","0","0",""
"5","duel_participant","duel","32","16","bot:/botfiles/easyds2.jkb","Stormtrooper","0","","iphash:f51458ac","0","2","2","3","19","19","100","-6","99","0","1","0","0","0","pull","grip_control","19","0","0","0","0","0","19","0","0","0","0","0","0","0","0","0","0","0","0","0","0","0","0",""
"5","duel_participant","duel","33","17","iphash:f51458ac","^7Padawan","2","","bot:/botfiles/easyds2.jkb","1","2","2","3","1152","1127","69","32","69","57","1","2","3","0","seeing","low_force","13","0","617","401","121","0","0","0","0","0","0","0","0","0","1152","0","0","0","0","0","0","0","0",""
"5","duel_participant","duel","34","17","bot:/botfiles/easyds2.jkb","Stormtrooper","0","","iphash:f51458ac","0","2","2","3","1429","1429","100","-8","91","45","6","0","5","0","pull","low_force","358","122","223","581","145","201","591","89","548","0","0","0","0","0","0","0","0","0","0","0","0","0","0",""
"5","duel_participant","duel","35","18","iphash:f51458ac","^7Padawan","2","","bot:/botfiles/easyds2.jkb","1","2","2","3","1348","1330","76","41","0","53","1","7","0","0","seeing","low_force","32","0","758","243","315","0","0","0","0","0","0","0","0","0","1348","0","0","0","0","0","0","0","0",""
"5","duel_participant","duel","36","18","bot:/botfiles/easyds2.jkb","Stormtrooper","0","","iphash:f51458ac","0","2","2","3","1746","1746","100","-8","95","40","6","0","1","0","push","low_force","335","14","823","483","91","252","753","308","343","0","0","0","0","90","0","0","0","0","0","0","0","0","0",""
"5","duel_participant","duel","37","19","iphash:f51458ac","^7Padawan","2","","bot:/botfiles/easyds2.jkb","1","2","2","3","90","90","94","100","100","0","0","0","0","0","seeing","forced_entries","0","0","67","0","23","0","0","0","0","0","0","0","0","0","90","0","0","0","0","0","0","0","0",""
"5","duel_participant","duel","38","19","bot:/botfiles/easyds2.jkb","Stormtrooper","0","","iphash:f51458ac","0","2","2","3","40","0","100","-8","99","0","1","0","2","0","push","knockdown","0","0","0","40","0","20","20","0","0","0","0","0","0","0","0","0","0","0","0","0","0","0","0",""
"5","duel_participant","duel","39","20","iphash:f51458ac","^7Padawan","2","","bot:/botfiles/easyds2.jkb","1","2","2","3","325","316","85","100","70","14","0","1","0","0","seeing","low_force","75","0","190","37","23","0","0","0","0","0","0","0","0","0","325","0","0","0","0","0","0","0","0",""
"5","duel_participant","duel","40","20","bot:/botfiles/easyds2.jkb","Stormtrooper","0","","iphash:f51458ac","0","2","2","3","270","234","100","-8","99","1","2","0","3","0","drain","low_force","53","0","128","20","69","76","79","0","115","0","0","0","0","0","0","0","0","0","0","0","0","0","0",""
"5","duel_participant","duel","41","21","iphash:f51458ac","^7Padawan","2","","bot:/botfiles/easyds2.jkb","1","2","2","3","73","8","35","100","99","0","0","0","0","0","seeing","forced_entries","0","0","65","0","8","0","0","0","0","0","0","0","0","0","73","0","0","0","0","0","0","0","0",""
"5","duel_participant","duel","42","21","bot:/botfiles/easyds2.jkb","Stormtrooper","0","","iphash:f51458ac","0","2","2","3","0","0","100","-4","100","0","1","0","1","0","","grip_control","0","0","0","0","0","0","0","0","0","0","0","0","0","0","0","0","0","0","0","0","0","0","0",""
"5","duel_participant","duel","43","22","iphash:f51458ac","^7Padawan","2","","bot:/botfiles/easyds2.jkb","1","2","2","3","1355","1299","38","49","0","44","2","6","3","0","seeing","low_force","153","0","885","236","81","0","0","0","0","0","0","0","0","0","1355","0","0","0","0","0","0","0","0",""
"5","duel_participant","duel","44","22","bot:/botfiles/easyds2.jkb","Stormtrooper","0","","iphash:f51458ac","0","2","2","3","1570","1570","100","-14","68","19","14","1","1","0","pull","low_force","660","29","624","126","131","167","614","271","410","0","0","0","0","108","0","0","0","0","0","0","0","0","0",""
"5","duel_participant","duel","45","23","iphash:f51458ac","^7Padawan","2","","bot:/botfiles/hardds4.jkb","1","2","2","3","69","0","25","100","100","0","0","0","0","0","seeing","low_force","0","0","65","0","4","0","0","0","0","0","0","0","0","0","69","0","0","0","0","0","0","0","0",""
"5","duel_participant","duel","46","23","bot:/botfiles/hardds4.jkb","New_Reborn","0","","iphash:f51458ac","0","2","2","3","0","0","100","-8","100","0","1","0","1","0","","grip_control","0","0","0","0","0","0","0","0","0","0","0","0","0","0","0","0","0","0","0","0","0","0","0",""
"5","duel_participant","duel","47","24","iphash:f51458ac","^7Padawan","2","","bot:/botfiles/hardds4.jkb","1","2","2","3","66","0","28","100","100","0","0","0","0","0","seeing","forced_entries","0","0","65","0","1","0","0","0","0","0","0","0","0","0","66","0","0","0","0","0","0","0","0",""
"5","duel_participant","duel","48","24","bot:/botfiles/hardds4.jkb","New_Reborn","0","","iphash:f51458ac","0","2","2","3","19","19","100","-8","100","0","1","0","1","0","push","grip_control","0","0","19","0","0","19","0","0","0","0","0","0","0","0","0","0","0","0","0","0","0","0","0",""
"5","duel_participant","duel","49","25","bot:/botfiles/hardds4.jkb","New_Reborn","0","","iphash:f51458ac","1","2","2","3","1566","1498","32","100","85","53","8","0","3","0","push","low_force","396","168","289","375","338","173","658","132","603","0","0","0","0","0","0","0","0","0","0","0","0","0","0",""
"5","duel_participant","duel","50","25","iphash:f51458ac","^7Padawan","2","","bot:/botfiles/hardds4.jkb","0","2","2","3","1283","1283","100","-11","0","60","1","3","4","0","seeing","low_force","71","4","621","442","145","0","0","0","0","0","0","0","0","0","1283","0","0","0","0","0","0","0","0",""
"5","duel_participant","duel","51","26","iphash:f51458ac","^7Padawan","2","","bot:/botfiles/easyds2.jkb","1","2","2","3","68","0","26","100","100","0","0","0","0","0","seeing","forced_entries","0","0","65","0","3","0","0","0","0","0","0","0","0","0","68","0","0","0","0","0","0","0","0",""
"5","duel_participant","duel","52","26","bot:/botfiles/easyds2.jkb","Stormtrooper","0","","iphash:f51458ac","0","2","2","3","0","0","100","-8","100","0","1","0","0","0","","grip_control","0","0","0","0","0","0","0","0","0","0","0","0","0","0","0","0","0","0","0","0","0","0","0",""
"5","duel_participant","duel","53","27","iphash:f51458ac","^7Padawan","2","","bot:/botfiles/easyds2.jkb","1","2","2","3","905","814","3","100","97","39","0","0","1","0","seeing","low_force","274","20","64","365","182","0","0","0","0","0","0","0","0","0","905","0","0","0","0","0","0","0","0",""
"5","duel_participant","duel","54","27","bot:/botfiles/easyds2.jkb","Stormtrooper","0","","iphash:f51458ac","0","2","2","3","838","739","100","-16","100","52","1","0","2","0","push","low_force","32","0","291","487","28","286","199","0","353","0","0","0","0","0","0","0","0","0","0","0","0","0","0",""
"5","duel_participant","duel","55","28","iphash:f51458ac","^7Padawan","2","","iphash:cb041f6d","1","2","2","3","384","337","47","94","69","0","3","1","0","0","seeing","grip_control","0","0","104","0","280","0","0","0","0","0","0","0","0","0","384","0","0","0","0","0","0","0","0",""
"5","duel_participant","duel","56","28","iphash:cb041f6d","Mpkill","2","","iphash:f51458ac","0","2","2","3","266","250","100","-8","100","0","3","0","0","0","seeing","low_force","36","0","0","230","0","0","0","0","0","0","0","0","0","0","266","0","0","0","0","0","0","0","0",""
"5","duel_participant","duel","57","29","iphash:f51458ac","^7Padawan","2","","iphash:cb041f6d","1","2","2","3","546","479","33","82","95","17","2","0","0","0","seeing","low_force","228","0","139","132","47","0","0","0","0","0","0","0","0","0","546","0","0","0","0","0","0","0","0",""
"5","duel_participant","duel","58","29","iphash:cb041f6d","Mpkill","2","","iphash:f51458ac","0","2","2","3","427","427","100","-8","99","6","3","0","1","0","seeing","low_force","158","0","126","109","34","0","0","0","0","0","0","0","0","0","427","0","0","0","0","0","0","0","0",""
"5","duel_participant","duel","59","30","iphash:f51458ac","^7Padawan","2","","iphash:cb041f6d","1","2","2","3","1720","1671","45","70","95","14","22","0","0","0","seeing","grip_control","987","0","566","141","26","0","0","0","0","0","0","0","0","0","1720","0","0","0","0","0","0","0","0",""
"5","duel_participant","duel","60","30","iphash:cb041f6d","Mpkill","2","","iphash:f51458ac","0","2","2","3","1427","1427","100","-8","99","3","12","0","3","0","seeing","grip_control","908","0","445","13","61","0","0","0","0","0","0","0","0","0","1427","0","0","0","0","0","0","0","0",""
"5","duel_participant","duel","61","31","iphash:d16d474d","^0-=^3'/^7o^3!^0d^0=-^6","2","","bot:/botfiles/mediumds.jkb","1","2","2","3","416","325","9","80","67","21","0","1","2","0","seeing","low_force","91","50","8","185","82","0","0","0","0","0","0","0","0","0","416","0","0","0","0","0","0","0","0",""
"5","duel_participant","duel","62","31","bot:/botfiles/mediumds.jkb","Saboteur","0","","iphash:d16d474d","0","2","2","3","539","498","100","-2","0","17","0","4","1","0","drain","low_force","25","0","223","172","119","24","246","20","249","0","0","0","0","0","0","0","0","0","0","0","0","0","0",""
"5","duel_participant","duel","63","32","bot:/botfiles/mediumds.jkb","Saboteur","0","","user:void","1","2","2","3","471","387","16","40","7","6","1","6","2","0","pull","low_force","133","0","141","58","139","38","152","81","150","0","0","0","0","50","0","0","0","0","0","0","0","0","0",""
"5","duel_participant","duel","64","32","user:void","void","1","","bot:/botfiles/mediumds.jkb","0","2","2","3","426","426","100","-2","4","24","1","2","0","0","unknown","low_force","40","0","164","222","0","0","0","0","0","0","0","0","0","0","426","0","0","0","0","0","0","0","0",""
"5","duel_participant","duel","65","33","user:void","void","1","","bot:/botfiles/mediumds.jkb","1","2","2","3","329","250","15","80","69","25","0","1","1","0","unknown","low_force","51","48","0","184","46","0","0","0","0","0","0","0","0","0","329","0","0","0","0","0","0","0","0",""
"5","duel_participant","duel","66","33","bot:/botfiles/mediumds.jkb","Saboteur","0","","user:void","0","2","2","3","326","319","100","-10","0","16","0","4","0","0","pull","low_force","0","0","135","103","88","0","147","0","179","0","0","0","0","0","0","0","0","0","0","0","0","0","0",""
"5","duel_participant","duel","67","34","bot:/botfiles/mediumds.jkb","Saboteur","0","","user:void","1","2","2","3","1253","1154","1","100","0","66","0","6","0","0","drain","low_force","10","0","419","435","389","99","513","154","487","0","0","0","0","0","0","0","0","0","0","0","0","0","0",""
"5","duel_participant","duel","68","34","user:void","void","1","","bot:/botfiles/mediumds.jkb","0","2","2","3","1001","1001","100","-12","68","50","2","4","5","0","seeing","low_force","181","113","58","403","246","0","0","0","0","0","0","0","0","0","1001","0","0","0","0","0","0","0","0",""
"5","duel_participant","duel","69","35","user:void","void","1","","bot:/botfiles/mediumds.jkb","1","2","2","3","521","421","0","100","68","19","0","1","0","0","seeing","low_force","17","65","70","152","217","0","0","0","0","0","0","0","0","0","521","0","0","0","0","0","0","0","0",""
"5","duel_participant","duel","70","35","bot:/botfiles/mediumds.jkb","Saboteur","0","","user:void","0","2","2","3","363","363","100","-9","0","35","0","4","2","0","unknown","low_force","30","0","87","211","35","55","150","0","158","0","0","0","0","0","0","0","0","0","0","0","0","0","0",""
"5","duel_participant","duel","71","36","user:void","void","1","","bot:/botfiles/mediumds.jkb","1","2","2","3","1201","1121","20","100","37","63","2","3","4","0","seeing","low_force","157","16","121","518","389","0","0","0","0","0","0","0","0","0","1201","0","0","0","0","0","0","0","0",""
"5","duel_participant","duel","72","36","bot:/botfiles/mediumds.jkb","Saboteur","0","","user:void","0","2","2","3","1135","1103","100","-3","0","97","0","4","3","0","drain","low_force","0","0","309","635","191","114","292","159","570","0","0","0","0","0","0","0","0","0","0","0","0","0","0",""
"5","duel_participant","duel","73","37","user:void","void","1","","bot:/botfiles/mediumds.jkb","1","2","2","3","311","277","60","86","38","7","1","4","0","0","seeing","low_force","68","55","66","45","77","0","0","0","0","0","0","0","0","0","311","0","0","0","0","0","0","0","0",""
"5","duel_participant","duel","74","37","bot:/botfiles/mediumds.jkb","Saboteur","0","","user:void","0","2","2","3","368","295","100","0","0","9","0","4","1","0","unknown","low_force","0","0","210","143","15","71","126","51","120","0","0","0","0","0","0","0","0","0","0","0","0","0","0",""
"5","duel_participant","duel","75","38","user:void","void","1","","bot:/botfiles/mediumds.jkb","1","2","2","3","937","839","0","66","0","43","1","2","3","0","seeing","low_force","24","0","428","381","104","0","0","0","0","0","0","0","0","0","937","0","0","0","0","0","0","0","0",""
"5","duel_participant","duel","76","38","bot:/botfiles/mediumds.jkb","Saboteur","0","","user:void","0","2","2","3","1059","981","100","0","0","43","0","7","1","0","pull","low_force","250","35","250","348","176","88","492","64","365","0","0","0","0","50","0","0","0","0","0","0","0","0","0",""
"5","duel_participant","duel","77","39","bot:/botfiles/mediumds.jkb","Saboteur","0","","user:void","1","2","2","3","772","722","50","22","0","27","1","8","2","0","drain","low_force","50","0","221","337","164","62","283","57","320","0","0","0","0","50","0","0","0","0","0","0","0","0","0",""
"5","duel_participant","duel","78","39","user:void","void","1","","bot:/botfiles/mediumds.jkb","0","2","2","3","580","522","100","-2","69","30","1","1","2","0","seeing","low_force","219","32","74","203","52","0","0","0","0","0","0","0","0","0","580","0","0","0","0","0","0","0","0",""
"5","duel_participant","duel","79","40","user:void","void","1","","bot:/botfiles/hardds4.jkb","1","2","2","3","528","428","0","48","28","23","0","2","4","0","seeing","low_force","183","15","53","169","108","0","0","0","0","0","0","0","0","0","528","0","0","0","0","0","0","0","0",""
"5","duel_participant","duel","80","40","bot:/botfiles/hardds4.jkb","Reborn_Twin","0","","user:void","0","2","2","3","702","675","100","-12","0","22","0","6","1","0","grip","low_force","73","0","250","270","109","48","314","16","324","0","0","0","0","0","0","0","0","0","0","0","0","0","0",""
"5","duel_participant","duel","81","41","user:void","void","1","","bot:/botfiles/hardds4.jkb","1","2","2","3","707","607","0","80","69","39","0","2","3","0","unknown","low_force","101","44","94","315","153","0","0","0","0","0","0","0","0","0","707","0","0","0","0","0","0","0","0",""
"5","duel_participant","duel","82","41","bot:/botfiles/hardds4.jkb","Reborn_Twin","0","","user:void","0","2","2","3","669","645","100","-8","0","46","1","5","1","0","pull","low_force","68","0","152","382","67","59","235","0","375","0","0","0","0","0","0","0","0","0","0","0","0","0","0",""
"5","duel_participant","duel","83","42","user:void","void","1","","bot:/botfiles/hardds4.jkb","1","2","2","3","530","434","0","55","0","27","2","4","1","0","unknown","low_force","0","0","64","268","198","0","0","0","0","0","0","0","0","0","530","0","0","0","0","0","0","0","0",""
"5","duel_participant","duel","84","42","bot:/botfiles/hardds4.jkb","Reborn_Twin","0","","user:void","0","2","2","3","599","514","100","-4","98","40","0","1","1","0","pull","low_force","59","0","218","236","86","79","271","175","74","0","0","0","0","0","0","0","0","0","0","0","0","0","0",""
"5","duel_participant","duel","85","43","user:void","void","1","","bot:/botfiles/hardds4.jkb","1","2","2","3","501","501","100","60","98","6","2","1","2","0","seeing","low_force","140","62","55","113","131","0","0","0","0","0","0","0","0","0","501","0","0","0","0","0","0","0","0",""
"5","duel_participant","duel","86","43","bot:/botfiles/hardds4.jkb","Reborn_Twin","0","","user:void","0","2","2","3","565","565","100","-39","0","30","1","2","1","0","push","low_force","68","0","313","155","29","24","115","140","226","0","0","0","0","60","0","0","0","0","0","0","0","0","0",""
"5","duel_participant","duel","87","44","iphash:eea7995d","LWL","2","","bot:/botfiles/hardds4.jkb","1","1","2","2","33","33","100","100","91","0","0","0","0","0","pull","linear_entries","33","0","0","0","0","0","33","0","0","0","0","0","0","0","0","0","0","0","0","0","0","0","0",""
"5","duel_participant","duel","88","44","bot:/botfiles/hardds4.jkb","New_Reborn","0","","iphash:eea7995d","0","2","1","2","0","0","100","-26","0","0","0","0","0","0","","forced_entries","0","0","0","0","0","0","0","0","0","0","0","0","0","0","0","0","0","0","0","0","0","0","0",""
"5","duel_participant","duel","89","45","bot:/botfiles/hardds4.jkb","New_Reborn","0","","iphash:eea7995d","1","2","1","2","323","247","24","100","98","10","0","0","0","0","pull","low_force","85","44","40","109","45","0","163","0","110","0","0","0","0","50","0","0","0","0","0","0","0","0","0",""
"5","duel_participant","duel","90","45","iphash:eea7995d","LWL","2","","bot:/botfiles/hardds4.jkb","0","1","2","2","222","222","100","0","69","14","0","1","2","0","pull","low_force","18","0","136","66","2","0","222","0","0","0","0","0","0","0","0","0","0","0","0","0","0","0","0",""
"5","duel_participant","duel","91","46","bot:/botfiles/hardds2.jkb","Skryptr","0","","iphash:eea7995d","1","2","1","2","2064","1975","11","64","0","26","0","7","4","0","grip","low_force","700","15","658","351","340","126","836","277","685","0","0","0","0","140","0","0","0","0","0","0","0","0","0",""
"5","duel_participant","duel","92","46","iphash:eea7995d","LWL","2","","bot:/botfiles/hardds2.jkb","0","1","2","2","2085","2085","100","-11","0","58","3","7","4","0","pull","low_force","727","5","617","664","72","0","2018","0","0","0","0","0","0","0","67","0","0","0","0","0","0","0","0",""
"5","duel_participant","duel","93","47","iphash:4cdd29ac","^0-=^3'/^7o^3!^0d^0=-^6","2","","bot:/botfiles/hardds.jkb","1","2","2","3","1461","1368","1","100","0","47","3","5","3","0","unknown","low_force","91","0","537","422","411","0","0","0","0","0","0","0","0","0","1461","0","0","0","0","0","0","0","0",""
"5","duel_participant","duel","94","47","bot:/botfiles/hardds.jkb","Desann","0","","iphash:4cdd29ac","0","2","2","3","1388","1374","100","-4","0","103","0","7","4","0","unknown","low_force","113","19","525","558","173","239","448","277","404","0","0","0","0","0","0","20","0","0","0","0","0","0","0",""
"5","duel_participant","duel","95","48","iphash:4cdd29ac","^0-=^3'/^7o^3!^0d^0=-^6","2","","bot:/botfiles/hardds.jkb","1","2","2","3","222","128","6","80","70","12","0","1","0","0","seeing","low_force","20","0","106","96","0","0","0","0","0","0","0","0","0","0","222","0","0","0","0","0","0","0","0",""
"5","duel_participant","duel","96","48","bot:/botfiles/hardds.jkb","Desann","0","","iphash:4cdd29ac","0","2","2","3","205","193","100","-10","0","0","0","7","3","0","pull","saber_throw","43","0","18","19","125","56","99","0","50","0","0","0","0","0","0","0","0","0","0","0","0","0","0",""
"5","duel_participant","duel","97","49","iphash:4cdd29ac","^0-=^3'/^7o^3!^0d^0=-^6","2","","bot:/botfiles/hardds.jkb","1","2","2","3","488","449","55","68","68","11","0","1","1","0","seeing","low_force","12","0","180","114","182","0","0","0","0","0","0","0","0","0","488","0","0","0","0","0","0","0","0",""
"5","duel_participant","duel","98","49","bot:/botfiles/hardds.jkb","Desann","0","","iphash:4cdd29ac","0","2","2","3","291","210","100","0","67","11","1","3","1","0","push","low_force","93","0","59","139","0","19","40","0","105","0","0","0","0","127","0","0","0","0","0","0","0","0","0",""
"5","duel_participant","duel","99","50","iphash:4cdd29ac","^0-=^3'/^7o^3!^0d^0=-^6","2","","iphash:72feb6d1","1","2","1","2","158","158","100","100","100","0","0","0","0","0","seeing","forced_entries","146","0","12","0","0","0","0","0","0","0","0","0","0","0","158","0","0","0","0","0","0","0","0",""
"5","duel_participant","duel","100","50","iphash:72feb6d1","123c741_12ock37","2","","iphash:4cdd29ac","0","1","2","2","8","8","100","-23","0","0","0","0","0","0","seeing","linear_entries","8","0","0","0","0","0","0","0","0","0","0","0","0","0","8","0","0","0","0","0","0","0","0",""
"5","duel_participant","duel","101","51","iphash:4cdd29ac","^0-=^3'/^7o^3!^0d^0=-^6","2","","iphash:72feb6d1","1","2","1","2","160","160","100","92","0","0","0","0","0","0","seeing","late_defense","68","0","82","0","10","0","0","0","0","0","0","0","0","0","160","0","0","0","0","0","0","0","0",""
"5","duel_participant","duel","102","51","iphash:72feb6d1","123c741_12ock37","2","","iphash:4cdd29ac","0","1","2","2","65","65","100","-26","0","0","1","0","0","0","seeing","forced_entries","11","0","54","0","0","0","0","0","0","0","0","0","0","0","65","0","0","0","0","0","0","0","0",""
"5","duel_participant","duel","103","52","iphash:4cdd29ac","^0-=^3'/^7o^3!^0d^0=-^6","2","","bot:/botfiles/mediumds.jkb","1","2","2","3","663","563","0","80","28","19","2","2","2","0","seeing","low_force","105","97","45","171","245","0","0","0","0","0","0","0","0","0","663","0","0","0","0","0","0","0","0",""
"5","duel_participant","duel","104","52","bot:/botfiles/mediumds.jkb","Saboteur","0","","iphash:4cdd29ac","0","2","2","3","657","592","100","-23","0","52","0","3","2","0","unknown","low_force","80","0","262","310","5","19","217","186","235","0","0","0","0","0","0","0","0","0","0","0","0","0","0",""
"5","duel_participant","duel","105","53","bot:/botfiles/hardds4.jkb","New_Reborn","0","","iphash:72feb6d1","1","2","1","2","108","35","27","100","100","0","0","0","0","0","unknown","late_defense","5","0","103","0","0","0","24","59","0","0","0","0","0","0","0","25","0","0","0","0","0","0","0",""
"5","duel_participant","duel","106","53","iphash:72feb6d1","123c741_12ock37","2","","bot:/botfiles/hardds4.jkb","0","1","2","2","0","0","100","-6","69","0","1","1","2","0","unknown","knockdown","0","0","0","0","0","0","0","0","0","0","0","0","0","0","0","0","0","0","0","0","0","0","0",""
"5","duel_participant","duel","107","54","iphash:4cdd29ac","^0-=^3'/^7o^3!^0d^0=-^6","2","","bot:/botfiles/hardds.jkb","1","2","2","3","407","321","14","80","38","16","0","3","3","0","seeing","low_force","25","0","109","130","143","0","0","0","0","0","0","0","0","0","407","0","0","0","0","0","0","0","0",""
"5","duel_participant","duel","108","54","bot:/botfiles/hardds.jkb","Desann","0","","iphash:4cdd29ac","0","2","2","3","492","432","100","-10","0","23","0","4","1","0","speed","low_force","25","0","240","143","84","54","207","44","162","0","0","0","0","25","0","0","0","0","0","0","0","0","0",""
"5","duel_participant","duel","109","55","bot:/botfiles/hardds4.jkb","New_Reborn","0","","iphash:72feb6d1","1","2","1","2","94","29","35","100","89","0","0","0","0","0","speed","forced_entries","9","0","77","0","8","0","0","69","0","0","0","0","0","25","0","0","0","0","0","0","0","0","0",""
"5","duel_participant","duel","110","55","iphash:72feb6d1","123c741_12ock37","2","","bot:/botfiles/hardds4.jkb","0","1","2","2","16","16","100","-26","99","0","1","0","1","0","seeing","grip_control","8","0","8","0","0","0","0","0","0","0","0","0","0","0","16","0","0","0","0","0","0","0","0",""
"5","duel_participant","duel","111","56","bot:/botfiles/hardds.jkb","Desann","0","","iphash:4cdd29ac","1","2","2","3","374","295","21","100","100","5","0","0","0","0","pull","late_defense","51","0","304","5","14","20","243","104","0","0","0","0","0","0","0","7","0","0","0","0","0","0","0",""
"5","duel_participant","duel","112","56","iphash:4cdd29ac","^0-=^3'/^7o^3!^0d^0=-^6","2","","bot:/botfiles/hardds.jkb","0","2","2","3","60","60","100","-28","0","0","1","6","1","0","seeing","saber_throw","25","0","35","0","0","0","0","0","0","0","0","0","0","0","60","0","0","0","0","0","0","0","0",""
"5","duel_participant","duel","113","57","bot:/botfiles/hardds.jkb","Desann","0","","iphash:72feb6d1","1","2","1","2","154","59","5","100","97","15","0","0","0","0","pull","low_force","24","0","109","21","0","0","49","105","0","0","0","0","0","0","0","0","0","0","0","0","0","0","0",""
"5","duel_participant","duel","114","57","iphash:72feb6d1","123c741_12ock37","2","","bot:/botfiles/hardds.jkb","0","1","2","2","6","6","100","-26","70","0","1","2","1","0","seeing","saber_throw","6","0","0","0","0","0","0","0","0","0","0","0","0","0","6","0","0","0","0","0","0","0","0",""
"5","duel_participant","duel","115","58","bot:/botfiles/hardds2.jkb","Skryptr","0","","iphash:4cdd29ac","1","2","2","3","540","452","12","51","0","15","1","5","1","0","pull","low_force","43","0","206","62","229","47","250","113","130","0","0","0","0","0","0","0","0","0","0","0","0","0","0",""
"5","duel_participant","duel","116","58","iphash:4cdd29ac","^0-=^3'/^7o^3!^0d^0=-^6","2","","bot:/botfiles/hardds2.jkb","0","2","2","3","385","385","100","-12","69","27","1","1","2","0","seeing","low_force","147","0","6","209","23","0","0","0","0","0","0","0","0","0","385","0","0","0","0","0","0","0","0",""
"5","duel_participant","duel","117","59","iphash:4cdd29ac","^0-=^3'/^7o^3!^0d^0=-^6","2","","iphash:72feb6d1","1","2","1","2","140","140","100","100","90","0","0","0","0","0","seeing","late_defense","0","0","140","0","0","0","0","0","0","0","0","0","0","0","140","0","0","0","0","0","0","0","0",""
"5","duel_participant","duel","118","59","iphash:72feb6d1","123c741_12ock37","2","","iphash:4cdd29ac","0","1","2","2","8","8","100","-10","0","0","0","3","0","0","unknown","saber_throw","0","0","8","0","0","0","0","0","0","0","0","0","0","0","8","0","0","0","0","0","0","0","0",""
"5","duel_participant","duel","119","60","iphash:4cdd29ac","^0-=^3'/^7o^3!^0d^0=-^6","2","","iphash:72feb6d1","1","2","1","2","254","254","100","100","86","0","0","0","0","0","seeing","late_defense","114","0","140","0","0","0","0","0","0","0","0","0","0","0","254","0","0","0","0","0","0","0","0",""
"5","duel_participant","duel","120","60","iphash:72feb6d1","123c741_12ock37","2","","iphash:4cdd29ac","0","1","2","2","144","144","100","-12","0","0","1","1","0","0","seeing","forced_entries","34","0","110","0","0","0","0","0","0","0","0","0","0","0","144","0","0","0","0","0","0","0","0",""
"5","duel_participant","duel","121","61","bot:/botfiles/hardds.jkb","Desann","0","","iphash:4cdd29ac","1","2","2","3","175","90","15","100","100","2","0","0","0","0","push","low_force","5","0","97","25","48","25","69","81","0","0","0","0","0","0","0","0","0","0","0","0","0","0","0",""
"5","duel_participant","duel","122","61","iphash:4cdd29ac","^0-=^3'/^7o^3!^0d^0=-^6","2","","bot:/botfiles/hardds.jkb","0","2","2","3","0","0","100","-8","10","0","1","3","1","0","unknown","saber_throw","0","0","0","0","0","0","0","0","0","0","0","0","0","0","0","0","0","0","0","0","0","0","0",""
"5","duel_participant","duel","123","62","bot:/botfiles/easyds2.jkb","Swamptrooper","0","","iphash:72feb6d1","1","2","1","2","458","453","95","100","89","1","0","0","0","0","grip","late_defense","10","0","297","40","111","80","177","201","0","0","0","0","0","0","0","0","0","0","0","0","0","0","0",""
"5","duel_participant","duel","124","62","iphash:72feb6d1","123c741_12ock37","2","","bot:/botfiles/easyds2.jkb","0","1","2","2","25","25","100","-17","38","0","1","2","2","0","seeing","saber_throw","8","0","8","9","0","0","0","0","0","0","0","0","0","0","25","0","0","0","0","0","0","0","0",""
"5","duel_participant","duel","125","63","bot:/botfiles/easyds2.jkb","Swamptrooper","0","","iphash:72feb6d1","1","2","1","2","582","501","19","100","68","2","0","1","0","0","pull","late_defense","68","0","282","26","206","65","315","61","35","0","0","0","0","106","0","0","0","0","0","0","0","0","0",""
"5","duel_participant","duel","126","63","iphash:72feb6d1","123c741_12ock37","2","","bot:/botfiles/easyds2.jkb","0","1","2","2","290","290","100","-2","68","0","1","2","4","0","seeing","low_force","45","0","99","146","0","0","0","0","0","0","0","0","0","0","290","0","0","0","0","0","0","0","0",""
"5","duel_participant","duel","127","64","bot:/botfiles/easyds2.jkb","Swamptrooper","0","","iphash:72feb6d1","1","2","1","2","237","220","83","100","99","0","0","0","0","0","pull","late_defense","14","0","176","0","47","0","41","196","0","0","0","0","0","0","0","0","0","0","0","0","0","0","0",""
"5","duel_participant","duel","128","64","iphash:72feb6d1","123c741_12ock37","2","","bot:/botfiles/easyds2.jkb","0","1","2","2","25","25","100","-6","99","0","3","0","1","0","seeing","grip_control","0","0","25","0","0","0","0","0","0","0","0","0","0","0","25","0","0","0","0","0","0","0","0",""
"5","duel_participant","duel","129","65","bot:/botfiles/easyds2.jkb","Swamptrooper","0","","iphash:72feb6d1","1","2","1","2","288","237","49","100","90","0","0","0","0","0","speed","late_defense","9","0","139","0","140","0","59","144","0","0","0","0","0","85","0","0","0","0","0","0","0","0","0",""
"5","duel_participant","duel","130","65","iphash:72feb6d1","123c741_12ock37","2","","bot:/botfiles/easyds2.jkb","0","1","2","2","24","24","100","-4","10","0","2","4","1","0","unknown","saber_throw","0","0","24","0","0","0","0","0","0","0","0","0","0","0","24","0","0","0","0","0","0","0","0",""
"5","duel_participant","duel","131","66","bot:/botfiles/mediumds.jkb","Saboteur","0","","user:void","1","2","2","3","614","518","4","66","0","17","1","7","1","0","seeing","low_force","35","0","288","148","143","111","217","103","109","0","0","0","0","50","24","0","0","0","0","0","0","0","0",""
"5","duel_participant","duel","132","66","user:void","void","1","","bot:/botfiles/mediumds.jkb","0","2","2","3","434","434","100","-10","37","13","2","2","2","0","unknown","low_force","20","0","157","95","162","0","0","0","0","0","0","0","0","0","434","0","0","0","0","0","0","0","0",""
"5","duel_participant","duel","133","67","bot:/botfiles/mediumds.jkb","Saboteur","0","","user:void","1","2","2","3","808","729","21","74","0","26","1","5","2","0","pull","low_force","101","0","116","206","385","63","410","65","270","0","0","0","0","0","0","0","0","0","0","0","0","0","0",""
"5","duel_participant","duel","134","67","user:void","void","1","","bot:/botfiles/mediumds.jkb","0","2","2","3","571","571","100","-8","19","40","0","2","2","0","seeing","low_force","0","0","227","234","110","0","0","0","0","0","0","0","0","0","571","0","0","0","0","0","0","0","0",""
"5","duel_participant","duel","135","68","user:void","void","1","","bot:/botfiles/mediumds.jkb","1","2","2","3","593","544","45","68","5","37","3","4","3","0","unknown","low_force","0","0","232","107","254","0","0","0","0","0","0","0","0","0","593","0","0","0","0","0","0","0","0",""
"5","duel_participant","duel","136","68","bot:/botfiles/mediumds.jkb","Saboteur","0","","user:void","0","2","2","3","567","492","100","-8","7","30","1","5","1","0","pull","low_force","86","15","211","165","90","0","130","195","171","0","0","0","0","71","0","0","0","0","0","0","0","0","0",""
"5","duel_participant","duel","137","69","user:void","void","1","","bot:/botfiles/mediumds.jkb","1","2","2","3","500","423","23","100","70","24","0","1","1","0","seeing","low_force","162","8","74","166","90","0","0","0","0","0","0","0","0","0","500","0","0","0","0","0","0","0","0",""
"5","duel_participant","duel","138","69","bot:/botfiles/mediumds.jkb","Saboteur","0","","user:void","0","2","2","3","436","420","100","-23","0","32","0","5","1","0","speed","low_force","28","0","187","201","20","19","93","0","319","0","0","0","0","5","0","0","0","0","0","0","0","0","0",""
"5","duel_participant","duel","139","70","bot:/botfiles/mediumds.jkb","Saboteur","0","","user:void","1","2","2","3","1641","1587","46","54","0","98","0","6","4","0","pull","low_force","224","0","265","695","457","154","711","25","751","0","0","0","0","0","0","0","0","0","0","0","0","0","0",""
"5","duel_participant","duel","140","70","user:void","void","1","","bot:/botfiles/mediumds.jkb","0","2","2","3","1464","1385","100","-5","8","82","0","3","6","0","unknown","low_force","185","5","348","554","372","0","0","0","0","0","0","0","0","0","1464","0","0","0","0","0","0","0","0",""
"5","duel_participant","duel","141","71","user:void","void","1","","bot:/botfiles/mediumds.jkb","1","2","2","3","679","579","0","72","8","42","0","3","1","0","seeing","low_force","134","15","128","325","77","0","0","0","0","0","0","0","0","0","679","0","0","0","0","0","0","0","0",""
"5","duel_participant","duel","142","71","bot:/botfiles/mediumds.jkb","Saboteur","0","","user:void","0","2","2","3","805","715","100","-2","0","34","0","10","0","0","unknown","low_force","0","0","230","375","200","16","344","48","397","0","0","0","0","0","0","0","0","0","0","0","0","0","0",""
"5","duel_participant","duel","143","72","user:void","void","1","","bot:/botfiles/mediumds.jkb","1","2","2","3","676","606","24","100","70","37","0","1","3","0","seeing","low_force","89","39","70","247","231","0","0","0","0","0","0","0","0","0","676","0","0","0","0","0","0","0","0",""
"5","duel_participant","duel","144","72","bot:/botfiles/mediumds.jkb","Saboteur","0","","user:void","0","2","2","3","615","535","100","-15","7","46","0","13","2","0","pull","low_force","9","0","134","340","132","123","222","0","220","50","0","0","0","0","0","0","0","0","0","0","0","0","0",""
"5","duel_participant","duel","145","73","user:void","void","1","","bot:/botfiles/mediumds.jkb","1","2","2","3","982","953","65","100","65","23","2","2","3","0","seeing","low_force","191","248","43","240","260","0","0","0","0","0","0","0","0","0","982","0","0","0","0","0","0","0","0",""
"5","duel_participant","duel","146","73","bot:/botfiles/mediumds.jkb","Saboteur","0","","user:void","0","2","2","3","1041","945","100","-19","0","32","0","10","1","0","push","low_force","40","0","604","340","57","193","307","163","328","50","0","0","0","0","0","0","0","0","0","0","0","0","0",""
"5","duel_participant","duel","147","74","user:void","void","1","","bot:/botfiles/mediumds.jkb","1","2","2","3","434","351","11","56","0","7","1","4","2","0","seeing","low_force","137","0","173","61","63","0","0","0","0","0","0","0","0","0","434","0","0","0","0","0","0","0","0",""
"5","duel_participant","duel","148","74","bot:/botfiles/mediumds.jkb","Saboteur","0","","user:void","0","2","2","3","426","406","100","-8","0","7","0","5","0","0","drain","low_force","52","0","290","75","9","0","265","91","70","0","0","0","0","0","0","0","0","0","0","0","0","0","0",""
"5","duel_participant","duel","149","75","user:void","void","1","","bot:/botfiles/mediumds.jkb","1","2","2","3","383","299","16","85","0","5","0","6","2","0","seeing","low_force","78","0","144","76","85","0","0","0","0","0","0","0","0","0","383","0","0","0","0","0","0","0","0",""
"5","duel_participant","duel","150","75","bot:/botfiles/mediumds.jkb","Saboteur","0","","user:void","0","2","2","3","492","488","100","-13","0","14","1","2","3","0","drain","low_force","152","0","205","93","42","154","225","16","97","0","0","0","0","0","0","0","0","0","0","0","0","0","0",""
"5","duel_participant","duel","151","76","user:void","void","1","","bot:/botfiles/mediumds.jkb","1","2","2","3","643","545","2","70","38","26","1","3","1","0","seeing","low_force","130","5","116","253","139","0","0","0","0","0","0","0","0","0","643","0","0","0","0","0","0","0","0",""
"5","duel_participant","duel","152","76","bot:/botfiles/mediumds.jkb","Saboteur","0","","user:void","0","2","2","3","579","579","100","-17","0","30","0","5","2","0","push","low_force","59","0","209","129","182","24","229","118","188","0","0","0","0","20","0","0","0","0","0","0","0","0","0",""
"5","duel_participant","duel","153","77","user:void","void","1","","bot:/botfiles/mediumds.jkb","1","2","2","3","322","230","8","57","9","5","0","3","2","0","unknown","low_force","29","0","154","60","79","0","0","0","0","0","0","0","0","0","322","0","0","0","0","0","0","0","0",""
"5","duel_participant","duel","154","77","bot:/botfiles/mediumds.jkb","Saboteur","0","","user:void","0","2","2","3","361","346","100","-11","0","9","1","5","0","0","drain","low_force","15","0","195","108","43","0","210","25","126","0","0","0","0","0","0","0","0","0","0","0","0","0","0",""
"5","duel_participant","duel","155","78","bot:/botfiles/mediumds.jkb","Cultist","0","","user:void","1","2","2","3","287","217","30","100","69","19","0","1","0","0","pull","low_force","4","0","195","88","0","65","222","0","0","0","0","0","0","0","0","0","0","0","0","0","0","0","0",""
"5","duel_participant","duel","156","78","user:void","void","1","","bot:/botfiles/mediumds.jkb","0","2","2","3","190","179","100","-9","0","0","0","5","1","0","unknown","saber_throw","0","0","75","0","115","0","0","0","0","0","0","0","0","0","190","0","0","0","0","0","0","0","0",""
"5","duel_participant","duel","157","79","user:void","void","1","","bot:/botfiles/mediumds.jkb","1","2","2","3","478","378","0","96","69","29","0","1","0","0","seeing","low_force","92","0","118","244","24","0","0","0","0","0","0","0","0","0","478","0","0","0","0","0","0","0","0",""
"5","duel_participant","duel","158","79","bot:/botfiles/mediumds.jkb","Cultist","0","","user:void","0","2","2","3","450","399","100","-2","0","12","0","7","3","0","pull","low_force","10","0","240","95","105","56","69","25","300","0","0","0","0","0","0","0","0","0","0","0","0","0","0",""
"5","duel_participant","duel","159","80","user:void","void","1","","bot:/botfiles/mediumds.jkb","1","2","2","3","395","316","21","72","9","10","0","3","2","0","unknown","low_force","63","0","112","112","108","0","0","0","0","0","0","0","0","0","395","0","0","0","0","0","0","0","0",""
"5","duel_participant","duel","160","80","bot:/botfiles/mediumds.jkb","Cultist","0","","user:void","0","2","2","3","352","311","100","-10","0","23","0","3","2","0","pull","low_force","40","0","132","160","20","38","132","4","178","0","0","0","0","0","0","0","0","0","0","0","0","0","0",""
"5","duel_participant","duel","161","81","user:void","void","1","","bot:/botfiles/hardds2.jkb","1","2","2","3","915","815","0","32","95","72","0","0","2","0","seeing","low_force","110","0","122","592","91","0","0","0","0","0","0","0","0","0","915","0","0","0","0","0","0","0","0",""
"5","duel_participant","duel","162","81","bot:/botfiles/hardds2.jkb","Skryptr","0","","user:void","0","2","2","3","921","858","100","-6","0","47","1","5","0","0","unknown","low_force","39","0","114","401","367","19","409","5","488","0","0","0","0","0","0","0","0","0","0","0","0","0","0",""
"5","duel_participant","duel","163","82","user:void","void","1","","bot:/botfiles/hardds2.jkb","1","2","2","3","246","216","70","96","68","1","0","1","0","0","seeing","low_force","40","53","86","6","61","0","0","0","0","0","0","0","0","0","246","0","0","0","0","0","0","0","0",""
"5","duel_participant","duel","164","82","bot:/botfiles/hardds2.jkb","Skryptr","0","","user:void","0","2","2","3","234","153","100","-20","0","14","0","3","0","0","pull","low_force","0","0","169","65","0","0","24","0","210","0","0","0","0","0","0","0","0","0","0","0","0","0","0",""
"5","duel_participant","duel","165","83","user:void","void","1","","bot:/botfiles/hardds2.jkb","1","2","2","3","0","0","100","100","99","0","0","0","0","0","","linear_entries","0","0","0","0","0","0","0","0","0","0","0","0","0","0","0","0","0","0","0","0","0","0","0",""
"5","duel_participant","duel","166","83","bot:/botfiles/hardds2.jkb","Skryptr","0","","user:void","0","2","2","3","0","0","100","-21","0","0","0","0","0","0","","linear_entries","0","0","0","0","0","0","0","0","0","0","0","0","0","0","0","0","0","0","0","0","0","0","0",""
"5","duel_participant","duel","167","84","user:void","void","1","","bot:/botfiles/hardds2.jkb","1","2","2","3","0","0","100","100","98","0","0","0","0","0","","linear_entries","0","0","0","0","0","0","0","0","0","0","0","0","0","0","0","0","0","0","0","0","0","0","0",""
"5","duel_participant","duel","168","84","bot:/botfiles/hardds2.jkb","Skryptr","0","","user:void","0","2","2","3","0","0","100","-32","0","0","0","0","0","0","","linear_entries","0","0","0","0","0","0","0","0","0","0","0","0","0","0","0","0","0","0","0","0","0","0","0",""
"5","duel_participant","duel","169","85","user:void","void","1","","bot:/botfiles/hardds2.jkb","1","2","2","3","0","0","100","100","98","0","0","0","0","0","","linear_entries","0","0","0","0","0","0","0","0","0","0","0","0","0","0","0","0","0","0","0","0","0","0","0",""
"5","duel_participant","duel","170","85","bot:/botfiles/hardds2.jkb","Skryptr","0","","user:void","0","2","2","3","0","0","100","-11","0","0","0","0","0","0","","linear_entries","0","0","0","0","0","0","0","0","0","0","0","0","0","0","0","0","0","0","0","0","0","0","0",""
"5","duel_participant","duel","171","86","user:void","void","1","","bot:/botfiles/hardds2.jkb","1","2","2","3","25","25","100","100","94","0","0","0","0","0","seeing","late_defense","0","0","25","0","0","0","0","0","0","0","0","0","0","0","25","0","0","0","0","0","0","0","0",""
"5","duel_participant","duel","172","86","bot:/botfiles/hardds2.jkb","Skryptr","0","","user:void","0","2","2","3","0","0","100","-4","0","0","0","0","0","0","","linear_entries","0","0","0","0","0","0","0","0","0","0","0","0","0","0","0","0","0","0","0","0","0","0","0",""
"5","duel_participant","duel","173","87","user:void","void","1","","bot:/botfiles/hardds2.jkb","1","2","2","3","0","0","100","100","99","0","0","0","0","0","","linear_entries","0","0","0","0","0","0","0","0","0","0","0","0","0","0","0","0","0","0","0","0","0","0","0",""
"5","duel_participant","duel","174","87","bot:/botfiles/hardds2.jkb","Skryptr","0","","user:void","0","2","2","3","0","0","100","-12","0","0","0","0","0","0","","linear_entries","0","0","0","0","0","0","0","0","0","0","0","0","0","0","0","0","0","0","0","0","0","0","0",""
"5","duel_participant","duel","175","88","user:void","void","1","","bot:/botfiles/hardds2.jkb","1","2","2","3","95","58","63","100","99","0","0","0","0","0","seeing","forced_entries","0","0","67","0","28","0","0","0","0","0","0","0","0","0","95","0","0","0","0","0","0","0","0",""
"5","duel_participant","duel","176","88","bot:/botfiles/hardds2.jkb","Skryptr","0","","user:void","0","2","2","3","40","40","100","-16","99","0","1","0","1","0","pull","low_force","0","0","0","40","0","0","40","0","0","0","0","0","0","0","0","0","0","0","0","0","0","0","0",""
"5","duel_participant","duel","177","89","user:void","void","1","","bot:/botfiles/hardds2.jkb","1","2","2","3","364","283","19","68","70","18","0","1","2","0","unknown","low_force","0","0","118","192","54","0","0","0","0","0","0","0","0","0","364","0","0","0","0","0","0","0","0",""
"5","duel_participant","duel","178","89","bot:/botfiles/hardds2.jkb","Skryptr","0","","user:void","0","2","2","3","485","416","100","-4","0","14","0","6","1","0","push","low_force","20","5","59","223","178","99","256","5","125","0","0","0","0","0","0","0","0","0","0","0","0","0","0",""
"5","duel_participant","duel","179","90","user:void","void","1","","bot:/botfiles/hardds2.jkb","1","2","2","3","163","63","0","100","99","9","0","0","0","0","seeing","low_force","0","0","110","53","0","0","0","0","0","0","0","0","0","0","163","0","0","0","0","0","0","0","0",""
"5","duel_participant","duel","180","90","bot:/botfiles/hardds2.jkb","Skryptr","0","","user:void","0","2","2","3","164","79","100","-10","0","2","0","2","0","0","unknown","low_force","0","0","80","25","59","0","39","0","125","0","0","0","0","0","0","0","0","0","0","0","0","0","0",""
"5","duel_participant","duel","181","91","bot:/botfiles/hardds2.jkb","Skryptr","0","","user:void","1","2","2","3","467","371","4","100","37","35","0","1","0","0","drain","low_force","70","0","257","136","4","25","104","173","165","0","0","0","0","0","0","0","0","0","0","0","0","0","0",""
"5","duel_participant","duel","182","91","user:void","void","1","","bot:/botfiles/hardds2.jkb","0","2","2","3","379","379","100","-8","8","5","2","3","0","0","seeing","low_force","53","0","147","53","126","0","0","0","0","0","0","0","0","0","379","0","0","0","0","0","0","0","0",""
"5","duel_participant","duel","183","92","bot:/botfiles/hardds2.jkb","Skryptr","0","","user:void","1","2","2","3","708","655","47","23","0","17","2","3","0","0","grip","low_force","177","5","208","146","172","38","322","134","214","0","0","0","0","0","0","0","0","0","0","0","0","0","0",""
"5","duel_participant","duel","184","92","user:void","void","1","","bot:/botfiles/hardds2.jkb","0","2","2","3","503","503","100","-13","9","23","1","4","5","0","unknown","low_force","175","30","120","150","28","0","0","0","0","0","0","0","0","0","503","0","0","0","0","0","0","0","0",""
"5","duel_participant","duel","185","93","user:void","void","1","","bot:/botfiles/hardds2.jkb","1","2","2","3","402","305","3","12","66","40","0","1","2","0","seeing","low_force","104","20","0","273","5","0","0","0","0","0","0","0","0","0","402","0","0","0","0","0","0","0","0",""
"5","duel_participant","duel","186","93","bot:/botfiles/hardds2.jkb","Skryptr","0","","user:void","0","2","2","3","550","512","100","-24","0","10","0","7","1","0","pull","low_force","38","0","66","185","261","19","322","5","204","0","0","0","0","0","0","0","0","0","0","0","0","0","0",""
"5","duel_participant","duel","187","94","bot:/botfiles/hardds2.jkb","Skryptr","0","","user:void","1","2","2","3","357","272","15","100","30","37","1","0","0","0","drain","low_force","127","0","77","106","47","24","50","174","109","0","0","0","0","0","0","0","0","0","0","0","0","0","0",""
"5","duel_participant","duel","188","94","user:void","void","1","","bot:/botfiles/hardds2.jkb","0","2","2","3","390","390","100","-19","68","14","2","1","3","0","seeing","low_force","109","0","38","143","100","0","0","0","0","0","0","0","0","0","390","0","0","0","0","0","0","0","0",""
"5","duel_participant","duel","189","95","user:void","void","1","","bot:/botfiles/hardds2.jkb","1","2","2","3","189","144","55","80","99","7","0","0","0","0","seeing","low_force","60","20","0","43","66","0","0","0","0","0","0","0","0","0","189","0","0","0","0","0","0","0","0",""
"5","duel_participant","duel","190","95","bot:/botfiles/hardds2.jkb","Skryptr","0","","user:void","0","2","2","3","134","68","100","-1","0","3","0","3","0","0","pull","low_force","0","0","44","65","25","20","64","0","50","0","0","0","0","0","0","0","0","0","0","0","0","0","0",""
"5","duel_participant","duel","191","96","user:void","void","1","","bot:/botfiles/hardds2.jkb","1","2","2","3","988","919","31","61","0","50","0","8","5","0","seeing","low_force","57","0","459","315","157","0","0","0","0","0","0","0","0","0","988","0","0","0","0","0","0","0","0",""
"5","duel_participant","duel","192","96","bot:/botfiles/hardds2.jkb","Skryptr","0","","user:void","0","2","2","3","1305","1289","100","-12","0","43","2","6","5","0","push","low_force","236","5","317","321","426","234","593","5","473","0","0","0","0","0","0","0","0","0","0","0","0","0","0",""
"5","duel_participant","duel","193","97","user:void","void","1","","bot:/botfiles/hardds2.jkb","1","2","2","3","422","322","0","80","7","14","0","3","0","0","seeing","low_force","82","10","110","113","107","0","0","0","0","0","0","0","0","0","422","0","0","0","0","0","0","0","0",""
"5","duel_participant","duel","194","97","bot:/botfiles/hardds2.jkb","Skryptr","0","","user:void","0","2","2","3","379","322","100","-6","0","12","1","6","1","0","unknown","low_force","0","0","214","105","60","24","220","0","135","0","0","0","0","0","0","0","0","0","0","0","0","0","0",""
"5","duel_participant","duel","195","98","user:void","void","1","","bot:/botfiles/hardds2.jkb","1","2","2","3","274","174","0","100","40","10","0","2","0","0","unknown","low_force","104","0","0","98","72","0","0","0","0","0","0","0","0","0","274","0","0","0","0","0","0","0","0",""
"5","duel_participant","duel","196","98","bot:/botfiles/hardds2.jkb","Skryptr","0","","user:void","0","2","2","3","268","268","100","-13","0","17","0","6","0","0","pull","low_force","4","0","139","120","5","0","128","0","140","0","0","0","0","0","0","0","0","0","0","0","0","0","0",""
"5","duel_participant","duel","197","99","user:void","void","1","","bot:/botfiles/hardds2.jkb","1","2","2","3","1347","1313","66","70","34","43","4","4","5","0","unknown","low_force","255","67","155","468","402","0","0","0","0","0","0","0","0","0","1347","0","0","0","0","0","0","0","0",""
"5","duel_participant","duel","198","99","bot:/botfiles/hardds2.jkb","Skryptr","0","","user:void","0","2","2","3","1384","1334","100","-6","0","106","0","4","3","0","pull","low_force","46","0","635","493","210","89","359","234","702","0","0","0","0","0","0","0","0","0","0","0","0","0","0",""
"5","duel_participant","duel","199","100","user:void","void","1","","bot:/botfiles/hardds2.jkb","1","2","2","3","1062","976","14","56","7","35","2","5","3","0","seeing","low_force","152","67","224","337","282","0","0","0","0","0","0","0","0","0","1062","0","0","0","0","0","0","0","0",""
"5","duel_participant","duel","200","100","bot:/botfiles/hardds2.jkb","Skryptr","0","","user:void","0","2","2","3","1052","994","100","-4","0","57","1","4","4","0","unknown","low_force","247","0","345","356","104","100","249","212","491","0","0","0","0","0","0","0","0","0","0","0","0","0","0",""
"5","duel_participant","duel","201","101","user:void","void","1","","bot:/botfiles/hardds2.jkb","1","2","2","3","97","39","42","80","70","0","0","1","1","0","seeing","forced_entries","31","0","35","0","31","0","0","0","0","0","0","0","0","0","97","0","0","0","0","0","0","0","0",""
"5","duel_participant","duel","202","101","bot:/botfiles/hardds2.jkb","Skryptr","0","","user:void","0","2","2","3","45","45","100","-8","99","0","1","0","1","0","drain","forced_entries","5","0","40","0","0","0","20","0","25","0","0","0","0","0","0","0","0","0","0","0","0","0","0",""
"5","duel_participant","duel","203","102","user:void","void","1","","bot:/botfiles/hardds2.jkb","1","2","2","3","338","257","19","60","37","11","0","3","0","0","seeing","low_force","34","66","86","75","77","0","0","0","0","0","0","0","0","0","338","0","0","0","0","0","0","0","0",""
"5","duel_participant","duel","204","102","bot:/botfiles/hardds2.jkb","Skryptr","0","","user:void","0","2","2","3","376","315","100","-13","0","19","0","5","2","0","drain","low_force","0","0","162","194","20","62","148","0","166","0","0","0","0","0","0","0","0","0","0","0","0","0","0",""
"5","duel_participant","duel","205","103","bot:/botfiles/hardds2.jkb","Skryptr","0","","user:void","1","2","2","3","491","398","7","100","0","17","0","5","2","0","drain","low_force","108","0","171","118","94","55","107","86","243","0","0","0","0","0","0","0","0","0","0","0","0","0","0",""
"5","duel_participant","duel","206","103","user:void","void","1","","bot:/botfiles/hardds2.jkb","0","2","2","3","436","436","100","-2","70","19","2","1","1","0","unknown","low_force","139","19","86","182","10","0","0","0","0","0","0","0","0","0","436","0","0","0","0","0","0","0","0",""
"5","duel_participant","duel","207","104","bot:/botfiles/hardds2.jkb","Skryptr","0","","user:void","1","2","2","3","305","234","29","98","94","0","1","0","1","0","pull","late_defense","24","0","263","0","18","72","149","84","0","0","0","0","0","0","0","0","0","0","0","0","0","0","0",""
"5","duel_participant","duel","208","104","user:void","void","1","","bot:/botfiles/hardds2.jkb","0","2","2","3","37","37","100","-26","10","0","1","3","2","0","seeing","saber_throw","31","0","6","0","0","0","0","0","0","0","0","0","0","0","37","0","0","0","0","0","0","0","0",""
"5","duel_participant","duel","209","105","bot:/botfiles/mediumds.jkb","Alora","0","","iphash:4cdd29ac","1","2","2","3","189","92","3","98","35","22","1","0","1","0","seeing","low_force","104","0","55","30","0","38","20","106","0","0","0","0","0","0","25","0","0","0","0","0","0","0","0",""
"5","duel_participant","duel","210","105","iphash:4cdd29ac","^0-=^3'/^7o^3!^0d^0=-^6","2","","bot:/botfiles/mediumds.jkb","0","2","2","3","133","133","100","0","38","1","1","3","1","0","unknown","low_force","35","0","93","5","0","0","0","0","0","0","0","0","0","0","133","0","0","0","0","0","0","0","0",""
"5","duel_participant","duel","211","106","iphash:4cdd29ac","^0-=^3'/^7o^3!^0d^0=-^6","2","","bot:/botfiles/mediumds.jkb","1","2","2","3","1068","981","7","100","40","33","2","2","2","0","unknown","low_force","179","5","266","275","343","0","0","0","0","0","0","0","0","0","1068","0","0","0","0","0","0","0","0",""
"5","duel_participant","duel","212","106","bot:/botfiles/mediumds.jkb","Alora","0","","iphash:4cdd29ac","0","2","2","3","1010","1010","100","-8","37","57","0","1","3","0","grip","low_force","258","12","299","367","74","188","313","144","365","0","0","0","0","0","0","0","0","0","0","0","0","0","0",""
"5","duel_participant","duel","213","107","bot:/botfiles/mediumds.jkb","Alora","0","","iphash:4cdd29ac","1","2","2","3","721","638","17","100","57","14","1","1","2","0","pull","low_force","161","0","272","136","152","55","425","116","125","0","0","0","0","0","0","0","0","0","0","0","0","0","0",""
"5","duel_participant","duel","214","107","iphash:4cdd29ac","^0-=^3'/^7o^3!^0d^0=-^6","2","","bot:/botfiles/mediumds.jkb","0","2","2","3","473","473","100","-11","0","13","2","5","0","0","seeing","low_force","66","0","283","64","60","0","0","0","0","0","0","0","0","0","473","0","0","0","0","0","0","0","0",""
"5","duel_participant","duel","215","108","bot:/botfiles/mediumds.jkb","Alora","0","","iphash:4cdd29ac","1","2","2","3","147","59","12","100","100","9","0","0","0","0","pull","low_force","38","0","61","25","23","0","62","59","26","0","0","0","0","0","0","0","0","0","0","0","0","0","0",""
"5","duel_participant","duel","216","108","iphash:4cdd29ac","^0-=^3'/^7o^3!^0d^0=-^6","2","","bot:/botfiles/mediumds.jkb","0","2","2","3","128","128","100","-1","68","0","1","3","1","0","seeing","saber_throw","0","0","94","15","19","0","0","0","0","0","0","0","0","0","128","0","0","0","0","0","0","0","0",""
"5","duel_participant","duel","217","109","iphash:4cdd29ac","^0-=^3'/^7o^3!^0d^0=-^6","2","","bot:/botfiles/mediumds.jkb","1","2","2","3","756","715","53","18","40","16","2","2","2","0","unknown","low_force","76","0","268","274","138","0","0","0","0","0","0","0","0","0","756","0","0","0","0","0","0","0","0",""
"5","duel_participant","duel","218","109","bot:/botfiles/mediumds.jkb","Alora","0","","iphash:4cdd29ac","0","2","2","3","533","433","100","-5","0","33","0","5","0","0","pull","low_force","122","0","148","170","93","36","112","134","161","0","0","0","0","90","0","0","0","0","0","0","0","0","0",""
"5","duel_participant","duel","219","110","iphash:4cdd29ac","^0-=^3'/^7o^3!^0d^0=-^6","2","","bot:/botfiles/mediumds.jkb","1","2","2","3","901","826","19","52","8","32","2","3","4","0","unknown","low_force","166","0","286","265","184","0","0","0","0","0","0","0","0","0","901","0","0","0","0","0","0","0","0",""
"5","duel_participant","duel","220","110","bot:/botfiles/mediumds.jkb","Alora","0","","iphash:4cdd29ac","0","2","2","3","1019","1019","100","-2","0","52","1","4","0","0","speed","low_force","165","29","308","353","164","0","406","241","347","0","0","0","0","25","0","0","0","0","0","0","0","0","0",""
"5","duel_participant","duel","221","111","user:void","void","1","","user:goon","1","2","2","3","612","514","2","37","0","24","0","4","0","0","seeing","low_force","25","0","199","268","120","0","0","0","0","0","0","0","0","0","612","0","0","0","0","0","0","0","0",""
"5","duel_participant","duel","222","111","user:goon","goon","1","","user:void","0","2","2","3","585","553","100","-12","0","17","0","3","1","0","seeing","low_force","86","0","114","129","256","0","0","0","0","0","0","0","0","0","585","0","0","0","0","0","0","0","0",""
"5","duel_participant","duel","223","112","user:goon","goon","1","","user:void","1","2","2","3","359","319","54","80","40","0","1","2","0","0","seeing","late_defense","138","97","124","0","0","0","0","0","0","0","0","0","0","0","359","0","0","0","0","0","0","0","0",""
"5","duel_participant","duel","224","112","user:void","void","1","","user:goon","0","2","2","3","351","289","100","-2","0","0","1","3","2","0","seeing","saber_throw","97","15","239","0","0","0","0","0","0","0","0","0","0","0","351","0","0","0","0","0","0","0","0",""
"5","duel_participant","duel","225","113","user:void","void","1","","user:goon","1","2","2","3","754","660","6","74","7","31","1","4","2","0","unknown","low_force","46","0","366","294","48","0","0","0","0","0","0","0","0","0","754","0","0","0","0","0","0","0","0",""
"5","duel_participant","duel","226","113","user:goon","goon","1","","user:void","0","2","2","3","805","786","100","-19","0","13","2","8","2","0","seeing","low_force","158","37","245","105","260","0","0","0","0","0","0","0","0","0","805","0","0","0","0","0","0","0","0",""
"5","duel_participant","duel","227","114","user:goon","goon","1","","user:void","1","2","2","3","189","179","84","80","8","0","0","4","1","0","seeing","saber_throw","0","0","164","0","25","0","0","0","0","0","0","0","0","0","189","0","0","0","0","0","0","0","0",""
"5","duel_participant","duel","228","114","user:void","void","1","","user:goon","0","2","2","3","171","161","100","-8","60","1","4","1","1","0","unknown","grip_control","59","0","84","28","0","0","0","0","0","0","0","0","0","0","171","0","0","0","0","0","0","0","0",""
"5","duel_participant","duel","229","115","user:goon","goon","1","","user:void","1","2","2","3","909","857","42","27","0","17","1","5","1","0","seeing","low_force","247","29","391","105","137","0","0","0","0","0","0","0","0","0","909","0","0","0","0","0","0","0","0",""
"5","duel_participant","duel","230","115","user:void","void","1","","user:goon","0","2","2","3","702","653","100","-16","0","7","2","8","2","0","unknown","low_force","124","0","315","150","113","0","0","0","0","0","0","0","0","0","702","0","0","0","0","0","0","0","0",""
"5","duel_participant","duel","231","116","user:goon","goon","1","","user:void","1","2","2","3","374","305","25","22","0","15","0","4","1","0","seeing","low_force","52","0","91","131","100","0","0","0","0","0","0","0","0","0","374","0","0","0","0","0","0","0","0",""
"5","duel_participant","duel","232","116","user:void","void","1","","user:goon","0","2","2","3","283","217","100","0","0","12","0","6","2","0","unknown","low_force","0","0","138","76","69","0","0","0","0","0","0","0","0","0","283","0","0","0","0","0","0","0","0",""
"5","duel_participant","duel","233","117","user:goon","goon","1","","user:void","1","2","2","3","282","203","15","80","70","12","1","1","1","0","seeing","low_force","44","0","172","66","0","0","0","0","0","0","0","0","0","0","282","0","0","0","0","0","0","0","0",""
"5","duel_participant","duel","234","117","user:void","void","1","","user:goon","0","2","2","3","248","182","100","-5","0","1","3","4","1","0","seeing","low_force","31","0","162","20","35","0","0","0","0","0","0","0","0","0","248","0","0","0","0","0","0","0","0",""
"5","duel_participant","duel","235","118","user:void","void","1","","user:goon","1","2","2","3","945","892","47","14","69","45","1","1","0","0","seeing","low_force","128","8","321","445","43","0","0","0","0","0","0","0","0","0","945","0","0","0","0","0","0","0","0",""
"5","duel_participant","duel","236","118","user:goon","goon","1","","user:void","0","2","2","3","921","881","100","-15","0","16","1","8","4","0","seeing","low_force","43","0","330","108","440","0","0","0","0","0","0","0","0","0","921","0","0","0","0","0","0","0","0",""
"5","duel_participant","duel","237","119","user:void","void","1","","user:goon","1","2","2","3","1493","1397","4","76","26","44","3","2","3","0","seeing","low_force","316","22","444","436","275","0","0","0","0","0","0","0","0","0","1493","0","0","0","0","0","0","0","0",""
"5","duel_participant","duel","238","119","user:goon","goon","1","","user:void","0","2","2","3","1478","1478","100","0","0","53","1","9","4","0","seeing","low_force","291","37","473","373","304","0","0","0","0","0","0","0","0","0","1478","0","0","0","0","0","0","0","0",""
"5","duel_participant","duel","239","120","user:void","void","1","","user:goon","1","2","2","3","210","110","0","60","30","2","0","1","1","0","unknown","low_force","33","0","150","27","0","0","0","0","0","0","0","0","0","0","210","0","0","0","0","0","0","0","0",""
"5","duel_participant","duel","240","120","user:goon","goon","1","","user:void","0","2","2","3","212","172","100","-1","0","0","0","5","0","0","seeing","saber_throw","83","10","76","18","25","0","0","0","0","0","0","0","0","0","212","0","0","0","0","0","0","0","0",""
"5","duel_participant","duel","241","121","user:void","void","1","","user:goon","1","2","2","3","1058","958","0","40","0","47","2","4","3","0","seeing","low_force","87","0","505","433","33","0","0","0","0","0","0","0","0","0","1058","0","0","0","0","0","0","0","0",""
"5","duel_participant","duel","242","121","user:goon","goon","1","","user:void","0","2","2","3","1208","1208","100","-29","0","11","0","6","2","0","seeing","low_force","376","81","162","195","394","0","0","0","0","0","0","0","0","0","1208","0","0","0","0","0","0","0","0",""
"5","duel_participant","duel","243","122","user:void","void","1","","user:goon","1","2","2","3","998","906","8","79","0","31","2","9","2","0","unknown","low_force","41","0","511","296","150","0","0","0","0","0","0","0","0","0","998","0","0","0","0","0","0","0","0",""
"5","duel_participant","duel","244","122","user:goon","goon","1","","user:void","0","2","2","3","1245","1245","100","-25","0","34","1","5","1","0","seeing","low_force","364","13","375","272","221","0","0","0","0","0","0","0","0","0","1245","0","0","0","0","0","0","0","0",""
"5","duel_participant","duel","245","123","user:void","void","1","","user:goon","1","2","2","3","638","538","0","69","0","13","0","4","0","0","unknown","low_force","133","0","325","144","36","0","0","0","0","0","0","0","0","0","638","0","0","0","0","0","0","0","0",""
"5","duel_participant","duel","246","123","user:goon","goon","1","","user:void","0","2","2","3","668","642","100","-1","0","4","1","4","3","0","seeing","low_force","183","43","288","83","71","0","0","0","0","0","0","0","0","0","668","0","0","0","0","0","0","0","0",""
"5","duel_participant","duel","247","124","user:goon","goon","1","","user:void","1","2","2","3","1418","1353","35","76","0","26","0","10","1","0","seeing","low_force","152","0","345","336","585","0","0","0","0","0","0","0","0","0","1418","0","0","0","0","0","0","0","0",""
"5","duel_participant","duel","248","124","user:void","void","1","","user:goon","0","2","2","3","1381","1361","100","-16","37","68","5","3","2","0","unknown","low_force","221","46","200","777","137","0","0","0","0","0","0","0","0","0","1381","0","0","0","0","0","0","0","0",""
"5","duel_participant","duel","249","125","user:goon","goon","1","","user:void","1","2","2","3","966","888","22","15","0","8","0","9","1","0","seeing","low_force","240","0","257","175","294","0","0","0","0","0","0","0","0","0","966","0","0","0","0","0","0","0","0",""
"5","duel_participant","duel","250","125","user:void","void","1","","user:goon","0","2","2","3","880","880","100","-12","0","43","0","5","1","0","unknown","low_force","127","0","428","305","20","0","0","0","0","0","0","0","0","0","880","0","0","0","0","0","0","0","0",""
"5","duel_participant","duel","251","126","user:goon","goon","1","","user:void","1","2","2","3","266","247","75","80","10","4","0","3","0","0","seeing","low_force","30","0","190","38","8","0","0","0","0","0","0","0","0","0","266","0","0","0","0","0","0","0","0",""
"5","duel_participant","duel","252","126","user:void","void","1","","user:goon","0","2","2","3","314","243","100","-11","39","2","3","3","2","0","unknown","low_force","69","19","146","80","0","0","0","0","0","0","0","0","0","0","314","0","0","0","0","0","0","0","0",""
"5","duel_participant","duel","253","127","user:void","void","1","","user:goon","1","2","2","3","383","304","21","98","9","8","3","2","0","0","unknown","low_force","174","0","80","124","5","0","0","0","0","0","0","0","0","0","383","0","0","0","0","0","0","0","0",""
"5","duel_participant","duel","254","127","user:goon","goon","1","","user:void","0","2","2","3","412","397","100","-21","0","5","0","6","4","0","seeing","low_force","105","0","160","147","0","0","0","0","0","0","0","0","0","0","412","0","0","0","0","0","0","0","0",""
"5","duel_participant","duel","255","128","user:goon","goon","1","","user:void","1","2","2","3","439","339","0","50","0","1","0","9","2","0","unknown","saber_throw","139","20","120","75","85","0","0","0","0","0","0","0","0","0","439","0","0","0","0","0","0","0","0",""
"5","duel_participant","duel","256","128","user:void","void","1","","user:goon","0","2","2","3","422","368","100","-5","0","12","1","1","0","0","seeing","low_force","43","0","283","76","20","0","0","0","0","0","0","0","0","0","422","0","0","0","0","0","0","0","0",""
"5","duel_participant","duel","257","129","user:void","void","1","","user:goon","1","2","2","3","678","613","29","74","0","10","2","4","2","0","seeing","low_force","104","0","359","82","133","0","0","0","0","0","0","0","0","0","678","0","0","0","0","0","0","0","0",""
"5","duel_participant","duel","258","129","user:goon","goon","1","","user:void","0","2","2","3","711","643","100","-1","0","24","0","6","1","0","seeing","low_force","195","76","162","186","92","0","0","0","0","0","0","0","0","0","711","0","0","0","0","0","0","0","0",""
"5","duel_participant","duel","259","130","user:void","void","1","","user:goon","1","2","2","3","564","564","82","6","0","11","3","1","2","0","unknown","low_force","47","0","212","150","155","0","0","0","0","0","0","0","0","0","564","0","0","0","0","0","0","0","0",""
"5","duel_participant","duel","260","130","user:goon","goon","1","","user:void","0","2","2","3","584","527","100","-7","0","23","0","7","0","0","seeing","low_force","86","45","163","142","148","0","0","0","0","0","0","0","0","0","584","0","0","0","0","0","0","0","0",""
"5","duel_participant","duel","261","131","user:goon","goon","1","","user:void","1","2","2","3","378","313","35","44","49","0","1","1","2","0","seeing","knockdown","85","20","173","0","100","0","0","0","0","0","0","0","0","0","378","0","0","0","0","0","0","0","0",""
"5","duel_participant","duel","262","131","user:void","void","1","","user:goon","0","2","2","3","372","359","100","0","67","21","4","1","2","0","seeing","low_force","37","0","166","169","0","0","0","0","0","0","0","0","0","0","372","0","0","0","0","0","0","0","0",""
"5","duel_participant","duel","263","132","user:void","void","1","","user:goon","1","2","2","3","457","367","10","58","0","8","1","0","0","0","seeing","low_force","162","39","130","48","78","0","0","0","0","0","0","0","0","0","457","0","0","0","0","0","0","0","0",""
"5","duel_participant","duel","264","132","user:goon","goon","1","","user:void","0","2","2","3","428","428","100","-4","0","3","0","8","2","0","seeing","low_force","10","0","288","130","0","0","0","0","0","0","0","0","0","0","428","0","0","0","0","0","0","0","0",""
"5","duel_participant","duel","265","133","user:void","void","1","","user:goon","1","2","2","3","494","415","15","16","37","9","1","5","1","0","unknown","low_force","114","0","257","123","0","0","0","0","0","0","0","0","0","0","494","0","0","0","0","0","0","0","0",""
"5","duel_participant","duel","266","133","user:goon","goon","1","","user:void","0","2","2","3","504","484","100","-2","0","0","1","5","1","0","seeing","saber_throw","199","0","212","23","70","0","0","0","0","0","0","0","0","0","504","0","0","0","0","0","0","0","0",""
"5","duel_participant","duel","267","134","user:void","void","1","","user:goon","1","2","2","3","913","822","9","92","10","31","0","3","3","0","unknown","low_force","227","25","330","245","86","0","0","0","0","0","0","0","0","0","913","0","0","0","0","0","0","0","0",""
"5","duel_participant","duel","268","134","user:goon","goon","1","","user:void","0","2","2","3","979","973","100","0","0","22","1","9","2","0","seeing","low_force","81","0","394","256","248","0","0","0","0","0","0","0","0","0","979","0","0","0","0","0","0","0","0",""
"5","duel_participant","duel","269","135","user:void","void","1","","user:goon","1","2","2","3","2529","2475","40","65","0","115","5","8","6","0","unknown","low_force","437","5","727","1034","326","0","0","0","0","0","0","0","0","0","2529","0","0","0","0","0","0","0","0",""
"5","duel_participant","duel","270","135","user:goon","goon","1","","user:void","0","2","2","3","2655","2652","100","-1","0","72","0","23","7","0","seeing","low_force","439","9","495","846","866","0","0","0","0","0","0","0","0","0","2655","0","0","0","0","0","0","0","0",""
"5","duel_participant","duel","271","136","bot:/botfiles/mediumds.jkb","Alora","0","","user:void","1","2","2","3","342","259","17","76","8","20","0","5","1","0","pull","low_force","24","0","107","128","83","18","185","59","80","0","0","0","0","0","0","0","0","0","0","0","0","0","0",""
"5","duel_participant","duel","272","136","user:void","void","1","","bot:/botfiles/mediumds.jkb","0","2","2","3","317","251","100","-6","100","18","1","0","0","0","seeing","low_force","30","10","98","136","43","0","0","0","0","0","0","0","0","0","317","0","0","0","0","0","0","0","0",""
"5","duel_participant","duel","273","137","user:void","void","1","","bot:/botfiles/mediumds.jkb","1","2","2","3","690","601","5","79","40","32","1","3","3","0","unknown","low_force","180","8","87","249","166","0","0","0","0","0","0","0","0","0","690","0","0","0","0","0","0","0","0",""
"5","duel_participant","duel","274","137","bot:/botfiles/mediumds.jkb","Alora","0","","user:void","0","2","2","3","788","736","100","-2","0","42","1","6","1","0","grip","low_force","29","0","264","333","162","94","213","111","292","0","0","0","0","78","0","0","0","0","0","0","0","0","0",""
"5","duel_participant","duel","275","138","user:void","void","1","","bot:/botfiles/mediumds.jkb","1","2","2","3","429","336","7","38","38","20","1","3","0","0","unknown","low_force","79","0","154","191","5","0","0","0","0","0","0","0","0","0","429","0","0","0","0","0","0","0","0",""
"5","duel_participant","duel","276","138","bot:/botfiles/mediumds.jkb","Alora","0","","user:void","0","2","2","3","552","492","100","-8","0","12","0","9","1","0","drain","low_force","174","5","110","193","70","38","218","56","240","0","0","0","0","0","0","0","0","0","0","0","0","0","0",""
"5","duel_participant","duel","277","139","user:void","void","1","","user:goon","1","2","2","3","276","238","62","100","9","0","1","4","0","0","seeing","saber_throw","173","39","0","0","64","0","0","0","0","0","0","0","0","0","276","0","0","0","0","0","0","0","0",""
"5","duel_participant","duel","278","139","user:goon","goon","1","","user:void","0","2","2","3","323","319","100","-29","0","2","1","5","0","0","seeing","late_defense","20","0","253","50","0","0","0","0","0","0","0","0","0","0","323","0","0","0","0","0","0","0","0",""
"5","duel_participant","duel","279","140","user:void","void","1","","user:goon","1","2","2","3","1166","1078","12","72","0","43","2","4","3","0","unknown","low_force","77","19","402","521","147","0","0","0","0","0","0","0","0","0","1166","0","0","0","0","0","0","0","0",""
"5","duel_participant","duel","280","140","user:goon","goon","1","","user:void","0","2","2","3","1039","1029","100","-4","0","31","0","14","3","0","seeing","low_force","147","15","257","255","365","0","0","0","0","0","0","0","0","0","1039","0","0","0","0","0","0","0","0",""
"5","duel_participant","duel","281","141","user:void","void","1","","bot:/botfiles/mediumds.jkb","1","2","2","3","0","0","100","80","100","0","0","0","1","0","","knockdown","0","0","0","0","0","0","0","0","0","0","0","0","0","0","0","0","0","0","0","0","0","0","0",""
"5","duel_participant","duel","282","141","bot:/botfiles/mediumds.jkb","Alora","0","","user:void","0","2","2","3","5","1","96","100","100","0","0","0","0","0","speed","linear_entries","5","0","0","0","0","0","0","0","0","0","0","0","0","5","0","0","0","0","0","0","0","0","0",""
"5","duel_participant","duel","283","142","user:void","void","1","","user:goon","1","2","2","3","1611","1529","18","77","0","35","2","5","5","0","unknown","low_force","300","0","548","438","325","0","0","0","0","0","0","0","0","0","1611","0","0","0","0","0","0","0","0",""
"5","duel_participant","duel","284","142","user:goon","goon","1","","user:void","0","2","2","3","1634","1605","100","-5","0","64","0","3","2","0","seeing","low_force","503","22","303","517","289","0","0","0","0","0","0","0","0","0","1634","0","0","0","0","0","0","0","0",""
"5","duel_participant","duel","285","143","user:void","void","1","","user:goon","1","2","2","3","238","148","10","98","68","3","3","1","0","0","seeing","low_force","95","0","88","45","10","0","0","0","0","0","0","0","0","0","238","0","0","0","0","0","0","0","0",""
"5","duel_participant","duel","286","143","user:goon","goon","1","","user:void","0","2","2","3","194","181","100","-6","0","1","0","4","2","0","seeing","low_force","0","0","155","39","0","0","0","0","0","0","0","0","0","0","194","0","0","0","0","0","0","0","0",""
"5","duel_participant","duel","287","144","user:void","void","1","","user:goon","1","2","2","3","1814","1737","23","52","0","63","4","6","3","0","seeing","low_force","386","49","385","625","369","0","0","0","0","0","0","0","0","0","1814","0","0","0","0","0","0","0","0",""
"5","duel_participant","duel","288","144","user:goon","goon","1","","user:void","0","2","2","3","1947","1857","100","-14","0","59","3","7","2","0","seeing","low_force","297","5","609","543","493","0","0","0","0","0","0","0","0","0","1947","0","0","0","0","0","0","0","0",""
"5","duel_participant","duel","289","145","user:goon","goon","1","","user:void","1","2","2","3","974","974","100","91","25","9","2","3","1","0","unknown","low_force","270","90","169","171","274","0","0","0","0","0","0","0","0","0","974","0","0","0","0","0","0","0","0",""
"5","duel_participant","duel","290","145","user:void","void","1","","user:goon","0","2","2","3","911","911","100","-3","0","58","1","4","3","0","seeing","low_force","8","0","488","384","31","0","0","0","0","0","0","0","0","0","911","0","0","0","0","0","0","0","0",""
"5","duel_participant","duel","291","146","user:void","void","1","","user:goon","1","2","2","3","542","445","3","80","10","11","0","3","1","0","seeing","low_force","131","90","58","117","146","0","0","0","0","0","0","0","0","0","542","0","0","0","0","0","0","0","0",""
"5","duel_participant","duel","292","146","user:goon","goon","1","","user:void","0","2","2","3","537","537","100","-8","0","20","0","7","1","0","seeing","low_force","0","0","354","174","9","0","0","0","0","0","0","0","0","0","537","0","0","0","0","0","0","0","0",""
"5","duel_participant","duel","293","147","user:void","void","1","","user:goon","1","2","2","3","1409","1317","8","36","0","34","1","6","4","0","seeing","low_force","221","0","860","260","68","0","0","0","0","0","0","0","0","0","1409","0","0","0","0","0","0","0","0",""
"5","duel_participant","duel","294","147","user:goon","goon","1","","user:void","0","2","2","3","1340","1332","100","-1","0","18","0","8","4","0","seeing","low_force","604","23","327","169","217","0","0","0","0","0","0","0","0","0","1340","0","0","0","0","0","0","0","0",""
"5","duel_participant","duel","295","148","user:void","void","1","","user:goon","1","2","2","3","1196","1100","4","42","36","50","4","1","2","0","seeing","low_force","394","90","136","543","33","0","0","0","0","0","0","0","0","0","1196","0","0","0","0","0","0","0","0",""
"5","duel_participant","duel","296","148","user:goon","goon","1","","user:void","0","2","2","3","1473","1383","100","-5","0","14","3","11","2","0","seeing","low_force","48","0","623","405","397","0","0","0","0","0","0","0","0","0","1473","0","0","0","0","0","0","0","0",""
"5","duel_participant","duel","297","149","user:void","void","1","","user:goon","1","2","2","3","1864","1799","29","40","0","67","5","11","5","0","seeing","low_force","292","0","494","919","159","0","0","0","0","0","0","0","0","0","1864","0","0","0","0","0","0","0","0",""
"5","duel_participant","duel","298","149","user:goon","goon","1","","user:void","0","2","2","3","1968","1901","100","-15","0","39","0","14","5","0","seeing","low_force","544","85","233","407","699","0","0","0","0","0","0","0","0","0","1968","0","0","0","0","0","0","0","0",""
"5","duel_participant","duel","299","150","user:void","void","1","","user:goon","1","2","2","3","820","733","7","62","9","45","1","6","3","0","unknown","low_force","46","0","178","340","256","0","0","0","0","0","0","0","0","0","820","0","0","0","0","0","0","0","0",""
"5","duel_participant","duel","300","150","user:goon","goon","1","","user:void","0","2","2","3","875","840","100","-8","0","42","0","11","2","0","seeing","low_force","15","0","176","397","287","0","0","0","0","0","0","0","0","0","875","0","0","0","0","0","0","0","0",""
"5","duel_participant","duel","301","151","user:void","void","1","","user:goon","1","2","2","3","707","618","11","64","34","31","5","2","0","0","seeing","low_force","38","20","226","398","25","0","0","0","0","0","0","0","0","0","707","0","0","0","0","0","0","0","0",""
"5","duel_participant","duel","302","151","user:goon","goon","1","","user:void","0","2","2","3","646","579","100","-5","0","8","0","5","1","0","seeing","low_force","0","0","242","77","327","0","0","0","0","0","0","0","0","0","646","0","0","0","0","0","0","0","0",""
"5","duel_participant","duel","303","152","user:goon","goon","1","","user:void","1","2","2","3","740","722","76","85","0","16","0","5","2","0","seeing","low_force","193","8","153","163","223","0","0","0","0","0","0","0","0","0","740","0","0","0","0","0","0","0","0",""
"5","duel_participant","duel","304","152","user:void","void","1","","user:goon","0","2","2","3","695","595","100","-5","0","19","3","4","3","0","unknown","low_force","77","0","324","205","89","0","0","0","0","0","0","0","0","0","695","0","0","0","0","0","0","0","0",""
"5","duel_participant","duel","305","153","user:void","void","1","","user:goon","1","2","2","3","572","482","10","84","0","17","1","2","1","0","seeing","low_force","155","0","188","229","0","0","0","0","0","0","0","0","0","0","572","0","0","0","0","0","0","0","0",""
"5","duel_participant","duel","306","153","user:goon","goon","1","","user:void","0","2","2","3","510","510","100","-1","0","1","0","8","1","0","seeing","low_force","141","0","127","133","109","0","0","0","0","0","0","0","0","0","510","0","0","0","0","0","0","0","0",""
"5","duel_participant","duel","307","154","user:void","void","1","","user:goon","1","2","2","3","133","59","20","70","39","7","1","4","1","0","seeing","low_force","28","0","91","7","7","0","0","0","0","0","0","0","0","0","133","0","0","0","0","0","0","0","0",""
"5","duel_participant","duel","308","154","user:goon","goon","1","","user:void","0","2","2","3","216","216","100","-8","100","0","1","0","0","0","seeing","late_defense","61","38","117","0","0","0","0","0","0","0","0","0","0","0","216","0","0","0","0","0","0","0","0",""
"5","duel_participant","duel","309","155","user:goon","goon","1","","user:void","1","2","2","3","681","667","80","91","0","13","0","3","0","0","seeing","low_force","92","62","236","116","175","0","0","0","0","0","0","0","0","0","681","0","0","0","0","0","0","0","0",""
"5","duel_participant","duel","310","155","user:void","void","1","","user:goon","0","2","2","3","648","589","100","-8","38","13","4","3","2","0","seeing","low_force","231","0","194","188","35","0","0","0","0","0","0","0","0","0","648","0","0","0","0","0","0","0","0",""
"5","duel_participant","duel","311","156","user:goon","goon","1","","user:void","1","2","2","3","712","712","100","81","0","15","0","5","3","0","seeing","low_force","81","30","216","81","304","0","0","0","0","0","0","0","0","0","712","0","0","0","0","0","0","0","0",""
"5","duel_participant","duel","312","156","user:void","void","1","","user:goon","0","2","2","3","644","636","100","-26","0","36","1","6","0","0","seeing","low_force","104","0","145","330","65","0","0","0","0","0","0","0","0","0","644","0","0","0","0","0","0","0","0",""
"5","duel_participant","duel","313","157","user:goon","goon","1","","user:void","1","2","2","3","548","504","50","39","0","1","0","7","0","0","seeing","saber_throw","141","24","81","30","272","0","0","0","0","0","0","0","0","0","548","0","0","0","0","0","0","0","0",""
"5","duel_participant","duel","314","157","user:void","void","1","","user:goon","0","2","2","3","510","445","100","-19","0","28","1","2","0","0","seeing","low_force","10","0","177","323","0","0","0","0","0","0","0","0","0","0","510","0","0","0","0","0","0","0","0",""
"5","duel_participant","duel","315","158","user:goon","goon","1","","user:void","1","2","2","3","2246","2163","11","55","0","61","3","4","4","0","seeing","low_force","696","0","339","546","665","0","0","0","0","0","0","0","0","0","2246","0","0","0","0","0","0","0","0",""
"5","duel_participant","duel","316","158","user:void","void","1","","user:goon","0","2","2","3","2070","2007","100","-16","0","92","1","4","6","0","seeing","low_force","376","50","502","767","375","0","0","0","0","0","0","0","0","0","2070","0","0","0","0","0","0","0","0",""
"5","duel_participant","duel","317","159","user:goon","goon","1","","user:void","1","2","2","3","626","562","30","74","0","7","1","7","3","0","seeing","low_force","299","23","135","44","125","0","0","0","0","0","0","0","0","0","626","0","0","0","0","0","0","0","0",""
"5","duel_participant","duel","318","159","user:void","void","1","","user:goon","0","2","2","3","711","630","100","-5","0","17","5","3","2","0","seeing","low_force","67","0","481","153","10","0","0","0","0","0","0","0","0","0","711","0","0","0","0","0","0","0","0",""
"5","duel_participant","duel","319","160","user:void","void","1","","user:goon","1","2","2","3","817","731","14","73","16","23","2","0","2","0","seeing","low_force","286","111","189","172","59","0","0","0","0","0","0","0","0","0","817","0","0","0","0","0","0","0","0",""
"5","duel_participant","duel","320","160","user:goon","goon","1","","user:void","0","2","2","3","834","798","100","-13","0","8","0","7","3","0","seeing","low_force","136","0","486","54","158","0","0","0","0","0","0","0","0","0","834","0","0","0","0","0","0","0","0",""
"5","duel_participant","duel","321","161","user:sugarkane","sugarkane","1","","user:void","1","2","2","3","72","72","100","37","0","0","0","0","0","0","seeing","linear_entries","26","0","0","0","46","0","0","0","0","0","0","0","0","0","72","0","0","0","0","0","0","0","0",""
"5","duel_participant","duel","322","161","user:void","void","1","","user:sugarkane","0","2","2","3","301","301","100","-34","0","0","0","0","0","0","seeing","low_force","12","0","36","253","0","0","0","0","0","0","0","0","0","0","301","0","0","0","0","0","0","0","0",""
"5","duel_participant","duel","323","162","user:sugarkane","sugarkane","1","","user:void","1","2","2","3","7","7","100","100","10","0","0","0","0","0","seeing","linear_entries","7","0","0","0","0","0","0","0","0","0","0","0","0","0","7","0","0","0","0","0","0","0","0",""
"5","duel_participant","duel","324","162","user:void","void","1","","user:sugarkane","0","2","2","3","63","63","100","-8","0","0","0","0","0","0","seeing","forced_entries","0","0","63","0","0","0","0","0","0","0","0","0","0","0","63","0","0","0","0","0","0","0","0",""
"5","duel_participant","duel","325","163","user:sugarkane","sugarkane","1","","user:void","1","2","2","3","22","22","100","10","0","0","0","0","0","0","seeing","low_force","0","0","0","22","0","0","0","0","0","0","0","0","0","0","22","0","0","0","0","0","0","0","0",""
"5","duel_participant","duel","326","163","user:void","void","1","","user:sugarkane","0","2","2","3","82","82","100","-34","0","0","0","0","0","0","seeing","linear_entries","18","0","0","0","64","0","0","0","0","0","0","0","0","0","82","0","0","0","0","0","0","0","0",""
"5","duel_participant","duel","327","164","user:void","void","1","","user:sugarkane","1","2","2","3","132","132","100","87","0","0","0","0","0","0","seeing","linear_entries","132","0","0","0","0","0","0","0","0","0","0","0","0","0","132","0","0","0","0","0","0","0","0",""
"5","duel_participant","duel","328","164","user:sugarkane","sugarkane","1","","user:void","0","2","2","3","87","87","100","-10","0","0","0","0","0","0","seeing","forced_entries","16","0","71","0","0","0","0","0","0","0","0","0","0","0","87","0","0","0","0","0","0","0","0",""
"5","duel_participant","duel","329","165","user:sugarkane","sugarkane","1","","user:void","1","2","2","3","41","41","100","100","20","0","0","0","0","0","seeing","linear_entries","41","0","0","0","0","0","0","0","0","0","0","0","0","0","41","0","0","0","0","0","0","0","0",""
"5","duel_participant","duel","330","165","user:void","void","1","","user:sugarkane","0","2","2","3","66","66","100","-18","0","0","0","0","0","0","seeing","forced_entries","0","0","66","0","0","0","0","0","0","0","0","0","0","0","66","0","0","0","0","0","0","0","0",""
"5","duel_participant","duel","331","166","user:sugarkane","sugarkane","1","","user:void","1","2","2","3","53","53","100","100","60","0","0","0","0","0","seeing","linear_entries","53","0","0","0","0","0","0","0","0","0","0","0","0","0","53","0","0","0","0","0","0","0","0",""
"5","duel_participant","duel","332","166","user:void","void","1","","user:sugarkane","0","2","2","3","34","34","100","-16","0","0","0","0","0","0","seeing","linear_entries","26","0","8","0","0","0","0","0","0","0","0","0","0","0","34","0","0","0","0","0","0","0","0",""
"5","duel_participant","duel","333","167","user:sugarkane","sugarkane","1","","user:void","1","2","2","3","41","41","100","100","10","0","0","0","0","0","seeing","linear_entries","41","0","0","0","0","0","0","0","0","0","0","0","0","0","41","0","0","0","0","0","0","0","0",""
"5","duel_participant","duel","334","167","user:void","void","1","","user:sugarkane","0","2","2","3","46","46","100","-27","0","0","0","0","0","0","seeing","forced_entries","0","0","46","0","0","0","0","0","0","0","0","0","0","0","46","0","0","0","0","0","0","0","0",""
"5","duel_participant","duel","335","168","user:void","void","1","","user:sugarkane","1","2","2","3","8","8","100","68","0","0","0","0","0","0","seeing","linear_entries","8","0","0","0","0","0","0","0","0","0","0","0","0","0","8","0","0","0","0","0","0","0","0",""
"5","duel_participant","duel","336","168","user:sugarkane","sugarkane","1","","user:void","0","2","2","3","30","30","100","-20","0","0","0","0","0","0","seeing","linear_entries","0","0","22","8","0","0","0","0","0","0","0","0","0","0","30","0","0","0","0","0","0","0","0",""
"5","duel_participant","duel","337","169","user:sugarkane","sugarkane","1","","user:void","1","2","2","3","40","40","100","100","39","0","0","0","0","0","seeing","linear_entries","15","0","25","0","0","0","0","0","0","0","0","0","0","0","40","0","0","0","0","0","0","0","0",""
"5","duel_participant","duel","338","169","user:void","void","1","","user:sugarkane","0","2","2","3","8","8","100","-10","0","0","0","0","0","0","seeing","linear_entries","8","0","0","0","0","0","0","0","0","0","0","0","0","0","8","0","0","0","0","0","0","0","0",""
"5","duel_participant","duel","339","170","user:void","void","1","","user:sugarkane","1","2","2","3","0","0","100","100","40","0","0","0","0","0","","linear_entries","0","0","0","0","0","0","0","0","0","0","0","0","0","0","0","0","0","0","0","0","0","0","0",""
"5","duel_participant","duel","340","170","user:sugarkane","sugarkane","1","","user:void","0","2","2","3","15","13","100","0","0","0","0","0","0","0","seeing","linear_entries","0","0","15","0","0","0","0","0","0","0","0","0","0","0","15","0","0","0","0","0","0","0","0",""
"5","duel_participant","duel","341","171","user:void","void","1","","user:sugarkane","1","2","2","3","0","0","100","100","18","0","0","0","0","0","","linear_entries","0","0","0","0","0","0","0","0","0","0","0","0","0","0","0","0","0","0","0","0","0","0","0",""
"5","duel_participant","duel","342","171","user:sugarkane","sugarkane","1","","user:void","0","2","2","3","8","8","100","-1","0","0","0","0","0","0","seeing","linear_entries","0","0","8","0","0","0","0","0","0","0","0","0","0","0","8","0","0","0","0","0","0","0","0",""
"5","duel_participant","duel","343","172","user:void","void","1","","user:sugarkane","1","2","2","3","24","24","100","51","0","0","0","0","0","0","seeing","linear_entries","8","0","16","0","0","0","0","0","0","0","0","0","0","0","24","0","0","0","0","0","0","0","0",""
"5","duel_participant","duel","344","172","user:sugarkane","sugarkane","1","","user:void","0","2","2","3","39","39","100","-20","0","0","0","0","0","0","seeing","linear_entries","39","0","0","0","0","0","0","0","0","0","0","0","0","0","39","0","0","0","0","0","0","0","0",""
"5","duel_participant","duel","345","173","iphash:5880f9c7","^7g ^0( ^7o ^0Y ^7o ^0) ^7n","2","","user:sugarkane","1","2","2","3","311","276","59","100","0","0","0","4","0","0","seeing","saber_throw","128","50","46","0","87","0","0","0","0","0","0","0","0","0","311","0","0","0","0","0","0","0","0",""
"5","duel_participant","duel","346","173","user:sugarkane","sugarkane","1","","iphash:5880f9c7","0","2","2","3","338","244","100","-6","0","13","1","3","1","0","seeing","low_force","78","0","174","86","0","0","0","0","0","0","0","0","0","0","338","0","0","0","0","0","0","0","0",""
"5","duel_participant","duel","347","174","iphash:5880f9c7","^7g ^0( ^7o ^0Y ^7o ^0) ^7n","2","","user:sugarkane","1","2","2","3","1389","1297","2","44","67","24","3","2","2","0","seeing","low_force","424","101","409","199","256","0","0","0","0","0","0","0","0","0","1389","0","0","0","0","0","0","0","0",""
"5","duel_participant","duel","348","174","user:sugarkane","sugarkane","1","","iphash:5880f9c7","0","2","2","3","1217","1131","100","-1","0","30","1","6","0","0","unknown","low_force","49","0","720","398","50","0","0","0","0","0","0","0","0","0","1217","0","0","0","0","0","0","0","0",""
"5","duel_participant","duel","349","175","iphash:5880f9c7","^7g ^0( ^7o ^0Y ^7o ^0) ^7n","2","","user:void","1","2","2","3","500","400","0","100","69","4","0","3","0","0","seeing","low_force","277","15","114","49","45","0","0","0","0","0","0","0","0","0","500","0","0","0","0","0","0","0","0",""
"5","duel_participant","duel","350","175","user:void","void","1","","iphash:5880f9c7","0","2","2","3","447","400","100","-1","0","1","0","5","1","0","seeing","saber_throw","30","0","334","58","25","0","0","0","0","0","0","0","0","0","447","0","0","0","0","0","0","0","0",""
"5","duel_participant","duel","351","176","user:sugarkane","sugarkane","1","","iphash:0cf8da7a","1","2","2","3","303","214","5","100","0","18","0","1","0","0","seeing","low_force","68","0","153","82","0","0","0","0","0","0","0","0","0","0","303","0","0","0","0","0","0","0","0",""
"5","duel_participant","duel","352","176","iphash:0cf8da7a","pasta masta","2","","user:sugarkane","0","2","2","3","179","179","100","-19","0","4","1","6","0","0","seeing","low_force","18","0","56","68","37","0","0","0","0","0","0","0","0","0","179","0","0","0","0","0","0","0","0",""
"5","duel_participant","duel","353","177","user:void","void","1","","iphash:5880f9c7","1","2","2","3","445","369","24","78","0","2","2","3","0","0","unknown","low_force","259","4","157","25","0","0","0","0","0","0","0","0","0","0","445","0","0","0","0","0","0","0","0",""
"5","duel_participant","duel","354","177","iphash:5880f9c7","^7g ^0( ^7o ^0Y ^7o ^0) ^7n","2","","user:void","0","2","2","3","462","402","100","-24","0","0","0","5","4","0","seeing","late_defense","105","0","298","35","24","0","0","0","0","0","0","0","0","0","462","0","0","0","0","0","0","0","0",""
"5","duel_participant","duel","355","178","user:void","void","1","","user:sugarkane","1","2","2","3","500","410","4","100","0","15","1","2","1","0","seeing","low_force","84","49","153","149","65","0","0","0","0","0","0","0","0","0","500","0","0","0","0","0","0","0","0",""
"5","duel_participant","duel","356","178","user:sugarkane","sugarkane","1","","user:void","0","2","2","3","466","395","100","0","9","15","0","2","2","0","seeing","low_force","140","19","116","179","12","0","0","0","0","0","0","0","0","0","466","0","0","0","0","0","0","0","0",""
"5","duel_participant","duel","357","179","user:sugarkane","sugarkane","1","","user:void","1","2","2","3","692","592","0","80","69","37","0","0","1","0","seeing","low_force","37","0","316","266","73","0","0","0","0","0","0","0","0","0","692","0","0","0","0","0","0","0","0",""
"5","duel_participant","duel","358","179","user:void","void","1","","user:sugarkane","0","2","2","3","501","469","100","-19","0","1","2","8","3","0","unknown","low_force","0","0","196","158","147","0","0","0","0","0","0","0","0","0","501","0","0","0","0","0","0","0","0",""
"5","duel_participant","duel","359","180","user:sugarkane","sugarkane","1","","user:void","1","2","2","3","1133","1040","7","56","38","62","3","2","1","0","seeing","low_force","221","39","327","432","114","0","0","0","0","0","0","0","0","0","1133","0","0","0","0","0","0","0","0",""
"5","duel_participant","duel","360","180","user:void","void","1","","user:sugarkane","0","2","2","3","1048","968","100","-11","0","36","3","4","2","0","seeing","low_force","121","0","308","302","317","0","0","0","0","0","0","0","0","0","1048","0","0","0","0","0","0","0","0",""
"5","duel_participant","duel","361","181","user:sugarkane","sugarkane","1","","user:void","1","2","2","3","69","0","25","100","100","0","0","0","0","0","seeing","low_force","0","0","65","0","4","0","0","0","0","0","0","0","0","0","69","0","0","0","0","0","0","0","0",""
"5","duel_participant","duel","362","181","user:void","void","1","","user:sugarkane","0","2","2","3","18","18","100","-8","100","0","1","0","1","0","seeing","grip_control","0","0","18","0","0","0","0","0","0","0","0","0","0","0","18","0","0","0","0","0","0","0","0",""
"5","duel_participant","duel","363","182","iphash:5880f9c7","^7g ^0( ^7o ^0Y ^7o ^0) ^7n","2","","user:sugarkane","1","2","2","3","1132","1051","19","51","0","33","1","9","3","0","seeing","low_force","235","81","424","198","194","0","0","0","0","0","0","0","0","0","1132","0","0","0","0","0","0","0","0",""
"5","duel_participant","duel","364","182","user:sugarkane","sugarkane","1","","iphash:5880f9c7","0","2","2","3","1025","950","100","-10","0","31","2","4","1","0","seeing","low_force","216","51","328","309","121","0","0","0","0","0","0","0","0","0","1025","0","0","0","0","0","0","0","0",""
"5","duel_participant","duel","365","183","user:void","void","1","","iphash:5880f9c7","1","2","2","3","1628","1536","8","75","0","32","1","6","4","0","seeing","low_force","310","6","820","324","168","0","0","0","0","0","0","0","0","0","1628","0","0","0","0","0","0","0","0",""
"5","duel_participant","duel","366","183","iphash:5880f9c7","^7g ^0( ^7o ^0Y ^7o ^0) ^7n","2","","user:void","0","2","2","3","1913","1863","100","-5","0","41","8","1","3","0","seeing","low_force","767","91","574","326","155","0","0","0","0","0","0","0","0","0","1913","0","0","0","0","0","0","0","0",""
"5","duel_participant","duel","367","184","iphash:5880f9c7","^7g ^0( ^7o ^0Y ^7o ^0) ^7n","2","","user:void","1","2","2","3","107","107","100","100","100","0","0","0","0","0","seeing","late_defense","79","0","28","0","0","0","0","0","0","0","0","0","0","0","107","0","0","0","0","0","0","0","0",""
"5","duel_participant","duel","368","184","user:void","void","1","","iphash:5880f9c7","0","2","2","3","14","14","100","-30","0","0","0","1","0","0","seeing","saber_throw","14","0","0","0","0","0","0","0","0","0","0","0","0","0","14","0","0","0","0","0","0","0","0",""
"5","duel_participant","duel","369","185","user:void","void","1","","bot:/botfiles/mediumds.jkb","1","2","2","3","609","518","9","4","40","34","1","3","2","0","unknown","low_force","98","25","154","233","99","0","0","0","0","0","0","0","0","0","609","0","0","0","0","0","0","0","0",""
"5","duel_participant","duel","370","185","bot:/botfiles/mediumds.jkb","Weequay","0","","user:void","0","2","2","3","714","696","100","-9","0","40","0","8","3","0","pull","low_force","79","0","200","317","118","55","347","88","224","0","0","0","0","0","0","0","0","0","0","0","0","0","0",""
"5","duel_participant","duel","371","186","user:void","void","1","","iphash:5880f9c7","1","2","2","3","131","60","23","80","100","0","1","1","0","0","seeing","low_force","58","0","0","0","73","0","0","0","0","0","0","0","0","0","131","0","0","0","0","0","0","0","0",""
"5","duel_participant","duel","372","186","iphash:5880f9c7","^7g ^0( ^7o ^0Y ^7o ^0) ^7n","2","","user:void","0","2","2","3","133","79","100","-8","70","3","1","0","1","0","seeing","low_force","16","0","89","28","0","0","0","0","0","0","0","0","0","0","133","0","0","0","0","0","0","0","0",""
"5","duel_participant","duel","373","187","user:void","void","1","","user:sugarkane","1","2","2","3","173","122","49","72","70","0","0","3","1","0","seeing","saber_throw","55","0","73","0","45","0","0","0","0","0","0","0","0","0","173","0","0","0","0","0","0","0","0",""
"5","duel_participant","duel","374","187","user:sugarkane","sugarkane","1","","user:void","0","2","2","3","256","256","100","-4","98","3","3","0","1","0","seeing","low_force","41","19","182","14","0","0","0","0","0","0","0","0","0","0","256","0","0","0","0","0","0","0","0",""
"5","duel_participant","duel","375","188","user:void","void","1","","user:sugarkane","1","2","2","3","317","256","33","100","69","17","1","3","1","0","seeing","low_force","121","0","75","22","99","0","0","0","0","0","0","0","0","0","317","0","0","0","0","0","0","0","0",""
"5","duel_participant","duel","376","188","user:sugarkane","sugarkane","1","","user:void","0","2","2","3","324","324","100","-8","70","16","2","0","1","0","seeing","low_force","83","0","187","54","0","0","0","0","0","0","0","0","0","0","324","0","0","0","0","0","0","0","0",""
"5","duel_participant","duel","377","189","user:void","void","1","","iphash:a625b7c7","1","2","2","3","1273","1234","61","98","0","14","3","10","1","0","seeing","low_force","66","0","788","212","207","0","0","0","0","0","0","0","0","0","1273","0","0","0","0","0","0","0","0",""
"5","duel_participant","duel","378","189","iphash:a625b7c7","^7g ^0( ^7o ^0Y ^7o ^0) ^7n","2","","user:void","0","2","2","3","1725","1651","100","-1","0","41","0","1","2","0","seeing","low_force","590","70","597","268","200","0","0","0","0","0","0","0","0","0","1725","0","0","0","0","0","0","0","0",""
"5","duel_participant","duel","379","190","iphash:a625b7c7","^7g ^0( ^7o ^0Y ^7o ^0) ^7n","2","","user:void","1","2","2","3","1577","1505","22","56","28","68","0","3","3","0","seeing","low_force","373","117","362","393","332","0","0","0","0","0","0","0","0","0","1577","0","0","0","0","0","0","0","0",""
"5","duel_participant","duel","380","190","user:void","void","1","","iphash:a625b7c7","0","2","2","3","1434","1374","100","-6","0","33","3","12","3","0","unknown","low_force","28","0","661","399","346","0","0","0","0","0","0","0","0","0","1434","0","0","0","0","0","0","0","0",""
"5","duel_participant","duel","381","191","user:jundon","jundon","1","","user:sugarkane","1","2","2","3","285","218","33","100","70","0","0","1","0","0","seeing","forced_entries","160","0","58","0","67","0","0","0","0","0","0","0","0","0","285","0","0","0","0","0","0","0","0",""
"5","duel_participant","duel","382","191","user:sugarkane","sugarkane","1","","user:jundon","0","2","2","3","130","59","100","-10","64","1","2","1","1","0","seeing","low_force","0","0","110","20","0","0","0","0","0","0","0","0","0","0","130","0","0","0","0","0","0","0","0",""
"5","duel_participant","duel","383","192","user:jundon","jundon","1","","iphash:4cdd29ac","1","2","2","3","305","256","51","60","59","1","0","2","1","0","seeing","low_force","76","20","126","19","64","0","0","0","0","0","0","0","0","0","305","0","0","0","0","0","0","0","0",""
"5","duel_participant","duel","384","192","iphash:4cdd29ac","^0-=^3'/^7o^3!^0d^0=-^6","2","","user:jundon","0","2","2","3","177","177","100","-21","0","1","0","7","0","0","unknown","saber_throw","0","0","171","6","0","0","0","0","0","0","0","0","0","0","177","0","0","0","0","0","0","0","0",""
"5","duel_participant","duel","385","193","user:jundon","jundon","1","","user:void","1","2","2","3","973","873","0","100","0","55","0","6","2","0","seeing","low_force","0","0","493","350","130","0","0","0","0","0","0","0","0","0","973","0","0","0","0","0","0","0","0",""
"5","duel_participant","duel","386","193","user:void","void","1","","user:jundon","0","2","2","3","1097","1047","100","-9","0","19","1","11","2","0","seeing","low_force","230","96","160","293","318","0","0","0","0","0","0","0","0","0","1097","0","0","0","0","0","0","0","0",""
"5","duel_participant","duel","387","194","user:void","void","1","","user:jundon","1","2","2","3","377","301","24","83","0","8","0","2","1","0","seeing","low_force","86","0","171","64","56","0","0","0","0","0","0","0","0","0","377","0","0","0","0","0","0","0","0",""
"5","duel_participant","duel","388","194","user:jundon","jundon","1","","user:void","0","2","2","3","288","288","100","-7","0","2","0","5","2","0","seeing","saber_throw","48","0","196","29","15","0","0","0","0","0","0","0","0","0","288","0","0","0","0","0","0","0","0",""
"5","duel_participant","duel","389","195","user:jundon","jundon","1","","user:void","1","2","2","3","833","744","11","100","0","25","0","8","0","0","seeing","low_force","210","17","59","237","310","0","0","0","0","0","0","0","0","0","833","0","0","0","0","0","0","0","0",""
"5","duel_participant","duel","390","195","user:void","void","1","","user:jundon","0","2","2","3","900","900","100","-29","0","44","0","4","2","0","seeing","low_force","197","0","136","407","160","0","0","0","0","0","0","0","0","0","900","0","0","0","0","0","0","0","0",""
"5","duel_participant","duel","391","196","user:void","void","1","","user:sugarkane","1","2","2","3","418","358","34","100","9","8","1","7","2","0","unknown","low_force","95","90","46","86","101","0","0","0","0","0","0","0","0","0","418","0","0","0","0","0","0","0","0",""
"5","duel_participant","duel","392","196","user:sugarkane","sugarkane","1","","user:void","0","2","2","3","431","382","100","-6","0","13","0","6","1","0","seeing","low_force","0","0","262","129","40","0","0","0","0","0","0","0","0","0","431","0","0","0","0","0","0","0","0",""
"5","duel_participant","duel","393","197","user:void","void","1","","user:sugarkane","1","2","2","3","565","499","34","11","0","6","1","6","0","0","seeing","low_force","82","30","40","104","309","0","0","0","0","0","0","0","0","0","565","0","0","0","0","0","0","0","0",""
"5","duel_participant","duel","394","197","user:sugarkane","sugarkane","1","","user:void","0","2","2","3","482","462","100","-21","0","44","0","2","1","0","seeing","low_force","56","0","140","286","0","0","0","0","0","0","0","0","0","0","482","0","0","0","0","0","0","0","0",""
"5","duel_participant","duel","395","198","user:void","void","1","","user:sugarkane","1","2","2","3","522","474","52","72","10","10","0","6","0","0","seeing","low_force","51","10","220","86","155","0","0","0","0","0","0","0","0","0","522","0","0","0","0","0","0","0","0",""
"5","duel_participant","duel","396","198","user:sugarkane","sugarkane","1","","user:void","0","2","2","3","567","472","100","-11","0","16","0","3","1","0","seeing","low_force","100","0","236","162","69","0","0","0","0","0","0","0","0","0","567","0","0","0","0","0","0","0","0",""
"5","duel_participant","duel","397","199","user:sugarkane","sugarkane","1","","user:void","1","2","2","3","1157","1065","2","62","0","58","0","5","1","0","seeing","low_force","75","4","180","497","401","0","0","0","0","0","0","0","0","0","1157","0","0","0","0","0","0","0","0",""
"5","duel_participant","duel","398","199","user:void","void","1","","user:sugarkane","0","2","2","3","1116","1055","100","-15","0","56","2","11","4","0","unknown","low_force","0","0","187","636","293","0","0","0","0","0","0","0","0","0","1116","0","0","0","0","0","0","0","0",""
"5","duel_participant","duel","399","200","user:sugarkane","sugarkane","1","","user:void","1","2","2","3","273","182","3","34","0","12","0","4","0","0","seeing","low_force","0","0","182","91","0","0","0","0","0","0","0","0","0","0","273","0","0","0","0","0","0","0","0",""
"5","duel_participant","duel","400","200","user:void","void","1","","user:sugarkane","0","2","2","3","200","200","100","-8","90","0","1","1","1","0","unknown","late_defense","44","0","97","0","59","0","0","0","0","0","0","0","0","0","200","0","0","0","0","0","0","0","0",""
"5","duel_participant","duel","401","201","user:void","void","1","","user:sugarkane","1","2","2","3","1149","1085","36","60","4","24","3","3","3","0","seeing","low_force","334","60","182","268","305","0","0","0","0","0","0","0","0","0","1149","0","0","0","0","0","0","0","0",""
"5","duel_participant","duel","402","201","user:sugarkane","sugarkane","1","","user:void","0","2","2","3","1052","1039","100","-18","0","79","0","6","3","0","unknown","low_force","0","0","467","419","166","0","0","0","0","0","0","0","0","0","1052","0","0","0","0","0","0","0","0",""
"5","duel_participant","duel","403","202","user:sugarkane","sugarkane","1","","iphash:052707fc","1","2","2","3","313","248","35","100","70","2","0","1","0","0","seeing","low_force","120","0","182","2","9","0","0","0","0","0","0","0","0","0","313","0","0","0","0","0","0","0","0",""
"5","duel_participant","duel","404","202","iphash:052707fc","^2?^0¿^2û^0k^2ö^0ñ^2?^0¿","2","","user:sugarkane","0","2","2","3","201","201","100","-39","10","0","1","3","1","0","seeing","saber_throw","87","0","114","0","0","0","0","0","0","0","0","0","0","0","201","0","0","0","0","0","0","0","0",""
"5","duel_participant","duel","405","203","iphash:052707fc","^2?^0¿^2û^0k^2ö^0ñ^2?^0¿","2","","user:sugarkane","1","2","2","3","371","284","7","99","0","6","0","3","0","0","unknown","low_force","75","0","196","57","43","0","0","0","0","0","0","0","0","0","371","0","0","0","0","0","0","0","0",""
"5","duel_participant","duel","406","203","user:sugarkane","sugarkane","1","","iphash:052707fc","0","2","2","3","410","330","100","-5","0","13","0","1","3","0","seeing","low_force","136","0","172","97","5","0","0","0","0","0","0","0","0","0","410","0","0","0","0","0","0","0","0",""
"5","duel_participant","duel","407","204","iphash:052707fc","^2?^0¿^2û^0k^2ö^0ñ^2?^0¿","2","","user:sugarkane","1","2","2","3","900","838","32","65","0","18","1","3","1","0","seeing","low_force","334","0","304","156","106","0","0","0","0","0","0","0","0","0","900","0","0","0","0","0","0","0","0",""
"5","duel_participant","duel","408","204","user:sugarkane","sugarkane","1","","iphash:052707fc","0","2","2","3","755","705","100","-19","0","10","0","2","3","0","seeing","low_force","358","0","163","143","91","0","0","0","0","0","0","0","0","0","755","0","0","0","0","0","0","0","0",""
"5","duel_participant","duel","409","205","user:jundon","jundon","1","","user:sugarkane","1","2","2","3","352","261","9","80","99","13","0","1","0","0","seeing","low_force","104","0","51","130","67","0","0","0","0","0","0","0","0","0","352","0","0","0","0","0","0","0","0",""
"5","duel_participant","duel","410","205","user:sugarkane","sugarkane","1","","user:jundon","0","2","2","3","284","231","100","-15","0","6","0","6","1","0","unknown","low_force","0","0","110","114","60","0","0","0","0","0","0","0","0","0","284","0","0","0","0","0","0","0","0",""
"5","duel_participant","duel","411","206","iphash:052707fc","^2?^0¿^2û^0k^2ö^0ñ^2?^0¿","2","","user:void","1","2","2","3","485","426","41","80","69","15","1","0","0","0","seeing","low_force","88","0","84","159","154","0","0","0","0","0","0","0","0","0","485","0","0","0","0","0","0","0","0",""
"5","duel_participant","duel","412","206","user:void","void","1","","iphash:052707fc","0","2","2","3","309","309","100","-9","0","27","0","5","2","0","seeing","low_force","39","0","40","123","107","0","0","0","0","0","0","0","0","0","309","0","0","0","0","0","0","0","0",""
"5","duel_participant","duel","413","207","user:jundon","jundon","1","","user:sugarkane","1","2","2","3","687","604","11","100","99","9","1","1","0","0","seeing","low_force","243","39","284","71","50","0","0","0","0","0","0","0","0","0","687","0","0","0","0","0","0","0","0",""
"5","duel_participant","duel","414","207","user:sugarkane","sugarkane","1","","user:jundon","0","2","2","3","597","546","100","-8","0","0","3","10","4","0","unknown","saber_throw","0","0","498","56","43","0","0","0","0","0","0","0","0","0","597","0","0","0","0","0","0","0","0",""
"5","duel_participant","duel","415","208","user:jundon","jundon","1","","iphash:cb041f6d","1","2","2","3","709","645","30","86","7","25","5","2","2","0","seeing","low_force","225","0","212","164","108","0","0","0","0","0","0","0","0","0","709","0","0","0","0","0","0","0","0",""
"5","duel_participant","duel","416","208","iphash:cb041f6d","Mpkill","2","","user:jundon","0","2","2","3","641","587","100","-8","9","13","2","3","1","0","seeing","low_force","144","0","221","101","175","0","0","0","0","0","0","0","0","0","641","0","0","0","0","0","0","0","0",""
"5","duel_participant","duel","417","209","user:jundon","jundon","1","","user:sugarkane","1","2","2","3","161","94","27","45","39","0","0","4","1","0","seeing","saber_throw","32","0","127","0","2","0","0","0","0","0","0","0","0","0","161","0","0","0","0","0","0","0","0",""
"5","duel_participant","duel","418","209","user:sugarkane","sugarkane","1","","user:jundon","0","2","2","3","167","167","100","-10","67","0","5","2","0","0","unknown","grip_control","84","37","46","0","0","0","0","0","0","0","0","0","0","0","167","0","0","0","0","0","0","0","0",""
"5","duel_participant","duel","419","210","user:goon","goon","1","","iphash:cb041f6d","1","2","2","3","873","782","9","68","49","35","8","1","0","0","seeing","low_force","64","44","297","404","64","0","0","0","0","0","0","0","0","0","873","0","0","0","0","0","0","0","0",""
"5","duel_participant","duel","420","210","iphash:cb041f6d","Mpkill","2","","user:goon","0","2","2","3","670","618","100","-10","0","11","0","8","2","0","unknown","low_force","46","12","211","98","303","0","0","0","0","0","0","0","0","0","670","0","0","0","0","0","0","0","0",""
"5","duel_participant","duel","421","211","user:jundon","jundon","1","","user:sugarkane","1","2","2","3","364","276","12","80","40","11","0","1","0","0","seeing","low_force","161","5","60","108","30","0","0","0","0","0","0","0","0","0","364","0","0","0","0","0","0","0","0",""
"5","duel_participant","duel","422","211","user:sugarkane","sugarkane","1","","user:jundon","0","2","2","3","273","273","100","-29","0","5","0","8","3","0","unknown","saber_throw","60","0","75","74","64","0","0","0","0","0","0","0","0","0","273","0","0","0","0","0","0","0","0",""
"5","duel_participant","duel","423","212","user:jundon","jundon","1","","iphash:cb041f6d","1","2","2","3","596","496","0","70","96","29","4","0","0","0","seeing","low_force","42","0","341","213","0","0","0","0","0","0","0","0","0","0","596","0","0","0","0","0","0","0","0",""
"5","duel_participant","duel","424","212","iphash:cb041f6d","Mpkill","2","","user:jundon","0","2","2","3","373","343","100","-3","0","0","0","7","1","0","unknown","saber_throw","0","0","126","54","193","0","0","0","0","0","0","0","0","0","373","0","0","0","0","0","0","0","0",""
"5","duel_participant","duel","425","213","user:jundon","jundon","1","","iphash:cb041f6d","1","2","2","3","744","652","8","79","0","37","5","0","1","0","seeing","low_force","320","0","187","190","47","0","0","0","0","0","0","0","0","0","744","0","0","0","0","0","0","0","0",""
"5","duel_participant","duel","426","213","iphash:cb041f6d","Mpkill","2","","user:jundon","0","2","2","3","793","756","100","-4","0","18","4","3","0","0","seeing","low_force","180","0","318","152","143","0","0","0","0","0","0","0","0","0","793","0","0","0","0","0","0","0","0",""
"5","duel_participant","duel","427","214","user:jundon","jundon","1","","iphash:cb041f6d","1","2","2","3","761","690","23","100","0","21","6","0","1","0","seeing","low_force","399","23","244","89","6","0","0","0","0","0","0","0","0","0","761","0","0","0","0","0","0","0","0",""
"5","duel_participant","duel","428","214","iphash:cb041f6d","Mpkill","2","","user:jundon","0","2","2","3","751","751","100","-8","0","6","1","2","1","0","seeing","low_force","327","0","264","74","86","0","0","0","0","0","0","0","0","0","751","0","0","0","0","0","0","0","0",""
"5","duel_participant","duel","429","215","user:goon","goon","1","","user:sugarkane","1","2","2","3","532","532","100","100","69","1","0","1","0","0","seeing","late_defense","166","20","326","20","0","0","0","0","0","0","0","0","0","0","532","0","0","0","0","0","0","0","0",""
"5","duel_participant","duel","430","215","user:sugarkane","sugarkane","1","","user:goon","0","2","2","3","331","331","100","-11","0","0","2","4","2","0","seeing","saber_throw","19","0","312","0","0","0","0","0","0","0","0","0","0","0","331","0","0","0","0","0","0","0","0",""
"5","duel_participant","duel","431","216","iphash:052707fc","^2?^0¿^2û^0k^2ö^0ñ^2?^0¿","2","","iphash:2b03bc65","1","2","2","3","337","245","8","100","39","3","0","0","0","0","seeing","low_force","97","0","175","60","5","0","0","0","0","0","0","0","0","0","337","0","0","0","0","0","0","0","0",""
"5","duel_participant","duel","432","216","iphash:2b03bc65","^0-=^3'/^7o^3!^0d^0=-^6","2","","iphash:052707fc","0","2","2","3","269","234","100","-7","0","0","0","5","1","0","seeing","saber_throw","84","0","132","35","18","0","0","0","0","0","0","0","0","0","269","0","0","0","0","0","0","0","0",""
"5","duel_participant","duel","433","217","iphash:052707fc","^2?^0¿^2û^0k^2ö^0ñ^2?^0¿","2","","iphash:2b03bc65","1","2","2","3","382","330","42","98","99","2","1","1","0","0","seeing","late_defense","145","0","229","8","0","0","0","0","0","0","0","0","0","0","382","0","0","0","0","0","0","0","0",""
"5","duel_participant","duel","434","217","iphash:2b03bc65","^0-=^3'/^7o^3!^0d^0=-^6","2","","iphash:052707fc","0","2","2","3","182","182","100","-10","0","0","0","7","1","0","unknown","saber_throw","0","0","167","0","15","0","0","0","0","0","0","0","0","0","182","0","0","0","0","0","0","0","0",""
"5","duel_participant","duel","435","218","iphash:052707fc","^2?^0¿^2û^0k^2ö^0ñ^2?^0¿","2","","iphash:2b03bc65","1","2","2","3","686","586","0","60","6","54","0","2","0","0","seeing","low_force","110","0","171","401","4","0","0","0","0","0","0","0","0","0","686","0","0","0","0","0","0","0","0",""
"5","duel_participant","duel","436","218","iphash:2b03bc65","^0-=^3'/^7o^3!^0d^0=-^6","2","","iphash:052707fc","0","2","2","3","673","652","100","-7","0","6","0","7","6","0","seeing","low_force","85","0","125","149","314","0","0","0","0","0","0","0","0","0","673","0","0","0","0","0","0","0","0",""
"5","duel_participant","duel","437","219","iphash:cb041f6d","Mpkill","2","","iphash:2b03bc65","1","2","2","3","293","217","24","96","70","2","0","2","1","0","seeing","low_force","73","8","91","2","119","0","0","0","0","0","0","0","0","0","293","0","0","0","0","0","0","0","0",""
"5","duel_participant","duel","438","219","iphash:2b03bc65","^0-=^3'/^7o^3!^0d^0=-^6","2","","iphash:cb041f6d","0","2","2","3","354","274","100","-22","100","9","4","0","0","0","seeing","low_force","0","37","116","201","0","0","0","0","0","0","0","0","0","0","354","0","0","0","0","0","0","0","0",""
"5","duel_participant","duel","439","220","user:goon","goon","1","","iphash:cb041f6d","1","2","2","3","1209","1168","59","100","7","13","6","0","1","0","seeing","low_force","400","96","544","118","51","0","0","0","0","0","0","0","0","0","1209","0","0","0","0","0","0","0","0",""
"5","duel_participant","duel","440","220","iphash:cb041f6d","Mpkill","2","","user:goon","0","2","2","3","952","952","100","-25","0","5","0","8","3","0","seeing","low_force","91","0","629","176","56","0","0","0","0","0","0","0","0","0","952","0","0","0","0","0","0","0","0",""
"5","duel_participant","duel","441","221","iphash:6d27bf9b","pad","2","","user:sugarkane","1","1","2","2","186","153","61","80","70","0","0","2","1","0","seeing","saber_throw","64","0","77","0","45","0","0","0","0","0","0","0","0","0","186","0","0","0","0","0","0","0","0",""
"5","duel_participant","duel","442","221","user:sugarkane","sugarkane","1","","iphash:6d27bf9b","0","2","1","2","206","206","100","0","100","0","0","0","1","0","seeing","late_defense","46","0","142","18","0","0","0","0","0","0","0","0","0","0","206","0","0","0","0","0","0","0","0",""
"5","duel_participant","duel","443","222","iphash:6d27bf9b","pad","2","","iphash:2b03bc65","1","1","2","2","140","49","4","100","70","4","0","1","0","0","seeing","low_force","58","0","55","27","0","0","0","0","0","0","0","0","0","0","140","0","0","0","0","0","0","0","0",""
"5","duel_participant","duel","444","222","iphash:2b03bc65","^0-=^3'/^7o^3!^0d^0=-^6","2","","iphash:6d27bf9b","0","2","1","2","105","60","100","0","99","0","0","0","0","0","seeing","low_force","40","0","20","45","0","0","0","0","0","0","0","0","0","0","105","0","0","0","0","0","0","0","0",""
"5","duel_participant","duel","445","223","iphash:6d27bf9b","pad","2","","iphash:2b03bc65","1","1","2","2","118","36","12","100","69","7","0","1","0","0","unknown","low_force","42","0","46","30","0","0","0","0","0","0","0","0","0","0","118","0","0","0","0","0","0","0","0",""
"5","duel_participant","duel","446","223","iphash:2b03bc65","^0-=^3'/^7o^3!^0d^0=-^6","2","","iphash:6d27bf9b","0","2","1","2","153","138","100","0","100","0","0","0","1","0","seeing","forced_entries","6","0","92","40","15","0","0","0","0","0","0","0","0","0","153","0","0","0","0","0","0","0","0",""
"5","duel_participant","duel","447","224","user:goon","goon","1","","iphash:cb041f6d","1","2","2","3","75","0","25","100","100","1","0","0","0","0","seeing","low_force","0","0","65","4","6","0","0","0","0","0","0","0","0","0","75","0","0","0","0","0","0","0","0",""
"5","duel_participant","duel","448","224","iphash:cb041f6d","Mpkill","2","","user:goon","0","2","2","3","56","56","100","-8","100","0","1","0","1","0","seeing","forced_entries","19","0","37","0","0","0","0","0","0","0","0","0","0","0","56","0","0","0","0","0","0","0","0",""
"5","duel_participant","duel","449","225","user:goon","goon","1","","iphash:2b03bc65","1","2","2","3","328","255","27","100","8","13","0","3","0","0","seeing","low_force","31","72","80","66","79","0","0","0","0","0","0","0","0","0","328","0","0","0","0","0","0","0","0",""
"5","duel_participant","duel","450","225","iphash:2b03bc65","^0-=^3'/^7o^3!^0d^0=-^6","2","","user:goon","0","2","2","3","269","269","100","-3","0","9","0","5","0","0","seeing","low_force","19","0","107","123","20","0","0","0","0","0","0","0","0","0","269","0","0","0","0","0","0","0","0",""
"5","duel_participant","duel","451","226","iphash:2b03bc65","^0-=^3'/^7o^3!^0d^0=-^6","2","","user:goon","1","2","2","3","196","155","59","94","70","20","1","2","0","0","seeing","low_force","40","0","0","30","126","0","0","0","0","0","0","0","0","0","196","0","0","0","0","0","0","0","0",""
"5","duel_participant","duel","452","226","user:goon","goon","1","","iphash:2b03bc65","0","2","2","3","148","148","100","-13","70","14","1","0","1","0","seeing","low_force","0","0","94","54","0","0","0","0","0","0","0","0","0","0","148","0","0","0","0","0","0","0","0",""
"5","duel_participant","duel","453","227","user:jundon","jundon","1","","iphash:cb041f6d","1","2","2","3","472","389","11","76","68","8","4","1","1","0","seeing","low_force","98","69","73","97","135","0","0","0","0","0","0","0","0","0","472","0","0","0","0","0","0","0","0",""
"5","duel_participant","duel","454","227","iphash:cb041f6d","Mpkill","2","","user:jundon","0","2","2","3","327","302","100","-16","68","28","2","1","1","0","unknown","low_force","0","0","183","140","4","0","0","0","0","0","0","0","0","0","327","0","0","0","0","0","0","0","0",""
"5","duel_participant","duel","455","228","iphash:2b03bc65","^0-=^3'/^7o^3!^0d^0=-^6","2","","user:goon","1","2","2","3","632","572","40","95","0","1","1","5","2","0","seeing","saber_throw","386","62","78","5","101","0","0","0","0","0","0","0","0","0","632","0","0","0","0","0","0","0","0",""
"5","duel_participant","duel","456","228","user:goon","goon","1","","iphash:2b03bc65","0","2","2","3","736","736","100","-27","0","9","1","2","1","0","seeing","low_force","118","19","516","83","0","0","0","0","0","0","0","0","0","0","736","0","0","0","0","0","0","0","0",""
"5","duel_participant","duel","457","229","user:goon","goon","1","","iphash:2b03bc65","1","2","2","3","574","511","31","54","0","29","0","5","0","0","seeing","low_force","108","0","219","243","4","0","0","0","0","0","0","0","0","0","574","0","0","0","0","0","0","0","0",""
"5","duel_participant","duel","458","229","iphash:2b03bc65","^0-=^3'/^7o^3!^0d^0=-^6","2","","user:goon","0","2","2","3","629","568","100","-11","0","4","1","5","1","0","unknown","low_force","87","5","150","109","278","0","0","0","0","0","0","0","0","0","629","0","0","0","0","0","0","0","0",""
"5","duel_participant","duel","459","230","user:goon","goon","1","","iphash:2b03bc65","1","2","2","3","274","229","49","23","0","0","0","4","0","0","seeing","saber_throw","110","34","90","0","40","0","0","0","0","0","0","0","0","0","274","0","0","0","0","0","0","0","0",""
"5","duel_participant","duel","460","230","iphash:2b03bc65","^0-=^3'/^7o^3!^0d^0=-^6","2","","user:goon","0","2","2","3","275","182","100","-19","0","3","1","2","0","0","seeing","low_force","19","0","196","60","0","0","0","0","0","0","0","0","0","0","275","0","0","0","0","0","0","0","0",""
"5","duel_participant","duel","461","231","iphash:cb041f6d","Mpkill","2","","iphash:2b03bc65","1","2","2","3","447","447","100","97","0","13","0","6","1","0","unknown","low_force","50","15","134","118","130","0","0","0","0","0","0","0","0","0","447","0","0","0","0","0","0","0","0",""
"5","duel_participant","duel","462","231","iphash:2b03bc65","^0-=^3'/^7o^3!^0d^0=-^6","2","","iphash:cb041f6d","0","2","2","3","626","537","100","-6","0","28","3","0","1","0","seeing","low_force","49","85","210","216","66","0","0","0","0","0","0","0","0","0","626","0","0","0","0","0","0","0","0",""
"5","duel_participant","duel","463","232","iphash:cb041f6d","Mpkill","2","","iphash:2b03bc65","1","2","2","3","1610","1528","12","60","0","78","0","8","2","0","seeing","low_force","168","0","257","674","511","0","0","0","0","0","0","0","0","0","1610","0","0","0","0","0","0","0","0",""
"5","duel_participant","duel","464","232","iphash:2b03bc65","^0-=^3'/^7o^3!^0d^0=-^6","2","","iphash:cb041f6d","0","2","2","3","1791","1712","100","-11","2","87","6","2","4","0","seeing","low_force","192","19","303","878","399","0","0","0","0","0","0","0","0","0","1791","0","0","0","0","0","0","0","0",""
"5","duel_participant","duel","465","233","iphash:2b03bc65","^0-=^3'/^7o^3!^0d^0=-^6","2","","iphash:cb041f6d","1","2","2","3","134","72","38","100","100","0","0","0","0","0","seeing","forced_entries","0","0","63","0","71","0","0","0","0","0","0","0","0","0","134","0","0","0","0","0","0","0","0",""
"5","duel_participant","duel","466","233","iphash:cb041f6d","Mpkill","2","","iphash:2b03bc65","0","2","2","3","34","34","100","-16","98","0","1","0","2","0","seeing","knockdown","19","0","0","15","0","0","0","0","0","0","0","0","0","0","34","0","0","0","0","0","0","0","0",""
"5","duel_participant","duel","467","234","iphash:cb041f6d","Mpkill","2","","iphash:2b03bc65","1","2","2","3","216","157","41","96","99","0","0","2","0","0","seeing","saber_throw","100","0","116","0","0","0","0","0","0","0","0","0","0","0","216","0","0","0","0","0","0","0","0",""
"5","duel_participant","duel","468","234","iphash:2b03bc65","^0-=^3'/^7o^3!^0d^0=-^6","2","","iphash:cb041f6d","0","2","2","3","165","165","100","-8","99","0","4","0","2","0","seeing","grip_control","19","0","146","0","0","0","0","0","0","0","0","0","0","0","165","0","0","0","0","0","0","0","0",""
"5","duel_participant","duel","469","235","iphash:cb041f6d","Mpkill","2","","iphash:2b03bc65","1","2","2","3","703","615","12","80","39","28","0","3","3","0","seeing","low_force","178","5","132","170","218","0","0","0","0","0","0","0","0","0","703","0","0","0","0","0","0","0","0",""
"5","duel_participant","duel","470","235","iphash:2b03bc65","^0-=^3'/^7o^3!^0d^0=-^6","2","","iphash:cb041f6d","0","2","2","3","866","866","100","-17","0","35","5","2","1","0","seeing","low_force","138","0","235","280","213","0","0","0","0","0","0","0","0","0","866","0","0","0","0","0","0","0","0",""
"5","duel_participant","duel","471","236","iphash:2b03bc65","^0-=^3'/^7o^3!^0d^0=-^6","2","","iphash:cb041f6d","1","2","2","3","1479","1388","9","5","0","90","3","1","0","0","seeing","low_force","64","0","292","1044","79","0","0","0","0","0","0","0","0","0","1479","0","0","0","0","0","0","0","0",""
"5","duel_participant","duel","472","236","iphash:cb041f6d","Mpkill","2","","iphash:2b03bc65","0","2","2","3","1229","1201","100","0","0","30","0","8","6","0","seeing","low_force","85","0","101","288","755","0","0","0","0","0","0","0","0","0","1229","0","0","0","0","0","0","0","0",""
"5","duel_participant","duel","473","237","iphash:cb041f6d","Mpkill","2","","iphash:2b03bc65","1","2","2","3","1006","907","0","52","0","24","0","8","2","0","seeing","low_force","22","0","465","245","274","0","0","0","0","0","0","0","0","0","1006","0","0","0","0","0","0","0","0",""
"5","duel_participant","duel","474","237","iphash:2b03bc65","^0-=^3'/^7o^3!^0d^0=-^6","2","","iphash:cb041f6d","0","2","2","3","1298","1230","100","-19","38","42","10","0","1","0","seeing","low_force","260","36","322","466","214","0","0","0","0","0","0","0","0","0","1298","0","0","0","0","0","0","0","0",""
"5","duel_participant","duel","475","238","iphash:2b03bc65","^0-=^3'/^7o^3!^0d^0=-^6","2","","iphash:cb041f6d","1","2","2","3","543","526","59","10","99","3","9","0","0","0","seeing","grip_control","311","15","50","16","151","0","0","0","0","0","0","0","0","0","543","0","0","0","0","0","0","0","0",""
"5","duel_participant","duel","476","238","iphash:cb041f6d","Mpkill","2","","iphash:2b03bc65","0","2","2","3","485","399","100","0","70","58","1","2","1","0","seeing","low_force","65","0","323","91","6","0","0","0","0","0","0","0","0","0","485","0","0","0","0","0","0","0","0",""
"5","duel_participant","duel","477","239","iphash:2b03bc65","^0-=^3'/^7o^3!^0d^0=-^6","2","","iphash:052707fc","1","2","2","3","378","332","48","79","0","7","0","4","2","0","seeing","low_force","150","45","127","46","10","0","0","0","0","0","0","0","0","0","378","0","0","0","0","0","0","0","0",""
"5","duel_participant","duel","478","239","iphash:052707fc","^2?^0¿^2û^0k^2ö^0ñ^2?^0¿","2","","iphash:2b03bc65","0","2","2","3","444","423","100","0","0","5","0","6","1","0","seeing","low_force","96","0","238","51","59","0","0","0","0","0","0","0","0","0","444","0","0","0","0","0","0","0","0",""
"5","duel_participant","duel","479","240","iphash:052707fc","^2?^0¿^2û^0k^2ö^0ñ^2?^0¿","2","","iphash:2b03bc65","1","2","2","3","760","685","25","100","0","8","0","9","1","0","seeing","low_force","276","30","199","59","196","0","0","0","0","0","0","0","0","0","760","0","0","0","0","0","0","0","0",""
"5","duel_participant","duel","480","240","iphash:2b03bc65","^0-=^3'/^7o^3!^0d^0=-^6","2","","iphash:052707fc","0","2","2","3","642","564","100","-7","0","30","0","5","2","0","unknown","low_force","5","0","385","183","69","0","0","0","0","0","0","0","0","0","642","0","0","0","0","0","0","0","0",""
"5","duel_participant","duel","481","241","iphash:052707fc","^2?^0¿^2û^0k^2ö^0ñ^2?^0¿","2","","iphash:2b03bc65","1","2","2","3","579","493","14","37","0","23","1","3","0","0","seeing","low_force","97","0","273","201","8","0","0","0","0","0","0","0","0","0","579","0","0","0","0","0","0","0","0",""
"5","duel_participant","duel","482","241","iphash:2b03bc65","^0-=^3'/^7o^3!^0d^0=-^6","2","","iphash:052707fc","0","2","2","3","468","370","100","-19","0","6","0","6","4","0","unknown","low_force","126","0","70","76","196","0","0","0","0","0","0","0","0","0","468","0","0","0","0","0","0","0","0",""
"5","duel_participant","duel","483","242","iphash:052707fc","^2?^0¿^2û^0k^2ö^0ñ^2?^0¿","2","","iphash:2b03bc65","1","2","2","3","212","127","9","100","99","2","0","0","0","0","seeing","low_force","35","0","114","25","38","0","0","0","0","0","0","0","0","0","212","0","0","0","0","0","0","0","0",""
"5","duel_participant","duel","484","242","iphash:2b03bc65","^0-=^3'/^7o^3!^0d^0=-^6","2","","iphash:052707fc","0","2","2","3","96","31","100","-7","100","2","1","0","3","0","seeing","low_force","11","0","70","15","0","0","0","0","0","0","0","0","0","0","96","0","0","0","0","0","0","0","0",""
"5","duel_participant","duel","485","243","iphash:052707fc","^2?^0¿^2û^0k^2ö^0ñ^2?^0¿","2","","iphash:2b03bc65","1","2","2","3","478","409","25","56","37","29","0","0","1","0","seeing","low_force","68","0","175","158","77","0","0","0","0","0","0","0","0","0","478","0","0","0","0","0","0","0","0",""
"5","duel_participant","duel","486","243","iphash:2b03bc65","^0-=^3'/^7o^3!^0d^0=-^6","2","","iphash:052707fc","0","2","2","3","479","437","100","-8","67","22","2","2","1","0","seeing","low_force","54","10","19","266","130","0","0","0","0","0","0","0","0","0","479","0","0","0","0","0","0","0","0",""
"5","duel_participant","duel","487","244","iphash:cb041f6d","Mpkill","2","","iphash:8fac4823","1","2","2","3","435","359","18","82","98","2","4","0","0","0","seeing","grip_control","159","0","271","2","3","0","0","0","0","0","0","0","0","0","435","0","0","0","0","0","0","0","0",""
"5","duel_participant","duel","488","244","iphash:8fac4823","TUA^tiw","2","","iphash:cb041f6d","0","2","2","3","337","337","100","-2","97","0","8","0","1","0","seeing","grip_control","202","0","135","0","0","0","0","0","0","0","0","0","0","0","337","0","0","0","0","0","0","0","0",""
"5","duel_participant","duel","489","245","iphash:2b03bc65","^0-=^3'/^7o^3!^0d^0=-^6","2","","iphash:052707fc","1","2","2","3","908","886","78","64","9","27","1","3","1","0","seeing","low_force","96","10","137","303","362","0","0","0","0","0","0","0","0","0","908","0","0","0","0","0","0","0","0",""
"5","duel_participant","duel","490","245","iphash:052707fc","^2?^0¿^2û^0k^2ö^0ñ^2?^0¿","2","","iphash:2b03bc65","0","2","2","3","757","757","100","-39","0","42","0","7","1","0","seeing","low_force","93","0","124","368","172","0","0","0","0","0","0","0","0","0","757","0","0","0","0","0","0","0","0",""
"5","duel_participant","duel","491","246","iphash:cb041f6d","Mpkill","2","","iphash:8fac4823","1","2","2","3","422","388","66","100","79","19","1","0","1","0","seeing","low_force","114","30","148","25","105","0","0","0","0","0","0","0","0","0","422","0","0","0","0","0","0","0","0",""
"5","duel_participant","duel","492","246","iphash:8fac4823","TUA^tiw","2","","iphash:cb041f6d","0","2","2","3","377","377","100","-22","0","5","7","1","0","0","unknown","low_force","0","0","222","86","69","0","0","0","0","0","0","0","0","0","377","0","0","0","0","0","0","0","0",""
"5","duel_participant","duel","493","247","iphash:cb041f6d","Mpkill","2","","iphash:8fac4823","1","2","2","3","505","474","69","94","59","18","1","0","0","0","seeing","low_force","107","4","153","38","203","0","0","0","0","0","0","0","0","0","505","0","0","0","0","0","0","0","0",""
"5","duel_participant","duel","494","247","iphash:8fac4823","TUA^tiw","2","","iphash:cb041f6d","0","2","2","3","515","443","100","0","63","16","8","0","1","0","seeing","low_force","44","0","248","203","20","0","0","0","0","0","0","0","0","0","515","0","0","0","0","0","0","0","0",""
"5","duel_participant","duel","495","248","iphash:cb041f6d","Mpkill","2","","iphash:8fac4823","1","2","2","3","123","48","19","100","12","1","0","0","0","0","seeing","low_force","42","0","73","1","7","0","0","0","0","0","0","0","0","0","123","0","0","0","0","0","0","0","0",""
"5","duel_participant","duel","496","248","iphash:8fac4823","TUA^tiw","2","","iphash:cb041f6d","0","2","2","3","50","50","100","-14","10","0","1","0","1","0","seeing","forced_entries","0","0","50","0","0","0","0","0","0","0","0","0","0","0","50","0","0","0","0","0","0","0","0",""
"5","duel_participant","duel","497","249","iphash:cb041f6d","Mpkill","2","","iphash:8fac4823","1","2","2","3","501","500","99","50","0","8","1","0","1","0","seeing","low_force","92","0","151","50","208","0","0","0","0","0","0","0","0","0","501","0","0","0","0","0","0","0","0",""
"5","duel_participant","duel","498","249","iphash:8fac4823","TUA^tiw","2","","iphash:cb041f6d","0","2","2","3","234","203","100","-18","0","1","4","8","2","0","seeing","saber_throw","8","0","176","50","0","0","0","0","0","0","0","0","0","0","234","0","0","0","0","0","0","0","0",""
"5","duel_participant","duel","499","250","iphash:c526d4d6","^7-=^0Alias^7=-","2","","iphash:052707fc","1","2","2","3","364","295","31","80","30","0","1","4","1","0","seeing","saber_throw","131","5","113","0","115","0","0","0","0","0","0","0","0","0","364","0","0","0","0","0","0","0","0",""
"5","duel_participant","duel","500","250","iphash:052707fc","^2?^0¿^2û^0k^2ö^0ñ^2?^0¿","2","","iphash:c526d4d6","0","2","2","3","505","505","100","-26","98","10","2","1","1","0","seeing","low_force","255","0","128","122","0","0","0","0","0","0","0","0","0","0","505","0","0","0","0","0","0","0","0",""
"5","duel_participant","duel","501","251","user:sugarkane","sugarkane","1","","iphash:2b03bc65","1","2","2","3","1403","1303","0","73","0","68","0","5","0","0","seeing","low_force","117","4","527","435","320","0","0","0","0","0","0","0","0","0","1403","0","0","0","0","0","0","0","0",""
"5","duel_participant","duel","502","251","iphash:2b03bc65","^0-=^3'/^7o^3!^0d^0=-^6","2","","user:sugarkane","0","2","2","3","1220","1216","100","-23","0","41","3","13","4","0","unknown","low_force","167","43","307","470","233","0","0","0","0","0","0","0","0","0","1220","0","0","0","0","0","0","0","0",""
"5","duel_participant","duel","503","252","iphash:cb041f6d","Mpkill","2","","iphash:8fac4823","1","2","2","3","825","751","26","100","0","21","1","0","1","0","seeing","low_force","161","20","492","34","118","0","0","0","0","0","0","0","0","0","825","0","0","0","0","0","0","0","0",""
"5","duel_participant","duel","504","252","iphash:8fac4823","TUA^tiw","2","","iphash:cb041f6d","0","2","2","3","638","604","100","-1","0","10","7","2","2","0","seeing","low_force","274","68","188","89","19","0","0","0","0","0","0","0","0","0","638","0","0","0","0","0","0","0","0",""
"5","duel_participant","duel","505","253","iphash:052707fc","^2?^0¿^2û^0k^2ö^0ñ^2?^0¿","2","","iphash:c526d4d6","1","2","2","3","2024","1989","65","94","0","27","3","4","6","0","seeing","low_force","341","0","995","233","455","0","0","0","0","0","0","0","0","0","2024","0","0","0","0","0","0","0","0",""
"5","duel_participant","duel","506","253","iphash:c526d4d6","^7-=^0Alias^7=-","2","","iphash:052707fc","0","2","2","3","1607","1607","100","-9","6","62","6","1","3","0","seeing","low_force","637","20","468","398","84","0","0","0","0","0","0","0","0","0","1607","0","0","0","0","0","0","0","0",""
"5","duel_participant","duel","507","254","iphash:cb041f6d","Mpkill","2","","iphash:8fac4823","1","2","2","3","540","532","86","98","55","2","1","0","0","0","seeing","low_force","198","24","124","21","173","0","0","0","0","0","0","0","0","0","540","0","0","0","0","0","0","0","0",""
"5","duel_participant","duel","508","254","iphash:8fac4823","TUA^tiw","2","","iphash:cb041f6d","0","2","2","3","518","446","100","-19","35","3","8","2","1","0","seeing","low_force","56","0","247","215","0","0","0","0","0","0","0","0","0","0","518","0","0","0","0","0","0","0","0",""
"5","duel_participant","duel","509","255","iphash:cb041f6d","Mpkill","2","","iphash:8fac4823","1","2","2","3","838","764","26","98","15","29","3","0","0","0","seeing","low_force","211","0","386","99","142","0","0","0","0","0","0","0","0","0","838","0","0","0","0","0","0","0","0",""
"5","duel_participant","duel","510","255","iphash:8fac4823","TUA^tiw","2","","iphash:cb041f6d","0","2","2","3","607","554","100","-6","0","2","11","17","2","0","seeing","saber_throw","196","0","264","25","122","0","0","0","0","0","0","0","0","0","607","0","0","0","0","0","0","0","0",""
"5","duel_participant","duel","511","256","iphash:2b03bc65","^0-=^3'/^7o^3!^0d^0=-^6","2","","user:sugarkane","1","2","2","3","1285","1185","0","100","0","25","1","8","4","0","seeing","low_force","241","0","186","266","592","0","0","0","0","0","0","0","0","0","1285","0","0","0","0","0","0","0","0",""
"5","duel_participant","duel","512","256","user:sugarkane","sugarkane","1","","iphash:2b03bc65","0","2","2","3","1244","1164","100","-4","0","77","2","3","4","0","seeing","low_force","199","0","287","694","64","0","0","0","0","0","0","0","0","0","1244","0","0","0","0","0","0","0","0",""
"5","duel_participant","duel","513","257","iphash:cb041f6d","Mpkill","2","","iphash:8fac4823","1","2","2","3","572","572","100","100","10","23","2","0","0","0","seeing","low_force","61","26","182","241","62","0","0","0","0","0","0","0","0","0","572","0","0","0","0","0","0","0","0",""
"5","duel_participant","duel","514","257","iphash:8fac4823","TUA^tiw","2","","iphash:cb041f6d","0","2","2","3","570","570","100","0","0","6","3","3","1","0","seeing","low_force","202","0","172","39","157","0","0","0","0","0","0","0","0","0","570","0","0","0","0","0","0","0","0",""
"5","duel_participant","duel","515","258","bot:/botfiles/mediumds.jkb","Lannik","0","","iphash:2b03bc65","1","2","2","3","1184","1095","11","65","0","77","2","4","0","0","seeing","low_force","169","0","376","476","163","56","627","182","294","0","0","0","0","0","25","0","0","0","0","0","0","0","0",""
"5","duel_participant","duel","516","258","iphash:2b03bc65","^0-=^3'/^7o^3!^0d^0=-^6","2","","bot:/botfiles/mediumds.jkb","0","2","2","3","1044","1044","100","-19","0","36","4","6","6","0","unknown","low_force","170","0","163","333","378","0","0","0","0","0","0","0","0","0","1044","0","0","0","0","0","0","0","0",""
"5","duel_participant","duel","517","259","iphash:8fac4823","TUA^tiw","2","","iphash:cb041f6d","1","2","2","3","432","432","100","43","0","4","5","4","0","0","seeing","low_force","117","50","114","102","49","0","0","0","0","0","0","0","0","0","432","0","0","0","0","0","0","0","0",""
"5","duel_participant","duel","518","259","iphash:cb041f6d","Mpkill","2","","iphash:8fac4823","0","2","2","3","499","499","100","-34","0","9","1","0","0","0","seeing","low_force","72","0","282","58","87","0","0","0","0","0","0","0","0","0","499","0","0","0","0","0","0","0","0",""
"5","duel_participant","duel","519","260","iphash:cb041f6d","Mpkill","2","","iphash:8fac4823","1","2","2","3","134","134","100","98","25","0","1","0","0","0","seeing","forced_entries","7","0","126","0","1","0","0","0","0","0","0","0","0","0","134","0","0","0","0","0","0","0","0",""
"5","duel_participant","duel","520","260","iphash:8fac4823","TUA^tiw","2","","iphash:cb041f6d","0","2","2","3","102","38","100","-1","0","1","3","0","1","0","seeing","low_force","0","0","82","20","0","0","0","0","0","0","0","0","0","0","102","0","0","0","0","0","0","0","0",""
"5","duel_participant","duel","521","261","iphash:cb041f6d","Mpkill","2","","iphash:8fac4823","1","2","2","3","0","0","100","100","97","0","0","0","0","0","","linear_entries","0","0","0","0","0","0","0","0","0","0","0","0","0","0","0","0","0","0","0","0","0","0","0",""
"5","duel_participant","duel","522","261","iphash:8fac4823","TUA^tiw","2","","iphash:cb041f6d","0","2","2","3","58","58","100","-17","0","0","0","0","0","0","seeing","forced_entries","8","0","50","0","0","0","0","0","0","0","0","0","0","0","58","0","0","0","0","0","0","0","0",""
"5","duel_participant","duel","523","262","iphash:cb041f6d","Mpkill","2","","iphash:8fac4823","1","2","2","3","0","0","100","100","36","0","0","0","0","0","","linear_entries","0","0","0","0","0","0","0","0","0","0","0","0","0","0","0","0","0","0","0","0","0","0","0",""
"5","duel_participant","duel","524","262","iphash:8fac4823","TUA^tiw","2","","iphash:cb041f6d","0","2","2","3","100","35","100","-37","0","2","0","0","0","0","seeing","low_force","0","0","50","50","0","0","0","0","0","0","0","0","0","0","100","0","0","0","0","0","0","0","0",""
"5","duel_participant","duel","525","263","iphash:cb041f6d","Mpkill","2","","bot:/botfiles/mediumds.jkb","1","2","2","3","851","807","50","30","0","9","0","4","4","0","unknown","low_force","0","0","386","229","236","0","0","0","0","0","0","0","0","0","851","0","0","0","0","0","0","0","0",""
"5","duel_participant","duel","526","263","bot:/botfiles/mediumds.jkb","Lannik","0","","iphash:cb041f6d","0","2","2","3","773","753","100","-10","64","39","4","0","1","0","speed","low_force","102","19","271","331","50","58","478","25","113","0","0","0","0","99","0","0","0","0","0","0","0","0","0",""
"5","duel_participant","duel","527","264","iphash:cb041f6d","Mpkill","2","","bot:/botfiles/mediumds.jkb","1","2","2","3","120","107","81","80","68","0","0","1","0","0","unknown","forced_entries","0","0","74","0","46","0","0","0","0","0","0","0","0","0","120","0","0","0","0","0","0","0","0",""
"5","duel_participant","duel","528","264","bot:/botfiles/mediumds.jkb","Lannik","0","","iphash:cb041f6d","0","2","2","3","85","85","100","-8","100","0","1","0","1","0","push","late_defense","25","0","60","0","0","20","45","20","0","0","0","0","0","0","0","0","0","0","0","0","0","0","0",""
"5","duel_participant","duel","529","265","user:sugarkane","sugarkane","1","","iphash:2b03bc65","1","2","2","3","1244","1196","46","35","0","35","2","3","2","0","seeing","low_force","227","0","307","459","251","0","0","0","0","0","0","0","0","0","1244","0","0","0","0","0","0","0","0",""
"5","duel_participant","duel","530","265","iphash:2b03bc65","^0-=^3'/^7o^3!^0d^0=-^6","2","","user:sugarkane","0","2","2","3","1249","1205","100","-1","0","33","3","7","4","0","seeing","low_force","244","0","269","447","289","0","0","0","0","0","0","0","0","0","1249","0","0","0","0","0","0","0","0",""
"5","duel_participant","duel","531","266","iphash:cb041f6d","Mpkill","2","","bot:/botfiles/mediumds.jkb","1","2","2","3","153","84","25","56","70","22","1","1","1","0","seeing","low_force","0","0","105","48","0","0","0","0","0","0","0","0","0","0","153","0","0","0","0","0","0","0","0",""
"5","duel_participant","duel","532","266","bot:/botfiles/mediumds.jkb","Lannik","0","","iphash:cb041f6d","0","2","2","3","180","180","100","-6","100","1","1","0","0","0","push","low_force","34","0","128","18","0","24","81","40","35","0","0","0","0","0","0","0","0","0","0","0","0","0","0",""
"5","duel_participant","duel","533","267","iphash:cb041f6d","Mpkill","2","","bot:/botfiles/mediumds.jkb","1","2","2","3","1218","1135","11","100","35","68","0","3","5","0","unknown","low_force","46","0","424","341","407","0","0","0","0","0","0","0","0","0","1218","0","0","0","0","0","0","0","0",""
"5","duel_participant","duel","534","267","bot:/botfiles/mediumds.jkb","Lannik","0","","iphash:cb041f6d","0","2","2","3","1513","1433","100","-2","65","67","8","1","4","0","push","low_force","113","68","505","594","233","209","734","20","433","0","0","0","0","117","0","0","0","0","0","0","0","0","0",""
"5","duel_participant","duel","535","268","iphash:cb041f6d","Mpkill","2","","bot:/botfiles/mediumds.jkb","1","2","2","3","217","158","41","60","70","0","0","1","1","0","seeing","forced_entries","64","0","153","0","0","0","0","0","0","0","0","0","0","0","217","0","0","0","0","0","0","0","0",""
"5","duel_participant","duel","536","268","bot:/botfiles/mediumds.jkb","Lannik","0","","iphash:cb041f6d","0","2","2","3","165","165","100","0","97","0","4","0","1","0","drain","grip_control","86","19","60","0","0","57","59","5","44","0","0","0","0","0","0","0","0","0","0","0","0","0","0",""
"5","duel_participant","duel","537","269","bot:/botfiles/mediumds.jkb","Lannik","0","","iphash:cb041f6d","1","2","2","3","667","567","0","92","96","9","3","0","2","0","pull","low_force","174","63","210","74","146","75","337","39","216","0","0","0","0","0","0","0","0","0","0","0","0","0","0",""
"5","duel_participant","duel","538","269","iphash:cb041f6d","Mpkill","2","","bot:/botfiles/mediumds.jkb","0","2","2","3","476","424","100","-2","0","18","1","5","0","0","unknown","low_force","0","0","345","126","5","0","0","0","0","0","0","0","0","0","476","0","0","0","0","0","0","0","0",""
"5","duel_participant","duel","539","270","iphash:cb041f6d","Mpkill","2","","iphash:2b03bc65","1","2","2","3","990","921","31","38","0","29","0","11","3","0","seeing","low_force","37","0","460","353","140","0","0","0","0","0","0","0","0","0","990","0","0","0","0","0","0","0","0",""
"5","duel_participant","duel","540","270","iphash:2b03bc65","^0-=^3'/^7o^3!^0d^0=-^6","2","","iphash:cb041f6d","0","2","2","3","1089","1083","100","-13","97","19","8","0","1","0","seeing","low_force","272","171","254","228","164","0","0","0","0","0","0","0","0","0","1089","0","0","0","0","0","0","0","0",""
"5","duel_participant","duel","541","271","bot:/botfiles/mediumds.jkb","Lannik","0","","iphash:d4cfd1d8","1","2","1","2","591","561","70","100","10","3","0","4","1","0","unknown","low_force","177","4","138","75","197","44","233","0","150","0","0","0","0","160","0","4","0","0","0","0","0","0","0",""
"5","duel_participant","duel","542","271","iphash:d4cfd1d8","^3Wookiee","2","","bot:/botfiles/mediumds.jkb","0","1","2","2","480","474","94","65","58","33","0","1","0","0","seeing","low_force","98","2","101","173","106","0","0","0","0","0","0","0","0","0","480","0","0","0","0","0","0","0","0",""
"5","duel_participant","duel","543","272","iphash:cb041f6d","Mpkill","2","","iphash:2b03bc65","1","2","2","3","1050","950","0","99","0","136","1","3","0","0","seeing","low_force","94","0","184","572","200","0","0","0","0","0","0","0","0","0","1050","0","0","0","0","0","0","0","0",""
"5","duel_participant","duel","544","272","iphash:2b03bc65","^0-=^3'/^7o^3!^0d^0=-^6","2","","iphash:cb041f6d","0","2","2","3","1162","1162","100","-9","0","22","5","2","5","0","seeing","low_force","30","0","291","431","410","0","0","0","0","0","0","0","0","0","1162","0","0","0","0","0","0","0","0",""
"5","duel_participant","duel","545","273","user:sugarkane","sugarkane","1","","iphash:8fac4823","1","2","2","3","338","242","4","96","26","2","1","0","0","0","seeing","low_force","109","38","121","24","46","0","0","0","0","0","0","0","0","0","338","0","0","0","0","0","0","0","0",""
"5","duel_participant","duel","546","273","iphash:8fac4823","TUA^tiw","2","","user:sugarkane","0","2","2","3","193","193","100","-6","37","0","1","6","2","0","unknown","saber_throw","0","0","162","31","0","0","0","0","0","0","0","0","0","0","193","0","0","0","0","0","0","0","0",""
"5","duel_participant","duel","547","274","iphash:2b03bc65","^0-=^3'/^7o^3!^0d^0=-^6","2","","iphash:cb041f6d","1","2","2","3","829","734","5","97","0","25","5","2","1","0","seeing","low_force","141","0","215","325","148","0","0","0","0","0","0","0","0","0","829","0","0","0","0","0","0","0","0",""
"5","duel_participant","duel","548","274","iphash:cb041f6d","Mpkill","2","","iphash:2b03bc65","0","2","2","3","599","545","100","-16","0","44","0","4","1","0","seeing","low_force","69","14","132","288","96","0","0","0","0","0","0","0","0","0","599","0","0","0","0","0","0","0","0",""
"5","duel_participant","duel","549","275","user:sugarkane","sugarkane","1","","iphash:8fac4823","1","2","2","3","579","479","0","76","0","37","1","0","2","0","seeing","low_force","20","0","104","239","216","0","0","0","0","0","0","0","0","0","579","0","0","0","0","0","0","0","0",""
"5","duel_participant","duel","550","275","iphash:8fac4823","TUA^tiw","2","","user:sugarkane","0","2","2","3","342","302","100","-4","0","8","1","6","3","0","seeing","low_force","6","0","66","180","90","0","0","0","0","0","0","0","0","0","342","0","0","0","0","0","0","0","0",""
"5","duel_participant","duel","551","276","user:sugarkane","sugarkane","1","","iphash:8fac4823","1","2","2","3","804","715","11","100","0","59","0","0","0","0","seeing","low_force","52","24","255","322","151","0","0","0","0","0","0","0","0","0","804","0","0","0","0","0","0","0","0",""
"5","duel_participant","duel","552","276","iphash:8fac4823","TUA^tiw","2","","user:sugarkane","0","2","2","3","629","629","100","-7","40","27","3","5","0","0","seeing","low_force","77","0","164","192","196","0","0","0","0","0","0","0","0","0","629","0","0","0","0","0","0","0","0",""
"5","duel_participant","duel","553","277","user:sugarkane","sugarkane","1","","iphash:8fac4823","1","2","2","3","73","0","21","100","99","0","0","0","0","0","seeing","low_force","0","0","65","0","8","0","0","0","0","0","0","0","0","0","73","0","0","0","0","0","0","0","0",""
"5","duel_participant","duel","554","277","iphash:8fac4823","TUA^tiw","2","","user:sugarkane","0","2","2","3","37","37","100","-8","100","0","1","0","1","0","seeing","forced_entries","0","0","37","0","0","0","0","0","0","0","0","0","0","0","37","0","0","0","0","0","0","0","0",""
"5","duel_participant","duel","555","278","iphash:2b03bc65","^0-=^3'/^7o^3!^0d^0=-^6","2","","iphash:cb041f6d","1","2","2","3","704","629","19","63","0","20","0","4","0","0","seeing","low_force","53","43","110","213","285","0","0","0","0","0","0","0","0","0","704","0","0","0","0","0","0","0","0",""
"5","duel_participant","duel","556","278","iphash:cb041f6d","Mpkill","2","","iphash:2b03bc65","0","2","2","3","577","536","100","-2","0","46","0","4","1","0","seeing","low_force","27","0","159","324","67","0","0","0","0","0","0","0","0","0","577","0","0","0","0","0","0","0","0",""
"5","duel_participant","duel","557","279","iphash:cb041f6d","Mpkill","2","","iphash:8fac4823","1","2","2","3","0","0","100","23","0","0","0","0","0","0","","linear_entries","0","0","0","0","0","0","0","0","0","0","0","0","0","0","0","0","0","0","0","0","0","0","0",""
"5","duel_participant","duel","558","279","iphash:8fac4823","TUA^tiw","2","","iphash:cb041f6d","0","2","2","3","50","5","100","-29","0","0","0","0","0","0","seeing","low_force","0","0","0","50","0","0","0","0","0","0","0","0","0","0","50","0","0","0","0","0","0","0","0",""
"5","duel_participant","duel","559","280","iphash:cb041f6d","Mpkill","2","","iphash:8fac4823","1","2","2","3","916","843","27","100","13","15","2","0","0","0","seeing","low_force","174","0","387","142","213","0","0","0","0","0","0","0","0","0","916","0","0","0","0","0","0","0","0",""
"5","duel_participant","duel","560","280","iphash:8fac4823","TUA^tiw","2","","iphash:cb041f6d","0","2","2","3","567","507","100","-20","65","11","3","7","0","0","seeing","low_force","175","0","106","197","89","0","0","0","0","0","0","0","0","0","567","0","0","0","0","0","0","0","0",""
"5","duel_participant","duel","561","281","iphash:cb041f6d","Mpkill","2","","iphash:8fac4823","1","2","2","3","1012","919","7","80","0","34","1","0","1","0","seeing","low_force","230","52","426","178","126","0","0","0","0","0","0","0","0","0","1012","0","0","0","0","0","0","0","0",""
"5","duel_participant","duel","562","281","iphash:8fac4823","TUA^tiw","2","","iphash:cb041f6d","0","2","2","3","991","991","100","-15","0","10","14","2","0","0","seeing","grip_control","254","0","482","154","101","0","0","0","0","0","0","0","0","0","991","0","0","0","0","0","0","0","0",""
"5","duel_participant","duel","563","282","iphash:cb041f6d","Mpkill","2","","iphash:8fac4823","1","2","2","3","499","402","3","2","0","18","2","0","2","0","seeing","low_force","16","0","317","97","69","0","0","0","0","0","0","0","0","0","499","0","0","0","0","0","0","0","0",""
"5","duel_participant","duel","564","282","iphash:8fac4823","TUA^tiw","2","","iphash:cb041f6d","0","2","2","3","456","420","100","-5","0","2","4","7","1","0","seeing","low_force","98","111","70","109","68","0","0","0","0","0","0","0","0","0","456","0","0","0","0","0","0","0","0",""
"5","duel_participant","duel","565","283","bot:/botfiles/mediumds.jkb","Lannik","0","","iphash:2b03bc65","1","2","2","3","264","164","0","100","37","8","1","2","0","0","pull","low_force","16","23","195","30","0","0","164","4","20","0","0","0","0","76","0","0","0","0","0","0","0","0","0",""
"5","duel_participant","duel","566","283","iphash:2b03bc65","^0-=^3'/^7o^3!^0d^0=-^6","2","","bot:/botfiles/mediumds.jkb","0","2","2","3","251","251","100","0","0","1","0","2","2","0","unknown","low_force","40","0","63","5","143","0","0","0","0","0","0","0","0","0","251","0","0","0","0","0","0","0","0",""
"5","duel_participant","duel","567","284","iphash:cb041f6d","Mpkill","2","","iphash:8fac4823","1","2","2","3","777","687","4","100","0","35","2","0","2","0","seeing","low_force","316","19","304","72","66","0","0","0","0","0","0","0","0","0","777","0","0","0","0","0","0","0","0",""
"5","duel_participant","duel","568","284","iphash:8fac4823","TUA^tiw","2","","iphash:cb041f6d","0","2","2","3","639","639","100","-16","0","3","8","4","0","0","seeing","grip_control","169","0","309","106","55","0","0","0","0","0","0","0","0","0","639","0","0","0","0","0","0","0","0",""
"5","duel_participant","duel","569","285","user:sugarkane","sugarkane","1","","iphash:2b03bc65","1","2","2","3","125","125","100","98","60","1","1","0","0","0","seeing","low_force","24","19","58","24","0","0","0","0","0","0","0","0","0","0","125","0","0","0","0","0","0","0","0",""
"5","duel_participant","duel","570","285","iphash:2b03bc65","^0-=^3'/^7o^3!^0d^0=-^6","2","","user:sugarkane","0","2","2","3","101","101","100","-10","0","0","0","3","0","0","seeing","saber_throw","0","0","101","0","0","0","0","0","0","0","0","0","0","0","101","0","0","0","0","0","0","0","0",""
"5","duel_participant","duel","571","286","iphash:8fac4823","TUA^tiw","2","","iphash:cb041f6d","1","2","2","3","343","330","81","98","68","2","7","0","1","0","seeing","grip_control","118","35","50","44","96","0","0","0","0","0","0","0","0","0","343","0","0","0","0","0","0","0","0",""
"5","duel_participant","duel","572","286","iphash:cb041f6d","Mpkill","2","","iphash:8fac4823","0","2","2","3","291","262","100","-13","0","18","1","0","0","0","seeing","low_force","12","0","174","62","43","0","0","0","0","0","0","0","0","0","291","0","0","0","0","0","0","0","0",""
"5","duel_participant","duel","573","287","user:sugarkane","sugarkane","1","","iphash:2b03bc65","1","2","2","3","467","395","22","100","9","9","0","3","0","0","seeing","low_force","71","53","144","76","123","0","0","0","0","0","0","0","0","0","467","0","0","0","0","0","0","0","0",""
"5","duel_participant","duel","574","287","iphash:2b03bc65","^0-=^3'/^7o^3!^0d^0=-^6","2","","user:sugarkane","0","2","2","3","356","306","100","-14","0","10","1","6","1","0","unknown","low_force","0","0","241","70","45","0","0","0","0","0","0","0","0","0","356","0","0","0","0","0","0","0","0",""
"5","duel_participant","duel","575","288","iphash:cb041f6d","Mpkill","2","","iphash:8fac4823","1","2","2","3","715","643","28","73","0","26","0","0","1","0","seeing","low_force","131","0","258","171","155","0","0","0","0","0","0","0","0","0","715","0","0","0","0","0","0","0","0",""
"5","duel_participant","duel","576","288","iphash:8fac4823","TUA^tiw","2","","iphash:cb041f6d","0","2","2","3","668","668","100","-5","0","14","5","3","0","0","seeing","low_force","130","19","152","239","128","0","0","0","0","0","0","0","0","0","668","0","0","0","0","0","0","0","0",""
"5","duel_participant","duel","577","289","user:sugarkane","sugarkane","1","","iphash:2b03bc65","1","2","2","3","1754","1699","39","99","0","68","5","5","1","0","seeing","low_force","257","20","714","597","166","0","0","0","0","0","0","0","0","0","1754","0","0","0","0","0","0","0","0",""
"5","duel_participant","duel","578","289","iphash:2b03bc65","^0-=^3'/^7o^3!^0d^0=-^6","2","","user:sugarkane","0","2","2","3","1618","1577","100","-3","0","32","5","16","5","0","seeing","low_force","337","261","392","226","402","0","0","0","0","0","0","0","0","0","1618","0","0","0","0","0","0","0","0",""
"5","duel_participant","duel","579","290","iphash:cb041f6d","Mpkill","2","","iphash:8fac4823","1","2","2","3","1017","948","31","84","0","55","4","0","2","0","seeing","low_force","148","43","164","457","205","0","0","0","0","0","0","0","0","0","1017","0","0","0","0","0","0","0","0",""
"5","duel_participant","duel","580","290","iphash:8fac4823","TUA^tiw","2","","iphash:cb041f6d","0","2","2","3","986","986","100","-19","0","20","7","5","2","0","seeing","low_force","0","0","218","577","191","0","0","0","0","0","0","0","0","0","986","0","0","0","0","0","0","0","0",""
"5","duel_participant","duel","581","291","iphash:2b03bc65","^0-=^3'/^7o^3!^0d^0=-^6","2","","user:sugarkane","1","2","2","3","169","95","20","96","100","0","0","1","1","0","seeing","low_force","116","0","46","0","7","0","0","0","0","0","0","0","0","0","169","0","0","0","0","0","0","0","0",""
"5","duel_participant","duel","582","291","user:sugarkane","sugarkane","1","","iphash:2b03bc65","0","2","2","3","186","186","100","-8","30","0","3","1","0","0","seeing","grip_control","50","0","136","0","0","0","0","0","0","0","0","0","0","0","186","0","0","0","0","0","0","0","0",""
"5","duel_participant","duel","583","292","iphash:cb041f6d","Mpkill","2","","iphash:8fac4823","1","2","2","3","1097","1066","69","70","0","43","1","0","3","0","seeing","low_force","78","0","462","279","278","0","0","0","0","0","0","0","0","0","1097","0","0","0","0","0","0","0","0",""
"5","duel_participant","duel","584","292","iphash:8fac4823","TUA^tiw","2","","iphash:cb041f6d","0","2","2","3","1055","1055","100","-1","57","31","6","1","4","0","seeing","low_force","327","63","234","258","173","0","0","0","0","0","0","0","0","0","1055","0","0","0","0","0","0","0","0",""
"5","duel_participant","duel","585","293","iphash:cb041f6d","Mpkill","2","","iphash:8fac4823","1","2","2","3","275","275","100","100","54","0","1","0","0","0","seeing","late_defense","89","35","126","0","25","0","0","0","0","0","0","0","0","0","275","0","0","0","0","0","0","0","0",""
"5","duel_participant","duel","586","293","iphash:8fac4823","TUA^tiw","2","","iphash:cb041f6d","0","2","2","3","188","114","100","-11","0","1","0","6","0","0","seeing","saber_throw","8","0","155","25","0","0","0","0","0","0","0","0","0","0","188","0","0","0","0","0","0","0","0",""
"5","duel_participant","duel","587","294","iphash:cb041f6d","Mpkill","2","","iphash:2b03bc65","1","2","2","3","583","510","27","54","9","11","1","2","0","0","seeing","low_force","186","5","83","136","173","0","0","0","0","0","0","0","0","0","583","0","0","0","0","0","0","0","0",""
"5","duel_participant","duel","588","294","iphash:2b03bc65","^0-=^3'/^7o^3!^0d^0=-^6","2","","iphash:cb041f6d","0","2","2","3","677","620","100","-6","0","29","8","0","0","0","seeing","low_force","35","0","265","282","95","0","0","0","0","0","0","0","0","0","677","0","0","0","0","0","0","0","0",""
"5","duel_participant","duel","589","295","iphash:2b03bc65","^0-=^3'/^7o^3!^0d^0=-^6","2","","iphash:cb041f6d","1","2","2","3","637","587","44","43","0","14","6","1","0","0","seeing","low_force","274","0","114","144","105","0","0","0","0","0","0","0","0","0","637","0","0","0","0","0","0","0","0",""
"5","duel_participant","duel","590","295","iphash:cb041f6d","Mpkill","2","","iphash:2b03bc65","0","2","2","3","627","586","100","-11","0","13","2","2","1","0","seeing","low_force","58","30","333","103","103","0","0","0","0","0","0","0","0","0","627","0","0","0","0","0","0","0","0",""
"5","duel_participant","duel","591","296","iphash:cb041f6d","Mpkill","2","","iphash:2b03bc65","1","2","2","3","121","50","23","100","100","2","0","0","0","0","seeing","low_force","43","0","19","23","36","0","0","0","0","0","0","0","0","0","121","0","0","0","0","0","0","0","0",""
"5","duel_participant","duel","592","296","iphash:2b03bc65","^0-=^3'/^7o^3!^0d^0=-^6","2","","iphash:cb041f6d","0","2","2","3","151","110","100","-19","99","0","3","0","0","0","seeing","grip_control","37","0","40","74","0","0","0","0","0","0","0","0","0","0","151","0","0","0","0","0","0","0","0",""
"5","duel_participant","duel","593","297","iphash:2b03bc65","^0-=^3'/^7o^3!^0d^0=-^6","2","","iphash:cb041f6d","1","2","2","3","605","542","31","59","0","16","6","0","1","0","seeing","low_force","180","76","98","113","138","0","0","0","0","0","0","0","0","0","605","0","0","0","0","0","0","0","0",""
"5","duel_participant","duel","594","297","iphash:cb041f6d","Mpkill","2","","iphash:2b03bc65","0","2","2","3","517","517","100","-15","0","18","1","2","0","0","seeing","low_force","76","0","302","93","46","0","0","0","0","0","0","0","0","0","517","0","0","0","0","0","0","0","0",""
"5","duel_participant","duel","595","298","iphash:2b03bc65","^0-=^3'/^7o^3!^0d^0=-^6","2","","iphash:cb041f6d","1","2","2","3","2087","2000","13","99","0","80","16","0","2","0","seeing","low_force","599","143","273","530","542","0","0","0","0","0","0","0","0","0","2087","0","0","0","0","0","0","0","0",""
"5","duel_participant","duel","596","298","iphash:cb041f6d","Mpkill","2","","iphash:2b03bc65","0","2","2","3","1779","1779","100","-19","0","126","2","4","2","0","unknown","low_force","156","0","851","492","280","0","0","0","0","0","0","0","0","0","1779","0","0","0","0","0","0","0","0",""
"5","duel_participant","duel","597","299","iphash:cb041f6d","Mpkill","2","","iphash:2b03bc65","1","2","2","3","183","96","13","100","70","15","0","0","0","0","seeing","low_force","72","0","86","25","0","0","0","0","0","0","0","0","0","0","183","0","0","0","0","0","0","0","0",""
"5","duel_participant","duel","598","299","iphash:2b03bc65","^0-=^3'/^7o^3!^0d^0=-^6","2","","iphash:cb041f6d","0","2","2","3","205","205","100","-1","99","0","4","0","1","0","seeing","grip_control","140","45","20","0","0","0","0","0","0","0","0","0","0","0","205","0","0","0","0","0","0","0","0",""
"5","duel_participant","duel","599","300","iphash:2b03bc65","^0-=^3'/^7o^3!^0d^0=-^6","2","","iphash:cb041f6d","1","2","2","3","771","690","19","99","0","19","3","1","1","0","seeing","low_force","234","84","190","150","113","0","0","0","0","0","0","0","0","0","771","0","0","0","0","0","0","0","0",""
"5","duel_participant","duel","600","300","iphash:cb041f6d","Mpkill","2","","iphash:2b03bc65","0","2","2","3","594","594","100","-4","0","27","1","6","2","0","unknown","low_force","109","0","286","169","30","0","0","0","0","0","0","0","0","0","594","0","0","0","0","0","0","0","0",""
"5","duel_participant","duel","601","301","iphash:cb041f6d","Mpkill","2","","user:void","1","2","2","3","1020","1000","74","100","0","21","0","9","1","0","seeing","low_force","59","0","314","121","526","0","0","0","0","0","0","0","0","0","1020","0","0","0","0","0","0","0","0",""
"5","duel_participant","duel","602","301","user:void","void","1","","iphash:cb041f6d","0","2","2","3","1241","1207","100","-19","69","50","13","0","1","0","seeing","low_force","190","15","312","664","60","0","0","0","0","0","0","0","0","0","1241","0","0","0","0","0","0","0","0",""
"5","duel_participant","duel","603","302","iphash:cb041f6d","Mpkill","2","","user:void","1","2","2","3","148","63","9","76","0","2","0","2","1","0","unknown","low_force","0","0","63","24","61","0","0","0","0","0","0","0","0","0","148","0","0","0","0","0","0","0","0",""
"5","duel_participant","duel","604","302","user:void","void","1","","iphash:cb041f6d","0","2","2","3","229","155","100","-11","9","7","3","0","1","0","seeing","low_force","24","0","105","100","0","0","0","0","0","0","0","0","0","0","229","0","0","0","0","0","0","0","0",""
"5","duel_participant","duel","605","303","iphash:cb041f6d","Mpkill","2","","user:void","1","2","2","3","739","639","0","59","0","35","1","6","1","0","seeing","low_force","106","0","260","199","174","0","0","0","0","0","0","0","0","0","739","0","0","0","0","0","0","0","0",""
"5","duel_participant","duel","606","303","user:void","void","1","","iphash:cb041f6d","0","2","2","3","742","674","100","-12","0","30","2","3","2","0","seeing","low_force","188","0","219","282","53","0","0","0","0","0","0","0","0","0","742","0","0","0","0","0","0","0","0",""
"5","duel_participant","duel","607","304","user:void","void","1","","iphash:cb041f6d","1","2","2","3","252","228","70","56","70","1","2","1","0","0","seeing","low_force","69","0","57","5","121","0","0","0","0","0","0","0","0","0","252","0","0","0","0","0","0","0","0",""
"5","duel_participant","duel","608","304","iphash:cb041f6d","Mpkill","2","","user:void","0","2","2","3","191","191","100","-8","90","16","1","0","1","0","seeing","low_force","31","0","87","73","0","0","0","0","0","0","0","0","0","0","191","0","0","0","0","0","0","0","0",""
"5","duel_participant","duel","609","305","iphash:cb041f6d","Mpkill","2","","user:void","1","2","2","3","8","8","100","100","99","0","0","0","0","0","seeing","linear_entries","8","0","0","0","0","0","0","0","0","0","0","0","0","0","8","0","0","0","0","0","0","0","0",""
"5","duel_participant","duel","610","305","user:void","void","1","","iphash:cb041f6d","0","2","2","3","0","0","100","-10","0","0","0","0","0","0","","linear_entries","0","0","0","0","0","0","0","0","0","0","0","0","0","0","0","0","0","0","0","0","0","0","0",""
"5","duel_participant","duel","611","306","user:void","void","1","","iphash:cb041f6d","1","2","2","3","85","18","33","48","0","0","1","0","0","0","seeing","forced_entries","5","0","40","0","40","0","0","0","0","0","0","0","0","0","85","0","0","0","0","0","0","0","0",""
"5","duel_participant","duel","612","306","iphash:cb041f6d","Mpkill","2","","user:void","0","2","2","3","33","0","100","0","0","0","0","1","1","0","unknown","low_force","0","0","0","33","0","0","0","0","0","0","0","0","0","0","33","0","0","0","0","0","0","0","0",""
"5","duel_participant","duel","613","307","user:void","void","1","","iphash:cb041f6d","1","2","2","3","902","885","53","32","25","50","8","0","1","0","seeing","low_force","222","8","161","406","105","0","0","0","0","0","0","0","0","0","902","0","0","0","0","0","0","0","0",""
"5","duel_participant","duel","614","307","iphash:cb041f6d","Mpkill","2","","user:void","0","2","2","3","909","847","100","-18","0","23","0","5","3","0","seeing","low_force","46","4","285","68","506","0","0","0","0","0","0","0","0","0","909","0","0","0","0","0","0","0","0",""
"5","duel_participant","duel","615","308","iphash:cb041f6d","Mpkill","2","","user:void","1","2","2","3","252","193","41","80","70","12","0","2","0","0","seeing","low_force","12","40","134","59","7","0","0","0","0","0","0","0","0","0","252","0","0","0","0","0","0","0","0",""
"5","duel_participant","duel","616","308","user:void","void","1","","iphash:cb041f6d","0","2","2","3","285","249","100","-10","67","0","5","1","0","0","seeing","grip_control","56","0","116","38","75","0","0","0","0","0","0","0","0","0","285","0","0","0","0","0","0","0","0",""
"5","duel_participant","duel","617","309","user:void","void","1","","iphash:cb041f6d","1","2","2","3","305","260","49","100","100","0","0","0","0","0","seeing","forced_entries","76","24","70","0","135","0","0","0","0","0","0","0","0","0","305","0","0","0","0","0","0","0","0",""
"5","duel_participant","duel","618","309","iphash:cb041f6d","Mpkill","2","","user:void","0","2","2","3","262","260","100","0","70","5","1","1","2","0","unknown","low_force","0","0","175","87","0","0","0","0","0","0","0","0","0","0","262","0","0","0","0","0","0","0","0",""
"5","duel_participant","duel","619","310","bot:/botfiles/hardds4.jkb","Reborn_Twin","0","","iphash:f51458ac","1","2","2","3","3176","3090","14","100","0","175","7","6","6","0","push","low_force","521","57","327","1531","740","310","1317","50","1349","0","0","0","0","150","0","0","0","0","0","0","0","0","0",""
"5","duel_participant","duel","620","310","iphash:f51458ac","^7Padawan","2","","bot:/botfiles/hardds4.jkb","0","2","2","3","2957","2957","100","-11","0","203","0","5","7","0","seeing","low_force","297","0","608","1672","380","0","0","0","0","0","0","0","0","0","2957","0","0","0","0","0","0","0","0",""
"5","duel_participant","duel","621","311","iphash:f51458ac","^7Padawan","2","","bot:/botfiles/hardds4.jkb","1","2","2","3","237","138","1","100","100","6","0","0","0","0","seeing","low_force","0","0","74","38","125","0","0","0","0","0","0","0","0","0","237","0","0","0","0","0","0","0","0",""
"5","duel_participant","duel","622","311","bot:/botfiles/hardds4.jkb","Reborn_Twin","0","","iphash:f51458ac","0","2","2","3","141","141","100","-8","99","7","1","0","1","0","push","low_force","0","0","0","141","0","102","39","0","0","0","0","0","0","0","0","0","0","0","0","0","0","0","0",""
"5","duel_participant","duel","623","312","bot:/botfiles/hardds.jkb","Desann","0","","iphash:f51458ac","1","2","2","3","868","786","18","60","99","25","3","0","2","0","push","low_force","146","58","188","182","294","55","336","169","240","0","0","0","0","68","0","0","0","0","0","0","0","0","0",""
"5","duel_participant","duel","624","312","iphash:f51458ac","^7Padawan","2","","bot:/botfiles/hardds.jkb","0","2","2","3","1059","1059","100","-14","0","37","2","3","1","0","seeing","low_force","72","0","429","453","105","0","0","0","0","0","0","0","0","0","1059","0","0","0","0","0","0","0","0",""
"5","duel_participant","duel","625","313","bot:/botfiles/hardds4.jkb","Reborn_Twin","0","","iphash:f51458ac","1","2","2","3","373","281","8","100","100","18","3","0","1","0","pull","low_force","58","39","89","27","160","57","144","72","100","0","0","0","0","0","0","0","0","0","0","0","0","0","0",""
"5","duel_participant","duel","626","313","iphash:f51458ac","^7Padawan","2","","bot:/botfiles/hardds4.jkb","0","2","2","3","273","273","100","-8","40","14","1","2","2","0","unknown","low_force","0","0","210","63","0","0","0","0","0","0","0","0","0","0","273","0","0","0","0","0","0","0","0",""
"5","duel_participant","duel","627","314","bot:/botfiles/hardds.jkb","Imperial","0","","iphash:1bdcbdb6","1","2","2","3","0","0","100","100","28","0","0","0","0","0","","linear_entries","0","0","0","0","0","0","0","0","0","0","0","0","0","0","0","0","0","0","0","0","0","0","0",""
"5","duel_participant","duel","628","314","iphash:1bdcbdb6","^0-=^3'/^7o^3!^0d^0=-^6","2","","bot:/botfiles/hardds.jkb","0","2","2","3","20","20","100","100","72","0","0","0","0","0","seeing","linear_entries","18","0","2","0","0","0","0","0","0","0","0","0","0","0","20","0","0","0","0","0","0","0","0",""
"5","duel_participant","duel","629","315","iphash:1bdcbdb6","^0-=^3'/^7o^3!^0d^0=-^6","2","","bot:/botfiles/hardds.jkb","1","2","2","3","1744","1696","46","71","0","96","3","5","5","0","seeing","low_force","306","38","321","783","296","0","0","0","0","0","0","0","0","0","1744","0","0","0","0","0","0","0","0",""
"5","duel_participant","duel","630","315","bot:/botfiles/hardds.jkb","Desann","0","","iphash:1bdcbdb6","0","2","2","3","1953","1896","100","-4","0","134","1","11","3","0","unknown","low_force","100","0","580","905","368","93","709","243","908","0","0","0","0","0","0","0","0","0","0","0","0","0","0",""
"5","duel_participant","duel","631","316","bot:/botfiles/hardds.jkb","Imperial","0","","iphash:1bdcbdb6","1","2","2","3","406","307","1","100","38","14","0","3","1","0","seeing","low_force","102","0","59","145","100","19","182","0","180","0","0","0","0","0","25","0","0","0","0","0","0","0","0",""
"5","duel_participant","duel","632","316","iphash:1bdcbdb6","^0-=^3'/^7o^3!^0d^0=-^6","2","","bot:/botfiles/hardds.jkb","0","2","2","3","278","278","100","-16","99","21","0","1","3","0","unknown","low_force","86","0","94","98","0","0","0","0","0","0","0","0","0","0","278","0","0","0","0","0","0","0","0",""
"5","duel_participant","duel","633","317","iphash:1bdcbdb6","^0-=^3'/^7o^3!^0d^0=-^6","2","","bot:/botfiles/hardds.jkb","1","2","2","3","758","658","0","60","69","39","0","1","1","0","seeing","low_force","156","63","101","328","110","0","0","0","0","0","0","0","0","0","758","0","0","0","0","0","0","0","0",""
"5","duel_participant","duel","634","317","bot:/botfiles/hardds.jkb","Imperial","0","","iphash:1bdcbdb6","0","2","2","3","813","762","100","-5","0","39","1","2","1","0","pull","low_force","75","0","321","308","109","28","409","61","315","0","0","0","0","0","0","0","0","0","0","0","0","0","0",""
"5","duel_participant","duel","635","318","iphash:1bdcbdb6","^0-=^3'/^7o^3!^0d^0=-^6","2","","bot:/botfiles/hardds.jkb","1","2","2","3","686","598","12","80","98","30","2","2","1","0","seeing","low_force","94","25","90","328","149","0","0","0","0","0","0","0","0","0","686","0","0","0","0","0","0","0","0",""
"5","duel_participant","duel","636","318","bot:/botfiles/hardds.jkb","Imperial","0","","iphash:1bdcbdb6","0","2","2","3","575","519","100","-25","0","48","0","4","1","0","unknown","low_force","0","0","226","255","94","47","120","163","245","0","0","0","0","0","0","0","0","0","0","0","0","0","0",""
"5","duel_participant","duel","637","319","iphash:1bdcbdb6","^0-=^3'/^7o^3!^0d^0=-^6","2","","bot:/botfiles/hardds.jkb","1","2","2","3","0","0","100","100","97","0","0","0","0","0","","linear_entries","0","0","0","0","0","0","0","0","0","0","0","0","0","0","0","0","0","0","0","0","0","0","0",""
"5","duel_participant","duel","638","319","bot:/botfiles/hardds.jkb","Imperial","0","","iphash:1bdcbdb6","0","2","2","3","0","0","100","-10","0","0","0","0","0","0","","linear_entries","0","0","0","0","0","0","0","0","0","0","0","0","0","0","0","0","0","0","0","0","0","0","0",""
"5","duel_participant","duel","639","320","iphash:1bdcbdb6","^0-=^3'/^7o^3!^0d^0=-^6","2","","bot:/botfiles/hardds.jkb","1","2","2","3","637","543","6","33","66","19","0","2","1","0","unknown","low_force","91","62","40","203","241","0","0","0","0","0","0","0","0","0","637","0","0","0","0","0","0","0","0",""
"5","duel_participant","duel","640","320","bot:/botfiles/hardds.jkb","Imperial","0","","iphash:1bdcbdb6","0","2","2","3","622","585","100","-19","0","36","0","7","3","0","pull","low_force","0","0","243","329","50","48","286","0","218","0","0","0","0","70","0","0","0","0","0","0","0","0","0",""
"5","duel_participant","duel","641","321","iphash:1bdcbdb6","^0-=^3'/^7o^3!^0d^0=-^6","2","","bot:/botfiles/hardds.jkb","1","2","2","3","294","194","0","48","100","5","0","0","1","0","seeing","low_force","4","0","94","75","121","0","0","0","0","0","0","0","0","0","294","0","0","0","0","0","0","0","0",""
"5","duel_participant","duel","642","321","bot:/botfiles/hardds.jkb","Imperial","0","","iphash:1bdcbdb6","0","2","2","3","144","144","100","0","69","5","1","2","1","0","push","low_force","41","0","29","74","0","24","0","6","50","0","0","0","0","64","0","0","0","0","0","0","0","0","0",""
"5","duel_participant","duel","643","322","bot:/botfiles/hardds.jkb","Imperial","0","","iphash:1bdcbdb6","1","2","2","3","519","447","28","30","0","23","0","0","1","0","pull","low_force","92","0","172","188","67","28","169","247","75","0","0","0","0","0","0","0","0","0","0","0","0","0","0",""
"5","duel_participant","duel","644","322","iphash:1bdcbdb6","^0-=^3'/^7o^3!^0d^0=-^6","2","","bot:/botfiles/hardds.jkb","0","2","2","3","441","441","100","-2","67","12","4","1","1","0","unknown","low_force","90","0","137","123","91","0","0","0","0","0","0","0","0","0","441","0","0","0","0","0","0","0","0",""
"5","duel_participant","duel","645","323","bot:/botfiles/hardds.jkb","Imperial","0","","iphash:1bdcbdb6","1","2","2","3","990","903","13","44","0","53","0","5","3","0","pull","low_force","55","15","238","314","368","85","427","60","418","0","0","0","0","0","0","0","0","0","0","0","0","0","0",""
"5","duel_participant","duel","646","323","iphash:1bdcbdb6","^0-=^3'/^7o^3!^0d^0=-^6","2","","bot:/botfiles/hardds.jkb","0","2","2","3","776","689","100","0","40","53","1","2","1","0","unknown","low_force","101","0","169","350","156","0","0","0","0","0","0","0","0","0","776","0","0","0","0","0","0","0","0",""
"5","duel_participant","duel","647","324","bot:/botfiles/hardds.jkb","Imperial","0","","iphash:1bdcbdb6","1","2","2","3","498","425","27","100","37","25","0","5","1","0","grip","low_force","5","68","76","188","161","59","149","139","151","0","0","0","0","0","0","0","0","0","0","0","0","0","0",""
"5","duel_participant","duel","648","324","iphash:1bdcbdb6","^0-=^3'/^7o^3!^0d^0=-^6","2","","bot:/botfiles/hardds.jkb","0","2","2","3","369","369","100","0","39","16","2","2","3","0","seeing","low_force","0","0","181","88","100","0","0","0","0","0","0","0","0","0","369","0","0","0","0","0","0","0","0",""
"5","duel_participant","duel","649","325","bot:/botfiles/hardds.jkb","Imperial","0","","iphash:1bdcbdb6","1","2","2","3","1061","1056","95","1","0","58","1","4","3","0","pull","low_force","183","0","263","492","123","179","356","145","381","0","0","0","0","0","0","0","0","0","0","0","0","0","0",""
"5","duel_participant","duel","650","325","iphash:1bdcbdb6","^0-=^3'/^7o^3!^0d^0=-^6","2","","bot:/botfiles/hardds.jkb","0","2","2","3","958","958","100","-7","0","42","2","5","4","0","seeing","low_force","120","0","186","327","325","0","0","0","0","0","0","0","0","0","958","0","0","0","0","0","0","0","0",""
"5","duel_participant","duel","651","326","iphash:1bdcbdb6","^0-=^3'/^7o^3!^0d^0=-^6","2","","bot:/botfiles/hardds.jkb","1","2","2","3","718","621","0","100","0","6","1","5","3","0","unknown","low_force","173","5","228","75","237","0","0","0","0","0","0","0","0","0","718","0","0","0","0","0","0","0","0",""
"5","duel_participant","duel","652","326","bot:/botfiles/hardds.jkb","Imperial","0","","iphash:1bdcbdb6","0","2","2","3","798","778","100","-3","0","28","0","6","3","0","pull","low_force","123","0","438","214","23","245","300","91","162","0","0","0","0","0","0","0","0","0","0","0","0","0","0",""
"5","duel_participant","duel","653","327","iphash:1bdcbdb6","^0-=^3'/^7o^3!^0d^0=-^6","2","","bot:/botfiles/hardds.jkb","1","2","2","3","934","861","27","37","68","33","3","1","3","0","seeing","low_force","149","44","157","290","294","0","0","0","0","0","0","0","0","0","934","0","0","0","0","0","0","0","0",""
"5","duel_participant","duel","654","327","bot:/botfiles/hardds.jkb","Imperial","0","","iphash:1bdcbdb6","0","2","2","3","994","990","100","-26","0","80","0","7","2","0","drain","low_force","98","0","230","512","154","19","386","194","395","0","0","0","0","0","0","0","0","0","0","0","0","0","0",""
"5","duel_participant","duel","655","328","iphash:1bdcbdb6","^0-=^3'/^7o^3!^0d^0=-^6","2","","bot:/botfiles/hardds.jkb","1","2","2","3","481","384","3","74","69","25","2","1","2","0","unknown","low_force","138","0","28","198","117","0","0","0","0","0","0","0","0","0","481","0","0","0","0","0","0","0","0",""
"5","duel_participant","duel","656","328","bot:/botfiles/hardds.jkb","Imperial","0","","iphash:1bdcbdb6","0","2","2","3","551","508","100","-1","0","29","1","2","3","0","push","low_force","38","0","208","175","130","127","198","71","155","0","0","0","0","0","0","0","0","0","0","0","0","0","0",""
"5","duel_participant","duel","657","329","iphash:1bdcbdb6","^0-=^3'/^7o^3!^0d^0=-^6","2","","bot:/botfiles/hardds.jkb","1","2","2","3","927","861","34","80","0","31","0","5","4","0","seeing","low_force","279","10","175","257","206","0","0","0","0","0","0","0","0","0","927","0","0","0","0","0","0","0","0",""
"5","duel_participant","duel","658","329","bot:/botfiles/hardds.jkb","Imperial","0","","iphash:1bdcbdb6","0","2","2","3","957","944","100","-22","0","55","0","6","3","0","grip","low_force","107","10","315","348","177","119","226","29","583","0","0","0","0","0","0","0","0","0","0","0","0","0","0",""
"5","duel_participant","duel","659","330","iphash:1bdcbdb6","^0-=^3'/^7o^3!^0d^0=-^6","2","","bot:/botfiles/hardds.jkb","1","2","2","3","414","316","2","80","69","16","1","1","1","0","seeing","low_force","100","50","62","160","42","0","0","0","0","0","0","0","0","0","414","0","0","0","0","0","0","0","0",""
"5","duel_participant","duel","660","330","bot:/botfiles/hardds.jkb","Imperial","0","","iphash:1bdcbdb6","0","2","2","3","506","456","100","-4","0","13","1","4","2","0","push","low_force","0","0","226","53","227","82","221","95","108","0","0","0","0","0","0","0","0","0","0","0","0","0","0",""
"5","duel_participant","duel","661","331","iphash:1bdcbdb6","^0-=^3'/^7o^3!^0d^0=-^6","2","","bot:/botfiles/hardds.jkb","1","2","2","3","463","376","13","60","68","22","1","1","0","0","seeing","low_force","74","13","111","169","96","0","0","0","0","0","0","0","0","0","463","0","0","0","0","0","0","0","0",""
"5","duel_participant","duel","662","331","bot:/botfiles/hardds.jkb","Imperial","0","","iphash:1bdcbdb6","0","2","2","3","464","431","100","-15","0","26","0","5","2","0","pull","low_force","20","0","214","195","35","38","107","62","257","0","0","0","0","0","0","0","0","0","0","0","0","0","0",""
"5","duel_participant","duel","663","332","bot:/botfiles/hardds.jkb","Imperial","0","","iphash:1bdcbdb6","1","2","2","3","831","732","1","84","34","53","1","1","3","0","push","low_force","35","0","124","508","164","152","315","166","198","0","0","0","0","0","0","0","0","0","0","0","0","0","0",""
"5","duel_participant","duel","664","332","iphash:1bdcbdb6","^0-=^3'/^7o^3!^0d^0=-^6","2","","bot:/botfiles/hardds.jkb","0","2","2","3","653","653","100","-12","36","37","1","3","2","0","seeing","low_force","51","0","91","250","261","0","0","0","0","0","0","0","0","0","653","0","0","0","0","0","0","0","0",""
"5","duel_participant","duel","665","333","iphash:1bdcbdb6","^0-=^3'/^7o^3!^0d^0=-^6","2","","bot:/botfiles/hardds.jkb","1","2","2","3","1667","1571","0","96","35","72","5","4","5","0","unknown","low_force","295","20","234","616","502","0","0","0","0","0","0","0","0","0","1667","0","0","0","0","0","0","0","0",""
"5","duel_participant","duel","666","333","bot:/botfiles/hardds.jkb","Imperial","0","","iphash:1bdcbdb6","0","2","2","3","1896","1871","100","-6","0","121","0","8","5","0","pull","low_force","200","0","488","779","429","148","805","347","596","0","0","0","0","0","0","0","0","0","0","0","0","0","0",""
"5","duel_participant","duel","667","334","iphash:1bdcbdb6","^0-=^3'/^7o^3!^0d^0=-^6","2","","bot:/botfiles/hardds.jkb","1","2","2","3","334","296","62","84","39","12","0","3","1","0","unknown","low_force","157","0","31","117","29","0","0","0","0","0","0","0","0","0","334","0","0","0","0","0","0","0","0",""
"5","duel_participant","duel","668","334","bot:/botfiles/hardds.jkb","Imperial","0","","iphash:1bdcbdb6","0","2","2","3","328","297","100","-16","0","18","0","4","1","0","drain","low_force","79","0","76","121","52","19","75","0","234","0","0","0","0","0","0","0","0","0","0","0","0","0","0",""
"5","duel_participant","duel","669","335","bot:/botfiles/hardds.jkb","Imperial","0","","iphash:1bdcbdb6","1","2","2","3","747","652","5","100","0","21","0","6","2","0","pull","low_force","175","44","74","233","221","58","297","69","323","0","0","0","0","0","0","0","0","0","0","0","0","0","0",""
"5","duel_participant","duel","670","335","iphash:1bdcbdb6","^0-=^3'/^7o^3!^0d^0=-^6","2","","bot:/botfiles/hardds.jkb","0","2","2","3","594","594","100","-12","8","34","0","5","1","0","seeing","low_force","51","0","265","269","9","0","0","0","0","0","0","0","0","0","594","0","0","0","0","0","0","0","0",""
"5","duel_participant","duel","671","336","iphash:1bdcbdb6","^0-=^3'/^7o^3!^0d^0=-^6","2","","bot:/botfiles/hardds.jkb","1","2","2","3","517","420","3","92","39","11","1","2","1","0","seeing","low_force","208","30","15","108","156","0","0","0","0","0","0","0","0","0","517","0","0","0","0","0","0","0","0",""
"5","duel_participant","duel","672","336","bot:/botfiles/hardds.jkb","Imperial","0","","iphash:1bdcbdb6","0","2","2","3","560","508","100","0","0","23","1","5","1","0","pull","low_force","70","0","327","129","34","19","257","87","197","0","0","0","0","0","0","0","0","0","0","0","0","0","0",""
"5","duel_participant","duel","673","337","bot:/botfiles/hardds4.jkb","Reborn_Twin","0","","user:void","1","2","2","3","827","731","4","56","0","54","3","4","1","0","pull","low_force","122","0","257","358","90","75","448","90","214","0","0","0","0","0","0","0","0","0","0","0","0","0","0",""
"5","duel_participant","duel","674","337","user:void","void","1","","bot:/botfiles/hardds4.jkb","0","2","2","3","674","674","100","-2","0","18","1","5","3","0","seeing","low_force","76","0","255","112","231","0","0","0","0","0","0","0","0","0","674","0","0","0","0","0","0","0","0",""
"5","duel_participant","duel","675","338","user:void","void","1","","bot:/botfiles/hardds4.jkb","1","2","2","3","1206","1125","19","100","67","62","0","1","5","0","seeing","low_force","153","47","163","416","427","0","0","0","0","0","0","0","0","0","1206","0","0","0","0","0","0","0","0",""
"5","duel_participant","duel","676","338","bot:/botfiles/hardds4.jkb","Reborn_Twin","0","","user:void","0","2","2","3","1209","1182","100","-24","0","105","0","5","3","0","unknown","low_force","29","0","311","691","178","155","415","0","639","0","0","0","0","0","0","0","0","0","0","0","0","0","0",""
"5","duel_participant","duel","677","339","user:void","void","1","","bot:/botfiles/hardds4.jkb","1","2","2","3","335","295","54","96","0","4","0","4","0","0","unknown","low_force","76","30","123","42","64","0","0","0","0","0","0","0","0","0","335","0","0","0","0","0","0","0","0",""
"5","duel_participant","duel","678","339","bot:/botfiles/hardds4.jkb","Reborn_Twin","0","","user:void","0","2","2","3","372","359","100","-15","0","13","1","2","1","0","drain","low_force","49","0","218","51","54","132","112","0","128","0","0","0","0","0","0","0","0","0","0","0","0","0","0",""
"5","duel_participant","duel","679","340","bot:/botfiles/hardds4.jkb","Reborn_Twin","0","","user:void","1","2","2","3","2616","2517","1","64","0","174","4","7","3","0","drain","low_force","322","32","637","1020","605","240","915","209","1152","0","0","0","0","100","0","0","0","0","0","0","0","0","0",""
"5","duel_participant","duel","680","340","user:void","void","1","","bot:/botfiles/hardds4.jkb","0","2","2","3","2489","2489","100","-6","0","120","2","6","11","0","seeing","low_force","343","0","645","907","594","0","0","0","0","0","0","0","0","0","2489","0","0","0","0","0","0","0","0",""
"5","duel_participant","duel","681","341","user:void","void","1","","bot:/botfiles/hardds.jkb","1","2","2","3","1131","1031","0","100","7","36","1","4","3","0","seeing","low_force","256","55","180","338","302","0","0","0","0","0","0","0","0","0","1131","0","0","0","0","0","0","0","0",""
"5","duel_participant","duel","682","341","bot:/botfiles/hardds.jkb","Desann","0","","user:void","0","2","2","3","1029","1004","100","-1","0","66","0","4","3","0","seeing","low_force","136","20","281","406","186","124","305","108","472","0","0","0","0","0","20","0","0","0","0","0","0","0","0",""
"5","duel_participant","duel","683","342","bot:/botfiles/hardds.jkb","Desann","0","","user:void","1","2","2","3","941","876","35","100","37","77","2","1","1","0","push","low_force","207","0","320","333","81","102","535","82","188","0","0","0","0","0","0","34","0","0","0","0","0","0","0",""
"5","duel_participant","duel","684","342","user:void","void","1","","bot:/botfiles/hardds.jkb","0","2","2","3","859","828","100","-1","0","19","1","5","6","0","unknown","low_force","0","0","348","258","253","0","0","0","0","0","0","0","0","0","859","0","0","0","0","0","0","0","0",""
"5","duel_participant","duel","685","343","user:void","void","1","","bot:/botfiles/hardds.jkb","1","2","2","3","171","103","32","78","70","0","1","1","0","0","unknown","late_defense","43","0","83","0","45","0","0","0","0","0","0","0","0","0","171","0","0","0","0","0","0","0","0",""
"5","duel_participant","duel","686","343","bot:/botfiles/hardds.jkb","Desann","0","","user:void","0","2","2","3","101","92","100","-16","0","0","0","3","2","0","pull","saber_throw","0","0","82","19","0","38","25","33","5","0","0","0","0","0","0","0","0","0","0","0","0","0","0",""
"5","duel_participant","duel","687","344","user:void","void","1","","bot:/botfiles/hardds.jkb","1","2","2","3","141","76","35","84","70","0","0","1","0","0","unknown","forced_entries","11","0","40","0","90","0","0","0","0","0","0","0","0","0","141","0","0","0","0","0","0","0","0",""
"5","duel_participant","duel","688","344","bot:/botfiles/hardds.jkb","Desann","0","","user:void","0","2","2","3","162","68","100","-6","69","5","1","1","0","0","drain","low_force","28","0","114","20","0","0","39","5","24","0","0","0","0","94","0","0","0","0","0","0","0","0","0",""
"5","duel_participant","duel","689","345","bot:/botfiles/hardds.jkb","Desann","0","","user:void","1","2","2","3","815","736","21","60","0","39","0","5","3","0","speed","low_force","85","0","305","216","209","101","312","149","220","0","0","0","0","33","0","0","0","0","0","0","0","0","0",""
"5","duel_participant","duel","690","345","user:void","void","1","","bot:/botfiles/hardds.jkb","0","2","2","3","814","814","100","-3","39","31","2","2","1","0","seeing","low_force","196","80","103","332","103","0","0","0","0","0","0","0","0","0","814","0","0","0","0","0","0","0","0",""
"5","duel_participant","duel","691","346","bot:/botfiles/hardds.jkb","Desann","0","","user:void","1","2","2","3","1714","1709","95","7","0","98","0","9","3","0","unknown","low_force","134","0","305","807","468","111","841","56","660","0","0","0","0","0","0","46","0","0","0","0","0","0","0",""
"5","duel_participant","duel","692","346","user:void","void","1","","bot:/botfiles/hardds.jkb","0","2","2","3","1485","1485","100","-4","0","101","0","5","4","0","seeing","low_force","188","52","204","759","282","0","0","0","0","0","0","0","0","0","1485","0","0","0","0","0","0","0","0",""
"5","duel_participant","duel","693","347","iphash:1bdcbdb6","^0-=^3'/^7o^3!^0d^0=-^6","2","","bot:/botfiles/hardds4.jkb","1","2","2","3","711","659","42","100","7","35","1","4","2","0","unknown","low_force","204","6","83","251","167","0","0","0","0","0","0","0","0","0","711","0","0","0","0","0","0","0","0",""
"5","duel_participant","duel","694","347","bot:/botfiles/hardds4.jkb","New_Reborn","0","","iphash:1bdcbdb6","0","2","2","3","750","696","100","-2","0","50","0","6","3","0","pull","low_force","83","0","223","320","124","70","233","60","387","0","0","0","0","0","0","0","0","0","0","0","0","0","0",""
"5","duel_participant","duel","695","348","bot:/botfiles/hardds4.jkb","New_Reborn","0","","iphash:1bdcbdb6","1","2","2","3","884","786","2","100","84","39","1","2","1","0","drain","low_force","57","5","416","217","189","71","258","355","200","0","0","0","0","0","0","0","0","0","0","0","0","0","0",""
"5","duel_participant","duel","696","348","iphash:1bdcbdb6","^0-=^3'/^7o^3!^0d^0=-^6","2","","bot:/botfiles/hardds4.jkb","0","2","2","3","637","637","100","-10","10","39","3","3","4","0","seeing","low_force","31","0","220","247","139","0","0","0","0","0","0","0","0","0","637","0","0","0","0","0","0","0","0",""
"5","duel_participant","duel","697","349","iphash:1bdcbdb6","^0-=^3'/^7o^3!^0d^0=-^6","2","","bot:/botfiles/hardds4.jkb","1","2","2","3","826","726","0","60","0","26","0","5","3","0","unknown","low_force","10","0","239","276","301","0","0","0","0","0","0","0","0","0","826","0","0","0","0","0","0","0","0",""
"5","duel_participant","duel","698","349","bot:/botfiles/hardds4.jkb","New_Reborn","0","","iphash:1bdcbdb6","0","2","2","3","999","999","100","-12","0","72","2","4","0","0","pull","low_force","104","0","214","560","121","43","593","0","257","0","0","0","0","0","0","106","0","0","0","0","0","0","0",""
"5","duel_participant","duel","699","350","iphash:1bdcbdb6","^0-=^3'/^7o^3!^0d^0=-^6","2","","bot:/botfiles/hardds4.jkb","1","2","2","3","950","863","7","100","40","53","1","2","1","0","unknown","low_force","59","21","106","452","312","0","0","0","0","0","0","0","0","0","950","0","0","0","0","0","0","0","0",""
"5","duel_participant","duel","700","350","bot:/botfiles/hardds4.jkb","New_Reborn","0","","iphash:1bdcbdb6","0","2","2","3","1059","1035","100","-2","0","71","0","9","4","0","pull","low_force","118","0","217","585","139","115","505","112","327","0","0","0","0","0","0","0","0","0","0","0","0","0","0",""
"5","duel_participant","duel","701","351","bot:/botfiles/hardds4.jkb","New_Reborn","0","","iphash:1bdcbdb6","1","2","2","3","1639","1539","0","100","4","106","1","4","1","0","drain","low_force","130","0","645","547","317","174","431","346","637","0","0","0","0","51","0","0","0","0","0","0","0","0","0",""
"5","duel_participant","duel","702","351","iphash:1bdcbdb6","^0-=^3'/^7o^3!^0d^0=-^6","2","","bot:/botfiles/hardds4.jkb","0","2","2","3","1405","1405","100","-7","0","45","4","7","9","0","seeing","low_force","160","0","410","425","410","0","0","0","0","0","0","0","0","0","1405","0","0","0","0","0","0","0","0",""
"5","duel_participant","duel","703","352","bot:/botfiles/hardds4.jkb","New_Reborn","0","","iphash:1bdcbdb6","1","2","2","3","850","793","43","70","0","24","1","2","3","0","speed","low_force","63","0","350","193","244","101","202","113","356","0","0","0","0","78","0","0","0","0","0","0","0","0","0",""
"5","duel_participant","duel","704","352","iphash:1bdcbdb6","^0-=^3'/^7o^3!^0d^0=-^6","2","","bot:/botfiles/hardds4.jkb","0","2","2","3","712","712","100","-4","67","36","1","2","2","0","seeing","low_force","141","83","77","207","204","0","0","0","0","0","0","0","0","0","712","0","0","0","0","0","0","0","0",""
"5","duel_participant","duel","705","353","bot:/botfiles/hardds4.jkb","New_Reborn","0","","iphash:1bdcbdb6","1","2","2","3","751","694","43","95","0","64","1","2","0","0","pull","low_force","157","35","241","247","71","0","166","209","376","0","0","0","0","0","0","0","0","0","0","0","0","0","0",""
"5","duel_participant","duel","706","353","iphash:1bdcbdb6","^0-=^3'/^7o^3!^0d^0=-^6","2","","bot:/botfiles/hardds4.jkb","0","2","2","3","810","779","100","-15","0","21","3","5","4","0","seeing","low_force","185","0","152","283","190","0","0","0","0","0","0","0","0","0","810","0","0","0","0","0","0","0","0",""
"5","duel_participant","duel","707","354","bot:/botfiles/hardds4.jkb","New_Reborn","0","","iphash:1bdcbdb6","1","2","2","3","315","255","40","96","8","14","0","4","1","0","push","low_force","9","0","40","103","163","23","137","0","155","0","0","0","0","0","0","0","0","0","0","0","0","0","0",""
"5","duel_participant","duel","708","354","iphash:1bdcbdb6","^0-=^3'/^7o^3!^0d^0=-^6","2","","bot:/botfiles/hardds4.jkb","0","2","2","3","295","295","100","-12","70","17","0","1","2","0","seeing","low_force","4","0","74","177","40","0","0","0","0","0","0","0","0","0","295","0","0","0","0","0","0","0","0",""
"5","duel_participant","duel","709","355","iphash:1bdcbdb6","^0-=^3'/^7o^3!^0d^0=-^6","2","","bot:/botfiles/hardds4.jkb","1","2","2","3","325","255","30","33","99","20","0","0","0","0","seeing","low_force","0","0","144","142","39","0","0","0","0","0","0","0","0","0","325","0","0","0","0","0","0","0","0",""
"5","duel_participant","duel","710","355","bot:/botfiles/hardds4.jkb","New_Reborn","0","","iphash:1bdcbdb6","0","2","2","3","340","331","100","-25","0","2","0","7","3","0","pull","saber_throw","10","0","59","73","198","56","129","0","155","0","0","0","0","0","0","0","0","0","0","0","0","0","0",""
"5","duel_participant","duel","711","356","iphash:1bdcbdb6","^0-=^3'/^7o^3!^0d^0=-^6","2","","bot:/botfiles/hardds4.jkb","1","2","2","3","746","674","22","52","70","43","0","1","3","0","unknown","low_force","107","33","60","365","181","0","0","0","0","0","0","0","0","0","746","0","0","0","0","0","0","0","0",""
"5","duel_participant","duel","712","356","bot:/botfiles/hardds4.jkb","New_Reborn","0","","iphash:1bdcbdb6","0","2","2","3","805","766","100","-5","0","40","0","7","4","0","pull","low_force","0","0","229","377","199","86","325","0","344","0","0","0","0","50","0","0","0","0","0","0","0","0","0",""
"5","duel_participant","duel","713","357","iphash:1bdcbdb6","^0-=^3'/^7o^3!^0d^0=-^6","2","","bot:/botfiles/hardds4.jkb","1","2","2","3","433","333","0","80","69","11","1","1","0","0","seeing","low_force","85","20","118","108","102","0","0","0","0","0","0","0","0","0","433","0","0","0","0","0","0","0","0",""
"5","duel_participant","duel","714","357","bot:/botfiles/hardds4.jkb","New_Reborn","0","","iphash:1bdcbdb6","0","2","2","3","323","271","100","-38","0","26","0","6","1","0","drain","low_force","79","0","55","127","62","19","128","58","118","0","0","0","0","0","0","0","0","0","0","0","0","0","0",""
"5","duel_participant","duel","715","358","iphash:1bdcbdb6","^0-=^3'/^7o^3!^0d^0=-^6","2","","bot:/botfiles/hardds4.jkb","1","2","2","3","382","300","18","68","40","18","2","2","0","0","seeing","low_force","161","25","99","55","42","0","0","0","0","0","0","0","0","0","382","0","0","0","0","0","0","0","0",""
"5","duel_participant","duel","716","358","bot:/botfiles/hardds4.jkb","New_Reborn","0","","iphash:1bdcbdb6","0","2","2","3","384","384","100","-8","0","14","1","3","0","0","drain","low_force","45","0","260","54","25","0","132","117","135","0","0","0","0","0","0","0","0","0","0","0","0","0","0",""
"5","duel_participant","duel","717","359","bot:/botfiles/hardds4.jkb","New_Reborn","0","","iphash:1bdcbdb6","1","2","2","3","1242","1144","2","85","0","82","2","6","5","0","push","low_force","177","0","226","568","271","127","407","92","616","0","0","0","0","0","0","0","0","0","0","0","0","0","0",""
"5","duel_participant","duel","718","359","iphash:1bdcbdb6","^0-=^3'/^7o^3!^0d^0=-^6","2","","bot:/botfiles/hardds4.jkb","0","2","2","3","1118","1118","100","-8","69","65","2","1","2","0","seeing","low_force","140","56","206","477","239","0","0","0","0","0","0","0","0","0","1118","0","0","0","0","0","0","0","0",""
"5","duel_participant","duel","719","360","iphash:1bdcbdb6","^0-=^3'/^7o^3!^0d^0=-^6","2","","bot:/botfiles/hardds4.jkb","1","2","2","3","482","416","28","52","98","26","0","0","0","0","seeing","low_force","76","8","105","208","85","0","0","0","0","0","0","0","0","0","482","0","0","0","0","0","0","0","0",""
"5","duel_participant","duel","720","360","bot:/botfiles/hardds4.jkb","New_Reborn","0","","iphash:1bdcbdb6","0","2","2","3","489","427","100","0","0","11","1","7","1","0","push","low_force","0","0","100","128","261","18","189","0","282","0","0","0","0","0","0","0","0","0","0","0","0","0","0",""
"5","duel_participant","duel","721","361","iphash:1bdcbdb6","^0-=^3'/^7o^3!^0d^0=-^6","2","","bot:/botfiles/hardds4.jkb","1","2","2","3","682","624","36","40","38","45","0","2","0","0","seeing","low_force","86","0","98","273","225","0","0","0","0","0","0","0","0","0","682","0","0","0","0","0","0","0","0",""
"5","duel_participant","duel","722","361","bot:/botfiles/hardds4.jkb","New_Reborn","0","","iphash:1bdcbdb6","0","2","2","3","741","659","100","-16","0","33","1","3","2","0","unknown","low_force","5","0","207","151","378","38","245","56","332","0","0","0","0","70","0","0","0","0","0","0","0","0","0",""
"5","duel_participant","duel","723","362","iphash:1bdcbdb6","^0-=^3'/^7o^3!^0d^0=-^6","2","","bot:/botfiles/hardds4.jkb","1","2","2","3","785","685","0","92","7","36","0","4","0","0","unknown","low_force","94","108","78","337","168","0","0","0","0","0","0","0","0","0","785","0","0","0","0","0","0","0","0",""
"5","duel_participant","duel","724","362","bot:/botfiles/hardds4.jkb","New_Reborn","0","","iphash:1bdcbdb6","0","2","2","3","912","872","100","-13","0","39","1","5","6","0","pull","low_force","11","0","343","317","241","99","419","0","394","0","0","0","0","0","0","0","0","0","0","0","0","0","0",""
"5","duel_participant","duel","725","363","iphash:1bdcbdb6","^0-=^3'/^7o^3!^0d^0=-^6","2","","bot:/botfiles/hardds4.jkb","1","2","2","3","75","63","88","80","70","0","0","1","0","0","seeing","forced_entries","24","0","51","0","0","0","0","0","0","0","0","0","0","0","75","0","0","0","0","0","0","0","0",""
"5","duel_participant","duel","726","363","bot:/botfiles/hardds4.jkb","New_Reborn","0","","iphash:1bdcbdb6","0","2","2","3","68","68","100","100","40","0","1","0","0","0","pull","forced_entries","28","0","40","0","0","0","39","24","5","0","0","0","0","0","0","0","0","0","0","0","0","0","0",""
"5","duel_participant","duel","727","364","iphash:1bdcbdb6","^0-=^3'/^7o^3!^0d^0=-^6","2","","bot:/botfiles/stormpilot.jkb","1","2","2","3","156","118","56","82","70","0","1","2","0","0","unknown","saber_throw","37","0","79","0","40","0","0","0","0","0","0","0","0","0","156","0","0","0","0","0","0","0","0",""
"5","duel_participant","duel","728","364","bot:/botfiles/stormpilot.jkb","Pilot","0","","iphash:1bdcbdb6","0","2","2","3","228","223","100","-11","99","0","1","0","2","0","seeing","late_defense","31","0","178","19","0","63","64","57","20","0","0","0","0","0","24","0","0","0","0","0","0","0","0",""
"5","duel_participant","duel","729","365","user:void","void","1","","bot:/botfiles/stormpilot.jkb","1","2","2","3","156","94","38","100","98","0","0","0","0","0","seeing","late_defense","40","0","106","0","10","0","0","0","0","0","0","0","0","0","156","0","0","0","0","0","0","0","0",""
"5","duel_participant","duel","730","365","bot:/botfiles/stormpilot.jkb","Pilot","0","","user:void","0","2","2","3","110","56","100","-13","0","0","1","3","0","0","push","saber_throw","0","0","90","20","0","20","40","0","50","0","0","0","0","0","0","0","0","0","0","0","0","0","0",""
"5","duel_participant","duel","731","366","user:void","void","1","","bot:/botfiles/stormpilot.jkb","1","2","2","3","91","87","96","80","70","0","0","1","0","0","seeing","late_defense","21","0","70","0","0","0","0","0","0","0","0","0","0","0","91","0","0","0","0","0","0","0","0",""
"5","duel_participant","duel","732","366","bot:/botfiles/stormpilot.jkb","Pilot","0","","user:void","0","2","2","3","154","109","100","-11","0","1","0","3","1","0","push","low_force","0","0","134","20","0","19","60","0","75","0","0","0","0","0","0","0","0","0","0","0","0","0","0",""
"5","duel_participant","duel","733","367","user:void","void","1","","bot:/botfiles/stormpilot.jkb","1","2","2","3","199","156","57","100","99","0","0","0","0","0","seeing","late_defense","37","0","150","0","12","0","0","0","0","0","0","0","0","0","199","0","0","0","0","0","0","0","0",""
"5","duel_participant","duel","734","367","bot:/botfiles/stormpilot.jkb","Pilot","0","","user:void","0","2","2","3","92","92","100","-39","100","0","4","0","1","0","pull","grip_control","5","0","87","0","0","0","77","0","15","0","0","0","0","0","0","0","0","0","0","0","0","0","0",""
"5","duel_participant","duel","735","368","user:void","void","1","","bot:/botfiles/stormpilot.jkb","1","2","2","3","166","130","58","80","98","0","0","0","0","0","seeing","forced_entries","42","0","83","0","41","0","0","0","0","0","0","0","0","0","166","0","0","0","0","0","0","0","0",""
"5","duel_participant","duel","736","368","bot:/botfiles/stormpilot.jkb","Pilot","0","","user:void","0","2","2","3","83","83","100","-1","58","0","4","0","0","0","push","grip_control","0","0","64","19","0","20","63","0","0","0","0","0","0","0","0","0","0","0","0","0","0","0","0",""
"5","duel_participant","duel","737","369","user:void","void","1","","bot:/botfiles/easyds2.jkb","1","2","2","3","0","0","100","100","99","0","0","0","0","0","","linear_entries","0","0","0","0","0","0","0","0","0","0","0","0","0","0","0","0","0","0","0","0","0","0","0",""
"5","duel_participant","duel","738","369","bot:/botfiles/easyds2.jkb","Stormtrooper","0","","user:void","0","2","2","3","0","0","100","-21","0","0","0","0","0","0","","linear_entries","0","0","0","0","0","0","0","0","0","0","0","0","0","0","0","0","0","0","0","0","0","0","0",""
"5","duel_participant","duel","739","370","user:void","void","1","","bot:/botfiles/easyds2.jkb","1","2","2","3","370","298","22","92","99","21","0","0","1","0","seeing","low_force","77","0","125","48","120","0","0","0","0","0","0","0","0","0","370","0","0","0","0","0","0","0","0",""
"5","duel_participant","duel","740","370","bot:/botfiles/easyds2.jkb","Stormtrooper","0","","user:void","0","2","2","3","497","467","100","-2","98","4","4","0","1","0","pull","low_force","99","0","160","223","15","113","203","5","176","0","0","0","0","0","0","0","0","0","0","0","0","0","0",""
"5","duel_participant","duel","741","371","user:void","void","1","","bot:/botfiles/mediumds.jkb","1","2","2","3","264","190","26","60","70","3","0","1","0","0","seeing","low_force","73","0","127","60","4","0","0","0","0","0","0","0","0","0","264","0","0","0","0","0","0","0","0",""
"5","duel_participant","duel","742","371","bot:/botfiles/mediumds.jkb","galak","0","","user:void","0","2","2","3","225","220","100","-30","0","0","2","6","1","0","push","saber_throw","78","0","80","24","43","37","138","45","5","0","0","0","0","0","0","0","0","0","0","0","0","0","0",""
"5","duel_participant","duel","743","372","user:void","void","1","","bot:/botfiles/mediumds.jkb","1","2","2","3","960","869","3","96","9","40","0","3","3","0","seeing","low_force","271","13","125","408","143","0","0","0","0","0","0","0","0","0","960","0","0","0","0","0","0","0","0",""
"5","duel_participant","duel","744","372","bot:/botfiles/mediumds.jkb","galak","0","","user:void","0","2","2","3","1090","1049","100","-7","0","42","2","6","3","0","drain","low_force","213","0","351","303","223","114","414","117","445","0","0","0","0","0","0","0","0","0","0","0","0","0","0",""
"5","duel_participant","duel","745","373","bot:/botfiles/mediumds.jkb","galak","0","","user:void","1","2","2","3","606","514","8","100","0","14","0","3","1","0","pull","low_force","79","43","181","142","161","62","281","51","210","0","0","0","0","0","0","2","0","0","0","0","0","0","0",""
"5","duel_participant","duel","746","373","user:void","void","1","","bot:/botfiles/mediumds.jkb","0","2","2","3","436","436","100","-6","0","12","1","6","1","0","unknown","low_force","0","0","217","174","45","0","0","0","0","0","0","0","0","0","436","0","0","0","0","0","0","0","0",""
"5","duel_participant","duel","747","374","user:void","void","1","","bot:/botfiles/mediumds.jkb","1","2","2","3","947","866","13","100","99","59","0","0","2","0","seeing","low_force","145","24","161","446","171","0","0","0","0","0","0","0","0","0","947","0","0","0","0","0","0","0","0",""
"5","duel_participant","duel","748","374","bot:/botfiles/mediumds.jkb","galak","0","","user:void","0","2","2","3","914","914","100","-8","8","43","2","5","5","0","push","low_force","125","0","182","338","269","181","252","0","481","0","0","0","0","0","0","0","0","0","0","0","0","0","0",""
"5","duel_participant","duel","749","375","user:void","void","1","","bot:/botfiles/mediumds.jkb","1","2","2","3","163","105","36","70","38","0","1","2","1","0","unknown","late_defense","0","0","130","0","33","0","0","0","0","0","0","0","0","0","163","0","0","0","0","0","0","0","0",""
"5","duel_participant","duel","750","375","bot:/botfiles/mediumds.jkb","galak","0","","user:void","0","2","2","3","197","197","100","-8","39","2","1","0","0","0","drain","low_force","40","0","149","8","0","0","97","76","24","0","0","0","0","0","0","0","0","0","0","0","0","0","0",""
"5","duel_participant","duel","751","376","user:void","void","1","","bot:/botfiles/mediumds3.jkb","1","2","2","3","1021","937","10","80","69","58","0","1","2","0","seeing","low_force","180","45","136","486","174","0","0","0","0","0","0","0","0","0","1021","0","0","0","0","0","0","0","0",""
"5","duel_participant","duel","752","376","bot:/botfiles/mediumds3.jkb","Reborn","0","","user:void","0","2","2","3","952","932","100","-1","0","58","1","5","0","0","drain","low_force","61","0","246","526","119","42","371","0","539","0","0","0","0","0","0","0","0","0","0","0","0","0","0",""
"5","duel_participant","duel","753","377","user:void","void","1","","bot:/botfiles/mediumds3.jkb","1","2","2","3","362","289","27","91","97","6","1","0","0","0","seeing","low_force","89","51","86","90","46","0","0","0","0","0","0","0","0","0","362","0","0","0","0","0","0","0","0",""
"5","duel_participant","duel","754","377","bot:/botfiles/mediumds3.jkb","Reborn","0","","user:void","0","2","2","3","295","295","100","-1","0","12","0","5","1","0","unknown","low_force","0","0","192","84","19","18","38","32","207","0","0","0","0","0","0","0","0","0","0","0","0","0","0",""
"5","duel_participant","duel","755","378","bot:/botfiles/mediumds3.jkb","Reborn","0","","user:void","1","2","2","3","1442","1437","95","100","0","26","1","5","1","0","seeing","low_force","229","19","955","182","57","111","660","367","257","0","0","0","0","0","25","22","0","0","0","0","0","0","0",""
"5","duel_participant","duel","756","378","user:void","void","1","","bot:/botfiles/mediumds3.jkb","0","2","2","3","727","727","100","-16","0","6","4","7","3","0","seeing","low_force","127","70","404","58","68","0","0","0","0","0","0","0","0","0","727","0","0","0","0","0","0","0","0",""
"5","duel_participant","duel","757","379","user:void","void","1","","bot:/botfiles/mediumds3.jkb","1","2","2","3","159","102","37","80","99","0","0","0","0","0","seeing","forced_entries","50","0","58","0","51","0","0","0","0","0","0","0","0","0","159","0","0","0","0","0","0","0","0",""
"5","duel_participant","duel","758","379","bot:/botfiles/mediumds3.jkb","Reborn","0","","user:void","0","2","2","3","254","229","100","-4","99","0","2","0","3","0","pull","knockdown","36","0","159","59","0","37","158","0","59","0","0","0","0","0","0","0","0","0","0","0","0","0","0",""
"5","duel_participant","duel","759","380","user:void","void","1","","bot:/botfiles/mediumds3.jkb","1","2","2","3","646","546","0","80","70","47","0","1","3","0","seeing","low_force","24","33","98","354","137","0","0","0","0","0","0","0","0","0","646","0","0","0","0","0","0","0","0",""
"5","duel_participant","duel","760","380","bot:/botfiles/mediumds3.jkb","Reborn","0","","user:void","0","2","2","3","665","653","100","-10","0","42","0","4","1","0","push","low_force","35","0","123","222","285","17","290","0","358","0","0","0","0","0","0","0","0","0","0","0","0","0","0",""
"5","duel_participant","duel","761","381","user:void","void","1","","bot:/botfiles/mediumds3.jkb","1","2","2","3","745","655","10","60","97","28","0","2","2","0","unknown","low_force","119","80","20","351","175","0","0","0","0","0","0","0","0","0","745","0","0","0","0","0","0","0","0",""
"5","duel_participant","duel","762","381","bot:/botfiles/mediumds3.jkb","Reborn","0","","user:void","0","2","2","3","797","796","100","-2","0","29","0","3","2","0","pull","low_force","0","0","313","384","100","148","551","20","78","0","0","0","0","0","0","0","0","0","0","0","0","0","0",""
"5","duel_participant","duel","763","382","user:void","void","1","","bot:/botfiles/mediumds3.jkb","1","2","2","3","218","174","56","96","67","0","0","1","0","0","seeing","late_defense","45","0","130","0","43","0","0","0","0","0","0","0","0","0","218","0","0","0","0","0","0","0","0",""
"5","duel_participant","duel","764","382","bot:/botfiles/mediumds3.jkb","Reborn","0","","user:void","0","2","2","3","107","67","100","-20","0","0","0","3","1","0","pull","saber_throw","0","0","67","40","0","18","64","20","5","0","0","0","0","0","0","0","0","0","0","0","0","0","0",""
"5","duel_participant","duel","765","383","iphash:1bdcbdb6","^0-=^3'/^7o^3!^0d^0=-^6","2","","bot:/botfiles/easyds2.jkb","1","2","2","3","73","9","30","100","100","0","0","0","0","0","seeing","forced_entries","0","0","65","0","8","0","0","0","0","0","0","0","0","0","73","0","0","0","0","0","0","0","0",""
"5","duel_participant","duel","766","383","bot:/botfiles/easyds2.jkb","Stormtrooper","0","","iphash:1bdcbdb6","0","2","2","3","0","0","100","-8","100","0","1","0","1","0","","grip_control","0","0","0","0","0","0","0","0","0","0","0","0","0","0","0","0","0","0","0","0","0","0","0",""
"5","duel_participant","duel","767","384","iphash:1bdcbdb6","^0-=^3'/^7o^3!^0d^0=-^6","2","","bot:/botfiles/mediumds.jkb","1","2","2","3","264","207","43","72","100","0","1","0","1","0","seeing","forced_entries","20","0","151","15","78","0","0","0","0","0","0","0","0","0","264","0","0","0","0","0","0","0","0",""
"5","duel_participant","duel","768","384","bot:/botfiles/mediumds.jkb","Cultist","0","","iphash:1bdcbdb6","0","2","2","3","334","334","100","-8","97","9","1","0","0","0","grip","low_force","82","0","199","37","16","8","68","154","104","0","0","0","0","0","0","0","0","0","0","0","0","0","0",""
"5","duel_participant","duel","769","385","iphash:1bdcbdb6","^0-=^3'/^7o^3!^0d^0=-^6","2","","bot:/botfiles/mediumds.jkb","1","2","2","3","200","141","35","80","100","0","0","0","2","0","seeing","knockdown","105","0","93","0","2","0","0","0","0","0","0","0","0","0","200","0","0","0","0","0","0","0","0",""
"5","duel_participant","duel","770","385","bot:/botfiles/mediumds.jkb","Cultist","0","","iphash:1bdcbdb6","0","2","2","3","198","198","100","-10","98","0","2","1","2","0","speed","late_defense","70","0","128","0","0","58","52","20","44","0","0","0","0","24","0","0","0","0","0","0","0","0","0",""
"5","duel_participant","duel","771","386","iphash:1bdcbdb6","^0-=^3'/^7o^3!^0d^0=-^6","2","","bot:/botfiles/mediumds.jkb","1","2","2","3","445","360","9","100","39","8","0","2","1","0","unknown","low_force","0","0","110","84","251","0","0","0","0","0","0","0","0","0","445","0","0","0","0","0","0","0","0",""
"5","duel_participant","duel","772","386","bot:/botfiles/mediumds.jkb","Cultist","0","","iphash:1bdcbdb6","0","2","2","3","322","240","100","-12","10","20","0","2","1","0","pull","low_force","16","0","212","94","0","28","178","0","38","0","0","0","0","78","0","0","0","0","0","0","0","0","0",""
"5","duel_participant","duel","773","387","iphash:1bdcbdb6","^0-=^3'/^7o^3!^0d^0=-^6","2","","bot:/botfiles/mediumds.jkb","1","2","2","3","430","357","27","80","67","13","0","2","1","0","unknown","low_force","53","43","74","144","116","0","0","0","0","0","0","0","0","0","430","0","0","0","0","0","0","0","0",""
"5","duel_participant","duel","774","387","bot:/botfiles/mediumds.jkb","Cultist","0","","iphash:1bdcbdb6","0","2","2","3","406","371","100","-6","0","26","0","3","2","0","drain","low_force","96","0","148","139","23","118","119","20","149","0","0","0","0","0","0","0","0","0","0","0","0","0","0",""
"5","duel_participant","duel","775","388","iphash:1bdcbdb6","^0-=^3'/^7o^3!^0d^0=-^6","2","","bot:/botfiles/mediumds.jkb","1","2","2","3","69","14","39","80","100","0","0","0","0","0","seeing","forced_entries","0","0","58","0","11","0","0","0","0","0","0","0","0","0","69","0","0","0","0","0","0","0","0",""
"5","duel_participant","duel","776","388","bot:/botfiles/mediumds.jkb","Cultist","0","","iphash:1bdcbdb6","0","2","2","3","4","4","100","-8","99","0","1","0","0","0","push","grip_control","4","0","0","0","0","4","0","0","0","0","0","0","0","0","0","0","0","0","0","0","0","0","0",""
"5","duel_participant","duel","777","389","iphash:1bdcbdb6","^0-=^3'/^7o^3!^0d^0=-^6","2","","bot:/botfiles/mediumds.jkb","1","2","2","3","282","199","17","100","40","6","0","2","0","0","unknown","low_force","48","0","42","87","105","0","0","0","0","0","0","0","0","0","282","0","0","0","0","0","0","0","0",""
"5","duel_participant","duel","778","389","bot:/botfiles/mediumds.jkb","Saboteur","0","","iphash:1bdcbdb6","0","2","2","3","252","252","100","-10","0","2","0","4","1","0","pull","low_force","0","0","119","133","0","62","64","0","126","0","0","0","0","0","0","0","0","0","0","0","0","0","0",""
"5","duel_participant","duel","779","390","iphash:1bdcbdb6","^0-=^3'/^7o^3!^0d^0=-^6","2","","bot:/botfiles/mediumds.jkb","1","2","2","3","51","10","59","100","100","0","0","0","0","0","seeing","forced_entries","0","0","51","0","0","0","0","0","0","0","0","0","0","0","51","0","0","0","0","0","0","0","0",""
"5","duel_participant","duel","780","390","bot:/botfiles/mediumds.jkb","Saboteur","0","","iphash:1bdcbdb6","0","2","2","3","0","0","100","-39","70","0","1","0","1","0","","grip_control","0","0","0","0","0","0","0","0","0","0","0","0","0","0","0","0","0","0","0","0","0","0","0",""
"5","duel_participant","duel","781","391","iphash:1bdcbdb6","^0-=^3'/^7o^3!^0d^0=-^6","2","","bot:/botfiles/mediumds.jkb","1","2","2","3","292","200","8","100","68","17","0","1","1","0","seeing","low_force","20","0","135","137","0","0","0","0","0","0","0","0","0","0","292","0","0","0","0","0","0","0","0",""
"5","duel_participant","duel","782","391","bot:/botfiles/mediumds.jkb","Saboteur","0","","iphash:1bdcbdb6","0","2","2","3","241","236","100","-27","0","1","0","5","1","0","unknown","saber_throw","0","0","101","43","97","38","58","6","139","0","0","0","0","0","0","0","0","0","0","0","0","0","0",""
"5","duel_participant","duel","783","392","iphash:1bdcbdb6","^0-=^3'/^7o^3!^0d^0=-^6","2","","bot:/botfiles/mediumds.jkb","1","2","2","3","611","526","9","84","69","23","0","1","4","0","unknown","low_force","249","0","119","165","78","0","0","0","0","0","0","0","0","0","611","0","0","0","0","0","0","0","0",""
"5","duel_participant","duel","784","392","bot:/botfiles/mediumds.jkb","Saboteur","0","","iphash:1bdcbdb6","0","2","2","3","705","609","100","-1","0","11","0","5","2","0","drain","low_force","36","0","390","199","80","78","98","92","437","0","0","0","0","0","0","0","0","0","0","0","0","0","0",""
"5","duel_participant","duel","785","393","iphash:1bdcbdb6","^0-=^3'/^7o^3!^0d^0=-^6","2","","iphash:0abdb541","1","2","2","3","552","532","80","100","59","5","2","0","0","0","seeing","low_force","258","5","217","54","18","0","0","0","0","0","0","0","0","0","552","0","0","0","0","0","0","0","0",""
"5","duel_participant","duel","786","393","iphash:0abdb541","BK","2","","iphash:1bdcbdb6","0","2","2","3","468","468","100","-7","0","6","0","5","0","0","unknown","low_force","0","0","382","86","0","0","0","240","0","0","0","0","0","228","0","0","0","0","0","0","0","0","0",""
"5","duel_participant","duel","787","394","iphash:1bdcbdb6","^0-=^3'/^7o^3!^0d^0=-^6","2","","iphash:0abdb541","1","2","2","3","740","668","28","70","0","45","5","0","2","0","seeing","low_force","153","0","92","346","149","0","0","0","0","0","0","0","0","0","740","0","0","0","0","0","0","0","0",""
"5","duel_participant","duel","788","394","iphash:0abdb541","BK","2","","iphash:1bdcbdb6","0","2","2","3","689","689","100","-6","0","44","0","3","2","0","grip","low_force","87","0","158","309","135","0","0","556","0","0","0","0","0","133","0","0","0","0","0","0","0","0","0",""
"5","duel_participant","duel","789","395","iphash:1bdcbdb6","^0-=^3'/^7o^3!^0d^0=-^6","2","","iphash:0abdb541","1","2","2","3","883","788","0","25","0","67","5","2","4","0","unknown","low_force","54","0","285","472","72","0","0","0","0","0","0","0","0","0","883","0","0","0","0","0","0","0","0",""
"5","duel_participant","duel","790","395","iphash:0abdb541","BK","2","","iphash:1bdcbdb6","0","2","2","3","966","949","100","-10","0","57","0","6","2","0","speed","low_force","222","5","137","296","306","432","0","0","0","0","0","0","0","534","0","0","0","0","0","0","0","0","0",""
"5","duel_participant","duel","791","396","iphash:1bdcbdb6","^0-=^3'/^7o^3!^0d^0=-^6","2","","iphash:0abdb541","1","2","2","3","471","389","12","80","0","29","2","2","0","0","seeing","low_force","8","0","122","251","90","0","0","0","0","0","0","0","0","0","471","0","0","0","0","0","0","0","0",""
"5","duel_participant","duel","792","396","iphash:0abdb541","BK","2","","iphash:1bdcbdb6","0","2","2","3","413","341","100","0","0","31","0","3","2","0","push","low_force","44","5","113","251","0","413","0","0","0","0","0","0","0","0","0","0","0","0","0","0","0","0","0",""
"5","duel_participant","duel","793","397","iphash:1bdcbdb6","^0-=^3'/^7o^3!^0d^0=-^6","2","","iphash:0abdb541","1","2","2","3","203","103","0","59","0","18","0","1","0","0","seeing","low_force","0","0","75","128","0","0","0","0","0","0","0","0","0","0","203","0","0","0","0","0","0","0","0",""
"5","duel_participant","duel","794","397","iphash:0abdb541","BK","2","","iphash:1bdcbdb6","0","2","2","3","228","194","100","-19","0","1","0","6","1","0","push","saber_throw","5","0","46","58","119","228","0","0","0","0","0","0","0","0","0","0","0","0","0","0","0","0","0",""
"5","duel_participant","duel","795","398","iphash:0abdb541","BK","2","","iphash:1bdcbdb6","1","2","2","3","109","69","60","80","68","0","0","1","0","0","push","linear_entries","56","0","0","0","53","109","0","0","0","0","0","0","0","0","0","0","0","0","0","0","0","0","0",""
"5","duel_participant","duel","796","398","iphash:1bdcbdb6","^0-=^3'/^7o^3!^0d^0=-^6","2","","iphash:0abdb541","0","2","2","3","140","92","100","-25","0","2","1","0","0","0","seeing","low_force","0","0","40","100","0","0","0","0","0","0","0","0","0","0","140","0","0","0","0","0","0","0","0",""
"5","duel_participant","duel","797","399","iphash:0abdb541","BK","2","","iphash:1bdcbdb6","1","2","2","3","121","61","34","100","100","13","0","0","0","0","push","low_force","52","0","45","24","0","121","0","0","0","0","0","0","0","0","0","0","0","0","0","0","0","0","0",""
"5","duel_participant","duel","798","399","iphash:1bdcbdb6","^0-=^3'/^7o^3!^0d^0=-^6","2","","iphash:0abdb541","0","2","2","3","186","129","100","-19","99","1","5","0","1","0","seeing","grip_control","77","0","40","50","19","0","0","0","0","0","0","0","0","0","186","0","0","0","0","0","0","0","0",""
"5","duel_participant","duel","799","400","iphash:0abdb541","BK","2","","iphash:1bdcbdb6","1","2","2","3","187","87","0","100","70","7","0","0","0","0","push","low_force","5","0","70","84","28","187","0","0","0","0","0","0","0","0","0","0","0","0","0","0","0","0","0",""
"5","duel_participant","duel","800","400","iphash:1bdcbdb6","^0-=^3'/^7o^3!^0d^0=-^6","2","","iphash:0abdb541","0","2","2","3","115","106","100","-3","0","0","0","4","1","0","unknown","saber_throw","0","0","49","51","15","0","0","0","0","0","0","0","0","0","115","0","0","0","0","0","0","0","0",""
"5","duel_participant","duel","801","401","iphash:1bdcbdb6","^0-=^3'/^7o^3!^0d^0=-^6","2","","iphash:0abdb541","1","2","2","3","332","233","0","54","0","24","0","3","1","0","seeing","low_force","53","0","112","167","0","0","0","0","0","0","0","0","0","0","332","0","0","0","0","0","0","0","0",""
"5","duel_participant","duel","802","401","iphash:0abdb541","BK","2","","iphash:1bdcbdb6","0","2","2","3","263","213","100","-12","0","7","0","7","0","0","unknown","low_force","72","0","20","41","130","263","0","0","0","0","0","0","0","0","0","0","0","0","0","0","0","0","0",""
"5","duel_participant","duel","803","402","iphash:0abdb541","BK","2","","iphash:1bdcbdb6","1","2","2","3","144","63","13","100","100","6","0","0","0","0","push","low_force","13","0","102","29","0","144","0","0","0","0","0","0","0","0","0","0","0","0","0","0","0","0","0",""
"5","duel_participant","duel","804","402","iphash:1bdcbdb6","^0-=^3'/^7o^3!^0d^0=-^6","2","","iphash:0abdb541","0","2","2","3","107","58","100","-10","100","0","4","0","1","0","seeing","grip_control","38","0","69","0","0","0","0","0","0","0","0","0","0","0","107","0","0","0","0","0","0","0","0",""
"5","duel_participant","duel","805","403","iphash:0abdb541","BK","2","","iphash:1bdcbdb6","1","2","2","3","448","356","2","80","9","21","1","3","2","0","unknown","low_force","54","0","149","126","119","448","0","0","0","0","0","0","0","0","0","0","0","0","0","0","0","0","0",""
"5","duel_participant","duel","806","403","iphash:1bdcbdb6","^0-=^3'/^7o^3!^0d^0=-^6","2","","iphash:0abdb541","0","2","2","3","453","357","100","-5","0","18","0","3","0","0","seeing","low_force","0","0","259","103","91","0","0","0","0","0","0","0","0","0","453","0","0","0","0","0","0","0","0",""
"5","duel_participant","duel","807","404","iphash:0abdb541","BK","2","","iphash:1bdcbdb6","1","2","2","3","804","720","10","45","0","53","0","4","1","0","push","low_force","81","0","130","446","147","804","0","0","0","0","0","0","0","0","0","0","0","0","0","0","0","0","0",""
"5","duel_participant","duel","808","404","iphash:1bdcbdb6","^0-=^3'/^7o^3!^0d^0=-^6","2","","iphash:0abdb541","0","2","2","3","796","735","100","-12","0","46","3","2","1","0","seeing","low_force","151","0","101","324","220","0","0","0","0","0","0","0","0","0","796","0","0","0","0","0","0","0","0",""
"5","duel_participant","duel","809","405","iphash:0abdb541","BK","2","","iphash:1bdcbdb6","1","2","2","3","169","85","16","80","40","7","0","3","1","0","unknown","low_force","51","5","64","45","4","169","0","0","0","0","0","0","0","0","0","0","0","0","0","0","0","0","0",""
"5","duel_participant","duel","810","405","iphash:1bdcbdb6","^0-=^3'/^7o^3!^0d^0=-^6","2","","iphash:0abdb541","0","2","2","3","166","126","100","-12","0","4","0","5","2","0","seeing","low_force","0","0","105","36","25","0","0","0","0","0","0","0","0","0","166","0","0","0","0","0","0","0","0",""
"5","duel_participant","duel","811","406","iphash:1bdcbdb6","^0-=^3'/^7o^3!^0d^0=-^6","2","","iphash:0abdb541","1","2","2","3","246","146","0","77","0","7","0","3","0","0","seeing","low_force","54","38","56","63","35","0","0","0","0","0","0","0","0","0","246","0","0","0","0","0","0","0","0",""
"5","duel_participant","duel","812","406","iphash:0abdb541","BK","2","","iphash:1bdcbdb6","0","2","2","3","215","165","100","-5","0","4","0","4","0","0","unknown","low_force","5","0","127","68","15","215","0","0","0","0","0","0","0","0","0","0","0","0","0","0","0","0","0",""
"5","duel_participant","duel","813","407","iphash:0abdb541","BK","2","","iphash:1bdcbdb6","1","2","2","3","1093","993","0","33","9","90","1","6","2","0","unknown","low_force","200","5","60","563","265","1093","0","0","0","0","0","0","0","0","0","0","0","0","0","0","0","0","0",""
"5","duel_participant","duel","814","407","iphash:1bdcbdb6","^0-=^3'/^7o^3!^0d^0=-^6","2","","iphash:0abdb541","0","2","2","3","1170","1133","100","-13","0","60","1","8","4","0","seeing","low_force","0","0","183","541","446","0","0","0","0","0","0","0","0","0","1170","0","0","0","0","0","0","0","0",""
"5","duel_participant","duel","815","408","iphash:1bdcbdb6","^0-=^3'/^7o^3!^0d^0=-^6","2","","iphash:0abdb541","1","2","2","3","282","182","0","14","0","6","4","1","0","0","seeing","low_force","85","0","48","139","10","0","0","0","0","0","0","0","0","0","282","0","0","0","0","0","0","0","0",""
"5","duel_participant","duel","816","408","iphash:0abdb541","BK","2","","iphash:1bdcbdb6","0","2","2","3","175","121","100","-10","0","3","0","1","0","0","unknown","low_force","76","0","0","68","31","155","0","0","0","0","0","0","0","20","0","0","0","0","0","0","0","0","0",""
"5","duel_participant","duel","817","409","iphash:1bdcbdb6","^0-=^3'/^7o^3!^0d^0=-^6","2","","iphash:0abdb541","1","2","2","3","731","638","1","78","38","41","2","1","1","0","seeing","low_force","73","0","161","432","65","0","0","0","0","0","0","0","0","0","731","0","0","0","0","0","0","0","0",""
"5","duel_participant","duel","818","409","iphash:0abdb541","BK","2","","iphash:1bdcbdb6","0","2","2","3","665","567","100","-18","0","48","0","5","2","0","speed","low_force","106","0","111","289","159","0","0","0","0","0","0","0","0","665","0","0","0","0","0","0","0","0","0",""
"5","duel_participant","duel","819","410","iphash:0abdb541","BK","2","","iphash:1bdcbdb6","1","2","2","3","134","34","0","40","40","8","0","3","0","0","speed","low_force","40","0","20","46","28","0","0","0","0","0","0","0","0","134","0","0","0","0","0","0","0","0","0",""
"5","duel_participant","duel","820","410","iphash:1bdcbdb6","^0-=^3'/^7o^3!^0d^0=-^6","2","","iphash:0abdb541","0","2","2","3","157","82","100","-5","0","1","0","3","0","0","seeing","low_force","0","0","51","71","35","0","0","0","0","0","0","0","0","0","157","0","0","0","0","0","0","0","0",""
"5","duel_participant","duel","821","411","iphash:1bdcbdb6","^0-=^3'/^7o^3!^0d^0=-^6","2","","iphash:0abdb541","1","2","2","3","390","290","0","92","7","11","0","6","1","0","seeing","low_force","48","5","120","93","124","0","0","0","0","0","0","0","0","0","390","0","0","0","0","0","0","0","0",""
"5","duel_participant","duel","822","411","iphash:0abdb541","BK","2","","iphash:1bdcbdb6","0","2","2","3","359","279","100","-8","0","15","2","5","0","0","speed","low_force","39","0","66","214","40","0","0","0","0","0","0","0","0","359","0","0","0","0","0","0","0","0","0",""
"5","duel_participant","duel","823","412","iphash:0abdb541","BK","2","","iphash:1bdcbdb6","1","2","2","3","439","340","1","45","0","11","1","6","0","0","unknown","low_force","0","0","303","107","29","0","0","0","0","0","0","0","0","439","0","0","0","0","0","0","0","0","0",""
"5","duel_participant","duel","824","412","iphash:1bdcbdb6","^0-=^3'/^7o^3!^0d^0=-^6","2","","iphash:0abdb541","0","2","2","3","484","484","80","-1","0","14","3","2","0","0","seeing","low_force","103","71","124","105","81","0","0","0","0","0","0","0","0","0","484","0","0","0","0","0","0","0","0",""
"5","duel_participant","duel","825","413","iphash:0abdb541","BK","2","","iphash:1bdcbdb6","1","2","2","3","154","84","30","50","0","0","0","3","0","0","speed","saber_throw","88","0","17","0","49","0","0","0","0","0","0","0","0","154","0","0","0","0","0","0","0","0","0",""
"5","duel_participant","duel","826","413","iphash:1bdcbdb6","^0-=^3'/^7o^3!^0d^0=-^6","2","","iphash:0abdb541","0","2","2","3","206","125","100","-20","0","7","0","3","0","0","seeing","low_force","25","0","84","97","0","0","0","0","0","0","0","0","0","0","206","0","0","0","0","0","0","0","0",""
"5","duel_participant","duel","827","414","iphash:0abdb541","BK","2","","iphash:1bdcbdb6","1","2","2","3","573","501","28","44","0","33","1","5","2","0","speed","low_force","8","0","169","214","182","0","0","0","0","0","0","0","0","573","0","0","0","0","0","0","0","0","0",""
"5","duel_participant","duel","828","414","iphash:1bdcbdb6","^0-=^3'/^7o^3!^0d^0=-^6","2","","iphash:0abdb541","0","2","2","3","559","500","100","-5","60","39","1","0","1","0","seeing","low_force","125","40","75","254","65","0","0","0","0","0","0","0","0","0","559","0","0","0","0","0","0","0","0",""
"5","duel_participant","duel","829","415","iphash:0abdb541","BK","2","","iphash:1bdcbdb6","1","2","2","3","411","320","3","67","0","21","0","5","1","0","speed","low_force","20","5","96","118","172","0","0","0","0","0","0","0","0","411","0","0","0","0","0","0","0","0","0",""
"5","duel_participant","duel","830","415","iphash:1bdcbdb6","^0-=^3'/^7o^3!^0d^0=-^6","2","","iphash:0abdb541","0","2","2","3","374","282","100","-9","0","30","0","3","0","0","seeing","low_force","8","0","81","205","80","0","0","0","0","0","0","0","0","0","374","0","0","0","0","0","0","0","0",""
"5","duel_participant","duel","831","416","iphash:1bdcbdb6","^0-=^3'/^7o^3!^0d^0=-^6","2","","iphash:0abdb541","1","2","2","3","858","759","1","62","0","45","5","0","2","0","seeing","low_force","266","40","54","376","122","0","0","0","0","0","0","0","0","0","858","0","0","0","0","0","0","0","0",""
"5","duel_participant","duel","832","416","iphash:0abdb541","BK","2","","iphash:1bdcbdb6","0","2","2","3","989","971","100","-14","0","38","1","9","3","0","speed","low_force","0","0","428","229","332","0","0","0","0","0","0","0","0","989","0","0","0","0","0","0","0","0","0",""
"5","duel_participant","duel","833","417","iphash:1bdcbdb6","^0-=^3'/^7o^3!^0d^0=-^6","2","","iphash:0abdb541","1","2","2","3","339","285","40","23","0","13","1","4","0","0","seeing","low_force","50","0","46","193","50","0","0","0","0","0","0","0","0","0","339","0","0","0","0","0","0","0","0",""
"5","duel_participant","duel","834","417","iphash:0abdb541","BK","2","","iphash:1bdcbdb6","0","2","2","3","287","192","100","-13","0","21","0","2","0","0","unknown","low_force","58","0","47","161","21","0","0","0","0","0","0","0","0","287","0","0","0","0","0","0","0","0","0",""
"5","duel_participant","duel","835","418","iphash:0abdb541","BK","2","","iphash:1bdcbdb6","1","2","2","3","103","34","25","100","100","2","0","0","0","0","speed","low_force","9","0","63","20","11","0","0","0","0","0","0","0","0","103","0","0","0","0","0","0","0","0","0",""
"5","duel_participant","duel","836","418","iphash:1bdcbdb6","^0-=^3'/^7o^3!^0d^0=-^6","2","","iphash:0abdb541","0","2","2","3","107","71","100","-19","99","0","4","0","0","0","seeing","grip_control","0","0","57","50","0","0","0","0","0","0","0","0","0","0","107","0","0","0","0","0","0","0","0",""
"5","duel_participant","duel","837","419","iphash:0abdb541","BK","2","","iphash:1bdcbdb6","1","2","2","3","104","93","65","14","99","0","1","0","1","0","speed","forced_entries","13","0","72","0","19","0","0","0","0","0","0","0","0","104","0","0","0","0","0","0","0","0","0",""
"5","duel_participant","duel","838","419","iphash:1bdcbdb6","^0-=^3'/^7o^3!^0d^0=-^6","2","","iphash:0abdb541","0","2","2","3","117","25","100","-4","100","17","1","0","1","0","seeing","low_force","0","0","90","27","0","0","0","0","0","0","0","0","0","0","117","0","0","0","0","0","0","0","0",""
"5","duel_participant","duel","839","420","iphash:0abdb541","BK","2","","iphash:1bdcbdb6","1","2","2","3","284","193","9","100","0","5","0","3","0","0","unknown","low_force","53","0","75","43","113","0","0","0","0","0","0","0","0","284","0","0","0","0","0","0","0","0","0",""
"5","duel_participant","duel","840","420","iphash:1bdcbdb6","^0-=^3'/^7o^3!^0d^0=-^6","2","","iphash:0abdb541","0","2","2","3","306","227","100","-18","0","16","2","1","0","0","seeing","low_force","77","0","126","103","0","0","0","0","0","0","0","0","0","0","306","0","0","0","0","0","0","0","0",""
"5","duel_participant","duel","841","421","iphash:1bdcbdb6","^0-=^3'/^7o^3!^0d^0=-^6","2","","iphash:0abdb541","1","2","2","3","286","266","80","100","0","10","4","1","0","0","seeing","low_force","88","0","45","108","45","0","0","0","0","0","0","0","0","0","286","0","0","0","0","0","0","0","0",""
"5","duel_participant","duel","842","421","iphash:0abdb541","BK","2","","iphash:1bdcbdb6","0","2","2","3","290","276","100","-3","0","18","0","3","1","0","unknown","low_force","78","0","67","64","81","0","0","49","0","0","0","0","0","241","0","0","0","0","0","0","0","0","0",""
"5","duel_participant","duel","843","422","iphash:0abdb541","BK","2","","iphash:1bdcbdb6","1","2","2","3","254","154","0","42","0","6","2","2","0","0","grip","low_force","154","0","0","75","25","0","0","254","0","0","0","0","0","0","0","0","0","0","0","0","0","0","0",""
"5","duel_participant","duel","844","422","iphash:1bdcbdb6","^0-=^3'/^7o^3!^0d^0=-^6","2","","iphash:0abdb541","0","2","2","3","263","187","100","-8","0","9","0","2","0","0","seeing","low_force","19","0","169","70","5","0","0","0","0","0","0","0","0","0","263","0","0","0","0","0","0","0","0",""
"5","duel_participant","duel","845","423","iphash:1bdcbdb6","^0-=^3'/^7o^3!^0d^0=-^6","2","","iphash:0abdb541","1","2","2","3","221","121","0","81","0","9","0","2","0","0","seeing","low_force","10","0","140","71","0","0","0","0","0","0","0","0","0","0","221","0","0","0","0","0","0","0","0",""
"5","duel_participant","duel","846","423","iphash:0abdb541","BK","2","","iphash:1bdcbdb6","0","2","2","3","167","115","100","-1","0","1","0","4","1","0","unknown","low_force","28","24","20","15","80","0","0","167","0","0","0","0","0","0","0","0","0","0","0","0","0","0","0",""
"5","duel_participant","duel","847","424","iphash:0abdb541","BK","2","","iphash:1bdcbdb6","1","2","2","3","786","696","4","59","0","60","0","2","2","0","grip","low_force","165","0","64","356","201","0","0","786","0","0","0","0","0","0","0","0","0","0","0","0","0","0","0",""
"5","duel_participant","duel","848","424","iphash:1bdcbdb6","^0-=^3'/^7o^3!^0d^0=-^6","2","","iphash:0abdb541","0","2","2","3","958","860","100","-10","0","50","7","2","5","0","seeing","low_force","62","0","234","492","170","0","0","0","0","0","0","0","0","0","958","0","0","0","0","0","0","0","0",""
"5","duel_participant","duel","849","425","iphash:0abdb541","BK","2","","iphash:1bdcbdb6","1","2","2","3","115","58","43","100","70","5","0","1","0","0","grip","low_force","0","0","85","30","0","0","0","115","0","0","0","0","0","0","0","0","0","0","0","0","0","0","0",""
"5","duel_participant","duel","850","425","iphash:1bdcbdb6","^0-=^3'/^7o^3!^0d^0=-^6","2","","iphash:0abdb541","0","2","2","3","164","66","100","-33","0","4","0","3","1","0","seeing","low_force","16","0","25","33","90","0","0","0","0","0","0","0","0","0","164","0","0","0","0","0","0","0","0",""
"5","duel_participant","duel","851","426","iphash:0abdb541","BK","2","","iphash:1bdcbdb6","1","2","2","3","189","89","0","60","70","4","0","1","1","0","unknown","low_force","49","20","40","54","26","0","0","189","0","0","0","0","0","0","0","0","0","0","0","0","0","0","0",""
"5","duel_participant","duel","852","426","iphash:1bdcbdb6","^0-=^3'/^7o^3!^0d^0=-^6","2","","iphash:0abdb541","0","2","2","3","183","103","100","-28","0","5","0","3","0","0","seeing","low_force","0","0","90","93","0","0","0","0","0","0","0","0","0","0","183","0","0","0","0","0","0","0","0",""
"5","duel_participant","duel","853","427","iphash:1bdcbdb6","^0-=^3'/^7o^3!^0d^0=-^6","2","","iphash:0abdb541","1","2","2","3","216","133","17","98","4","17","1","0","0","0","seeing","low_force","65","0","20","131","0","0","0","0","0","0","0","0","0","0","216","0","0","0","0","0","0","0","0",""
"5","duel_participant","duel","854","427","iphash:0abdb541","BK","2","","iphash:1bdcbdb6","0","2","2","3","177","177","100","-1","0","4","0","3","0","0","grip","low_force","0","0","77","40","60","0","0","177","0","0","0","0","0","0","0","0","0","0","0","0","0","0","0",""
"5","duel_participant","duel","855","428","iphash:1bdcbdb6","^0-=^3'/^7o^3!^0d^0=-^6","2","","iphash:0abdb541","1","2","2","3","389","289","0","76","29","16","2","2","2","0","seeing","low_force","108","30","94","137","20","0","0","0","0","0","0","0","0","0","389","0","0","0","0","0","0","0","0",""
"5","duel_participant","duel","856","428","iphash:0abdb541","BK","2","","iphash:1bdcbdb6","0","2","2","3","370","294","100","-9","0","10","0","5","1","0","grip","low_force","76","0","107","103","84","0","0","370","0","0","0","0","0","0","0","0","0","0","0","0","0","0","0",""
"5","duel_participant","duel","857","429","iphash:0abdb541","BK","2","","iphash:1bdcbdb6","1","2","2","3","85","40","55","100","0","0","0","1","0","0","grip","late_defense","0","0","85","0","0","0","0","85","0","0","0","0","0","0","0","0","0","0","0","0","0","0","0",""
"5","duel_participant","duel","858","429","iphash:1bdcbdb6","^0-=^3'/^7o^3!^0d^0=-^6","2","","iphash:0abdb541","0","2","2","3","20","20","100","0","0","0","0","2","0","0","unknown","saber_throw","0","0","20","0","0","0","0","0","0","0","0","0","0","0","20","0","0","0","0","0","0","0","0",""
"5","duel_participant","duel","859","430","iphash:0abdb541","BK","2","","iphash:1bdcbdb6","1","2","2","3","332","248","16","96","10","13","0","5","1","0","unknown","low_force","10","0","119","108","95","0","0","332","0","0","0","0","0","0","0","0","0","0","0","0","0","0","0",""
"5","duel_participant","duel","860","430","iphash:1bdcbdb6","^0-=^3'/^7o^3!^0d^0=-^6","2","","iphash:0abdb541","0","2","2","3","258","258","100","-6","0","21","0","2","2","0","seeing","low_force","45","0","74","139","0","0","0","0","0","0","0","0","0","0","258","0","0","0","0","0","0","0","0",""
"5","duel_participant","duel","861","431","iphash:0abdb541","BK","2","","iphash:1bdcbdb6","1","2","2","3","267","207","40","80","10","6","0","2","0","0","grip","low_force","20","0","101","43","103","0","0","267","0","0","0","0","0","0","0","0","0","0","0","0","0","0","0",""
"5","duel_participant","duel","862","431","iphash:1bdcbdb6","^0-=^3'/^7o^3!^0d^0=-^6","2","","iphash:0abdb541","0","2","2","3","277","211","100","-4","0","9","1","3","1","0","seeing","low_force","9","0","104","164","0","0","0","0","0","0","0","0","0","0","277","0","0","0","0","0","0","0","0",""
"5","duel_participant","duel","863","432","iphash:0abdb541","BK","2","","iphash:1bdcbdb6","1","2","2","3","647","570","17","64","0","44","1","5","3","0","unknown","low_force","40","0","151","252","204","0","0","647","0","0","0","0","0","0","0","0","0","0","0","0","0","0","0",""
"5","duel_participant","duel","864","432","iphash:1bdcbdb6","^0-=^3'/^7o^3!^0d^0=-^6","2","","iphash:0abdb541","0","2","2","3","571","571","100","0","52","40","2","0","1","0","seeing","low_force","116","10","112","233","100","0","0","0","0","0","0","0","0","0","571","0","0","0","0","0","0","0","0",""
"5","duel_participant","duel","865","433","iphash:0abdb541","BK","2","","iphash:1bdcbdb6","1","2","2","3","153","64","5","76","40","18","0","4","1","0","unknown","low_force","0","0","42","42","69","0","0","153","0","0","0","0","0","0","0","0","0","0","0","0","0","0","0",""
"5","duel_participant","duel","866","433","iphash:1bdcbdb6","^0-=^3'/^7o^3!^0d^0=-^6","2","","iphash:0abdb541","0","2","2","3","148","49","100","-10","100","10","2","0","0","0","seeing","low_force","0","0","70","78","0","0","0","0","0","0","0","0","0","0","148","0","0","0","0","0","0","0","0",""
"5","duel_participant","duel","867","434","iphash:0abdb541","BK","2","","iphash:1bdcbdb6","1","2","2","3","338","238","0","58","0","14","0","4","0","0","unknown","low_force","5","0","10","153","170","0","0","338","0","0","0","0","0","0","0","0","0","0","0","0","0","0","0",""
"5","duel_participant","duel","868","434","iphash:1bdcbdb6","^0-=^3'/^7o^3!^0d^0=-^6","2","","iphash:0abdb541","0","2","2","3","343","266","100","-6","0","29","0","3","1","0","seeing","low_force","5","0","88","250","0","0","0","0","0","0","0","0","0","0","343","0","0","0","0","0","0","0","0",""
"5","duel_participant","duel","869","435","iphash:1bdcbdb6","^0-=^3'/^7o^3!^0d^0=-^6","2","","iphash:0abdb541","1","2","2","3","875","787","12","62","0","78","1","3","3","0","seeing","low_force","186","37","66","469","117","0","0","0","0","0","0","0","0","0","875","0","0","0","0","0","0","0","0",""
"5","duel_participant","duel","870","435","iphash:0abdb541","BK","2","","iphash:1bdcbdb6","0","2","2","3","926","926","100","-14","0","41","0","11","1","0","unknown","low_force","10","0","307","305","304","0","0","926","0","0","0","0","0","0","0","0","0","0","0","0","0","0","0",""
"5","duel_participant","duel","871","436","iphash:0abdb541","BK","2","","iphash:1bdcbdb6","1","2","2","3","400","310","4","48","100","42","0","1","1","0","grip","low_force","101","5","29","175","90","0","0","400","0","0","0","0","0","0","0","0","0","0","0","0","0","0","0",""
"5","duel_participant","duel","872","436","iphash:1bdcbdb6","^0-=^3'/^7o^3!^0d^0=-^6","2","","iphash:0abdb541","0","2","2","3","369","318","100","-19","70","13","1","1","1","0","seeing","low_force","28","0","101","123","117","0","0","0","0","0","0","0","0","0","369","0","0","0","0","0","0","0","0",""
"5","duel_participant","duel","873","437","iphash:0abdb541","BK","2","","iphash:1bdcbdb6","1","2","2","3","370","332","62","56","0","5","1","2","0","0","unknown","low_force","0","0","161","25","184","0","0","370","0","0","0","0","0","0","0","0","0","0","0","0","0","0","0",""
"5","duel_participant","duel","874","437","iphash:1bdcbdb6","^0-=^3'/^7o^3!^0d^0=-^6","2","","iphash:0abdb541","0","2","2","3","359","266","100","-27","0","31","1","1","0","0","seeing","low_force","56","0","149","154","0","0","0","0","0","0","0","0","0","0","359","0","0","0","0","0","0","0","0",""
"5","duel_participant","duel","875","438","iphash:0abdb541","BK","2","","iphash:1bdcbdb6","1","2","2","3","353","253","0","100","40","19","0","3","2","0","grip","low_force","56","10","40","144","103","0","0","353","0","0","0","0","0","0","0","0","0","0","0","0","0","0","0",""
"5","duel_participant","duel","876","438","iphash:1bdcbdb6","^0-=^3'/^7o^3!^0d^0=-^6","2","","iphash:0abdb541","0","2","2","3","355","277","100","-8","39","14","0","3","2","0","seeing","low_force","0","0","142","183","30","0","0","0","0","0","0","0","0","0","355","0","0","0","0","0","0","0","0",""
"5","duel_participant","duel","877","439","iphash:0abdb541","BK","2","","iphash:1bdcbdb6","1","2","2","3","312","213","0","80","0","22","0","2","0","0","grip","low_force","94","0","82","35","101","0","0","312","0","0","0","0","0","0","0","0","0","0","0","0","0","0","0",""
"5","duel_participant","duel","878","439","iphash:1bdcbdb6","^0-=^3'/^7o^3!^0d^0=-^6","2","","iphash:0abdb541","0","2","2","3","291","200","100","-8","56","9","4","0","1","0","seeing","low_force","115","0","105","71","0","0","0","0","0","0","0","0","0","0","291","0","0","0","0","0","0","0","0",""
"5","duel_participant","duel","879","440","iphash:1bdcbdb6","^0-=^3'/^7o^3!^0d^0=-^6","2","","iphash:0abdb541","1","2","2","3","448","348","0","87","0","12","3","1","0","0","seeing","low_force","95","0","255","98","0","0","0","0","0","0","0","0","0","0","448","0","0","0","0","0","0","0","0",""
"5","duel_participant","duel","880","440","iphash:0abdb541","BK","2","","iphash:1bdcbdb6","0","2","2","3","399","338","100","-3","0","2","1","4","0","0","grip","low_force","148","0","147","54","50","0","0","399","0","0","0","0","0","0","0","0","0","0","0","0","0","0","0",""
"5","duel_participant","duel","881","441","iphash:0abdb541","BK","2","","iphash:1bdcbdb6","1","2","2","3","167","78","11","80","9","12","0","2","0","0","unknown","low_force","40","0","30","97","0","0","0","167","0","0","0","0","0","0","0","0","0","0","0","0","0","0","0",""
"5","duel_participant","duel","882","441","iphash:1bdcbdb6","^0-=^3'/^7o^3!^0d^0=-^6","2","","iphash:0abdb541","0","2","2","3","166","117","100","-11","0","2","0","4","1","0","seeing","low_force","0","0","85","26","55","0","0","0","0","0","0","0","0","0","166","0","0","0","0","0","0","0","0",""
"5","duel_participant","duel","883","442","iphash:1bdcbdb6","^0-=^3'/^7o^3!^0d^0=-^6","2","","iphash:0abdb541","1","2","2","3","802","711","3","32","0","51","1","4","1","0","seeing","low_force","55","0","134","492","121","0","0","0","0","0","0","0","0","0","802","0","0","0","0","0","0","0","0",""
"5","duel_participant","duel","884","442","iphash:0abdb541","BK","2","","iphash:1bdcbdb6","0","2","2","3","719","683","100","-9","0","32","0","10","1","0","unknown","low_force","32","0","110","313","264","0","0","719","0","0","0","0","0","0","0","0","0","0","0","0","0","0","0",""
"5","duel_participant","duel","885","443","iphash:1bdcbdb6","^0-=^3'/^7o^3!^0d^0=-^6","2","","iphash:0abdb541","1","2","2","3","374","274","0","40","18","23","4","0","0","0","seeing","low_force","83","0","95","196","0","0","0","0","0","0","0","0","0","0","374","0","0","0","0","0","0","0","0",""
"5","duel_participant","duel","886","443","iphash:0abdb541","BK","2","","iphash:1bdcbdb6","0","2","2","3","418","359","100","0","0","12","0","5","1","0","grip","low_force","21","0","101","176","120","0","0","418","0","0","0","0","0","0","0","0","0","0","0","0","0","0","0",""
"5","duel_participant","duel","887","444","iphash:0abdb541","BK","2","","iphash:1bdcbdb6","1","2","2","3","130","40","4","80","39","11","0","2","0","0","grip","low_force","64","0","40","16","10","0","0","130","0","0","0","0","0","0","0","0","0","0","0","0","0","0","0",""
"5","duel_participant","duel","888","444","iphash:1bdcbdb6","^0-=^3'/^7o^3!^0d^0=-^6","2","","iphash:0abdb541","0","2","2","3","145","86","100","-12","29","2","3","1","1","0","seeing","low_force","40","0","66","39","0","0","0","0","0","0","0","0","0","0","145","0","0","0","0","0","0","0","0",""
"5","duel_participant","duel","889","445","iphash:1bdcbdb6","^0-=^3'/^7o^3!^0d^0=-^6","2","","iphash:0abdb541","1","2","2","3","259","165","6","94","0","11","2","0","0","0","seeing","low_force","0","0","134","125","0","0","0","0","0","0","0","0","0","0","259","0","0","0","0","0","0","0","0",""
"5","duel_participant","duel","890","445","iphash:0abdb541","BK","2","","iphash:1bdcbdb6","0","2","2","3","206","206","100","-4","0","0","0","4","0","0","unknown","saber_throw","0","0","95","56","55","0","0","206","0","0","0","0","0","0","0","0","0","0","0","0","0","0","0",""
"5","duel_participant","duel","891","446","iphash:0abdb541","BK","2","","iphash:1bdcbdb6","1","2","2","3","372","297","19","80","10","6","0","3","0","0","grip","low_force","73","0","154","69","76","0","0","372","0","0","0","0","0","0","0","0","0","0","0","0","0","0","0",""
"5","duel_participant","duel","892","446","iphash:1bdcbdb6","^0-=^3'/^7o^3!^0d^0=-^6","2","","iphash:0abdb541","0","2","2","3","296","217","100","-14","98","2","4","0","0","0","seeing","low_force","75","44","65","97","15","0","0","0","0","0","0","0","0","0","296","0","0","0","0","0","0","0","0",""
"5","duel_participant","duel","893","447","iphash:0abdb541","BK","2","","iphash:1bdcbdb6","1","2","2","3","559","491","32","81","0","19","1","3","3","0","grip","low_force","79","0","171","202","107","0","0","559","0","0","0","0","0","0","0","0","0","0","0","0","0","0","0",""
"5","duel_participant","duel","894","447","iphash:1bdcbdb6","^0-=^3'/^7o^3!^0d^0=-^6","2","","iphash:0abdb541","0","2","2","3","527","450","100","-16","0","35","2","3","2","0","seeing","low_force","54","42","196","211","24","0","0","0","0","0","0","0","0","0","527","0","0","0","0","0","0","0","0",""
"5","duel_participant","duel","895","448","iphash:0abdb541","BK","2","","iphash:1bdcbdb6","1","2","2","3","321","229","2","58","0","8","0","3","0","0","grip","low_force","98","0","56","68","99","0","0","321","0","0","0","0","0","0","0","0","0","0","0","0","0","0","0",""
"5","duel_participant","duel","896","448","iphash:1bdcbdb6","^0-=^3'/^7o^3!^0d^0=-^6","2","","iphash:0abdb541","0","2","2","3","321","238","100","-14","0","16","1","1","1","0","seeing","low_force","0","0","199","122","0","0","0","0","0","0","0","0","0","0","321","0","0","0","0","0","0","0","0",""
"5","duel_participant","duel","897","449","iphash:1bdcbdb6","^0-=^3'/^7o^3!^0d^0=-^6","2","","iphash:0abdb541","1","2","2","3","1024","924","0","66","5","44","3","3","2","0","seeing","low_force","219","0","57","589","159","0","0","0","0","0","0","0","0","0","1024","0","0","0","0","0","0","0","0",""
"5","duel_participant","duel","898","449","iphash:0abdb541","BK","2","","iphash:1bdcbdb6","0","2","2","3","935","860","100","-4","0","60","2","4","2","0","grip","low_force","128","0","118","452","237","0","0","935","0","0","0","0","0","0","0","0","0","0","0","0","0","0","0",""
"5","duel_participant","duel","899","450","iphash:1bdcbdb6","^0-=^3'/^7o^3!^0d^0=-^6","2","","iphash:0abdb541","1","2","2","3","307","208","1","41","0","20","2","1","1","0","seeing","low_force","139","0","24","135","9","0","0","0","0","0","0","0","0","0","307","0","0","0","0","0","0","0","0",""
"5","duel_participant","duel","900","450","iphash:0abdb541","BK","2","","iphash:1bdcbdb6","0","2","2","3","307","230","100","-6","0","6","0","3","0","0","grip","low_force","54","0","110","48","95","0","0","307","0","0","0","0","0","0","0","0","0","0","0","0","0","0","0",""
"5","duel_participant","duel","901","451","iphash:1bdcbdb6","^0-=^3'/^7o^3!^0d^0=-^6","2","","iphash:0abdb541","1","2","2","3","714","669","45","56","0","38","5","0","3","0","seeing","low_force","189","10","157","277","81","0","0","0","0","0","0","0","0","0","714","0","0","0","0","0","0","0","0",""
"5","duel_participant","duel","902","451","iphash:0abdb541","BK","2","","iphash:1bdcbdb6","0","2","2","3","724","684","100","0","0","27","0","4","2","0","grip","low_force","187","8","144","204","181","0","0","724","0","0","0","0","0","0","0","0","0","0","0","0","0","0","0",""
"5","duel_participant","duel","903","452","iphash:0abdb541","BK","2","","iphash:1bdcbdb6","1","2","2","3","320","250","30","12","0","1","0","4","0","0","grip","low_force","27","5","128","62","98","0","0","320","0","0","0","0","0","0","0","0","0","0","0","0","0","0","0",""
"5","duel_participant","duel","904","452","iphash:1bdcbdb6","^0-=^3'/^7o^3!^0d^0=-^6","2","","iphash:0abdb541","0","2","2","3","362","280","100","-24","0","13","5","1","0","0","seeing","low_force","77","0","138","147","0","0","0","0","0","0","0","0","0","0","362","0","0","0","0","0","0","0","0",""
"5","duel_participant","duel","905","453","iphash:0abdb541","BK","2","","iphash:1bdcbdb6","1","2","2","3","795","733","32","70","0","31","1","5","2","0","unknown","low_force","73","0","307","211","204","0","0","607","0","0","0","0","0","188","0","0","0","0","0","0","0","0","0",""
"5","duel_participant","duel","906","453","iphash:1bdcbdb6","^0-=^3'/^7o^3!^0d^0=-^6","2","","iphash:0abdb541","0","2","2","3","815","770","100","-10","0","56","2","2","1","0","seeing","low_force","210","4","166","353","82","0","0","0","0","0","0","0","0","0","815","0","0","0","0","0","0","0","0",""
"5","duel_participant","duel","907","454","iphash:0abdb541","BK","2","","iphash:1bdcbdb6","1","2","2","3","193","99","6","60","20","11","0","1","1","0","speed","low_force","68","0","48","59","18","0","0","0","0","0","0","0","0","193","0","0","0","0","0","0","0","0","0",""
"5","duel_participant","duel","908","454","iphash:1bdcbdb6","^0-=^3'/^7o^3!^0d^0=-^6","2","","iphash:0abdb541","0","2","2","3","155","96","100","-2","0","2","0","1","0","0","seeing","low_force","0","0","60","60","35","0","0","0","0","0","0","0","0","0","155","0","0","0","0","0","0","0","0",""
"5","duel_participant","duel","909","455","iphash:0abdb541","BK","2","","iphash:1bdcbdb6","1","2","2","3","343","249","0","16","0","17","1","6","2","0","unknown","low_force","67","0","89","69","118","0","0","0","0","0","0","0","0","343","0","0","0","0","0","0","0","0","0",""
"5","duel_participant","duel","910","455","iphash:1bdcbdb6","^0-=^3'/^7o^3!^0d^0=-^6","2","","iphash:0abdb541","0","2","2","3","354","285","100","-8","70","12","3","1","0","0","seeing","low_force","94","0","130","130","0","0","0","0","0","0","0","0","0","0","354","0","0","0","0","0","0","0","0",""
"5","duel_participant","duel","911","456","iphash:0abdb541","BK","2","","iphash:1bdcbdb6","1","2","2","3","316","252","36","60","0","2","0","4","1","0","unknown","low_force","157","0","20","10","129","0","0","0","0","0","0","0","0","316","0","0","0","0","0","0","0","0","0",""
"5","duel_participant","duel","912","456","iphash:1bdcbdb6","^0-=^3'/^7o^3!^0d^0=-^6","2","","iphash:0abdb541","0","2","2","3","323","241","100","-8","0","16","1","1","1","0","seeing","low_force","55","0","145","123","0","0","0","0","0","0","0","0","0","0","323","0","0","0","0","0","0","0","0",""
"5","duel_participant","duel","913","457","iphash:0abdb541","BK","2","","iphash:1bdcbdb6","1","2","2","3","99","60","55","78","60","0","1","0","0","0","speed","forced_entries","59","0","40","0","0","0","0","0","0","0","0","0","0","99","0","0","0","0","0","0","0","0","0",""
"5","duel_participant","duel","914","457","iphash:1bdcbdb6","^0-=^3'/^7o^3!^0d^0=-^6","2","","iphash:0abdb541","0","2","2","3","99","99","100","0","0","0","0","2","0","0","seeing","saber_throw","0","0","99","0","0","0","0","0","0","0","0","0","0","0","99","0","0","0","0","0","0","0","0",""
"5","duel_participant","duel","915","458","iphash:0abdb541","BK","2","","iphash:1bdcbdb6","1","2","2","3","299","211","6","100","38","19","0","2","1","0","speed","low_force","91","0","27","118","63","0","0","0","0","0","0","0","0","299","0","0","0","0","0","0","0","0","0",""
"5","duel_participant","duel","916","458","iphash:1bdcbdb6","^0-=^3'/^7o^3!^0d^0=-^6","2","","iphash:0abdb541","0","2","2","3","296","254","100","-2","96","17","1","0","1","0","seeing","low_force","0","0","115","146","35","0","0","0","0","0","0","0","0","0","296","0","0","0","0","0","0","0","0",""
"5","duel_participant","duel","917","459","iphash:0abdb541","BK","2","","iphash:1bdcbdb6","1","2","2","3","441","353","6","84","0","13","0","3","1","0","speed","low_force","66","0","44","211","120","0","0","0","0","0","0","0","0","441","0","0","0","0","0","0","0","0","0",""
"5","duel_participant","duel","918","459","iphash:1bdcbdb6","^0-=^3'/^7o^3!^0d^0=-^6","2","","iphash:0abdb541","0","2","2","3","507","440","100","-7","56","32","1","0","1","0","seeing","low_force","60","0","115","287","45","0","0","0","0","0","0","0","0","0","507","0","0","0","0","0","0","0","0",""
"5","duel_participant","duel","919","460","iphash:0abdb541","BK","2","","iphash:1bdcbdb6","1","2","2","3","1304","1210","6","59","0","69","1","12","4","0","speed","low_force","255","0","164","673","212","193","0","0","0","0","0","0","0","1111","0","0","0","0","0","0","0","0","0",""
"5","duel_participant","duel","920","460","iphash:1bdcbdb6","^0-=^3'/^7o^3!^0d^0=-^6","2","","iphash:0abdb541","0","2","2","3","1312","1229","100","-12","0","86","2","3","6","0","seeing","low_force","255","0","193","609","255","0","0","0","0","0","0","0","0","0","1312","0","0","0","0","0","0","0","0",""
"5","duel_participant","duel","921","461","iphash:0abdb541","BK","2","","iphash:1bdcbdb6","1","2","2","3","164","72","2","79","0","13","0","3","0","0","unknown","low_force","44","0","52","68","0","164","0","0","0","0","0","0","0","0","0","0","0","0","0","0","0","0","0",""
"5","duel_participant","duel","922","461","iphash:1bdcbdb6","^0-=^3'/^7o^3!^0d^0=-^6","2","","iphash:0abdb541","0","2","2","3","166","94","100","0","0","1","0","4","0","0","seeing","low_force","0","0","100","5","61","0","0","0","0","0","0","0","0","0","166","0","0","0","0","0","0","0","0",""
"5","duel_participant","duel","923","462","iphash:1bdcbdb6","^0-=^3'/^7o^3!^0d^0=-^6","2","","iphash:0abdb541","1","2","2","3","369","275","0","33","0","17","2","1","1","0","seeing","low_force","41","0","124","141","63","0","0","0","0","0","0","0","0","0","369","0","0","0","0","0","0","0","0",""
"5","duel_participant","duel","924","462","iphash:0abdb541","BK","2","","iphash:1bdcbdb6","0","2","2","3","327","235","100","-2","0","22","0","2","0","0","push","low_force","96","5","51","83","92","327","0","0","0","0","0","0","0","0","0","0","0","0","0","0","0","0","0",""
"5","duel_participant","duel","925","463","iphash:0abdb541","BK","2","","iphash:1bdcbdb6","1","2","2","3","397","297","0","56","65","10","1","0","2","0","push","low_force","107","8","8","104","170","397","0","0","0","0","0","0","0","0","0","0","0","0","0","0","0","0","0",""
"5","duel_participant","duel","926","463","iphash:1bdcbdb6","^0-=^3'/^7o^3!^0d^0=-^6","2","","iphash:0abdb541","0","2","2","3","399","362","100","-6","0","10","0","3","2","0","seeing","low_force","35","0","85","254","25","0","0","0","0","0","0","0","0","0","399","0","0","0","0","0","0","0","0",""
"5","duel_participant","duel","927","464","iphash:1bdcbdb6","^0-=^3'/^7o^3!^0d^0=-^6","2","","iphash:0abdb541","1","2","2","3","206","106","0","76","99","7","2","0","0","0","seeing","low_force","38","0","116","46","6","0","0","0","0","0","0","0","0","0","206","0","0","0","0","0","0","0","0",""
"5","duel_participant","duel","928","464","iphash:0abdb541","BK","2","","iphash:1bdcbdb6","0","2","2","3","140","69","100","-15","0","3","0","5","0","0","unknown","low_force","0","0","70","40","30","140","0","0","0","0","0","0","0","0","0","0","0","0","0","0","0","0","0",""
"5","duel_participant","duel","929","465","iphash:0abdb541","BK","2","","iphash:1bdcbdb6","1","2","2","3","403","352","49","33","0","14","0","4","1","0","unknown","low_force","0","0","28","77","298","403","0","0","0","0","0","0","0","0","0","0","0","0","0","0","0","0","0",""
"5","duel_participant","duel","930","465","iphash:1bdcbdb6","^0-=^3'/^7o^3!^0d^0=-^6","2","","iphash:0abdb541","0","2","2","3","366","295","100","-22","0","58","1","0","0","0","seeing","low_force","18","0","86","262","0","0","0","0","0","0","0","0","0","0","366","0","0","0","0","0","0","0","0",""
"5","duel_participant","duel","931","466","iphash:1bdcbdb6","^0-=^3'/^7o^3!^0d^0=-^6","2","","iphash:0abdb541","1","2","2","3","310","217","1","52","0","12","0","4","1","0","seeing","low_force","20","0","96","139","55","0","0","0","0","0","0","0","0","0","310","0","0","0","0","0","0","0","0",""
"5","duel_participant","duel","932","466","iphash:0abdb541","BK","2","","iphash:1bdcbdb6","0","2","2","3","247","165","100","-18","0","8","0","5","1","0","push","low_force","145","0","0","82","20","239","8","0","0","0","0","0","0","0","0","0","0","0","0","0","0","0","0",""
"5","duel_participant","duel","933","467","iphash:0abdb541","BK","2","","iphash:1bdcbdb6","1","2","2","3","266","196","24","79","0","7","1","1","0","0","pull","low_force","70","0","103","48","45","0","266","0","0","0","0","0","0","0","0","0","0","0","0","0","0","0","0",""
"5","duel_participant","duel","934","467","iphash:1bdcbdb6","^0-=^3'/^7o^3!^0d^0=-^6","2","","iphash:0abdb541","0","2","2","3","253","160","100","-17","0","14","0","3","0","0","unknown","low_force","0","0","147","92","14","0","0","0","0","0","0","0","0","0","253","0","0","0","0","0","0","0","0",""
"5","duel_participant","duel","935","468","iphash:1bdcbdb6","^0-=^3'/^7o^3!^0d^0=-^6","2","","iphash:0abdb541","1","2","2","3","423","323","0","20","0","28","1","3","1","0","seeing","low_force","106","4","25","208","80","0","0","0","0","0","0","0","0","0","423","0","0","0","0","0","0","0","0",""
"5","duel_participant","duel","936","468","iphash:0abdb541","BK","2","","iphash:1bdcbdb6","0","2","2","3","399","323","100","-16","0","23","0","8","2","0","pull","low_force","0","0","104","220","75","0","399","0","0","0","0","0","0","0","0","0","0","0","0","0","0","0","0",""
"5","duel_participant","duel","937","469","iphash:0abdb541","BK","2","","iphash:1bdcbdb6","1","2","2","3","102","31","23","100","70","1","0","1","0","0","unknown","low_force","44","0","17","5","36","0","102","0","0","0","0","0","0","0","0","0","0","0","0","0","0","0","0",""
"5","duel_participant","duel","938","469","iphash:1bdcbdb6","^0-=^3'/^7o^3!^0d^0=-^6","2","","iphash:0abdb541","0","2","2","3","150","71","100","-15","90","2","1","0","2","0","seeing","low_force","55","0","40","55","0","0","0","0","0","0","0","0","0","0","150","0","0","0","0","0","0","0","0",""
"5","duel_participant","duel","939","470","iphash:0abdb541","BK","2","","iphash:1bdcbdb6","1","2","2","3","1209","1154","45","87","0","60","0","6","5","0","unknown","low_force","196","0","306","479","228","0","1209","0","0","0","0","0","0","0","0","0","0","0","0","0","0","0","0",""
"5","duel_participant","duel","940","470","iphash:1bdcbdb6","^0-=^3'/^7o^3!^0d^0=-^6","2","","iphash:0abdb541","0","2","2","3","1252","1180","100","-18","0","70","5","3","6","0","seeing","low_force","235","0","234","548","235","0","0","0","0","0","0","0","0","0","1252","0","0","0","0","0","0","0","0",""
"5","duel_participant","duel","941","471","iphash:0abdb541","BK","2","","iphash:1bdcbdb6","1","2","2","3","1314","1214","0","80","0","68","0","5","4","0","pull","low_force","231","0","191","501","391","225","1089","0","0","0","0","0","0","0","0","0","0","0","0","0","0","0","0",""
"5","duel_participant","duel","942","471","iphash:1bdcbdb6","^0-=^3'/^7o^3!^0d^0=-^6","2","","iphash:0abdb541","0","2","2","3","1239","1161","100","-4","0","92","5","3","2","0","seeing","low_force","155","5","295","656","128","0","0","0","0","0","0","0","0","0","1239","0","0","0","0","0","0","0","0",""
"5","duel_participant","duel","943","472","iphash:0abdb541","BK","2","","iphash:1bdcbdb6","1","2","2","3","421","351","24","78","0","15","0","1","0","0","push","low_force","32","0","170","86","133","421","0","0","0","0","0","0","0","0","0","0","0","0","0","0","0","0","0",""
"5","duel_participant","duel","944","472","iphash:1bdcbdb6","^0-=^3'/^7o^3!^0d^0=-^6","2","","iphash:0abdb541","0","2","2","3","432","347","100","-10","17","31","3","0","1","0","seeing","low_force","146","0","25","238","23","0","0","0","0","0","0","0","0","0","432","0","0","0","0","0","0","0","0",""
"5","duel_participant","duel","945","473","iphash:0abdb541","BK","2","","iphash:1bdcbdb6","1","2","2","3","232","148","10","52","19","11","1","2","0","0","push","low_force","48","0","44","24","116","232","0","0","0","0","0","0","0","0","0","0","0","0","0","0","0","0","0",""
"5","duel_participant","duel","946","473","iphash:1bdcbdb6","^0-=^3'/^7o^3!^0d^0=-^6","2","","iphash:0abdb541","0","2","2","3","278","217","100","-12","59","12","4","0","0","0","seeing","low_force","65","15","54","144","0","0","0","0","0","0","0","0","0","0","278","0","0","0","0","0","0","0","0",""
"5","duel_participant","duel","947","474","iphash:1bdcbdb6","^0-=^3'/^7o^3!^0d^0=-^6","2","","iphash:0abdb541","1","2","2","3","209","116","1","100","99","13","4","0","0","0","seeing","low_force","189","0","0","19","1","0","0","0","0","0","0","0","0","0","209","0","0","0","0","0","0","0","0",""
"5","duel_participant","duel","948","474","iphash:0abdb541","BK","2","","iphash:1bdcbdb6","0","2","2","3","196","154","100","-8","100","1","1","0","1","0","push","low_force","24","0","153","19","0","196","0","0","0","0","0","0","0","0","0","0","0","0","0","0","0","0","0",""
"5","duel_participant","duel","949","475","iphash:0abdb541","BK","2","","iphash:1bdcbdb6","1","2","2","3","170","144","68","80","10","0","0","2","1","0","push","saber_throw","19","0","108","0","43","170","0","0","0","0","0","0","0","0","0","0","0","0","0","0","0","0","0",""
"5","duel_participant","duel","950","475","iphash:1bdcbdb6","^0-=^3'/^7o^3!^0d^0=-^6","2","","iphash:0abdb541","0","2","2","3","69","69","100","-17","97","0","1","0","1","0","seeing","grip_control","44","0","20","5","0","0","0","0","0","0","0","0","0","0","69","0","0","0","0","0","0","0","0",""
"5","duel_participant","duel","951","476","iphash:0abdb541","BK","2","","iphash:1bdcbdb6","1","2","2","3","349","281","32","20","70","19","0","2","0","0","push","low_force","136","0","42","150","21","349","0","0","0","0","0","0","0","0","0","0","0","0","0","0","0","0","0",""
"5","duel_participant","duel","952","476","iphash:1bdcbdb6","^0-=^3'/^7o^3!^0d^0=-^6","2","","iphash:0abdb541","0","2","2","3","407","407","100","-11","0","10","1","6","1","0","seeing","low_force","35","0","126","141","105","0","0","0","0","0","0","0","0","0","407","0","0","0","0","0","0","0","0",""
"5","duel_participant","duel","953","477","iphash:0abdb541","BK","2","","iphash:1bdcbdb6","1","2","2","3","148","58","10","40","36","9","0","5","1","0","unknown","low_force","40","0","23","33","52","148","0","0","0","0","0","0","0","0","0","0","0","0","0","0","0","0","0",""
"5","duel_participant","duel","954","477","iphash:1bdcbdb6","^0-=^3'/^7o^3!^0d^0=-^6","2","","iphash:0abdb541","0","2","2","3","194","153","100","0","27","3","3","1","2","0","seeing","low_force","64","0","72","58","0","0","0","0","0","0","0","0","0","0","194","0","0","0","0","0","0","0","0",""
"5","duel_participant","duel","955","478","iphash:1bdcbdb6","^0-=^3'/^7o^3!^0d^0=-^6","2","","iphash:0abdb541","1","2","2","3","211","138","27","80","28","8","0","2","1","0","seeing","low_force","40","0","108","46","17","0","0","0","0","0","0","0","0","0","211","0","0","0","0","0","0","0","0",""
"5","duel_participant","duel","956","478","iphash:0abdb541","BK","2","","iphash:1bdcbdb6","0","2","2","3","154","99","100","-5","0","4","0","4","0","0","unknown","low_force","0","0","35","49","70","154","0","0","0","0","0","0","0","0","0","0","0","0","0","0","0","0","0",""
"5","duel_participant","duel","957","479","iphash:0abdb541","BK","2","","iphash:1bdcbdb6","1","2","2","3","567","484","17","45","0","13","1","5","1","0","push","low_force","144","0","88","169","166","567","0","0","0","0","0","0","0","0","0","0","0","0","0","0","0","0","0",""
"5","duel_participant","duel","958","479","iphash:1bdcbdb6","^0-=^3'/^7o^3!^0d^0=-^6","2","","iphash:0abdb541","0","2","2","3","544","458","100","-22","0","39","1","2","1","0","seeing","low_force","162","20","41","297","24","0","0","0","0","0","0","0","0","0","544","0","0","0","0","0","0","0","0",""
"5","duel_participant","duel","959","480","iphash:0abdb541","BK","2","","iphash:1bdcbdb6","1","2","2","3","205","109","4","60","69","3","0","1","0","0","unknown","low_force","109","0","44","46","6","205","0","0","0","0","0","0","0","0","0","0","0","0","0","0","0","0","0",""
"5","duel_participant","duel","960","480","iphash:1bdcbdb6","^0-=^3'/^7o^3!^0d^0=-^6","2","","iphash:0abdb541","0","2","2","3","149","149","100","-4","0","0","2","3","0","0","seeing","saber_throw","0","0","120","29","0","0","0","0","0","0","0","0","0","0","149","0","0","0","0","0","0","0","0",""
"5","duel_participant","duel","961","481","iphash:1bdcbdb6","^0-=^3'/^7o^3!^0d^0=-^6","2","","iphash:0abdb541","1","2","2","3","405","313","8","10","0","29","2","3","1","0","seeing","low_force","80","0","90","225","10","0","0","0","0","0","0","0","0","0","405","0","0","0","0","0","0","0","0",""
"5","duel_participant","duel","962","481","iphash:0abdb541","BK","2","","iphash:1bdcbdb6","0","2","2","3","352","333","100","-3","0","16","0","6","2","0","push","low_force","66","0","40","124","122","142","210","0","0","0","0","0","0","0","0","0","0","0","0","0","0","0","0",""
"5","duel_participant","duel","963","482","iphash:0abdb541","BK","2","","iphash:1bdcbdb6","1","2","2","3","439","350","11","100","9","31","1","2","0","0","pull","low_force","192","16","19","99","113","0","439","0","0","0","0","0","0","0","0","0","0","0","0","0","0","0","0",""
"5","duel_participant","duel","964","482","iphash:1bdcbdb6","^0-=^3'/^7o^3!^0d^0=-^6","2","","iphash:0abdb541","0","2","2","3","475","395","100","-16","0","27","3","2","1","0","seeing","low_force","5","0","245","200","25","0","0","0","0","0","0","0","0","0","475","0","0","0","0","0","0","0","0",""
"5","duel_participant","duel","965","483","iphash:1bdcbdb6","^0-=^3'/^7o^3!^0d^0=-^6","2","","iphash:0abdb541","1","2","2","3","538","438","0","27","0","22","2","5","2","0","seeing","low_force","91","0","143","304","0","0","0","0","0","0","0","0","0","0","538","0","0","0","0","0","0","0","0",""
"5","duel_participant","duel","966","483","iphash:0abdb541","BK","2","","iphash:1bdcbdb6","0","2","2","3","463","463","100","-12","0","17","1","3","2","0","pull","low_force","166","0","60","212","25","0","463","0","0","0","0","0","0","0","0","0","0","0","0","0","0","0","0",""
"5","duel_participant","duel","967","484","iphash:0abdb541","BK","2","","iphash:1bdcbdb6","1","2","2","3","265","214","49","100","9","14","0","0","0","0","pull","low_force","30","0","112","93","30","0","265","0","0","0","0","0","0","0","0","0","0","0","0","0","0","0","0",""
"5","duel_participant","duel","968","484","iphash:1bdcbdb6","^0-=^3'/^7o^3!^0d^0=-^6","2","","iphash:0abdb541","0","2","2","3","290","213","100","-20","0","6","0","4","1","0","seeing","low_force","40","0","59","37","154","0","0","0","0","0","0","0","0","0","290","0","0","0","0","0","0","0","0",""
"5","duel_participant","duel","969","485","iphash:1bdcbdb6","^0-=^3'/^7o^3!^0d^0=-^6","2","","iphash:0abdb541","1","2","2","3","284","219","29","54","0","4","2","1","0","0","seeing","low_force","62","0","144","34","44","0","0","0","0","0","0","0","0","0","284","0","0","0","0","0","0","0","0",""
"5","duel_participant","duel","970","485","iphash:0abdb541","BK","2","","iphash:1bdcbdb6","0","2","2","3","260","169","100","-8","0","8","0","3","1","0","unknown","low_force","101","19","62","78","0","0","260","0","0","0","0","0","0","0","0","0","0","0","0","0","0","0","0",""
"5","duel_participant","duel","971","486","iphash:0abdb541","BK","2","","iphash:1bdcbdb6","1","2","2","3","587","489","2","68","0","16","0","4","1","0","pull","low_force","140","0","120","105","222","0","587","0","0","0","0","0","0","0","0","0","0","0","0","0","0","0","0",""
"5","duel_participant","duel","972","486","iphash:1bdcbdb6","^0-=^3'/^7o^3!^0d^0=-^6","2","","iphash:0abdb541","0","2","2","3","507","436","100","-25","0","37","1","4","3","0","seeing","low_force","49","0","173","242","43","0","0","0","0","0","0","0","0","0","507","0","0","0","0","0","0","0","0",""
"5","duel_participant","duel","973","487","iphash:1bdcbdb6","^0-=^3'/^7o^3!^0d^0=-^6","2","","iphash:0abdb541","1","2","2","3","274","174","0","50","0","10","0","4","0","0","seeing","low_force","0","0","106","87","81","0","0","0","0","0","0","0","0","0","274","0","0","0","0","0","0","0","0",""
"5","duel_participant","duel","974","487","iphash:0abdb541","BK","2","","iphash:1bdcbdb6","0","2","2","3","223","147","100","-11","0","12","0","3","0","0","pull","low_force","26","20","20","97","60","0","223","0","0","0","0","0","0","0","0","0","0","0","0","0","0","0","0",""
"5","duel_participant","duel","975","488","iphash:0abdb541","BK","2","","iphash:1bdcbdb6","1","2","2","3","154","90","30","60","40","0","0","2","0","0","pull","saber_throw","40","0","0","0","114","0","154","0","0","0","0","0","0","0","0","0","0","0","0","0","0","0","0",""
"5","duel_participant","duel","976","488","iphash:1bdcbdb6","^0-=^3'/^7o^3!^0d^0=-^6","2","","iphash:0abdb541","0","2","2","3","196","144","100","-8","0","4","3","1","0","0","seeing","low_force","0","0","114","82","0","0","0","0","0","0","0","0","0","0","196","0","0","0","0","0","0","0","0",""
"5","duel_participant","duel","977","489","iphash:1bdcbdb6","^0-=^3'/^7o^3!^0d^0=-^6","2","","iphash:0abdb541","1","2","2","3","375","283","8","98","20","12","1","0","0","0","seeing","low_force","29","0","224","122","0","0","0","0","0","0","0","0","0","0","375","0","0","0","0","0","0","0","0",""
"5","duel_participant","duel","978","489","iphash:0abdb541","BK","2","","iphash:1bdcbdb6","0","2","2","3","199","154","100","-17","0","1","0","5","1","0","unknown","saber_throw","25","0","54","5","115","0","199","0","0","0","0","0","0","0","0","0","0","0","0","0","0","0","0",""
"5","duel_participant","duel","979","490","iphash:0abdb541","BK","2","","iphash:1bdcbdb6","1","2","2","3","285","206","15","23","0","7","0","4","1","0","pull","low_force","0","0","120","146","19","0","285","0","0","0","0","0","0","0","0","0","0","0","0","0","0","0","0",""
"5","duel_participant","duel","980","490","iphash:1bdcbdb6","^0-=^3'/^7o^3!^0d^0=-^6","2","","iphash:0abdb541","0","2","2","3","204","133","100","-8","29","7","2","2","0","0","unknown","low_force","80","5","39","80","0","0","0","0","0","0","0","0","0","0","204","0","0","0","0","0","0","0","0",""
"5","duel_participant","duel","981","491","iphash:0abdb541","BK","2","","iphash:1bdcbdb6","1","2","2","3","617","517","0","72","0","36","1","4","0","0","unknown","low_force","9","0","296","257","55","0","617","0","0","0","0","0","0","0","0","0","0","0","0","0","0","0","0",""
"5","duel_participant","duel","982","491","iphash:1bdcbdb6","^0-=^3'/^7o^3!^0d^0=-^6","2","","iphash:0abdb541","0","2","2","3","603","527","100","-21","0","22","0","2","1","0","seeing","low_force","207","47","60","181","108","0","0","0","0","0","0","0","0","0","603","0","0","0","0","0","0","0","0",""
"5","duel_participant","duel","983","492","iphash:0abdb541","BK","2","","iphash:1bdcbdb6","1","2","2","3","263","170","1","94","70","7","0","1","2","0","pull","low_force","44","5","17","63","134","0","263","0","0","0","0","0","0","0","0","0","0","0","0","0","0","0","0",""
"5","duel_participant","duel","984","492","iphash:1bdcbdb6","^0-=^3'/^7o^3!^0d^0=-^6","2","","iphash:0abdb541","0","2","2","3","234","154","100","-1","98","30","2","0","1","0","seeing","low_force","19","0","48","167","0","0","0","0","0","0","0","0","0","0","234","0","0","0","0","0","0","0","0",""
"5","duel_participant","duel","985","493","iphash:9487be27","^1G2^9.^1Class","2","","bot:/botfiles/easyds.jkb","1","2","2","3","0","0","100","100","100","0","0","0","0","0","","linear_entries","0","0","0","0","0","0","0","0","0","0","0","0","0","0","0","0","0","0","0","0","0","0","0",""
"5","duel_participant","duel","986","493","bot:/botfiles/easyds.jkb","Mercenary","0","","iphash:9487be27","0","2","2","3","0","0","100","-12","0","0","0","0","0","0","","linear_entries","0","0","0","0","0","0","0","0","0","0","0","0","0","0","0","0","0","0","0","0","0","0","0",""
"5","duel_participant","duel","987","494","iphash:0abdb541","BK","2","","iphash:1bdcbdb6","1","2","2","3","211","112","0","60","39","11","0","1","0","0","pull","low_force","46","0","53","95","17","0","211","0","0","0","0","0","0","0","0","0","0","0","0","0","0","0","0",""
"5","duel_participant","duel","988","494","iphash:1bdcbdb6","^0-=^3'/^7o^3!^0d^0=-^6","2","","iphash:0abdb541","0","2","2","3","287","207","100","-11","100","8","3","0","0","0","seeing","low_force","129","0","45","83","30","0","0","0","0","0","0","0","0","0","287","0","0","0","0","0","0","0","0",""
"5","duel_participant","duel","989","495","iphash:0abdb541","BK","2","","iphash:1bdcbdb6","1","2","2","3","212","164","52","68","0","4","0","3","0","0","unknown","low_force","6","0","143","23","40","0","212","0","0","0","0","0","0","0","0","0","0","0","0","0","0","0","0",""
"5","duel_participant","duel","990","495","iphash:1bdcbdb6","^0-=^3'/^7o^3!^0d^0=-^6","2","","iphash:0abdb541","0","2","2","3","271","200","100","-18","0","13","1","2","0","0","seeing","low_force","112","0","86","73","0","0","0","0","0","0","0","0","0","0","271","0","0","0","0","0","0","0","0",""
"5","duel_participant","duel","991","496","iphash:0abdb541","BK","2","","iphash:1bdcbdb6","1","2","2","3","419","357","38","61","0","17","0","5","3","0","unknown","low_force","30","0","118","107","164","0","419","0","0","0","0","0","0","0","0","0","0","0","0","0","0","0","0",""
"5","duel_participant","duel","992","496","iphash:1bdcbdb6","^0-=^3'/^7o^3!^0d^0=-^6","2","","iphash:0abdb541","0","2","2","3","398","343","100","-23","0","26","1","2","3","0","seeing","low_force","105","0","86","164","43","0","0","0","0","0","0","0","0","0","398","0","0","0","0","0","0","0","0",""
"5","duel_participant","duel","993","497","iphash:0abdb541","BK","2","","iphash:1bdcbdb6","1","2","2","3","285","203","18","5","0","19","0","5","1","0","pull","low_force","20","0","106","145","14","0","285","0","0","0","0","0","0","0","0","0","0","0","0","0","0","0","0",""
"5","duel_participant","duel","994","497","iphash:1bdcbdb6","^0-=^3'/^7o^3!^0d^0=-^6","2","","iphash:0abdb541","0","2","2","3","345","345","100","-3","0","10","0","7","1","0","seeing","low_force","19","0","60","173","93","0","0","0","0","0","0","0","0","0","345","0","0","0","0","0","0","0","0",""
"5","duel_participant","duel","995","498","iphash:0abdb541","BK","2","","iphash:1bdcbdb6","1","2","2","3","404","304","0","100","0","21","0","2","1","0","unknown","low_force","0","4","101","145","154","0","404","0","0","0","0","0","0","0","0","0","0","0","0","0","0","0","0",""
"5","duel_participant","duel","996","498","iphash:1bdcbdb6","^0-=^3'/^7o^3!^0d^0=-^6","2","","iphash:0abdb541","0","2","2","3","386","294","100","-23","0","41","0","2","2","0","seeing","low_force","0","40","56","191","99","0","0","0","0","0","0","0","0","0","386","0","0","0","0","0","0","0","0",""
"5","duel_participant","duel","997","499","iphash:1bdcbdb6","^0-=^3'/^7o^3!^0d^0=-^6","2","","iphash:0abdb541","1","2","2","3","855","755","0","27","0","51","0","1","2","0","seeing","low_force","178","4","149","356","168","0","0","0","0","0","0","0","0","0","855","0","0","0","0","0","0","0","0",""
"5","duel_participant","duel","998","499","iphash:0abdb541","BK","2","","iphash:1bdcbdb6","0","2","2","3","908","831","100","0","0","69","0","8","3","0","pull","low_force","136","0","134","430","208","0","908","0","0","0","0","0","0","0","0","0","0","0","0","0","0","0","0",""
"5","duel_participant","duel","999","500","iphash:0abdb541","BK","2","","iphash:1bdcbdb6","1","2","2","3","564","527","63","84","10","28","1","3","2","0","pull","low_force","96","9","72","185","202","0","564","0","0","0","0","0","0","0","0","0","0","0","0","0","0","0","0",""
"5","duel_participant","duel","1000","500","iphash:1bdcbdb6","^0-=^3'/^7o^3!^0d^0=-^6","2","","iphash:0abdb541","0","2","2","3","597","597","100","-2","58","21","3","0","2","0","seeing","low_force","50","0","246","174","127","0","0","0","0","0","0","0","0","0","597","0","0","0","0","0","0","0","0",""
"5","duel_participant","duel","1001","501","iphash:1bdcbdb6","^0-=^3'/^7o^3!^0d^0=-^6","2","","iphash:0abdb541","1","2","2","3","193","107","8","76","7","15","1","1","0","0","unknown","low_force","58","0","0","115","20","0","0","0","0","0","0","0","0","0","193","0","0","0","0","0","0","0","0",""
"5","duel_participant","duel","1002","501","iphash:0abdb541","BK","2","","iphash:1bdcbdb6","0","2","2","3","253","191","100","-5","0","9","0","2","0","0","pull","low_force","19","0","65","103","66","0","253","0","0","0","0","0","0","0","0","0","0","0","0","0","0","0","0",""
"5","duel_participant","duel","1003","502","iphash:0abdb541","BK","2","","iphash:1bdcbdb6","1","2","2","3","346","270","18","22","0","9","0","3","3","0","unknown","low_force","5","0","109","152","80","0","346","0","0","0","0","0","0","0","0","0","0","0","0","0","0","0","0",""
"5","duel_participant","duel","1004","502","iphash:1bdcbdb6","^0-=^3'/^7o^3!^0d^0=-^6","2","","iphash:0abdb541","0","2","2","3","338","238","100","-16","0","22","1","2","2","0","seeing","low_force","65","0","64","209","0","0","0","0","0","0","0","0","0","0","338","0","0","0","0","0","0","0","0",""
"5","duel_participant","duel","1005","503","iphash:0abdb541","BK","2","","iphash:1bdcbdb6","1","2","2","3","620","531","5","53","0","43","0","5","1","0","pull","low_force","15","0","183","233","189","10","331","0","0","0","0","0","0","279","0","0","0","0","0","0","0","0","0",""
"5","duel_participant","duel","1006","503","iphash:1bdcbdb6","^0-=^3'/^7o^3!^0d^0=-^6","2","","iphash:0abdb541","0","2","2","3","644","589","100","0","9","22","4","0","2","0","seeing","low_force","94","117","116","191","126","0","0","0","0","0","0","0","0","0","644","0","0","0","0","0","0","0","0",""
"5","duel_participant","duel","1007","504","iphash:0abdb541","BK","2","","iphash:1bdcbdb6","1","2","2","3","1156","1066","4","30","0","59","2","8","3","0","speed","low_force","219","0","158","434","345","0","0","0","0","0","0","0","0","1156","0","0","0","0","0","0","0","0","0",""
"5","duel_participant","duel","1008","504","iphash:1bdcbdb6","^0-=^3'/^7o^3!^0d^0=-^6","2","","iphash:0abdb541","0","2","2","3","1125","1036","100","-7","0","79","3","4","5","0","seeing","low_force","64","0","272","521","268","0","0","0","0","0","0","0","0","0","1125","0","0","0","0","0","0","0","0",""
"5","duel_participant","duel","1009","505","iphash:0abdb541","BK","2","","iphash:1bdcbdb6","1","2","2","3","140","97","57","100","39","2","0","0","0","0","speed","low_force","70","19","41","10","0","0","0","0","0","0","0","0","0","140","0","0","0","0","0","0","0","0","0",""
"5","duel_participant","duel","1010","505","iphash:1bdcbdb6","^0-=^3'/^7o^3!^0d^0=-^6","2","","iphash:0abdb541","0","2","2","3","118","66","100","-5","0","0","1","1","0","0","seeing","forced_entries","19","0","83","8","8","0","0","0","0","0","0","0","0","0","118","0","0","0","0","0","0","0","0",""
"5","duel_participant","duel","1011","506","iphash:1bdcbdb6","^0-=^3'/^7o^3!^0d^0=-^6","2","","iphash:0abdb541","1","2","2","3","130","63","27","50","0","0","0","1","0","0","seeing","late_defense","0","0","111","0","19","0","0","0","0","0","0","0","0","0","130","0","0","0","0","0","0","0","0",""
"5","duel_participant","duel","1012","506","iphash:0abdb541","BK","2","","iphash:1bdcbdb6","0","2","2","3","147","76","100","-10","0","0","0","3","1","0","speed","saber_throw","109","38","0","0","0","0","0","0","0","0","0","0","0","147","0","0","0","0","0","0","0","0","0",""
"5","duel_participant","duel","1013","507","iphash:0abdb541","BK","2","","iphash:1bdcbdb6","1","2","2","3","378","298","0","86","0","10","0","2","1","0","speed","low_force","27","0","163","95","93","0","0","0","0","0","0","0","0","378","0","0","0","0","0","0","0","0","0",""
"5","duel_participant","duel","1014","507","iphash:1bdcbdb6","^0-=^3'/^7o^3!^0d^0=-^6","2","","iphash:0abdb541","0","2","2","3","345","276","100","-3","0","23","3","1","3","0","seeing","low_force","127","0","73","145","0","0","0","0","0","0","0","0","0","0","345","0","0","0","0","0","0","0","0",""
"5","duel_participant","duel","1015","508","iphash:1bdcbdb6","^0-=^3'/^7o^3!^0d^0=-^6","2","","iphash:0abdb541","1","2","2","3","395","295","0","40","38","37","0","2","0","0","seeing","low_force","91","0","68","236","0","0","0","0","0","0","0","0","0","0","395","0","0","0","0","0","0","0","0",""
"5","duel_participant","duel","1016","508","iphash:0abdb541","BK","2","","iphash:1bdcbdb6","0","2","2","3","419","345","100","-7","0","8","0","6","3","0","unknown","low_force","31","0","55","94","239","0","0","0","0","0","0","0","0","419","0","0","0","0","0","0","0","0","0",""
"5","duel_participant","duel","1017","509","iphash:1bdcbdb6","^0-=^3'/^7o^3!^0d^0=-^6","2","","iphash:0abdb541","1","2","2","3","808","709","1","98","15","69","2","1","4","0","seeing","low_force","116","0","124","419","149","0","0","0","0","0","0","0","0","0","808","0","0","0","0","0","0","0","0",""
"5","duel_participant","duel","1018","509","iphash:0abdb541","BK","2","","iphash:1bdcbdb6","0","2","2","3","771","771","100","-10","0","44","1","4","0","0","speed","low_force","66","0","115","283","307","0","0","0","0","0","0","0","0","771","0","0","0","0","0","0","0","0","0",""
"5","duel_participant","duel","1019","510","iphash:0abdb541","BK","2","","iphash:1bdcbdb6","1","2","2","3","425","363","32","95","0","12","0","3","1","0","unknown","low_force","107","0","76","87","155","0","0","0","0","0","0","0","0","425","0","0","0","0","0","0","0","0","0",""
"5","duel_participant","duel","1020","510","iphash:1bdcbdb6","^0-=^3'/^7o^3!^0d^0=-^6","2","","iphash:0abdb541","0","2","2","3","372","312","100","-10","0","19","0","1","2","0","seeing","low_force","78","0","112","178","4","0","0","0","0","0","0","0","0","0","372","0","0","0","0","0","0","0","0",""
"5","duel_participant","duel","1021","511","iphash:0abdb541","BK","2","","iphash:1bdcbdb6","1","2","2","3","252","152","0","96","39","5","0","4","2","0","speed","low_force","95","30","0","50","77","0","0","0","0","0","0","0","0","252","0","0","0","0","0","0","0","0","0",""
"5","duel_participant","duel","1022","511","iphash:1bdcbdb6","^0-=^3'/^7o^3!^0d^0=-^6","2","","iphash:0abdb541","0","2","2","3","250","180","100","-4","0","12","1","2","3","0","seeing","low_force","14","0","157","79","0","0","0","0","0","0","0","0","0","0","250","0","0","0","0","0","0","0","0",""
"5","duel_participant","duel","1023","512","iphash:0abdb541","BK","2","","iphash:1bdcbdb6","1","2","2","3","233","133","0","100","40","4","0","0","1","0","speed","low_force","74","10","100","49","0","0","0","0","0","0","0","0","0","233","0","0","0","0","0","0","0","0","0",""
"5","duel_participant","duel","1024","512","iphash:1bdcbdb6","^0-=^3'/^7o^3!^0d^0=-^6","2","","iphash:0abdb541","0","2","2","3","182","124","100","-5","0","2","0","1","0","0","seeing","low_force","0","0","154","28","0","0","0","0","0","0","0","0","0","0","182","0","0","0","0","0","0","0","0",""
"5","duel_participant","duel","1025","513","iphash:0abdb541","BK","2","","iphash:1bdcbdb6","1","2","2","3","492","394","2","89","0","26","0","4","2","0","speed","low_force","15","0","231","147","99","0","0","49","0","0","0","0","0","443","0","0","0","0","0","0","0","0","0",""
"5","duel_participant","duel","1026","513","iphash:1bdcbdb6","^0-=^3'/^7o^3!^0d^0=-^6","2","","iphash:0abdb541","0","2","2","3","427","427","100","0","27","35","1","1","4","0","seeing","low_force","115","0","95","177","40","0","0","0","0","0","0","0","0","0","427","0","0","0","0","0","0","0","0",""
"5","duel_participant","duel","1027","514","iphash:1bdcbdb6","^0-=^3'/^7o^3!^0d^0=-^6","2","","iphash:0abdb541","1","2","2","3","213","116","3","90","27","7","0","3","1","0","unknown","low_force","20","0","37","77","79","0","0","0","0","0","0","0","0","0","213","0","0","0","0","0","0","0","0",""
"5","duel_participant","duel","1028","514","iphash:0abdb541","BK","2","","iphash:1bdcbdb6","0","2","2","3","194","136","100","-1","0","10","0","1","0","0","grip","low_force","36","0","86","58","14","0","0","194","0","0","0","0","0","0","0","0","0","0","0","0","0","0","0",""
"5","duel_participant","duel","1029","515","iphash:0abdb541","BK","2","","iphash:1bdcbdb6","1","2","2","3","507","459","46","64","0","9","0","2","1","0","grip","low_force","44","0","134","90","239","0","0","507","0","0","0","0","0","0","0","0","0","0","0","0","0","0","0",""
"5","duel_participant","duel","1030","515","iphash:1bdcbdb6","^0-=^3'/^7o^3!^0d^0=-^6","2","","iphash:0abdb541","0","2","2","3","462","393","100","-7","0","53","3","1","1","0","seeing","low_force","119","0","33","301","9","0","0","0","0","0","0","0","0","0","462","0","0","0","0","0","0","0","0",""
"5","duel_participant","duel","1031","516","iphash:0abdb541","BK","2","","iphash:1bdcbdb6","1","2","2","3","182","97","15","60","39","7","0","1","1","0","grip","low_force","49","0","40","60","33","0","0","182","0","0","0","0","0","0","0","0","0","0","0","0","0","0","0",""
"5","duel_participant","duel","1032","516","iphash:1bdcbdb6","^0-=^3'/^7o^3!^0d^0=-^6","2","","iphash:0abdb541","0","2","2","3","125","70","100","-7","0","3","0","4","1","0","seeing","low_force","20","0","0","50","55","0","0","0","0","0","0","0","0","0","125","0","0","0","0","0","0","0","0",""
"5","duel_participant","duel","1033","517","iphash:0abdb541","BK","2","","iphash:1bdcbdb6","1","2","2","3","226","129","0","36","9","27","0","6","1","0","unknown","low_force","20","0","29","88","89","0","0","226","0","0","0","0","0","0","0","0","0","0","0","0","0","0","0",""
"5","duel_participant","duel","1034","517","iphash:1bdcbdb6","^0-=^3'/^7o^3!^0d^0=-^6","2","","iphash:0abdb541","0","2","2","3","253","205","100","-7","0","14","3","3","2","0","seeing","low_force","25","0","66","142","20","0","0","0","0","0","0","0","0","0","253","0","0","0","0","0","0","0","0",""
"5","duel_participant","duel","1035","518","user:void","void","1","","iphash:0abdb541","1","2","2","3","380","280","0","59","0","14","0","2","2","0","seeing","low_force","0","0","155","110","115","0","0","0","0","0","0","0","0","0","380","0","0","0","0","0","0","0","0",""
"5","duel_participant","duel","1036","518","iphash:0abdb541","BK","2","","user:void","0","2","2","3","346","285","100","-6","0","14","0","5","0","0","grip","low_force","76","0","73","182","15","0","0","346","0","0","0","0","0","0","0","0","0","0","0","0","0","0","0",""
"5","duel_participant","duel","1037","519","iphash:0abdb541","BK","2","","user:void","1","2","2","3","131","32","1","100","10","3","0","1","0","0","grip","low_force","20","0","61","50","0","0","0","131","0","0","0","0","0","0","0","0","0","0","0","0","0","0","0",""
"5","duel_participant","duel","1038","519","user:void","void","1","","iphash:0abdb541","0","2","2","3","64","47","100","-7","0","0","0","4","1","0","seeing","saber_throw","0","0","40","19","5","0","0","0","0","0","0","0","0","0","64","0","0","0","0","0","0","0","0",""
"5","duel_participant","duel","1039","520","user:void","void","1","","iphash:0abdb541","1","2","2","3","700","608","2","14","0","52","1","1","2","0","seeing","low_force","80","0","91","361","168","0","0","0","0","0","0","0","0","0","700","0","0","0","0","0","0","0","0",""
"5","duel_participant","duel","1040","520","iphash:0abdb541","BK","2","","user:void","0","2","2","3","684","603","100","-3","0","59","1","2","4","0","grip","low_force","141","19","54","314","156","0","0","684","0","0","0","0","0","0","0","0","0","0","0","0","0","0","0",""
"5","duel_participant","duel","1041","521","iphash:0abdb541","BK","2","","user:void","1","2","2","3","168","74","6","100","69","6","0","2","0","0","unknown","low_force","6","0","100","62","0","0","0","168","0","0","0","0","0","0","0","0","0","0","0","0","0","0","0",""
"5","duel_participant","duel","1042","521","user:void","void","1","","iphash:0abdb541","0","2","2","3","110","103","100","-4","0","0","0","5","0","0","seeing","saber_throw","0","0","85","0","25","0","0","0","0","0","0","0","0","0","110","0","0","0","0","0","0","0","0",""
"5","duel_participant","duel","1043","522","user:void","void","1","","iphash:0abdb541","1","2","2","3","485","445","54","10","28","30","1","2","1","0","seeing","low_force","69","0","70","285","61","0","0","0","0","0","0","0","0","0","485","0","0","0","0","0","0","0","0",""
"5","duel_participant","duel","1044","522","iphash:0abdb541","BK","2","","user:void","0","2","2","3","458","420","100","-1","0","45","0","6","1","0","unknown","low_force","0","0","128","169","161","0","0","458","0","0","0","0","0","0","0","0","0","0","0","0","0","0","0",""
"5","duel_participant","duel","1045","523","iphash:0abdb541","BK","2","","user:void","1","2","2","3","92","27","29","100","99","1","0","0","0","0","grip","low_force","6","0","59","19","8","0","0","92","0","0","0","0","0","0","0","0","0","0","0","0","0","0","0",""
"5","duel_participant","duel","1046","523","user:void","void","1","","iphash:0abdb541","0","2","2","3","153","106","100","-19","100","0","4","0","0","0","seeing","grip_control","87","0","16","50","0","0","0","0","0","0","0","0","0","0","153","0","0","0","0","0","0","0","0",""
"5","duel_participant","duel","1047","524","iphash:0abdb541","BK","2","","user:void","1","2","2","3","882","790","8","76","0","71","1","2","2","0","grip","low_force","80","31","235","374","162","0","0","882","0","0","0","0","0","0","0","0","0","0","0","0","0","0","0",""
"5","duel_participant","duel","1048","524","user:void","void","1","","iphash:0abdb541","0","2","2","3","955","879","100","-6","0","51","3","0","4","0","seeing","low_force","272","15","110","329","229","0","0","0","0","0","0","0","0","0","955","0","0","0","0","0","0","0","0",""
"5","duel_participant","duel","1049","525","iphash:0abdb541","BK","2","","user:void","1","2","2","3","173","116","43","80","38","13","0","1","0","0","grip","low_force","4","0","93","61","15","0","0","173","0","0","0","0","0","0","0","0","0","0","0","0","0","0","0",""
"5","duel_participant","duel","1050","525","user:void","void","1","","iphash:0abdb541","0","2","2","3","199","116","100","-33","0","10","0","2","0","0","seeing","low_force","8","0","70","71","50","0","0","0","0","0","0","0","0","0","199","0","0","0","0","0","0","0","0",""
"5","duel_participant","duel","1051","526","iphash:0abdb541","BK","2","","user:void","1","2","2","3","242","183","35","9","0","4","0","4","1","0","unknown","low_force","0","0","87","60","95","0","0","242","0","0","0","0","0","0","0","0","0","0","0","0","0","0","0",""
"5","duel_participant","duel","1052","526","user:void","void","1","","iphash:0abdb541","0","2","2","3","218","159","100","-4","0","19","1","3","1","0","seeing","low_force","32","0","66","116","4","0","0","0","0","0","0","0","0","0","218","0","0","0","0","0","0","0","0",""
"5","duel_participant","duel","1053","527","iphash:0abdb541","BK","2","","user:void","1","2","2","3","460","360","0","80","68","18","2","1","1","0","grip","low_force","178","0","148","126","8","0","0","460","0","0","0","0","0","0","0","0","0","0","0","0","0","0","0",""
"5","duel_participant","duel","1054","527","user:void","void","1","","iphash:0abdb541","0","2","2","3","504","447","100","-3","0","15","3","3","1","0","seeing","low_force","63","0","259","157","25","0","0","0","0","0","0","0","0","0","504","0","0","0","0","0","0","0","0",""
"5","duel_participant","duel","1055","528","iphash:0abdb541","BK","2","","user:void","1","2","2","3","46","31","85","80","38","0","0","1","0","0","unknown","linear_entries","46","0","0","0","0","0","0","46","0","0","0","0","0","0","0","0","0","0","0","0","0","0","0",""
"5","duel_participant","duel","1056","528","user:void","void","1","","iphash:0abdb541","0","2","2","3","46","46","100","-11","0","0","0","1","0","0","seeing","forced_entries","0","0","46","0","0","0","0","0","0","0","0","0","0","0","46","0","0","0","0","0","0","0","0",""
"5","duel_participant","duel","1057","529","iphash:0abdb541","BK","2","","user:void","1","2","2","3","234","136","2","58","68","8","1","1","2","0","unknown","low_force","75","0","102","31","26","0","0","234","0","0","0","0","0","0","0","0","0","0","0","0","0","0","0",""
"5","duel_participant","duel","1058","529","user:void","void","1","","iphash:0abdb541","0","2","2","3","162","162","100","-1","0","1","2","2","3","0","seeing","low_force","39","0","48","20","55","0","0","0","0","0","0","0","0","0","162","0","0","0","0","0","0","0","0",""
"5","duel_participant","duel","1059","530","user:void","void","1","","iphash:0abdb541","1","2","2","3","218","152","34","37","0","4","1","1","2","0","seeing","low_force","122","0","36","35","25","0","0","0","0","0","0","0","0","0","218","0","0","0","0","0","0","0","0",""
"5","duel_participant","duel","1060","530","iphash:0abdb541","BK","2","","user:void","0","2","2","3","242","192","100","-25","0","3","0","3","2","0","grip","low_force","90","0","95","57","0","0","0","242","0","0","0","0","0","0","0","0","0","0","0","0","0","0","0",""
"5","duel_participant","duel","1061","531","iphash:0abdb541","BK","2","","user:void","1","2","2","3","60","25","65","80","9","0","0","1","0","0","grip","saber_throw","60","0","0","0","0","0","0","60","0","0","0","0","0","0","0","0","0","0","0","0","0","0","0",""
"5","duel_participant","duel","1062","531","user:void","void","1","","iphash:0abdb541","0","2","2","3","45","40","100","-30","0","0","0","1","0","0","seeing","forced_entries","5","0","40","0","0","0","0","0","0","0","0","0","0","0","45","0","0","0","0","0","0","0","0",""
"5","duel_participant","duel","1063","532","iphash:0abdb541","BK","2","","user:void","1","2","2","3","40","0","54","80","70","0","0","0","0","0","grip","forced_entries","0","0","40","0","0","0","0","40","0","0","0","0","0","0","0","0","0","0","0","0","0","0","0",""
"5","duel_participant","duel","1064","532","user:void","void","1","","iphash:0abdb541","0","2","2","3","5","5","100","-10","0","0","0","0","0","0","seeing","linear_entries","0","0","5","0","0","0","0","0","0","0","0","0","0","0","5","0","0","0","0","0","0","0","0",""
"5","duel_participant","duel","1065","533","user:void","void","1","","iphash:0abdb541","1","2","2","3","216","119","3","59","0","11","0","4","1","0","seeing","low_force","35","0","30","101","50","0","0","0","0","0","0","0","0","0","216","0","0","0","0","0","0","0","0",""
"5","duel_participant","duel","1066","533","iphash:0abdb541","BK","2","","user:void","0","2","2","3","168","168","100","0","0","17","0","1","0","0","grip","low_force","0","0","56","81","31","0","0","168","0","0","0","0","0","0","0","0","0","0","0","0","0","0","0",""
"5","duel_participant","duel","1067","534","iphash:0abdb541","BK","2","","user:void","1","2","2","3","236","144","2","40","7","3","0","2","2","0","grip","low_force","44","54","50","39","49","0","0","236","0","0","0","0","0","0","0","0","0","0","0","0","0","0","0",""
"5","duel_participant","duel","1068","534","user:void","void","1","","iphash:0abdb541","0","2","2","3","263","173","100","-8","0","10","1","0","1","0","seeing","low_force","5","0","184","74","0","0","0","0","0","0","0","0","0","0","263","0","0","0","0","0","0","0","0",""
"5","duel_participant","duel","1069","535","iphash:0abdb541","BK","2","","user:void","1","2","2","3","109","22","13","80","70","1","0","1","0","0","unknown","low_force","40","0","8","20","41","0","0","109","0","0","0","0","0","0","0","0","0","0","0","0","0","0","0",""
"5","duel_participant","duel","1070","535","user:void","void","1","","iphash:0abdb541","0","2","2","3","139","52","100","-17","0","3","0","1","1","0","seeing","low_force","0","0","50","89","0","0","0","0","0","0","0","0","0","0","139","0","0","0","0","0","0","0","0",""
"5","duel_participant","duel","1071","536","iphash:0abdb541","BK","2","","user:void","1","2","2","3","687","587","0","64","0","8","1","7","1","0","unknown","low_force","185","116","115","69","202","0","0","687","0","0","0","0","0","0","0","0","0","0","0","0","0","0","0",""
"5","duel_participant","duel","1072","536","user:void","void","1","","iphash:0abdb541","0","2","2","3","725","625","100","-10","0","42","3","3","0","0","seeing","low_force","26","0","442","253","4","0","0","0","0","0","0","0","0","0","725","0","0","0","0","0","0","0","0",""
"5","duel_participant","duel","1073","537","iphash:0abdb541","BK","2","","user:void","1","2","2","3","508","441","33","100","0","39","0","4","1","0","unknown","low_force","40","20","58","280","110","0","0","508","0","0","0","0","0","0","0","0","0","0","0","0","0","0","0",""
"5","duel_participant","duel","1074","537","user:void","void","1","","iphash:0abdb541","0","2","2","3","597","553","100","-36","0","43","0","2","3","0","seeing","low_force","0","0","162","287","148","0","0","0","0","0","0","0","0","0","597","0","0","0","0","0","0","0","0",""
"5","duel_participant","duel","1075","538","iphash:0abdb541","BK","2","","user:void","1","2","2","3","780","680","0","49","0","18","1","4","1","0","grip","low_force","208","5","135","187","245","0","0","780","0","0","0","0","0","0","0","0","0","0","0","0","0","0","0",""
"5","duel_participant","duel","1076","538","user:void","void","1","","iphash:0abdb541","0","2","2","3","620","570","100","-2","0","46","3","1","1","0","seeing","low_force","76","0","222","307","15","0","0","0","0","0","0","0","0","0","620","0","0","0","0","0","0","0","0",""
"5","duel_participant","duel","1077","539","iphash:0abdb541","BK","2","","user:void","1","2","2","3","435","345","10","94","0","8","1","2","1","0","grip","low_force","170","10","89","51","115","0","0","435","0","0","0","0","0","0","0","0","0","0","0","0","0","0","0",""
"5","duel_participant","duel","1078","539","user:void","void","1","","iphash:0abdb541","0","2","2","3","466","426","100","-23","0","19","1","2","0","0","seeing","low_force","116","0","230","105","15","0","0","0","0","0","0","0","0","0","466","0","0","0","0","0","0","0","0",""
"5","duel_participant","duel","1079","540","iphash:0abdb541","BK","2","","user:void","1","2","2","3","170","118","48","60","9","0","0","3","0","0","grip","saber_throw","5","0","108","0","57","0","0","170","0","0","0","0","0","0","0","0","0","0","0","0","0","0","0",""
"5","duel_participant","duel","1080","540","user:void","void","1","","iphash:0abdb541","0","2","2","3","126","111","100","-6","0","0","0","3","0","0","unknown","saber_throw","91","0","20","15","0","0","0","0","0","0","0","0","0","0","126","0","0","0","0","0","0","0","0",""
"5","duel_participant","duel","1081","541","iphash:0abdb541","BK","2","","user:void","1","2","2","3","564","485","21","67","0","15","0","4","1","0","grip","low_force","0","0","279","118","167","0","0","564","0","0","0","0","0","0","0","0","0","0","0","0","0","0","0",""
"5","duel_participant","duel","1082","541","user:void","void","1","","iphash:0abdb541","0","2","2","3","419","343","100","0","0","34","3","1","1","0","seeing","low_force","56","77","36","167","83","0","0","0","0","0","0","0","0","0","419","0","0","0","0","0","0","0","0",""
"5","duel_participant","duel","1083","542","user:void","void","1","","iphash:0abdb541","1","2","2","3","645","545","0","66","4","37","4","1","4","0","seeing","low_force","61","20","236","299","29","0","0","0","0","0","0","0","0","0","645","0","0","0","0","0","0","0","0",""
"5","duel_participant","duel","1084","542","iphash:0abdb541","BK","2","","user:void","0","2","2","3","564","506","100","-12","0","11","0","8","1","0","unknown","low_force","68","18","148","96","234","0","0","564","0","0","0","0","0","0","0","0","0","0","0","0","0","0","0",""
"5","duel_participant","duel","1085","543","iphash:0abdb541","BK","2","","user:void","1","2","2","3","208","108","0","80","38","8","0","3","0","0","grip","low_force","32","0","110","66","0","0","0","208","0","0","0","0","0","0","0","0","0","0","0","0","0","0","0",""
"5","duel_participant","duel","1086","543","user:void","void","1","","iphash:0abdb541","0","2","2","3","184","97","100","-24","0","4","1","4","1","0","seeing","low_force","39","0","60","50","35","0","0","0","0","0","0","0","0","0","184","0","0","0","0","0","0","0","0",""
"5","duel_participant","duel","1087","544","iphash:0abdb541","BK","2","","user:void","1","2","2","3","242","151","9","17","0","12","0","5","1","0","unknown","low_force","10","0","96","131","5","0","0","242","0","0","0","0","0","0","0","0","0","0","0","0","0","0","0",""
"5","duel_participant","duel","1088","544","user:void","void","1","","iphash:0abdb541","0","2","2","3","281","202","100","0","0","9","0","6","3","0","seeing","low_force","0","0","78","89","114","0","0","0","0","0","0","0","0","0","281","0","0","0","0","0","0","0","0",""
"5","duel_participant","duel","1089","545","iphash:0abdb541","BK","2","","user:void","1","2","2","3","794","735","41","65","0","12","0","9","2","0","unknown","low_force","176","21","75","82","440","0","0","794","0","0","0","0","0","0","0","0","0","0","0","0","0","0","0",""
"5","duel_participant","duel","1090","545","user:void","void","1","","iphash:0abdb541","0","2","2","3","758","698","100","-39","0","66","1","4","1","0","seeing","low_force","114","0","226","394","24","0","0","0","0","0","0","0","0","0","758","0","0","0","0","0","0","0","0",""
"5","duel_participant","duel","1091","546","iphash:0abdb541","BK","2","","user:void","1","2","2","3","62","37","75","100","40","0","0","1","0","0","unknown","forced_entries","6","0","56","0","0","0","0","62","0","0","0","0","0","0","0","0","0","0","0","0","0","0","0",""
"5","duel_participant","duel","1092","546","user:void","void","1","","iphash:0abdb541","0","2","2","3","60","51","100","-10","0","0","0","2","0","0","seeing","saber_throw","5","0","55","0","0","0","0","0","0","0","0","0","0","0","60","0","0","0","0","0","0","0","0",""
"5","duel_participant","duel","1093","547","iphash:0abdb541","BK","2","","user:void","1","2","2","3","179","79","0","80","9","6","0","4","0","0","unknown","low_force","0","0","106","73","0","0","0","179","0","0","0","0","0","0","0","0","0","0","0","0","0","0","0",""
"5","duel_participant","duel","1094","547","user:void","void","1","","iphash:0abdb541","0","2","2","3","176","97","100","-20","0","4","0","4","2","0","seeing","low_force","25","0","100","46","5","0","0","0","0","0","0","0","0","0","176","0","0","0","0","0","0","0","0",""
"5","duel_participant","duel","1095","548","user:void","void","1","","iphash:0abdb541","1","2","2","3","748","669","15","8","0","46","3","1","1","0","seeing","low_force","97","73","171","328","79","0","0","0","0","0","0","0","0","0","748","0","0","0","0","0","0","0","0",""
"5","duel_participant","duel","1096","548","iphash:0abdb541","BK","2","","user:void","0","2","2","3","649","552","100","-14","0","31","0","7","1","0","unknown","low_force","70","0","172","233","174","0","0","649","0","0","0","0","0","0","0","0","0","0","0","0","0","0","0",""
"5","duel_participant","duel","1097","549","iphash:0abdb541","BK","2","","user:void","1","2","2","3","69","38","63","100","98","0","0","0","0","0","grip","linear_entries","61","0","0","0","8","0","0","69","0","0","0","0","0","0","0","0","0","0","0","0","0","0","0",""
"5","duel_participant","duel","1098","549","user:void","void","1","","iphash:0abdb541","0","2","2","3","110","39","100","-19","100","1","1","0","1","0","seeing","low_force","0","0","60","50","0","0","0","0","0","0","0","0","0","0","110","0","0","0","0","0","0","0","0",""
"5","duel_participant","duel","1099","550","iphash:0abdb541","BK","2","","user:void","1","2","2","3","286","205","13","80","0","3","0","3","0","0","grip","low_force","1","0","197","27","61","0","0","286","0","0","0","0","0","0","0","0","0","0","0","0","0","0","0",""
"5","duel_participant","duel","1100","550","user:void","void","1","","iphash:0abdb541","0","2","2","3","229","168","100","-8","59","3","5","0","0","0","seeing","low_force","158","20","5","46","0","0","0","0","0","0","0","0","0","0","229","0","0","0","0","0","0","0","0",""
"5","duel_participant","duel","1101","551","iphash:0abdb541","BK","2","","user:void","1","2","2","3","229","162","27","80","99","18","0","0","0","0","grip","low_force","16","0","72","100","41","0","0","229","0","0","0","0","0","0","0","0","0","0","0","0","0","0","0",""
"5","duel_participant","duel","1102","551","user:void","void","1","","iphash:0abdb541","0","2","2","3","228","198","100","-2","98","4","2","0","3","0","seeing","low_force","35","0","50","59","84","0","0","0","0","0","0","0","0","0","228","0","0","0","0","0","0","0","0",""
"5","duel_participant","duel","1103","552","iphash:0abdb541","BK","2","","user:void","1","2","2","3","88","22","28","100","100","0","0","0","0","0","grip","forced_entries","2","0","58","0","28","0","0","88","0","0","0","0","0","0","0","0","0","0","0","0","0","0","0",""
"5","duel_participant","duel","1104","552","user:void","void","1","","iphash:0abdb541","0","2","2","3","107","63","100","-19","100","0","4","0","0","0","seeing","grip_control","38","0","19","50","0","0","0","0","0","0","0","0","0","0","107","0","0","0","0","0","0","0","0",""
"5","duel_participant","duel","1105","553","iphash:0abdb541","BK","2","","user:void","1","2","2","3","448","370","22","60","40","11","0","2","1","0","grip","low_force","86","0","227","63","72","0","0","448","0","0","0","0","0","0","0","0","0","0","0","0","0","0","0",""
"5","duel_participant","duel","1106","553","user:void","void","1","","iphash:0abdb541","0","2","2","3","423","373","100","-8","57","10","7","0","3","0","seeing","low_force","266","0","46","106","5","0","0","0","0","0","0","0","0","0","423","0","0","0","0","0","0","0","0",""
"5","duel_participant","duel","1107","554","user:void","void","1","","iphash:0abdb541","1","2","2","3","594","548","54","52","0","45","4","0","4","0","seeing","low_force","185","5","53","241","110","0","0","0","0","0","0","0","0","0","594","0","0","0","0","0","0","0","0",""
"5","duel_participant","duel","1108","554","iphash:0abdb541","BK","2","","user:void","0","2","2","3","611","611","100","0","0","38","0","3","2","0","grip","low_force","41","0","244","179","147","0","0","611","0","0","0","0","0","0","0","0","0","0","0","0","0","0","0",""
"5","duel_participant","duel","1109","555","iphash:0abdb541","BK","2","","user:void","1","2","2","3","139","69","24","80","10","2","0","2","0","0","grip","low_force","11","0","78","38","12","0","0","139","0","0","0","0","0","0","0","0","0","0","0","0","0","0","0",""
"5","duel_participant","duel","1110","555","user:void","void","1","","iphash:0abdb541","0","2","2","3","208","127","100","-19","20","3","4","0","1","0","seeing","low_force","0","0","122","86","0","0","0","0","0","0","0","0","0","0","208","0","0","0","0","0","0","0","0",""
"5","duel_participant","duel","1111","556","iphash:0abdb541","BK","2","","user:void","1","2","2","3","787","708","15","100","8","41","4","1","1","0","grip","low_force","125","0","265","298","99","0","0","787","0","0","0","0","0","0","0","0","0","0","0","0","0","0","0",""
"5","duel_participant","duel","1112","556","user:void","void","1","","iphash:0abdb541","0","2","2","3","769","694","100","-2","97","30","7","0","1","0","seeing","low_force","259","0","124","252","134","0","0","0","0","0","0","0","0","0","769","0","0","0","0","0","0","0","0",""
"5","duel_participant","duel","1113","557","iphash:0abdb541","BK","2","","user:void","1","2","2","3","159","66","1","100","100","14","0","0","0","0","grip","low_force","0","0","96","63","0","0","0","159","0","0","0","0","0","0","0","0","0","0","0","0","0","0","0",""
"5","duel_participant","duel","1114","557","user:void","void","1","","iphash:0abdb541","0","2","2","3","108","57","100","-14","99","0","3","0","2","0","seeing","grip_control","34","0","19","5","50","0","0","0","0","0","0","0","0","0","108","0","0","0","0","0","0","0","0",""
"5","duel_participant","duel","1115","558","iphash:0abdb541","BK","2","","user:void","1","2","2","3","378","278","0","52","90","14","0","1","0","0","grip","low_force","54","0","175","91","58","0","0","378","0","0","0","0","0","0","0","0","0","0","0","0","0","0","0",""
"5","duel_participant","duel","1116","558","user:void","void","1","","iphash:0abdb541","0","2","2","3","408","408","100","-2","97","10","4","0","3","0","seeing","low_force","214","0","49","145","0","0","0","0","0","0","0","0","0","0","408","0","0","0","0","0","0","0","0",""
"5","duel_participant","duel","1117","559","user:void","void","1","","iphash:0abdb541","1","2","2","3","866","777","11","88","98","38","8","0","3","0","seeing","low_force","288","50","70","240","218","0","0","0","0","0","0","0","0","0","866","0","0","0","0","0","0","0","0",""
"5","duel_participant","duel","1118","559","iphash:0abdb541","BK","2","","user:void","0","2","2","3","977","904","100","-2","0","44","1","4","0","0","grip","low_force","74","0","382","246","275","0","0","977","0","0","0","0","0","0","0","0","0","0","0","0","0","0","0",""
"5","duel_participant","duel","1119","560","iphash:0abdb541","BK","2","","user:void","1","2","2","3","174","83","3","80","40","11","0","3","0","0","grip","low_force","0","0","116","17","41","0","0","174","0","0","0","0","0","0","0","0","0","0","0","0","0","0","0",""
"5","duel_participant","duel","1120","560","user:void","void","1","","iphash:0abdb541","0","2","2","3","177","120","100","-6","100","2","5","0","1","0","seeing","grip_control","89","0","49","39","0","0","0","0","0","0","0","0","0","0","177","0","0","0","0","0","0","0","0",""
"5","duel_participant","duel","1121","561","iphash:0abdb541","BK","2","","user:void","1","2","2","3","324","256","26","80","99","28","0","0","0","0","grip","low_force","29","0","61","206","28","0","0","324","0","0","0","0","0","0","0","0","0","0","0","0","0","0","0",""
"5","duel_participant","duel","1122","561","user:void","void","1","","iphash:0abdb541","0","2","2","3","302","290","100","-16","99","3","2","0","3","0","seeing","low_force","0","0","104","78","120","0","0","0","0","0","0","0","0","0","302","0","0","0","0","0","0","0","0",""
"5","duel_participant","duel","1123","562","iphash:0abdb541","BK","2","","user:void","1","2","2","3","442","353","5","64","9","17","0","1","0","0","grip","low_force","56","0","169","27","190","0","0","442","0","0","0","0","0","0","0","0","0","0","0","0","0","0","0",""
"5","duel_participant","duel","1124","562","user:void","void","1","","iphash:0abdb541","0","2","2","3","545","492","100","-14","57","22","7","0","2","0","seeing","low_force","138","5","73","300","29","0","0","0","0","0","0","0","0","0","545","0","0","0","0","0","0","0","0",""
"5","duel_participant","duel","1125","563","user:void","void","1","","iphash:0abdb541","1","2","2","3","234","137","0","82","16","20","2","2","1","0","seeing","low_force","5","0","91","52","86","0","0","0","0","0","0","0","0","0","234","0","0","0","0","0","0","0","0",""
"5","duel_participant","duel","1126","563","iphash:0abdb541","BK","2","","user:void","0","2","2","3","155","86","100","-8","29","13","1","2","1","0","unknown","low_force","31","0","41","47","36","0","0","155","0","0","0","0","0","0","0","0","0","0","0","0","0","0","0",""
"5","duel_participant","duel","1127","564","iphash:0abdb541","BK","2","","user:void","1","2","2","3","264","186","16","80","70","25","0","0","0","0","grip","low_force","45","0","57","158","4","0","0","264","0","0","0","0","0","0","0","0","0","0","0","0","0","0","0",""
"5","duel_participant","duel","1128","564","user:void","void","1","","iphash:0abdb541","0","2","2","3","285","227","100","-6","89","6","4","0","3","0","seeing","low_force","107","0","15","108","55","0","0","0","0","0","0","0","0","0","285","0","0","0","0","0","0","0","0",""
"5","duel_participant","duel","1129","565","user:void","void","1","","iphash:0abdb541","1","2","2","3","416","324","2","78","98","17","4","0","2","0","seeing","low_force","60","0","75","186","95","0","0","0","0","0","0","0","0","0","416","0","0","0","0","0","0","0","0",""
"5","duel_participant","duel","1130","565","iphash:0abdb541","BK","2","","user:void","0","2","2","3","301","214","100","0","100","44","0","0","1","0","grip","low_force","89","0","39","167","6","0","0","301","0","0","0","0","0","0","0","0","0","0","0","0","0","0","0",""
"5","duel_participant","duel","1131","566","iphash:0abdb541","BK","2","","user:void","1","2","2","3","306","210","0","100","98","5","0","0","0","0","grip","low_force","47","0","144","53","62","0","0","306","0","0","0","0","0","0","0","0","0","0","0","0","0","0","0",""
"5","duel_participant","duel","1132","566","user:void","void","1","","iphash:0abdb541","0","2","2","3","274","191","100","-16","100","8","6","0","2","0","seeing","low_force","155","0","50","69","0","0","0","0","0","0","0","0","0","0","274","0","0","0","0","0","0","0","0",""
"5","duel_participant","duel","1133","567","iphash:0abdb541","BK","2","","user:void","1","2","2","3","550","477","21","69","40","29","1","0","1","0","grip","low_force","51","0","213","196","90","0","0","550","0","0","0","0","0","0","0","0","0","0","0","0","0","0","0",""
"5","duel_participant","duel","1134","567","user:void","void","1","","iphash:0abdb541","0","2","2","3","555","503","100","0","0","17","7","0","0","0","seeing","low_force","69","0","221","206","59","0","0","0","0","0","0","0","0","0","555","0","0","0","0","0","0","0","0",""
"5","duel_participant","duel","1135","568","iphash:0abdb541","BK","2","","user:void","1","2","2","3","105","71","66","100","69","3","0","1","0","0","unknown","low_force","12","0","51","15","27","0","0","105","0","0","0","0","0","0","0","0","0","0","0","0","0","0","0",""
"5","duel_participant","duel","1136","568","user:void","void","1","","iphash:0abdb541","0","2","2","3","172","172","100","-19","100","1","3","0","2","0","seeing","low_force","38","0","40","94","0","0","0","0","0","0","0","0","0","0","172","0","0","0","0","0","0","0","0",""
"5","duel_participant","duel","1137","569","iphash:0abdb541","BK","2","","user:void","1","2","2","3","458","390","32","88","70","31","0","0","1","0","grip","low_force","85","0","175","166","32","0","0","458","0","0","0","0","0","0","0","0","0","0","0","0","0","0","0",""
"5","duel_participant","duel","1138","569","user:void","void","1","","iphash:0abdb541","0","2","2","3","431","409","100","-10","98","20","6","0","1","0","seeing","low_force","62","0","125","140","104","0","0","0","0","0","0","0","0","0","431","0","0","0","0","0","0","0","0",""
"5","duel_participant","duel","1139","570","iphash:1bdcbdb6","^0-=^3'/^7o^3!^0d^0=-^6","2","","bot:/botfiles/mediumds3.jkb","1","2","2","3","0","0","100","100","98","0","0","0","0","0","","linear_entries","0","0","0","0","0","0","0","0","0","0","0","0","0","0","0","0","0","0","0","0","0","0","0",""
"5","duel_participant","duel","1140","570","bot:/botfiles/mediumds3.jkb","Reborn","0","","iphash:1bdcbdb6","0","2","2","3","0","0","100","-10","0","0","0","0","0","0","","linear_entries","0","0","0","0","0","0","0","0","0","0","0","0","0","0","0","0","0","0","0","0","0","0","0",""
"5","duel_participant","duel","1141","571","iphash:1bdcbdb6","^0-=^3'/^7o^3!^0d^0=-^6","2","","bot:/botfiles/mediumds.jkb","1","2","2","3","390","327","37","60","70","14","1","2","1","0","seeing","low_force","57","37","80","123","93","0","0","0","0","0","0","0","0","0","390","0","0","0","0","0","0","0","0",""
"5","duel_participant","duel","1142","571","bot:/botfiles/mediumds.jkb","Cultist","0","","iphash:1bdcbdb6","0","2","2","3","435","376","100","-1","0","25","0","4","1","0","grip","low_force","21","0","222","173","19","19","133","121","162","0","0","0","0","0","0","0","0","0","0","0","0","0","0",""
"5","duel_participant","duel","1143","572","bot:/botfiles/mediumds.jkb","Cultist","0","","iphash:1bdcbdb6","1","2","2","3","230","135","5","100","28","18","0","1","0","0","pull","low_force","63","0","101","66","0","0","126","69","35","0","0","0","0","0","0","0","0","0","0","0","0","0","0",""
"5","duel_participant","duel","1144","572","iphash:1bdcbdb6","^0-=^3'/^7o^3!^0d^0=-^6","2","","bot:/botfiles/mediumds.jkb","0","2","2","3","110","110","100","-14","39","0","1","2","1","0","unknown","forced_entries","39","0","71","0","0","0","0","0","0","0","0","0","0","0","110","0","0","0","0","0","0","0","0",""
"5","duel_participant","duel","1145","573","iphash:1bdcbdb6","^0-=^3'/^7o^3!^0d^0=-^6^7[0]","2","","bot:/botfiles/hardds4.jkb","1","2","2","3","519","429","10","48","69","25","0","1","3","0","unknown","low_force","239","15","16","203","46","0","0","0","0","0","0","0","0","0","519","0","0","0","0","0","0","0","0",""
"5","duel_participant","duel","1146","573","bot:/botfiles/hardds4.jkb","New_Reborn","0","","iphash:1bdcbdb6","0","2","2","3","636","558","100","-13","0","31","0","4","2","0","pull","low_force","23","0","289","280","44","57","266","5","308","0","0","0","0","0","0","0","0","0","0","0","0","0","0",""
"5","duel_participant","duel","1147","574","iphash:1bdcbdb6","^0-=^3'/^7o^3!^0d^0=-^6^7[0]","2","","bot:/botfiles/hardds4.jkb","1","2","2","3","588","495","1","30","97","37","0","0","1","0","seeing","low_force","16","15","86","419","52","0","0","0","0","0","0","0","0","0","588","0","0","0","0","0","0","0","0",""
"5","duel_participant","duel","1148","574","bot:/botfiles/hardds4.jkb","New_Reborn^7[0]","0","","iphash:1bdcbdb6","0","2","2","3","612","536","100","-8","0","41","0","6","2","0","speed","low_force","98","0","57","400","57","58","222","36","291","0","0","0","0","5","0","0","0","0","0","0","0","0","0",""
"5","duel_participant","duel","1149","575","user:void","void","1","","bot:/botfiles/hardds4.jkb","1","2","2","3","700","616","16","56","68","29","1","2","4","0","seeing","low_force","122","44","55","310","169","0","0","0","0","0","0","0","0","0","700","0","0","0","0","0","0","0","0",""
"5","duel_participant","duel","1150","575","bot:/botfiles/hardds4.jkb","New_Reborn^7[0]","0","","user:void","0","2","2","3","709","709","100","-3","0","77","0","3","2","0","drain","low_force","25","0","177","420","87","79","280","118","232","0","0","0","0","0","0","0","0","0","0","0","0","0","0",""
"5","duel_participant","duel","1151","576","user:void","void","1","","bot:/botfiles/mediumds2.jkb","1","2","2","3","207","111","4","80","69","5","0","1","1","0","unknown","low_force","64","15","24","74","30","0","0","0","0","0","0","0","0","0","207","0","0","0","0","0","0","0","0",""
"5","duel_participant","duel","1152","576","bot:/botfiles/mediumds2.jkb","BobaFett","0","","user:void","0","2","2","3","151","135","100","-23","0","3","1","4","2","0","speed","low_force","23","0","86","32","10","38","73","0","15","0","0","0","0","25","0","0","0","0","0","0","0","0","0",""
"5","duel_participant","duel","1153","577","bot:/botfiles/mediumds2.jkb","BobaFett","0","","user:void","1","2","2","3","387","289","2","38","0","12","2","3","1","0","pull","low_force","61","0","93","115","118","19","170","28","170","0","0","0","0","0","0","0","0","0","0","0","0","0","0",""
"5","duel_participant","duel","1154","577","user:void","void","1","","bot:/botfiles/mediumds2.jkb","0","2","2","3","375","375","100","0","68","16","0","1","1","0","seeing","low_force","69","0","144","129","33","0","0","0","0","0","0","0","0","0","375","0","0","0","0","0","0","0","0",""
"5","duel_participant","duel","1155","578","user:void","void","1","","bot:/botfiles/mediumds2.jkb","1","2","2","3","411","319","2","24","69","24","0","2","2","0","seeing","low_force","90","0","29","221","71","0","0","0","0","0","0","0","0","0","411","0","0","0","0","0","0","0","0",""
"5","duel_participant","duel","1156","578","bot:/botfiles/mediumds2.jkb","BobaFett","0","","user:void","0","2","2","3","437","360","100","-9","0","24","0","3","1","0","pull","low_force","11","0","145","177","104","0","324","0","113","0","0","0","0","0","0","0","0","0","0","0","0","0","0",""
"5","duel_participant","duel","1157","579","user:void","void","1","","bot:/botfiles/mediumds2.jkb","1","2","2","3","205","157","52","60","99","10","0","1","1","0","seeing","low_force","0","0","84","56","65","0","0","0","0","0","0","0","0","0","205","0","0","0","0","0","0","0","0",""
"5","duel_participant","duel","1158","579","bot:/botfiles/mediumds2.jkb","BobaFett","0","","user:void","0","2","2","3","261","170","100","0","0","14","0","4","0","0","drain","low_force","25","0","34","167","35","19","93","0","99","50","0","0","0","0","0","0","0","0","0","0","0","0","0",""
"5","duel_participant","duel","1159","580","user:void","void","1","","bot:/botfiles/mediumds2.jkb","1","2","2","3","540","475","35","100","39","15","0","2","3","0","unknown","low_force","135","10","205","131","59","0","0","0","0","0","0","0","0","0","540","0","0","0","0","0","0","0","0",""
"5","duel_participant","duel","1160","580","bot:/botfiles/mediumds2.jkb","BobaFett","0","","user:void","0","2","2","3","640","640","100","-3","0","27","1","5","1","0","drain","low_force","160","0","186","264","30","38","253","128","221","0","0","0","0","0","0","0","0","0","0","0","0","0","0",""
"5","duel_participant","duel","1161","581","user:void","void","1","","bot:/botfiles/mediumds2.jkb","1","2","2","3","599","503","0","60","67","48","1","1","1","0","unknown","low_force","32","0","41","358","168","0","0","0","0","0","0","0","0","0","599","0","0","0","0","0","0","0","0",""
"5","duel_participant","duel","1162","581","bot:/botfiles/mediumds2.jkb","BobaFett","0","","user:void","0","2","2","3","687","632","100","-9","0","56","0","3","3","0","push","low_force","13","0","173","384","117","82","368","78","159","0","0","0","0","0","0","0","0","0","0","0","0","0","0",""
"5","duel_participant","duel","1163","582","iphash:1bdcbdb6","^0-=^3'/^7o^3!^0d^0=-^6","2","","bot:/botfiles/easyds2.jkb","1","2","2","3","288","262","74","60","99","6","0","0","0","0","seeing","low_force","0","0","207","55","26","0","0","0","0","0","0","0","0","0","288","0","0","0","0","0","0","0","0",""
"5","duel_participant","duel","1164","582","bot:/botfiles/easyds2.jkb","Stormtrooper","0","","iphash:1bdcbdb6","0","2","2","3","230","230","100","-2","0","0","1","6","1","0","push","saber_throw","0","0","116","4","110","65","110","0","55","0","0","0","0","0","0","0","0","0","0","0","0","0","0",""
"5","duel_participant","duel","1165","583","user:void","void","1","","bot:/botfiles/easyds2.jkb","1","2","2","3","301","281","80","100","100","0","0","0","1","0","seeing","late_defense","155","30","92","0","24","0","0","0","0","0","0","0","0","0","301","0","0","0","0","0","0","0","0",""
"5","duel_participant","duel","1166","583","bot:/botfiles/easyds2.jkb","Stormtrooper","0","","user:void","0","2","2","3","229","229","100","-4","0","1","2","3","2","0","drain","low_force","26","0","145","58","0","86","98","0","45","0","0","0","0","0","0","0","0","0","0","0","0","0","0",""
"5","duel_participant","duel","1167","584","user:void","void","1","","bot:/botfiles/hardds2.jkb","1","2","2","3","218","160","42","60","67","0","0","1","0","0","unknown","saber_throw","64","0","20","0","134","0","0","0","0","0","0","0","0","0","218","0","0","0","0","0","0","0","0",""
"5","duel_participant","duel","1168","584","bot:/botfiles/hardds2.jkb","Skryptr","0","","user:void","0","2","2","3","144","144","100","-7","0","3","0","3","1","0","push","low_force","5","0","94","45","0","45","24","0","25","0","0","0","0","50","0","0","0","0","0","0","0","0","0",""
"5","duel_participant","duel","1169","585","user:void","void","1","","bot:/botfiles/hardds2.jkb","1","2","2","3","891","884","87","16","7","30","0","4","2","0","seeing","low_force","158","0","155","281","297","0","0","0","0","0","0","0","0","0","891","0","0","0","0","0","0","0","0",""
"5","duel_participant","duel","1170","585","bot:/botfiles/hardds2.jkb","Skryptr","0","","user:void","0","2","2","3","802","758","100","0","0","37","1","5","2","0","pull","low_force","64","0","245","324","169","18","208","0","500","0","0","0","0","76","0","0","0","0","0","0","0","0","0",""
"5","duel_participant","duel","1171","586","user:void","void","1","","bot:/botfiles/hardds4.jkb","1","2","2","3","1170","1130","54","100","0","29","2","6","3","0","unknown","low_force","292","5","164","320","389","0","0","0","0","0","0","0","0","0","1170","0","0","0","0","0","0","0","0",""
"5","duel_participant","duel","1172","586","bot:/botfiles/hardds4.jkb","Reborn_Twin","0","","user:void","0","2","2","3","1290","1283","100","0","0","86","0","5","2","0","speed","low_force","105","0","390","565","230","167","433","215","451","0","0","0","0","24","0","0","0","0","0","0","0","0","0",""
"5","duel_participant","arcade","1173","587","iphash:4cdd29ac","^0-=^3'/^7o^3!^0d^0=-^6","2","iphash:4cdd29ac","","1","0","0","0","950","887","0","0","0","26","","1","2","","","","","","","","","","","","","","","","","","","","1","393","328","3","4","11","0",""
"5","duel_participant","arcade","1174","588","iphash:4cdd29ac","^0-=^3'/^7o^3!^0d^0=-^6","2","iphash:4cdd29ac","","1","0","0","0","881","823","0","0","0","45","","1","2","","","","","","","","","","","","","","","","","","","","1","195","341","5","6","8","0",""
"5","duel_participant","arcade","1175","589","iphash:4cdd29ac","^0-=^3'/^7o^3!^0d^0=-^6","2","iphash:4cdd29ac","","1","0","0","0","615","516","0","0","0","43","","0","0","","","","","","","","","","","","","","","","","","","","1","255","330","9","2","8","0",""
"5","duel_participant","arcade","1176","590","iphash:4cdd29ac","^0-=^3'/^7o^3!^0d^0=-^6","2","iphash:4cdd29ac","","1","0","0","0","193","115","0","0","0","0","","0","0","","","","","","","","","","","","","","","","","","","","1","21","118","1","1","0","0",""
"5","duel_participant","arcade","1177","591","iphash:4cdd29ac","^0-=^3'/^7o^3!^0d^0=-^6","2","iphash:4cdd29ac","","0","0","0","0","330","235","0","0","0","5","","2","2","","","","","","","","","","","","","","","","","","","","0","314","211","3","5","0","0",""
"5","duel_participant","arcade","1178","592","iphash:4cdd29ac","^0-=^3'/^7o^3!^0d^0=-^6","2","iphash:4cdd29ac","","1","0","0","0","801","718","0","0","0","13","","3","2","","","","","","","","","","","","","","","","","","","","1","139","493","1","7","10","0",""
"5","duel_participant","arcade","1179","593","iphash:4cdd29ac","^0-=^3'/^7o^3!^0d^0=-^6","2","iphash:4cdd29ac","","1","0","0","0","753","654","0","0","0","34","","1","1","","","","","","","","","","","","","","","","","","","","1","113","307","4","5","9","0",""
"5","duel_participant","arcade","1180","594","iphash:4cdd29ac","^0-=^3'/^7o^3!^0d^0=-^6","2","iphash:4cdd29ac","","0","0","0","0","667","569","0","0","0","41","","4","2","","","","","","","","","","","","","","","","","","","","0","234","263","6","2","5","0",""
"5","duel_participant","arcade","1181","595","user:void","void","1","user:void","","0","0","0","0","5","5","0","0","0","0","","0","0","","","","","","","","","","","","","","","","","","","","0","76","0","0","0","0","0",""
"5","duel_participant","arcade","1182","596","iphash:4cdd29ac","^0-=^3'/^7o^3!^0d^0=-^6","2","iphash:4cdd29ac","","1","0","0","0","810","712","0","0","0","59","","2","4","","","","","","","","","","","","","","","","","","","","1","249","362","3","6","14","0",""
"5","duel_participant","arcade","1183","597","iphash:4cdd29ac","^0-=^3'/^7o^3!^0d^0=-^6","2","iphash:4cdd29ac","","1","0","0","0","390","314","0","0","0","8","","1","1","","","","","","","","","","","","","","","","","","","","1","159","260","3","4","3","0",""
"5","duel_participant","arcade","1184","598","iphash:4cdd29ac","^0-=^3'/^7o^3!^0d^0=-^6","2","iphash:4cdd29ac","","1","0","0","0","350","255","0","0","0","17","","0","0","","","","","","","","","","","","","","","","","","","","1","111","131","2","0","4","0",""
"5","duel_participant","arcade","1185","599","iphash:4cdd29ac","^0-=^3'/^7o^3!^0d^0=-^6","2","iphash:4cdd29ac","","1","0","0","0","1717","1618","0","0","0","111","","1","7","","","","","","","","","","","","","","","","","","","","1","421","590","5","7","32","0",""
"5","duel_participant","arcade","1186","600","iphash:4cdd29ac","^0-=^3'/^7o^3!^0d^0=-^6","2","iphash:4cdd29ac","","0","0","0","0","555","549","0","0","0","18","","0","2","","","","","","","","","","","","","","","","","","","","0","254","108","1","4","3","0",""
"5","duel_participant","arcade","1187","601","iphash:4cdd29ac","^0-=^3'/^7o^3!^0d^0=-^6","2","iphash:4cdd29ac","","0","0","0","0","451","353","0","0","0","19","","1","3","","","","","","","","","","","","","","","","","","","","0","213","253","2","9","2","0",""
"5","duel_participant","arcade","1188","602","iphash:4cdd29ac","^0-=^3'/^7o^3!^0d^0=-^6","2","iphash:4cdd29ac","","0","0","0","0","938","918","0","0","0","12","","1","5","","","","","","","","","","","","","","","","","","","","0","203","231","3","5","7","0",""
"5","duel_participant","arcade","1189","603","iphash:4cdd29ac","^0-=^3'/^7o^3!^0d^0=-^6","2","iphash:4cdd29ac","","0","0","0","0","398","398","0","0","0","12","","0","2","","","","","","","","","","","","","","","","","","","","0","317","112","5","0","7","0",""
"5","duel_participant","arcade","1190","604","iphash:4cdd29ac","^0-=^3'/^7o^3!^0d^0=-^6","2","iphash:4cdd29ac","","1","0","0","0","494","448","0","0","0","9","","0","1","","","","","","","","","","","","","","","","","","","","1","91","264","2","2","3","0",""
"5","duel_participant","arcade","1191","605","iphash:4cdd29ac","^0-=^3'/^7o^3!^0d^0=-^6","2","iphash:4cdd29ac","","1","0","0","0","225","224","0","0","0","8","","2","0","","","","","","","","","","","","","","","","","","","","1","40","226","2","6","2","0",""
"5","duel_participant","arcade","1192","606","user:void","void","1","user:void","","1","0","0","0","986","895","0","0","0","38","","2","2","","","","","","","","","","","","","","","","","","","","1","270","330","1","3","14","0",""
"5","duel_participant","arcade","1193","607","user:void","void","1","user:void","","1","0","0","0","602","516","0","0","0","5","","1","0","","","","","","","","","","","","","","","","","","","","1","161","92","4","0","2","0",""
"5","duel_participant","arcade","1194","608","user:void","void","1","user:void","","1","0","0","0","828","739","0","0","0","29","","0","1","","","","","","","","","","","","","","","","","","","","2","162","461","3","12","9","0",""
"5","duel_participant","arcade","1195","609","user:void","void","1","user:void","","0","0","0","0","1164","1164","0","0","0","35","","4","2","","","","","","","","","","","","","","","","","","","","1","573","498","10","8","12","0",""
"5","duel_participant","arcade","1196","610","iphash:4cdd29ac","^0-=^3'/^7o^3!^0d^0=-^6","2","iphash:4cdd29ac","","0","0","0","0","349","260","0","0","0","12","","2","1","","","","","","","","","","","","","","","","","","","","0","105","198","3","2","3","0",""
"5","duel_participant","arcade","1197","611","iphash:4cdd29ac","^0-=^3'/^7o^3!^0d^0=-^6","2","iphash:4cdd29ac","","1","0","0","0","345","274","0","0","0","0","","5","0","","","","","","","","","","","","","","","","","","","","1","196","175","6","1","0","0",""
"5","duel_participant","arcade","1198","612","iphash:4cdd29ac","^0-=^3'/^7o^3!^0d^0=-^6","2","iphash:4cdd29ac","","1","0","0","0","493","423","0","0","0","7","","1","0","","","","","","","","","","","","","","","","","","","","1","112","182","5","2","4","0",""
"5","duel_participant","arcade","1199","613","iphash:4cdd29ac","^0-=^3'/^7o^3!^0d^0=-^6","2","iphash:4cdd29ac","","0","0","0","0","400","389","0","0","0","6","","3","0","","","","","","","","","","","","","","","","","","","","0","163","167","4","1","2","0",""
"5","duel_participant","arcade","1200","614","iphash:a3389004","^1!^7re^1V^7o^1.s^7ug^1.","2","iphash:a3389004","","0","0","0","0","12","12","0","0","0","0","","0","0","","","","","","","","","","","","","","","","","","","","0","0","2","0","0","0","0",""
"5","duel_participant","arcade","1201","615","iphash:4cdd29ac","^0-=^3'/^7o^3!^0d^0=-^6","2","iphash:4cdd29ac","","1","0","0","0","988","937","0","0","0","17","","0","2","","","","","","","","","","","","","","","","","","","","2","276","364","5","11","10","0",""
"5","duel_participant","arcade","1202","616","iphash:4cdd29ac","^0-=^3'/^7o^3!^0d^0=-^6","2","iphash:4cdd29ac","","1","0","0","0","439","343","0","0","0","9","","2","0","","","","","","","","","","","","","","","","","","","","1","21","270","4","4","4","0",""
"5","duel_participant","arcade","1203","617","iphash:4cdd29ac","^0-=^3'/^7o^3!^0d^0=-^6","2","iphash:4cdd29ac","","1","0","0","0","430","349","0","0","0","30","","0","0","","","","","","","","","","","","","","","","","","","","1","100","199","1","3","4","0",""
"5","duel_participant","arcade","1204","618","iphash:2b03bc65","^0-=^3'/^7o^3!^0d^0=-^6","2","iphash:2b03bc65","","0","0","0","0","0","0","0","0","0","0","","0","1","","","","","","","","","","","","","","","","","","","","0","40","1","1","0","0","0",""
"5","duel_participant","arcade","1205","619","iphash:cb041f6d","Mpkill","2","iphash:cb041f6d","","1","0","0","0","0","0","0","0","0","0","","3","0","","","","","","","","","","","","","","","","","","","","0","0","313","0","0","0","0",""
"5","duel_participant","arcade","1206","620","iphash:1bdcbdb6","^0-=^3'/^7o^3!^0d^0=-^6","2","iphash:1bdcbdb6","","1","0","0","0","575","476","0","0","0","29","","1","2","","","","","","","","","","","","","","","","","","","","1","171","258","3","2","7","0",""
"5","duel_participant","arcade","1207","621","iphash:1bdcbdb6","^0-=^3'/^7o^3!^0d^0=-^6","2","iphash:1bdcbdb6","","1","0","0","0","360","277","0","0","0","10","","2","0","","","","","","","","","","","","","","","","","","","","1","112","170","3","2","7","0",""
"5","duel_participant","arcade","1208","622","iphash:1bdcbdb6","^0-=^3'/^7o^3!^0d^0=-^6","2","iphash:1bdcbdb6","","1","0","0","0","323","265","0","0","0","11","","3","1","","","","","","","","","","","","","","","","","","","","1","106","208","2","1","3","0",""
"5","duel_participant","arcade","1209","623","iphash:1bdcbdb6","^0-=^3'/^7o^3!^0d^0=-^6","2","iphash:1bdcbdb6","","1","0","0","0","151","67","0","0","0","19","","1","0","","","","","","","","","","","","","","","","","","","","1","50","88","0","0","1","0",""
"5","duel_participant","arcade","1210","624","iphash:1bdcbdb6","^0-=^3'/^7o^3!^0d^0=-^6","2","iphash:1bdcbdb6","","0","0","0","0","469","433","0","0","0","0","","2","4","","","","","","","","","","","","","","","","","","","","0","407","122","4","2","0","0",""
"5","duel_participant","duel","1211","625","iphash:9ad9b40c","^0-=^3'/^7o^3!^0d^0=-^6","2","iphash:9ad9b40c","bot:/botfiles/hardds4.jkb","1","2","2","3","0","0","100","6","0","0","0","0","0","0","","linear_entries","0","0","0","0","0","0","0","0","0","0","0","0","0","0","0","0","1","194","200","2","13","0","7","509427374"
"5","duel_participant","duel","1212","625","bot:/botfiles/hardds4.jkb","Reborn_Twin","0","botlvl9","iphash:9ad9b40c","0","2","2","3","8","8","100","0","0","0","0","0","0","0","grip","linear_entries","8","0","0","0","0","0","0","8","0","0","0","0","0","0","0","0","0","200","194","3","5","0","7","509427374"
