"id","summary_id","participant_key","participant_label","participant_kind","opponent_key","won","side","opponent_side","matchup","total_force_spent","total_force_regen","ending_force","ending_hp","ending_armor","low_force_windows","grip_cripple_events","saber_throw_punishes","knockdown_events","late_defense_spends","opening_tactic","primary_issue","spent_neutral","spent_advantage","spent_disadvantage","spent_panic","spent_finishing","force_push","force_pull","force_grip","force_drain","force_rage","force_absorb","force_protect","force_heal","force_speed","force_seeing","force_unknown"
"1","1","bot:/botfiles/desann.jkb","Desann","0","bot:/botfiles/tavion.jkb","1","2","2","3","460","381","21","100","100","5","0","0","0","0","pull","low_force","61","0","373","5","21","60","341","59","0","0","0","0","0","0","0","0"
"2","1","bot:/botfiles/tavion.jkb","Rodian","0","bot:/botfiles/desann.jkb","0","2","2","3","11","11","100","-38","0","0","1","7","0","0","grip","saber_throw","11","0","0","0","0","0","0","11","0","0","0","0","0","0","0","0"
"3","2","bot:/botfiles/trandoshan.jkb","Trandoshan","0","iphash:4d1013d3","1","2","2","3","195","112","17","100","59","3","0","0","0","0","grip","low_force","5","0","87","43","60","20","87","88","0","0","0","0","0","0","0","0"
"4","2","iphash:4d1013d3","^0-=^3'/^7o^3!^0d^0=-^6","2","bot:/botfiles/trandoshan.jkb","0","2","2","3","0","0","100","-6","38","0","1","2","2","0","unknown","saber_throw","0","0","0","0","0","0","0","0","0","0","0","0","0","0","0","0"
"5","3","bot:/botfiles/tavion.jkb","Rodian","0","iphash:4d1013d3","1","2","2","3","272","193","21","97","0","5","0","0","1","0","pull","low_force","0","0","248","5","19","39","89","144","0","0","0","0","0","0","0","0"
"6","3","iphash:4d1013d3","^0-=^3'/^7o^3!^0d^0=-^6","2","bot:/botfiles/tavion.jkb","0","2","2","3","0","0","100","-26","68","0","1","4","1","0","unknown","saber_throw","0","0","0","0","0","0","0","0","0","0","0","0","0","0","0","0"
"7","4","bot:/botfiles/imperial.jkb","Saboteur","0","bot:/botfiles/desann.jkb","1","2","2","3","1313","1213","0","60","67","50","2","1","0","0","grip","low_force","417","91","146","343","316","33","488","89","548","0","0","0","0","155","0","0"
"8","4","bot:/botfiles/desann.jkb","Desann","0","bot:/botfiles/imperial.jkb","0","2","2","3","1719","1643","100","-17","0","67","0","2","7","0","grip","low_force","213","0","563","448","495","259","775","145","540","0","0","0","0","0","0","0"
"9","5","bot:/botfiles/reborn.jkb","New_Reborn","0","iphash:4d1013d3","1","2","2","3","312","248","36","100","97","8","0","0","0","0","drain","low_force","55","0","73","97","87","0","107","125","80","0","0","0","0","0","0","0"
"10","5","iphash:4d1013d3","^0-=^3'/^7o^3!^0d^0=-^6","2","bot:/botfiles/reborn.jkb","0","2","2","3","90","90","100","-12","99","4","2","1","0","0","seeing","low_force","22","0","52","16","0","0","0","0","0","0","0","0","0","0","90","0"
"11","6","bot:/botfiles/desann.jkb","Desann","0","bot:/botfiles/reborn.jkb","1","2","2","3","153","60","7","100","100","1","0","0","0","0","pull","low_force","54","0","0","50","49","0","36","67","0","0","0","0","0","50","0","0"
"12","6","bot:/botfiles/reborn.jkb","New_Reborn","0","bot:/botfiles/desann.jkb","0","2","2","3","68","68","100","0","96","0","1","0","1","0","drain","linear_entries","30","0","19","19","0","38","0","0","30","0","0","0","0","0","0","0"
"13","7","bot:/botfiles/imperial.jkb","Saboteur","0","bot:/botfiles/desann.jkb","1","2","2","3","944","936","92","100","69","21","1","1","1","0","pull","low_force","348","58","161","198","179","27","412","132","373","0","0","0","0","0","0","0"
"14","7","bot:/botfiles/desann.jkb","Desann","0","bot:/botfiles/imperial.jkb","0","2","2","3","843","843","100","-5","30","29","1","1","4","0","pull","low_force","182","0","387","215","59","92","278","42","431","0","0","0","0","0","0","0"
"15","8","bot:/botfiles/desann.jkb","Desann","0","iphash:4d1013d3","1","2","2","3","270","202","32","100","99","1","0","0","0","0","push","low_force","27","0","190","20","33","68","129","73","0","0","0","0","0","0","0","0"
"16","8","iphash:4d1013d3","^0-=^3'/^7o^3!^0d^0=-^6","2","bot:/botfiles/desann.jkb","0","2","2","3","0","0","100","0","70","0","0","1","1","0","unknown","linear_entries","0","0","0","0","0","0","0","0","0","0","0","0","0","0","0","0"
"17","9","bot:/botfiles/reborn.jkb","New_Reborn","0","bot:/botfiles/imperial.jkb","1","2","2","3","1376","1314","38","100","67","67","1","2","1","0","drain","low_force","349","89","259","541","138","31","651","112","582","0","0","0","0","0","0","0"
"18","9","bot:/botfiles/imperial.jkb","Saboteur","0","bot:/botfiles/reborn.jkb","0","2","2","3","1427","1341","100","-17","0","62","0","5","1","0","grip","low_force","284","24","315","569","235","19","707","71","630","0","0","0","0","0","0","0"
"19","10","bot:/botfiles/trandoshan.jkb","Trandoshan","0","bot:/botfiles/tavion.jkb","1","2","2","3","2763","2763","100","100","0","116","2","10","1","0","pull","low_force","687","9","1135","674","258","86","1334","297","1025","0","0","0","0","0","0","21"
"20","10","bot:/botfiles/tavion.jkb","Rodian","0","bot:/botfiles/trandoshan.jkb","0","2","2","3","2763","2763","100","0","0","80","1","3","6","0","push","low_force","667","50","802","738","506","209","1035","340","1146","0","0","0","0","0","0","33"
"21","11","bot:/botfiles/reborn.jkb","New_Reborn","0","user:void","1","2","2","3","426","357","31","100","18","0","0","0","0","0","pull","linear_entries","10","0","360","0","56","0","305","65","0","0","0","0","0","56","0","0"
"22","11","user:void","void","1","bot:/botfiles/reborn.jkb","0","2","2","3","0","0","100","-12","0","0","0","7","0","0","unknown","saber_throw","0","0","0","0","0","0","0","0","0","0","0","0","0","0","0","0"
"23","12","bot:/botfiles/imperial.jkb","Saboteur","0","bot:/botfiles/reborn.jkb","1","2","2","3","1206","1106","0","40","0","45","0","4","1","0","seeing","low_force","84","0","475","454","193","36","616","58","472","0","0","0","0","0","24","0"
"24","12","bot:/botfiles/reborn.jkb","New_Reborn^7[0]","0","bot:/botfiles/imperial.jkb","0","2","2","3","1096","1096","100","0","68","50","1","1","3","0","push","low_force","335","124","135","413","89","105","506","56","429","0","0","0","0","0","0","0"
"25","13","bot:/botfiles/imperial.jkb","Saboteur","0","user:void","1","2","2","3","609","557","48","100","99","7","0","0","0","0","drain","low_force","81","0","335","90","103","92","263","174","80","0","0","0","0","0","0","0"
"26","13","user:void","void","1","bot:/botfiles/imperial.jkb","0","2","2","3","122","122","100","-7","40","5","2","3","1","0","seeing","low_force","22","0","52","20","28","0","0","0","0","0","0","0","0","0","122","0"
"27","14","bot:/botfiles/desann.jkb","Desann","0","user:void","1","2","2","3","176","80","4","100","79","17","0","0","0","0","grip","low_force","17","0","137","22","0","0","20","156","0","0","0","0","0","0","0","0"
"28","14","user:void","void","1","bot:/botfiles/desann.jkb","0","2","2","3","0","0","100","-26","69","0","1","2","1","0","unknown","saber_throw","0","0","0","0","0","0","0","0","0","0","0","0","0","0","0","0"
"29","15","bot:/botfiles/reborn.jkb","New_Reborn^7[0]","0","bot:/botfiles/imperial.jkb","1","2","2","3","1644","1602","58","92","35","56","3","3","2","0","unknown","low_force","134","0","336","568","606","66","775","5","714","0","0","0","0","84","0","0"
"30","15","bot:/botfiles/imperial.jkb","Saboteur","0","bot:/botfiles/reborn.jkb","0","2","2","3","1452","1452","100","0","37","63","0","3","4","0","grip","low_force","299","107","250","481","315","89","591","245","386","0","0","0","0","141","0","0"
"31","16","bot:/botfiles/reborn.jkb","New_Reborn","0","bot:/botfiles/trandoshan.jkb","1","2","2","3","3537","3462","25","58","92","180","0","0","10","0","grip","low_force","886","121","293","1371","866","316","1705","198","1254","0","0","0","0","54","0","10"
"32","16","bot:/botfiles/trandoshan.jkb","Trandoshan","0","bot:/botfiles/reborn.jkb","0","2","2","3","3974","3974","100","0","0","217","0","7","7","0","push","low_force","35","0","1357","2021","561","317","1960","40","1657","0","0","0","0","0","0","0"
"33","17","bot:/botfiles/imperial.jkb","Saboteur","0","bot:/botfiles/reborn.jkb","1","2","2","3","3136","3123","87","100","0","144","3","8","7","0","grip","low_force","272","0","1062","1216","586","211","1152","183","1590","0","0","0","0","0","0","0"
"34","17","bot:/botfiles/reborn.jkb","New_Reborn^7[0]","0","bot:/botfiles/imperial.jkb","0","2","2","3","3022","2976","100","-27","0","157","1","6","5","0","drain","low_force","679","154","389","1318","482","181","1464","214","1163","0","0","0","0","0","0","0"
"35","18","bot:/botfiles/desann.jkb","Desann","0","bot:/botfiles/imperial.jkb","1","2","2","3","1019","988","69","100","65","48","0","1","1","0","drain","low_force","196","45","208","391","179","148","541","75","253","0","0","0","0","0","0","2"
"36","18","bot:/botfiles/imperial.jkb","Saboteur","0","bot:/botfiles/desann.jkb","0","2","2","3","1102","1092","100","-1","0","37","0","4","3","0","grip","low_force","69","20","267","574","172","188","497","29","318","50","0","0","0","20","0","0"
"37","19","bot:/botfiles/reborn.jkb","New_Reborn","0","bot:/botfiles/trandoshan.jkb","1","2","2","3","7529","7514","85","79","0","334","4","7","18","0","push","low_force","1698","13","1664","2771","1383","425","3126","425","3256","0","0","0","0","274","0","23"
"38","19","bot:/botfiles/trandoshan.jkb","Trandoshan","0","bot:/botfiles/reborn.jkb","0","2","2","3","7770","7770","100","-4","0","286","4","12","8","0","pull","low_force","1942","158","1463","2504","1703","350","3372","688","3260","0","0","0","0","76","0","24"
"39","20","bot:/botfiles/reborn.jkb","New_Reborn^7[0]","0","bot:/botfiles/imperial.jkb","1","2","2","3","2467","2467","100","43","0","118","3","2","5","0","pull","low_force","500","0","834","843","290","223","1475","128","641","0","0","0","0","0","0","0"
"40","20","bot:/botfiles/imperial.jkb","Saboteur","0","bot:/botfiles/reborn.jkb","0","2","2","3","2224","2124","100","-7","0","62","0","9","6","0","push","low_force","885","57","191","516","575","134","629","200","1191","0","0","0","0","70","0","0"
"41","21","bot:/botfiles/desann.jkb","Desann","0","bot:/botfiles/imperial.jkb","1","2","2","3","2021","1981","60","55","0","80","0","3","5","0","pull","low_force","44","0","705","638","634","222","1009","185","605","0","0","0","0","0","0","0"
"42","21","bot:/botfiles/imperial.jkb","Saboteur","0","bot:/botfiles/desann.jkb","0","2","2","3","1686","1686","100","-23","0","76","2","4","3","0","pull","low_force","340","118","200","799","229","109","736","50","605","50","0","0","0","136","0","0"
"43","22","bot:/botfiles/reborn.jkb","New_Reborn","0","bot:/botfiles/trandoshan.jkb","1","2","2","3","3836","3800","64","97","0","211","1","4","7","0","unknown","low_force","358","0","1333","1782","363","382","1645","174","1549","0","0","0","0","86","0","0"
"44","22","bot:/botfiles/trandoshan.jkb","Trandoshan","0","bot:/botfiles/reborn.jkb","0","2","2","3","3796","3796","100","-17","0","159","2","6","7","0","pull","low_force","943","268","347","1397","841","302","1760","87","1647","0","0","0","0","0","0","0"
"45","23","bot:/botfiles/imperial.jkb","Saboteur","0","bot:/botfiles/reborn.jkb","1","2","2","3","1438","1338","0","96","6","71","0","4","1","0","drain","low_force","251","0","264","638","285","64","599","112","505","0","0","0","0","109","0","49"
"46","23","bot:/botfiles/reborn.jkb","New_Reborn^7[0]","0","bot:/botfiles/imperial.jkb","0","2","2","3","1690","1690","100","-12","65","64","2","2","5","0","speed","low_force","362","4","117","999","208","273","876","20","495","20","0","0","0","6","0","0"
"47","24","bot:/botfiles/reborn.jkb","New_Reborn","0","bot:/botfiles/trandoshan.jkb","1","2","2","3","4214","4162","48","21","0","192","1","4","12","0","drain","low_force","738","174","396","1816","1090","273","1908","273","1465","0","0","0","0","295","0","0"
"48","24","bot:/botfiles/trandoshan.jkb","Trandoshan","0","bot:/botfiles/reborn.jkb","0","2","2","3","4033","4033","100","-12","0","245","2","6","10","0","drain","low_force","203","0","1039","2214","577","387","1699","111","1597","0","0","0","0","239","0","0"
"49","25","bot:/botfiles/trandoshan.jkb","Trandoshan","0","bot:/botfiles/reborn.jkb","1","2","2","3","292","192","0","80","99","8","0","0","0","0","drain","low_force","155","5","24","83","25","0","67","5","144","0","0","0","0","76","0","0"
"50","25","bot:/botfiles/reborn.jkb","New_Reborn","0","bot:/botfiles/trandoshan.jkb","0","2","2","3","551","551","100","-4","97","9","0","0","0","0","grip","low_force","47","0","129","148","227","81","346","57","67","0","0","0","0","0","0","0"
"51","26","bot:/botfiles/desann.jkb","Desann","0","bot:/botfiles/imperial.jkb","1","2","2","3","5300","5239","39","95","0","248","1","7","8","0","grip","low_force","357","40","2338","1826","739","326","2282","628","2004","0","0","0","0","58","0","2"
"52","26","bot:/botfiles/imperial.jkb","Saboteur","0","bot:/botfiles/desann.jkb","0","2","2","3","5141","5053","100","0","0","211","5","10","5","0","drain","low_force","1241","345","1026","1652","877","300","2277","257","2307","0","0","0","0","0","0","0"
"53","27","bot:/botfiles/desann.jkb","Desann","0","bot:/botfiles/imperial.jkb","1","2","2","3","1848","1772","24","100","67","80","0","2","2","0","speed","low_force","572","65","419","588","204","75","944","217","510","0","0","0","0","80","0","22"
"54","27","bot:/botfiles/imperial.jkb","Saboteur","0","bot:/botfiles/desann.jkb","0","2","2","3","1905","1905","100","-29","0","52","1","4","4","0","pull","low_force","202","0","754","553","396","156","939","20","790","0","0","0","0","0","0","0"
"55","28","bot:/botfiles/reborn.jkb","New_Reborn^7[0]","0","bot:/botfiles/reborn.jkb","1","2","2","3","1488","1389","1","84","96","81","0","0","2","0","grip","low_force","513","51","198","525","201","135","844","175","334","0","0","0","0","0","0","0"
"56","28","bot:/botfiles/reborn.jkb","New_Reborn","0","bot:/botfiles/reborn.jkb","0","2","2","3","1527","1527","100","-8","0","67","1","3","2","0","drain","low_force","45","0","634","655","193","114","602","0","811","0","0","0","0","0","0","0"
"57","29","bot:/botfiles/desann.jkb","Desann","0","bot:/botfiles/imperial.jkb","1","2","2","3","2876","2812","36","100","66","123","1","2","5","0","unknown","low_force","546","183","432","968","747","283","1386","193","911","0","0","0","0","77","0","26"
"58","29","bot:/botfiles/imperial.jkb","Saboteur","0","bot:/botfiles/desann.jkb","0","2","2","3","2874","2874","100","-8","0","146","2","5","6","0","drain","low_force","63","0","1129","1321","361","242","1213","83","1336","0","0","0","0","0","0","0"
"59","30","bot:/botfiles/reborn.jkb","New_Reborn","0","bot:/botfiles/desann.jkb","1","2","2","3","791","722","31","100","68","13","0","2","0","0","grip","low_force","218","15","187","121","250","52","335","104","300","0","0","0","0","0","0","0"
"60","30","bot:/botfiles/desann.jkb","Desann","0","bot:/botfiles/reborn.jkb","0","2","2","3","783","769","100","-6","0","28","1","3","1","0","drain","low_force","108","0","373","267","35","89","229","20","445","0","0","0","0","0","0","0"
"61","31","bot:/botfiles/reborn.jkb","New_Reborn^7[0]","0","bot:/botfiles/trandoshan.jkb","1","2","2","3","6645","6576","31","100","0","354","3","12","7","0","drain","low_force","821","39","1817","2982","986","278","3353","251","2672","0","0","0","0","80","0","11"
"62","31","bot:/botfiles/trandoshan.jkb","Trandoshan","0","bot:/botfiles/reborn.jkb","0","2","2","3","6354","6354","100","-4","0","276","2","10","12","0","grip","low_force","1387","216","684","2557","1510","305","2838","374","2540","0","0","0","0","263","0","34"
"63","32","bot:/botfiles/reborn.jkb","New_Reborn","0","bot:/botfiles/trandoshan.jkb","1","2","2","3","747","655","8","60","99","23","0","1","1","0","push","low_force","215","49","20","219","244","19","312","12","404","0","0","0","0","0","0","0"
"64","32","bot:/botfiles/trandoshan.jkb","Trandoshan","0","bot:/botfiles/reborn.jkb","0","2","2","3","882","882","100","-11","0","57","0","1","0","0","pull","low_force","72","0","353","418","39","84","563","0","235","0","0","0","0","0","0","0"
"65","33","bot:/botfiles/reborn.jkb","New_Reborn^7[0]","0","bot:/botfiles/imperial.jkb","1","2","2","3","1960","1904","44","100","68","95","1","1","6","0","drain","low_force","289","5","171","929","566","257","843","96","764","0","0","0","0","0","0","0"
"66","33","bot:/botfiles/imperial.jkb","Saboteur","0","bot:/botfiles/reborn.jkb","0","2","2","3","1890","1890","100","-20","0","106","1","6","2","0","drain","low_force","268","0","236","1289","97","339","833","172","496","50","0","0","0","0","0","0"
"67","34","bot:/botfiles/reborn.jkb","New_Reborn","0","bot:/botfiles/desann.jkb","1","2","2","3","2323","2253","30","100","67","105","0","3","6","0","pull","low_force","712","119","129","914","449","199","1137","78","868","0","0","0","0","0","0","41"
"68","34","bot:/botfiles/desann.jkb","Desann","0","bot:/botfiles/reborn.jkb","0","2","2","3","2174","2174","100","-5","0","125","1","1","1","0","drain","low_force","88","0","827","1061","198","114","922","20","1118","0","0","0","0","0","0","0"
"69","35","bot:/botfiles/imperial.jkb","Saboteur","0","bot:/botfiles/reborn.jkb","1","2","2","3","1524","1425","1","64","65","60","0","2","2","0","drain","low_force","295","188","218","465","358","105","665","105","649","0","0","0","0","0","0","0"
"70","35","bot:/botfiles/reborn.jkb","New_Reborn^7[0]","0","bot:/botfiles/imperial.jkb","0","2","2","3","1512","1512","100","0","0","76","1","4","7","0","push","low_force","0","0","737","584","191","151","633","69","659","0","0","0","0","0","0","0"
"71","36","bot:/botfiles/desann.jkb","Desann","0","bot:/botfiles/reborn.jkb","1","2","2","3","342","277","35","100","99","11","0","1","0","0","drain","low_force","118","0","46","130","48","0","133","69","140","0","0","0","0","0","0","0"
"72","36","bot:/botfiles/reborn.jkb","New_Reborn","0","bot:/botfiles/desann.jkb","0","2","2","3","327","327","100","-6","98","15","1","0","1","0","pull","low_force","41","0","124","122","40","0","237","0","90","0","0","0","0","0","0","0"
"73","37","bot:/botfiles/reborn.jkb","New_Reborn^7[0]","0","bot:/botfiles/trandoshan.jkb","1","2","2","3","2497","2426","29","100","0","117","0","6","1","0","drain","low_force","464","0","580","964","489","149","1163","57","1074","0","0","0","0","54","0","0"
"74","37","bot:/botfiles/trandoshan.jkb","Trandoshan","0","bot:/botfiles/reborn.jkb","0","2","2","3","2399","2319","100","-13","0","111","1","4","4","0","speed","low_force","401","91","465","1124","318","152","1258","66","826","0","0","0","0","97","0","0"
"75","38","bot:/botfiles/reborn.jkb","New_Reborn^7[0]","0","bot:/botfiles/reborn.jkb","1","2","2","3","1886","1876","90","36","0","89","1","4","2","0","drain","low_force","65","0","488","930","403","81","1110","0","651","0","0","0","0","4","0","40"
"76","38","bot:/botfiles/reborn.jkb","New_Reborn","0","bot:/botfiles/reborn.jkb","0","2","2","3","1595","1595","100","-16","35","82","0","2","4","0","pull","low_force","353","145","114","681","302","139","741","87","534","0","0","0","0","72","0","22"
"77","39","bot:/botfiles/trandoshan.jkb","Trandoshan","0","bot:/botfiles/imperial.jkb","1","2","2","3","5794","5694","0","80","0","267","0","5","8","0","grip","low_force","791","113","1624","2319","947","216","2870","340","2133","0","0","0","0","174","0","61"
"78","39","bot:/botfiles/imperial.jkb","Saboteur","0","bot:/botfiles/trandoshan.jkb","0","2","2","3","5863","5863","100","-8","0","274","4","4","8","0","grip","low_force","1361","166","834","2403","1099","423","2800","333","2281","0","0","0","0","0","0","26"
"79","40","bot:/botfiles/reborn.jkb","New_Reborn","0","bot:/botfiles/desann.jkb","1","2","2","3","2271","2172","1","99","0","88","0","5","3","0","drain","low_force","304","10","449","1021","487","146","1084","60","673","50","0","0","0","256","0","2"
"80","40","bot:/botfiles/desann.jkb","Desann","0","bot:/botfiles/reborn.jkb","0","2","2","3","2258","2196","100","-12","0","100","0","4","2","0","speed","low_force","285","59","252","1070","592","106","1359","85","602","50","0","0","0","56","0","0"
"81","41","bot:/botfiles/reborn.jkb","New_Reborn^7[0]","0","bot:/botfiles/trandoshan.jkb","1","2","2","3","2101","2027","26","96","68","89","0","1","1","0","grip","low_force","370","176","210","766","579","63","914","233","829","0","0","0","0","62","0","0"
"82","41","bot:/botfiles/trandoshan.jkb","Trandoshan","0","bot:/botfiles/reborn.jkb","0","2","2","3","2070","2070","100","-9","0","123","1","3","3","0","drain","low_force","55","0","779","1060","176","127","863","0","1080","0","0","0","0","0","0","0"
"83","42","bot:/botfiles/imperial.jkb","Saboteur","0","bot:/botfiles/reborn.jkb","1","2","2","3","1573","1473","0","41","0","48","0","5","5","0","speed","low_force","427","17","194","533","402","150","585","102","711","0","0","0","0","25","0","0"
"84","42","bot:/botfiles/reborn.jkb","New_Reborn","0","bot:/botfiles/imperial.jkb","0","2","2","3","1312","1312","100","-4","24","94","1","0","1","0","speed","low_force","269","0","390","611","42","44","694","0","569","0","0","0","0","5","0","0"
"85","43","bot:/botfiles/desann.jkb","Desann","0","bot:/botfiles/reborn.jkb","1","2","2","3","966","885","19","38","69","64","1","1","3","0","drain","low_force","70","0","288","529","79","93","377","0","496","0","0","0","0","0","0","0"
"86","43","bot:/botfiles/reborn.jkb","New_Reborn^7[0]","0","bot:/botfiles/desann.jkb","0","2","2","3","961","961","100","-12","98","49","0","1","1","0","pull","low_force","249","15","128","389","180","60","589","72","240","0","0","0","0","0","0","0"
"87","44","bot:/botfiles/chiss.jkb","Chiss","0","iphash:4d1013d3","1","2","2","3","855","778","23","100","97","2","0","0","0","0","speed","low_force","66","0","474","75","240","0","502","197","0","0","0","0","0","156","0","0"
"88","44","iphash:4d1013d3","Padawan","2","bot:/botfiles/chiss.jkb","0","2","2","3","0","0","100","-8","98","0","2","0","2","0","","grip_control","0","0","0","0","0","0","0","0","0","0","0","0","0","0","0","0"
"89","45","bot:/botfiles/chiss.jkb","Chiss","0","iphash:4d1013d3","1","2","2","3","942","936","94","100","97","0","0","0","0","0","speed","linear_entries","90","0","658","0","194","0","536","358","0","0","0","0","0","48","0","0"
"90","45","iphash:4d1013d3","Padawan","2","bot:/botfiles/chiss.jkb","0","2","2","3","16","16","100","-14","98","0","4","0","1","0","seeing","grip_control","0","0","16","0","0","0","0","0","0","0","0","0","0","0","16","0"
"91","46","bot:/botfiles/chiss.jkb","Chiss","0","iphash:4d1013d3","1","2","2","3","439","419","80","100","100","0","0","0","0","0","speed","linear_entries","5","0","434","0","0","60","354","0","0","0","0","0","0","25","0","0"
"92","46","iphash:4d1013d3","Padawan","2","bot:/botfiles/chiss.jkb","0","2","2","3","0","0","100","0","70","0","0","1","1","0","unknown","linear_entries","0","0","0","0","0","0","0","0","0","0","0","0","0","0","0","0"
"93","47","bot:/botfiles/chiss.jkb","Chiss","0","iphash:4d1013d3","1","2","2","3","361","309","48","100","86","0","0","0","0","0","pull","linear_entries","16","0","282","0","63","60","171","130","0","0","0","0","0","0","0","0"
"94","47","iphash:4d1013d3","Padawan","2","bot:/botfiles/chiss.jkb","0","2","2","3","0","0","100","-6","69","0","1","1","1","0","unknown","linear_entries","0","0","0","0","0","0","0","0","0","0","0","0","0","0","0","0"
"95","48","bot:/botfiles/chiss.jkb","Chiss","0","iphash:4d1013d3","1","2","2","3","77","60","83","100","100","0","0","0","0","0","speed","linear_entries","17","0","60","0","0","0","0","0","0","0","0","0","0","77","0","0"
"96","48","iphash:4d1013d3","Padawan","2","bot:/botfiles/chiss.jkb","0","2","2","3","0","0","100","0","100","0","0","0","0","0","","linear_entries","0","0","0","0","0","0","0","0","0","0","0","0","0","0","0","0"
"97","49","iphash:f794a9d2","^0Gòón^2.^6µ^0ps","2","bot:/botfiles/chiss.jkb","1","2","2","3","330","307","77","100","99","0","0","0","0","0","seeing","linear_entries","35","0","186","0","109","0","0","0","0","0","0","0","0","0","330","0"
"98","49","bot:/botfiles/chiss.jkb","Chiss","0","iphash:f794a9d2","0","2","2","3","52","52","100","-26","0","0","1","5","1","0","pull","low_force","19","0","0","33","0","18","19","0","15","0","0","0","0","0","0","0"
"99","50","iphash:f794a9d2","^0Gòón^2.^6µ^0ps","2","bot:/botfiles/chiss.jkb","1","2","2","3","89","53","58","100","100","0","0","0","0","0","seeing","linear_entries","0","0","65","0","24","0","0","0","0","0","0","0","0","0","89","0"
"100","50","bot:/botfiles/chiss.jkb","Chiss","0","iphash:f794a9d2","0","2","2","3","0","0","100","-8","100","0","1","0","0","0","","linear_entries","0","0","0","0","0","0","0","0","0","0","0","0","0","0","0","0"
"101","51","iphash:c7c8a416","^0FF^4'^0Prinky","2","iphash:7d6be969","1","1","2","2","308","242","28","80","99","6","0","1","0","0","seeing","low_force","136","21","33","41","77","0","0","0","0","0","0","0","0","0","308","0"
"102","51","iphash:7d6be969","^0Gòón^2.^6µ^0ps","2","iphash:c7c8a416","0","2","1","2","281","264","100","0","9","0","0","5","2","0","seeing","low_force","20","0","143","98","20","0","0","0","0","0","0","0","0","0","281","0"
"103","52","iphash:c7c8a416","^0FF^4'^0Prinky","2","iphash:fa31973a","1","2","2","3","908","830","16","64","0","38","0","5","2","0","seeing","low_force","153","36","255","286","178","0","0","0","0","0","0","0","0","0","908","0"
"104","52","iphash:fa31973a","^0ff^6'^0heretic","2","iphash:c7c8a416","0","2","2","3","898","798","100","-3","0","31","1","3","3","0","seeing","low_force","239","0","277","228","154","0","0","0","0","0","0","0","0","0","898","0"
"105","53","iphash:fa31973a","^0ff^6'^0heretic","2","iphash:c7c8a416","1","2","2","3","598","536","38","100","59","29","0","0","0","0","seeing","low_force","64","0","232","282","20","0","0","0","0","0","0","0","0","0","598","0"
"106","53","iphash:c7c8a416","^0FF^4'^0Prinky","2","iphash:fa31973a","0","2","2","3","373","362","100","0","0","2","0","6","2","0","seeing","low_force","50","0","115","29","179","0","0","0","0","0","0","0","0","0","373","0"
"107","54","iphash:c7c8a416","^0FF^4'^0Prinky","2","iphash:fa31973a","1","2","2","3","1786","1735","49","72","0","108","4","6","1","0","seeing","low_force","392","20","380","675","319","0","0","0","0","0","0","0","0","0","1786","0"
"108","54","iphash:fa31973a","^0ff^6'^0heretic","2","iphash:c7c8a416","0","2","2","3","1852","1852","100","-14","0","79","3","7","6","0","seeing","low_force","317","5","431","725","374","0","0","0","0","0","0","0","0","0","1852","0"
"109","55","iphash:c7c8a416","^0FF^4'^0Prinky","2","iphash:fa31973a","1","2","2","3","335","295","54","30","0","7","0","5","0","0","seeing","low_force","189","0","72","70","4","0","0","0","0","0","0","0","0","0","335","0"
"110","55","iphash:fa31973a","^0ff^6'^0heretic","2","iphash:c7c8a416","0","2","2","3","336","309","100","-10","0","2","0","3","1","0","seeing","low_force","27","0","261","10","38","0","0","0","0","0","0","0","0","0","336","0"
"111","56","iphash:c7c8a416","^0FF^4'^0Prinky","2","iphash:fa31973a","1","2","2","3","623","523","0","58","0","24","1","2","0","0","seeing","low_force","280","0","132","187","24","0","0","0","0","0","0","0","0","0","623","0"
"112","56","iphash:fa31973a","^0ff^6'^0heretic","2","iphash:c7c8a416","0","2","2","3","728","677","100","-26","0","6","1","8","2","0","seeing","low_force","146","0","221","331","30","0","0","0","0","0","0","0","0","0","728","0"
"113","57","iphash:c7c8a416","^0FF^4'^0Prinky","2","iphash:fa31973a","1","2","2","3","1588","1488","0","30","0","80","0","5","4","0","unknown","low_force","457","22","380","553","176","0","0","0","0","0","0","0","0","0","1588","0"
"114","57","iphash:fa31973a","^0ff^6'^0heretic","2","iphash:c7c8a416","0","2","2","3","1746","1663","100","-1","0","59","2","12","6","0","seeing","low_force","211","39","547","403","546","0","0","0","0","0","0","0","0","0","1746","0"
"115","58","iphash:fa31973a","^0ff^6'^0heretic","2","iphash:c7c8a416","1","2","2","3","869","769","0","60","65","34","3","1","3","0","seeing","low_force","177","102","307","221","62","0","0","0","0","0","0","0","0","0","869","0"
"116","58","iphash:c7c8a416","^0FF^4'^0Prinky","2","iphash:fa31973a","0","2","2","3","700","623","100","0","0","11","0","6","3","0","unknown","low_force","0","0","430","125","145","0","0","0","0","0","0","0","0","0","700","0"
"117","59","iphash:fa31973a","^0ff^6'^0heretic","2","iphash:c7c8a416","1","2","2","3","493","396","0","73","93","16","3","0","2","0","seeing","low_force","125","0","202","125","41","0","0","0","0","0","0","0","0","0","493","0"
"118","59","iphash:c7c8a416","^0FF^4'^0Prinky","2","iphash:fa31973a","0","2","2","3","427","370","100","0","0","11","1","6","2","0","seeing","low_force","86","0","172","109","60","0","0","0","0","0","0","0","0","0","427","0"
"119","60","iphash:c7c8a416","^0FF^4'^0Prinky","2","iphash:fa31973a","1","2","2","3","1320","1253","27","17","0","57","1","9","2","0","unknown","low_force","285","4","359","310","362","0","0","0","0","0","0","0","0","0","1320","0"
"120","60","iphash:fa31973a","^0ff^6'^0heretic","2","iphash:c7c8a416","0","2","2","3","1336","1265","100","-1","0","54","1","9","2","0","seeing","low_force","211","0","440","438","247","0","0","0","0","0","0","0","0","0","1336","0"
"121","61","iphash:c7c8a416","^0FF^4'^0Prinky","2","iphash:fa31973a","1","2","2","3","463","383","14","64","0","9","0","5","0","0","seeing","low_force","103","0","292","21","47","0","0","0","0","0","0","0","0","0","463","0"
"122","61","iphash:fa31973a","^0ff^6'^0heretic","2","iphash:c7c8a416","0","2","2","3","482","482","100","-8","95","8","2","0","1","0","seeing","low_force","288","0","98","96","0","0","0","0","0","0","0","0","0","0","482","0"
"123","62","iphash:fa31973a","^0ff^6'^0heretic","2","iphash:c7c8a416","1","2","2","3","238","156","12","24","0","16","0","6","1","0","unknown","low_force","0","0","130","108","0","0","0","0","0","0","0","0","0","0","238","0"
"124","62","iphash:c7c8a416","^0FF^4'^0Prinky","2","iphash:fa31973a","0","2","2","3","248","248","100","-6","0","4","3","6","2","0","seeing","low_force","0","0","91","49","108","0","0","0","0","0","0","0","0","0","248","0"
"125","63","iphash:fa31973a","^0ff^6'^0heretic","2","iphash:c7c8a416","1","2","2","3","913","832","19","76","0","34","0","10","0","0","unknown","low_force","60","10","317","399","127","0","0","0","0","0","0","0","0","0","913","0"
"126","63","iphash:c7c8a416","^0FF^4'^0Prinky","2","iphash:fa31973a","0","2","2","3","927","914","100","-10","0","27","0","8","2","0","seeing","low_force","231","0","224","160","312","0","0","0","0","0","0","0","0","0","927","0"
"127","64","iphash:fa31973a","^0ff^6'^0heretic","2","iphash:c7c8a416","1","2","2","3","1217","1125","8","86","0","41","0","7","2","0","seeing","low_force","170","69","505","360","113","0","0","0","0","0","0","0","0","0","1217","0"
"128","64","iphash:c7c8a416","^0FF^4'^0Prinky","2","iphash:fa31973a","0","2","2","3","821","821","100","-5","0","26","0","12","1","0","unknown","low_force","283","0","180","169","189","0","0","0","0","0","0","0","0","0","821","0"
"129","65","iphash:fa31973a","^0ff^6'^0heretic","2","iphash:c7c8a416","1","2","2","3","1116","1016","0","65","57","57","1","4","0","0","seeing","low_force","146","109","277","392","192","0","0","0","0","0","0","0","0","0","1116","0"
"130","65","iphash:c7c8a416","^0FF^4'^0Prinky","2","iphash:fa31973a","0","2","2","3","1024","948","100","0","0","33","2","11","1","0","seeing","low_force","16","0","372","287","349","0","0","0","0","0","0","0","0","0","1024","0"
"131","66","iphash:fa31973a","^0ff^6'^0heretic","2","iphash:c7c8a416","1","2","2","3","1738","1675","31","47","0","42","1","13","4","0","seeing","low_force","378","8","239","514","599","0","0","0","0","0","0","0","0","0","1738","0"
"132","66","iphash:c7c8a416","^0FF^4'^0Prinky","2","iphash:fa31973a","0","2","2","3","1401","1301","100","-10","0","92","0","9","2","0","seeing","low_force","403","21","160","607","210","0","0","0","0","0","0","0","0","0","1401","0"
"133","67","iphash:c7c8a416","^0FF^4'^0Prinky","2","iphash:fa31973a","1","2","2","3","578","536","58","64","9","15","0","4","1","0","seeing","low_force","103","72","226","93","84","0","0","0","0","0","0","0","0","0","578","0"
"134","67","iphash:fa31973a","^0ff^6'^0heretic","2","iphash:c7c8a416","0","2","2","3","559","516","100","-21","0","9","0","7","2","0","seeing","low_force","64","0","242","141","112","0","0","0","0","0","0","0","0","0","559","0"
"135","68","iphash:c7c8a416","^0FF^4'^0Prinky","2","iphash:fa31973a","1","2","2","3","817","717","0","100","7","7","2","4","0","0","seeing","low_force","304","33","328","64","88","0","0","0","0","0","0","0","0","0","817","0"
"136","68","iphash:fa31973a","^0ff^6'^0heretic","2","iphash:c7c8a416","0","2","2","3","956","913","100","-4","0","15","1","6","1","0","seeing","low_force","323","0","552","81","0","0","0","0","0","0","0","0","0","0","956","0"
"137","69","user:void","void","1","iphash:c7c8a416","1","2","2","3","585","485","0","46","0","18","0","4","2","0","seeing","low_force","95","25","295","88","82","0","0","0","0","0","0","0","0","0","585","0"
"138","69","iphash:c7c8a416","^0FF^4'^0Prinky","2","user:void","0","2","2","3","601","571","100","-23","0","10","0","6","3","0","seeing","low_force","31","0","353","121","96","0","0","0","0","0","0","0","0","0","601","0"
"139","70","user:jundon","jundon","1","user:void","1","2","2","3","531","431","0","73","0","22","0","5","0","0","seeing","low_force","23","0","26","230","252","0","0","0","0","0","0","0","0","0","531","0"
"140","70","user:void","void","1","user:jundon","0","2","2","3","501","427","100","-16","0","42","0","4","0","0","seeing","low_force","46","0","102","348","5","0","0","0","0","0","0","0","0","0","501","0"
"141","71","user:jundon","jundon","1","user:void","1","2","2","3","817","746","29","78","9","21","0","2","1","0","seeing","low_force","147","83","261","134","192","0","0","0","0","0","0","0","0","0","817","0"
"142","71","user:void","void","1","user:jundon","0","2","2","3","654","654","100","-18","0","19","0","6","1","0","seeing","low_force","111","40","338","80","85","0","0","0","0","0","0","0","0","0","654","0"
"143","72","user:jundon","jundon","1","user:void","1","2","2","3","458","363","5","69","0","11","0","6","1","0","seeing","low_force","13","0","142","59","244","0","0","0","0","0","0","0","0","0","458","0"
"144","72","user:void","void","1","user:jundon","0","2","2","3","367","324","100","-17","0","29","0","4","2","0","seeing","low_force","40","8","39","184","96","0","0","0","0","0","0","0","0","0","367","0"
"145","73","iphash:c7c8a416","^0FF^4'^0Prinky","2","iphash:7d6be969","1","2","2","3","1446","1370","20","100","0","23","1","8","0","0","seeing","low_force","362","0","636","203","245","0","0","0","0","0","0","0","0","0","1446","0"
"146","73","iphash:7d6be969","^0ff^7'^0Gòónat¡Ç","2","iphash:c7c8a416","0","2","2","3","1408","1403","100","-13","0","36","1","9","3","0","seeing","low_force","387","199","419","201","202","0","0","0","0","0","0","0","0","0","1408","0"
"147","74","user:jundon","jundon","1","user:void","1","2","2","3","909","831","12","63","0","55","0","2","1","0","seeing","low_force","212","0","226","360","111","0","0","0","0","0","0","0","0","0","909","0"
"148","74","user:void","void","1","user:jundon","0","2","2","3","882","866","100","-12","0","19","1","9","1","0","seeing","low_force","182","35","160","273","232","0","0","0","0","0","0","0","0","0","882","0"
"149","75","iphash:c7c8a416","^0FF^4'^0Prinky","2","iphash:7d6be969","1","2","2","3","1033","987","54","35","0","24","1","5","4","0","seeing","low_force","61","0","725","147","100","0","0","0","0","0","0","0","0","0","1033","0"
"150","75","iphash:7d6be969","^0ff^7'^0Gòónat¡Ç","2","iphash:c7c8a416","0","2","2","3","1358","1294","100","-16","0","40","4","3","3","0","seeing","low_force","484","41","376","298","159","0","0","0","0","0","0","0","0","0","1358","0"
"151","76","user:jundon","jundon","1","user:void","1","2","2","3","522","449","21","29","0","15","0","5","1","0","seeing","low_force","114","15","175","107","111","0","0","0","0","0","0","0","0","0","522","0"
"152","76","user:void","void","1","user:jundon","0","2","2","3","479","394","100","-8","0","13","1","7","2","0","unknown","low_force","0","0","225","174","80","0","0","0","0","0","0","0","0","0","479","0"
"153","77","iphash:c7c8a416","^0FF^4'^0Prinky","2","iphash:7d6be969","1","2","2","3","1537","1463","20","78","0","38","1","7","2","0","seeing","low_force","276","85","618","289","269","0","0","0","0","0","0","0","0","0","1537","0"
"154","77","iphash:7d6be969","^0ff^7'^0Gòónat¡Ç","2","iphash:c7c8a416","0","2","2","3","1666","1666","100","-16","0","47","3","5","2","0","seeing","low_force","251","5","769","349","292","0","0","0","0","0","0","0","0","0","1666","0"
"155","78","iphash:c7c8a416","^0FF^4'^0Prinky","2","iphash:7d6be969","1","2","2","3","804","704","0","56","39","22","0","2","1","0","seeing","low_force","110","27","357","257","53","0","0","0","0","0","0","0","0","0","804","0"
"156","78","iphash:7d6be969","^0ff^7'^0Gòónat¡Ç","2","iphash:c7c8a416","0","2","2","3","939","909","100","-25","0","23","2","8","0","0","seeing","low_force","287","30","210","299","113","0","0","0","0","0","0","0","0","0","939","0"
"157","79","iphash:c7c8a416","^0FF^4'^0Prinky","2","user:void","1","2","2","3","269","214","39","100","0","1","0","6","1","0","seeing","low_force","40","0","135","5","89","0","0","0","0","0","0","0","0","0","269","0"
"158","79","user:void","void","1","iphash:c7c8a416","0","2","2","3","376","376","100","-15","96","18","1","1","0","0","seeing","low_force","79","37","142","118","0","0","0","0","0","0","0","0","0","0","376","0"
"159","80","iphash:c7c8a416","^0FF^4'^0Prinky","2","user:void","1","2","2","3","304","219","15","76","69","10","0","4","2","0","seeing","low_force","138","20","51","46","49","0","0","0","0","0","0","0","0","0","304","0"
"160","80","user:void","void","1","iphash:c7c8a416","0","2","2","3","345","345","100","-13","0","4","1","5","2","0","seeing","low_force","19","0","247","36","43","0","0","0","0","0","0","0","0","0","345","0"
"161","81","iphash:c7c8a416","^0FF^4'^0Prinky","2","user:void","1","2","2","3","400","391","91","100","10","3","0","4","1","0","unknown","low_force","69","70","198","15","48","0","0","0","0","0","0","0","0","0","400","0"
"162","81","user:void","void","1","iphash:c7c8a416","0","2","2","3","735","735","100","-15","0","21","1","2","2","0","seeing","low_force","155","0","357","223","0","0","0","0","0","0","0","0","0","0","735","0"
"163","82","iphash:c7c8a416","^0FF^4'^0Prinky","2","user:void","1","2","2","3","266","166","0","100","40","15","0","2","0","0","seeing","low_force","0","0","193","73","0","0","0","0","0","0","0","0","0","0","266","0"
"164","82","user:void","void","1","iphash:c7c8a416","0","2","2","3","129","109","100","-4","0","0","1","5","0","0","unknown","saber_throw","0","0","85","20","24","0","0","0","0","0","0","0","0","0","129","0"
"165","83","iphash:c7c8a416","^0FF^4'^0Prinky","2","iphash:7d6be969","1","2","2","3","1842","1742","0","94","0","73","2","7","4","0","seeing","low_force","359","71","718","469","225","0","0","0","0","0","0","0","0","0","1842","0"
"166","83","iphash:7d6be969","^0ff^7'^0Gòónat¡Ç","2","iphash:c7c8a416","0","2","2","3","1801","1757","100","-11","0","46","5","9","5","0","seeing","low_force","327","32","703","367","372","0","0","0","0","0","0","0","0","0","1801","0"
"167","84","iphash:c7c8a416","^0FF^4'^0Prinky","2","iphash:7d6be969","1","2","2","3","401","328","27","60","68","10","0","2","0","0","seeing","low_force","84","16","156","54","91","0","0","0","0","0","0","0","0","0","401","0"
"168","84","iphash:7d6be969","^0ff^7'^0Gòónat¡Ç","2","iphash:c7c8a416","0","2","2","3","359","359","100","-1","0","8","1","6","0","0","seeing","low_force","0","0","206","85","68","0","0","0","0","0","0","0","0","0","359","0"
"169","85","bot:/botfiles/shadowtrooper.jkb","Reborn","0","user:void","1","2","2","3","1013","967","54","20","0","59","0","6","2","0","unknown","low_force","4","0","398","552","59","59","549","82","323","0","0","0","0","0","0","0"
"170","85","user:void","void","1","bot:/botfiles/shadowtrooper.jkb","0","2","2","3","876","876","100","0","67","34","1","1","3","0","seeing","low_force","210","114","45","289","218","0","0","0","0","0","0","0","0","0","876","0"
"171","86","iphash:c7c8a416","^0FF^4'^0Prinky","2","iphash:7d6be969","1","2","2","3","2197","2124","27","50","0","82","2","14","3","0","seeing","low_force","399","0","672","696","430","0","0","0","0","0","0","0","0","0","2197","0"
"172","86","iphash:7d6be969","^0ff^7'^0Gòónat¡Ç","2","iphash:c7c8a416","0","2","2","3","2553","2553","100","-3","0","75","1","14","3","0","seeing","low_force","662","0","562","738","591","0","0","0","0","0","0","0","0","0","2553","0"
"173","87","user:void","void","1","bot:/botfiles/shadowtrooper.jkb","1","2","2","3","1034","934","0","52","39","73","0","3","2","0","unknown","low_force","78","0","209","605","142","0","0","0","0","0","0","0","0","0","1034","0"
"174","87","bot:/botfiles/shadowtrooper.jkb","Reborn","0","user:void","0","2","2","3","1199","1199","100","0","0","67","0","9","4","0","speed","low_force","98","0","244","566","291","76","645","45","409","0","0","0","0","24","0","0"
"175","88","iphash:c7c8a416","^0FF^4'^0Prinky","2","iphash:7d6be969","1","2","2","3","914","814","0","100","0","31","0","8","4","0","seeing","low_force","383","36","191","213","91","0","0","0","0","0","0","0","0","0","914","0"
"176","88","iphash:7d6be969","^0ff^7'^0Gòónat¡Ç","2","iphash:c7c8a416","0","2","2","3","1075","1030","100","-10","0","28","1","5","3","0","seeing","low_force","84","0","546","282","163","0","0","0","0","0","0","0","0","0","1075","0"
"177","89","user:jundon","jundon","1","user:void","1","2","2","3","856","772","16","92","37","52","0","6","1","0","seeing","low_force","148","20","136","308","244","0","0","0","0","0","0","0","0","0","856","0"
"178","89","user:void","void","1","user:jundon","0","2","2","3","876","824","100","-10","0","24","2","4","3","0","seeing","low_force","20","0","308","419","129","0","0","0","0","0","0","0","0","0","876","0"
"179","90","iphash:c7c8a416","^0FF^4'^0Prinky","2","iphash:7d6be969","1","2","2","3","477","425","42","80","37","8","0","4","1","0","unknown","low_force","107","0","238","33","99","0","0","0","0","0","0","0","0","0","477","0"
"180","90","iphash:7d6be969","^0ff^7'^0Gòónat¡Ç","2","iphash:c7c8a416","0","2","2","3","435","424","100","-14","37","14","2","4","1","0","seeing","low_force","147","0","178","101","9","0","0","0","0","0","0","0","0","0","435","0"
"181","91","iphash:c7c8a416","^0FF^4'^0Prinky","2","iphash:7d6be969","1","2","2","3","471","425","54","94","8","14","1","2","1","0","unknown","low_force","151","0","134","126","60","0","0","0","0","0","0","0","0","0","471","0"
"182","91","iphash:7d6be969","^0ff^7'^0Gòónat¡Ç","2","iphash:c7c8a416","0","2","2","3","462","428","100","-17","0","11","1","6","2","0","seeing","low_force","81","0","153","147","81","0","0","0","0","0","0","0","0","0","462","0"
"183","92","user:jundon","jundon","1","user:void","1","2","2","3","1164","1085","15","99","0","33","0","9","4","0","seeing","low_force","119","132","81","268","564","0","0","0","0","0","0","0","0","0","1164","0"
"184","92","user:void","void","1","user:jundon","0","2","2","3","978","933","100","0","0","76","1","5","2","0","unknown","low_force","24","0","308","581","65","0","0","0","0","0","0","0","0","0","978","0"
"185","93","iphash:7d6be969","^0ff^7'^0Gòónat¡Ç","2","iphash:c7c8a416","1","2","2","3","730","681","45","100","0","14","2","4","1","0","seeing","low_force","350","0","208","129","43","0","0","0","0","0","0","0","0","0","730","0"
"186","93","iphash:c7c8a416","^0FF^4'^0Prinky","2","iphash:7d6be969","0","2","2","3","537","537","100","-2","0","11","1","6","2","0","unknown","low_force","83","0","354","50","50","0","0","0","0","0","0","0","0","0","537","0"
"187","94","user:jundon","jundon","1","iphash:c7c8a416","1","2","2","3","547","458","11","88","5","19","0","7","2","0","seeing","low_force","55","0","266","144","82","0","0","0","0","0","0","0","0","0","547","0"
"188","94","iphash:c7c8a416","^0FF^4'^0Prinky","2","user:jundon","0","2","2","3","447","447","100","-8","0","12","1","6","1","0","seeing","low_force","104","0","221","92","30","0","0","0","0","0","0","0","0","0","447","0"
"189","95","user:void","void","1","iphash:7d6be969","1","2","2","3","930","866","36","87","0","58","0","2","1","0","unknown","low_force","57","0","271","505","97","0","0","0","0","0","0","0","0","0","930","0"
"190","95","iphash:7d6be969","^0ff^7'^0Gòónat¡Ç","2","user:void","0","2","2","3","843","826","100","0","0","11","0","9","3","0","seeing","low_force","132","0","80","114","517","0","0","0","0","0","0","0","0","0","843","0"
"191","96","user:void","void","1","iphash:7d6be969","1","2","2","3","248","171","23","70","0","11","0","1","0","0","unknown","low_force","0","0","153","95","0","0","0","0","0","0","0","0","0","0","248","0"
"192","96","iphash:7d6be969","^0ff^7'^0Gòónat¡Ç","2","user:void","0","2","2","3","234","179","100","-18","0","1","0","7","1","0","seeing","low_force","59","0","40","20","115","0","0","0","0","0","0","0","0","0","234","0"
"193","97","user:jundon","jundon","1","iphash:c7c8a416","1","2","2","3","1325","1225","0","96","0","56","2","7","1","0","seeing","low_force","364","0","421","511","29","0","0","0","0","0","0","0","0","0","1325","0"
"194","97","iphash:c7c8a416","^0FF^4'^0Prinky","2","user:jundon","0","2","2","3","1190","1190","100","-7","0","9","1","11","1","0","unknown","low_force","263","0","383","279","265","0","0","0","0","0","0","0","0","0","1190","0"
"195","98","iphash:7d6be969","^0ff^7'^0Gòónat¡Ç","2","user:void","1","2","2","3","352","269","17","74","0","8","0","5","2","0","seeing","low_force","77","0","144","67","64","0","0","0","0","0","0","0","0","0","352","0"
"196","98","user:void","void","1","iphash:7d6be969","0","2","2","3","289","289","100","-2","9","8","1","4","1","0","unknown","low_force","101","0","158","30","0","0","0","0","0","0","0","0","0","0","289","0"
"197","99","user:jundon","jundon","1","iphash:c7c8a416","1","2","2","3","347","247","0","100","100","6","0","0","0","0","seeing","low_force","37","0","203","87","20","0","0","0","0","0","0","0","0","0","347","0"
"198","99","iphash:c7c8a416","^0FF^4'^0Prinky","2","user:jundon","0","2","2","3","141","141","100","-22","0","0","0","4","0","0","seeing","low_force","10","0","40","91","0","0","0","0","0","0","0","0","0","0","141","0"
"199","100","user:void","void","1","iphash:7d6be969","1","2","2","3","618","518","0","58","27","39","1","2","0","0","seeing","low_force","104","0","180","334","0","0","0","0","0","0","0","0","0","0","618","0"
"200","100","iphash:7d6be969","^0ff^7'^0Gòónat¡Ç","2","user:void","0","2","2","3","702","657","100","-24","0","14","0","6","3","0","seeing","low_force","148","0","93","215","246","0","0","0","0","0","0","0","0","0","702","0"
"201","101","user:void","void","1","iphash:7d6be969","1","2","2","3","385","365","74","28","0","6","1","4","2","0","unknown","low_force","106","0","174","46","59","0","0","0","0","0","0","0","0","0","385","0"
"202","101","iphash:7d6be969","^0ff^7'^0Gòónat¡Ç","2","user:void","0","2","2","3","392","392","100","-6","0","15","0","3","0","0","seeing","low_force","190","0","101","40","61","0","0","0","0","0","0","0","0","0","392","0"
"203","102","user:socrates","socrates","1","iphash:d4cfd1d8","1","2","1","2","277","210","27","100","99","8","0","0","0","0","seeing","low_force","106","10","20","71","70","0","0","0","0","0","0","0","0","0","277","0"
"204","102","iphash:d4cfd1d8","^3Wookiee","2","user:socrates","0","1","2","2","244","144","100","0","98","13","0","2","1","0","seeing","low_force","84","0","24","128","8","0","0","0","0","0","0","0","0","0","244","0"
"205","103","user:jundon","jundon","1","iphash:c7c8a416","1","2","2","3","941","846","5","68","8","58","0","5","1","0","seeing","low_force","153","0","288","472","28","0","0","0","0","0","0","0","0","0","941","0"
"206","103","iphash:c7c8a416","^0FF^4'^0Prinky","2","user:jundon","0","2","2","3","951","904","100","-10","0","14","1","12","3","0","seeing","low_force","397","5","54","150","345","0","0","0","0","0","0","0","0","0","951","0"
"207","104","user:socrates","socrates","1","iphash:d4cfd1d8","1","2","1","2","303","223","14","100","39","8","0","4","0","0","unknown","low_force","176","0","39","53","35","0","0","0","0","0","0","0","0","0","303","0"
"208","104","iphash:d4cfd1d8","^3Wookiee","2","user:socrates","0","1","2","2","317","221","100","0","39","6","0","4","2","0","seeing","low_force","33","0","135","106","43","0","0","0","0","0","0","0","0","0","317","0"
"209","105","user:socrates","socrates","1","iphash:d4cfd1d8","1","2","1","2","628","533","0","100","59","9","0","1","0","0","seeing","low_force","218","55","120","80","155","0","0","0","0","0","0","0","0","0","628","0"
"210","105","iphash:d4cfd1d8","^3Wookiee","2","user:socrates","0","1","2","2","419","320","100","-15","9","21","0","5","1","0","seeing","low_force","15","0","282","121","1","0","0","0","0","0","0","0","0","0","419","0"
"211","106","user:void","void","1","iphash:7d6be969","1","2","2","3","1095","995","0","83","0","46","1","5","1","0","seeing","low_force","334","0","217","346","198","0","0","0","0","0","0","0","0","0","1095","0"
"212","106","iphash:7d6be969","^0ff^7'^0Gòónat¡Ç","2","user:void","0","2","2","3","1062","1036","100","-14","0","38","3","6","3","0","seeing","low_force","229","26","248","328","231","0","0","0","0","0","0","0","0","0","1062","0"
"213","107","user:jundon","jundon","1","iphash:c7c8a416","1","2","2","3","746","659","13","100","0","33","1","9","2","0","seeing","low_force","134","20","166","272","154","0","0","0","0","0","0","0","0","0","746","0"
"214","107","iphash:c7c8a416","^0FF^4'^0Prinky","2","user:jundon","0","2","2","3","659","634","100","-7","0","24","0","7","2","0","unknown","low_force","243","0","82","146","188","0","0","0","0","0","0","0","0","0","659","0"
"215","108","iphash:7d6be969","^0ff^7'^0Gòónat¡Ç","2","user:void","1","2","2","3","549","471","22","68","0","17","0","3","0","0","seeing","low_force","58","0","192","148","151","0","0","0","0","0","0","0","0","0","549","0"
"216","108","user:void","void","1","iphash:7d6be969","0","2","2","3","372","317","100","-20","0","22","1","4","0","0","seeing","low_force","45","0","74","188","65","0","0","0","0","0","0","0","0","0","372","0"
"217","109","user:socrates","socrates","1","iphash:c7c8a416","1","2","2","3","557","469","6","100","40","20","2","2","0","0","seeing","low_force","58","0","246","228","25","0","0","0","0","0","0","0","0","0","557","0"
"218","109","iphash:c7c8a416","^0FF^4'^0Prinky","2","user:socrates","0","2","2","3","443","433","100","-14","68","3","2","3","1","0","seeing","low_force","94","25","145","100","79","0","0","0","0","0","0","0","0","0","443","0"
"219","110","iphash:c7c8a416","^0FF^4'^0Prinky","2","user:socrates","1","2","2","3","776","700","24","62","0","6","1","7","2","0","seeing","low_force","30","0","95","119","532","0","0","0","0","0","0","0","0","0","776","0"
"220","110","user:socrates","socrates","1","iphash:c7c8a416","0","2","2","3","704","643","100","-12","0","50","1","7","3","0","seeing","low_force","64","16","144","392","88","0","0","0","0","0","0","0","0","0","704","0"
"221","111","user:void","void","1","iphash:7d6be969","1","2","2","3","1037","946","3","44","39","50","1","2","0","0","seeing","low_force","128","32","283","530","64","0","0","0","0","0","0","0","0","0","1037","0"
"222","111","iphash:7d6be969","^0ff^7'^0Gòónat¡Ç","2","user:void","0","2","2","3","1041","997","100","-5","0","29","0","13","3","0","seeing","low_force","99","0","243","412","287","0","0","0","0","0","0","0","0","0","1041","0"
"223","112","user:void","void","1","iphash:7d6be969","1","2","2","3","247","173","26","74","99","3","1","0","1","0","seeing","low_force","19","0","95","100","33","0","0","0","0","0","0","0","0","0","247","0"
"224","112","iphash:7d6be969","^0ff^7'^0Gòónat¡Ç","2","user:void","0","2","2","3","270","270","100","-8","98","8","4","0","0","0","seeing","low_force","49","19","79","48","75","0","0","0","0","0","0","0","0","0","270","0"
"225","113","iphash:c7c8a416","^0FF^4'^0Prinky","2","user:socrates","1","2","2","3","787","695","8","100","9","14","2","4","2","0","seeing","low_force","171","85","93","130","308","0","0","0","0","0","0","0","0","0","787","0"
"226","113","user:socrates","socrates","1","iphash:c7c8a416","0","2","2","3","757","734","100","-11","0","55","2","5","4","0","seeing","low_force","103","0","242","403","9","0","0","0","0","0","0","0","0","0","757","0"
"227","114","user:socrates","socrates","1","iphash:c7c8a416","1","2","2","3","532","437","0","26","91","10","5","1","0","0","seeing","low_force","87","0","302","143","0","0","0","0","0","0","0","0","0","0","532","0"
"228","114","iphash:c7c8a416","^0FF^4'^0Prinky","2","user:socrates","0","2","2","3","364","268","100","-12","10","9","1","4","2","0","unknown","low_force","0","0","270","58","36","0","0","0","0","0","0","0","0","0","364","0"
"229","115","user:void","void","1","iphash:7d6be969","1","2","2","3","874","801","27","98","7","54","2","3","1","0","unknown","low_force","121","0","193","375","185","0","0","0","0","0","0","0","0","0","874","0"
"230","115","iphash:7d6be969","^0ff^7'^0Gòónat¡Ç","2","user:void","0","2","2","3","815","815","100","-8","0","48","0","4","2","0","seeing","low_force","109","31","191","256","228","0","0","0","0","0","0","0","0","0","815","0"
"231","116","user:void","void","1","iphash:7d6be969","1","2","2","3","418","331","13","45","39","5","0","3","2","0","unknown","low_force","204","0","95","80","39","0","0","0","0","0","0","0","0","0","418","0"
"232","116","iphash:7d6be969","^0ff^7'^0Gòónat¡Ç","2","user:void","0","2","2","3","423","411","100","0","0","9","2","5","2","0","seeing","low_force","183","0","143","73","24","0","0","0","0","0","0","0","0","0","423","0"
"233","117","iphash:c7c8a416","^0FF^4'^0Prinky","2","user:socrates","1","2","2","3","1133","1033","0","78","25","47","2","6","3","0","unknown","low_force","209","32","265","349","278","0","0","0","0","0","0","0","0","0","1133","0"
"234","117","user:socrates","socrates","1","iphash:c7c8a416","0","2","2","3","1309","1268","100","-9","0","62","0","8","5","0","seeing","low_force","221","14","372","527","175","0","0","0","0","0","0","0","0","0","1309","0"
"235","118","iphash:7d6be969","^0ff^7'^0Gòónat¡Ç","2","user:void","1","2","2","3","1002","914","12","74","0","24","0","6","3","0","seeing","low_force","141","48","118","245","450","0","0","0","0","0","0","0","0","0","1002","0"
"236","118","user:void","void","1","iphash:7d6be969","0","2","2","3","820","803","100","-13","0","50","0","7","5","0","unknown","low_force","41","0","230","441","108","0","0","0","0","0","0","0","0","0","820","0"
"237","119","iphash:c7c8a416","^0FF^4'^0Prinky","2","user:socrates","1","2","2","3","286","282","96","74","100","3","2","0","0","0","seeing","low_force","159","47","46","34","0","0","0","0","0","0","0","0","0","0","286","0"
"238","119","user:socrates","socrates","1","iphash:c7c8a416","0","2","2","3","271","271","100","-39","0","2","0","4","1","0","seeing","low_force","0","0","242","24","5","0","0","0","0","0","0","0","0","0","271","0"
"239","120","iphash:7d6be969","^0ff^7'^0Gòónat¡Ç","2","user:void","1","2","2","3","192","107","15","80","9","5","0","4","0","0","seeing","low_force","20","0","130","42","0","0","0","0","0","0","0","0","0","0","192","0"
"240","120","user:void","void","1","iphash:7d6be969","0","2","2","3","125","116","100","-14","0","0","0","7","1","0","unknown","saber_throw","0","0","86","19","20","0","0","0","0","0","0","0","0","0","125","0"
"241","121","iphash:c7c8a416","^0FF^4'^0Prinky","2","user:socrates","1","2","2","3","697","612","15","50","69","34","2","3","0","0","seeing","low_force","220","20","60","297","100","0","0","0","0","0","0","0","0","0","697","0"
"242","121","user:socrates","socrates","1","iphash:c7c8a416","0","2","2","3","668","668","100","-19","0","27","0","13","3","0","seeing","low_force","0","0","277","267","124","0","0","0","0","0","0","0","0","0","668","0"
"243","122","user:void","void","1","iphash:7d6be969","1","2","2","3","844","785","35","78","0","37","1","4","3","0","seeing","low_force","249","40","215","249","91","0","0","0","0","0","0","0","0","0","844","0"
"244","122","iphash:7d6be969","^0ff^7'^0Gòónat¡Ç","2","user:void","0","2","2","3","817","817","100","-1","0","20","0","7","1","0","seeing","low_force","181","0","358","91","187","0","0","0","0","0","0","0","0","0","817","0"
"245","123","iphash:7d6be969","^0ff^7'^0Gòónat¡Ç","2","user:void","1","2","2","3","608","545","37","100","10","7","2","5","1","0","seeing","low_force","73","6","202","79","248","0","0","0","0","0","0","0","0","0","608","0"
"246","123","user:void","void","1","iphash:7d6be969","0","2","2","3","527","521","100","-7","0","33","1","4","0","0","seeing","low_force","166","19","150","162","30","0","0","0","0","0","0","0","0","0","527","0"
"247","124","user:void","void","1","iphash:7d6be969","1","2","2","3","734","645","11","46","63","32","1","2","0","0","seeing","low_force","64","5","336","252","77","0","0","0","0","0","0","0","0","0","734","0"
"248","124","iphash:7d6be969","^0ff^7'^0Gòónat¡Ç","2","user:void","0","2","2","3","717","707","100","-21","0","19","0","10","1","0","seeing","low_force","24","0","233","270","190","0","0","0","0","0","0","0","0","0","717","0"
"249","125","iphash:c7c8a416","^0FF^4'^0Prinky","2","user:socrates","1","2","2","3","1438","1422","78","32","0","60","2","6","5","0","seeing","low_force","210","32","470","337","389","0","0","0","0","0","0","0","0","0","1438","0"
"250","125","user:socrates","socrates","1","iphash:c7c8a416","0","2","2","3","1511","1490","100","-14","0","83","2","4","5","0","seeing","low_force","171","0","577","512","251","0","0","0","0","0","0","0","0","0","1511","0"
"251","126","user:void","void","1","iphash:7d6be969","1","2","2","3","2120","2039","13","29","0","121","4","4","3","0","seeing","low_force","307","0","701","1043","69","0","0","0","0","0","0","0","0","0","2120","0"
"252","126","iphash:7d6be969","^0ff^7'^0Gòónat¡Ç","2","user:void","0","2","2","3","2245","2183","100","-2","0","39","0","15","6","0","seeing","low_force","278","5","564","463","935","0","0","0","0","0","0","0","0","0","2245","0"
"253","127","user:socrates","socrates","1","iphash:c7c8a416","1","2","2","3","2433","2338","0","34","0","119","6","5","8","0","seeing","low_force","464","70","828","729","342","0","0","0","0","0","0","0","0","0","2433","0"
"254","127","iphash:c7c8a416","^0FF^4'^0Prinky","2","user:socrates","0","2","2","3","2172","2082","100","-6","0","78","11","4","3","0","seeing","low_force","448","0","623","513","588","0","0","0","0","0","0","0","0","0","2172","0"
"255","128","user:socrates","socrates","1","iphash:c7c8a416","1","2","2","3","462","363","1","58","35","17","1","6","1","0","seeing","low_force","112","0","149","197","4","0","0","0","0","0","0","0","0","0","462","0"
"256","128","iphash:c7c8a416","^0FF^4'^0Prinky","2","user:socrates","0","2","2","3","360","355","100","-27","0","2","0","9","1","0","seeing","low_force","0","0","220","10","130","0","0","0","0","0","0","0","0","0","360","0"
"257","129","user:socrates","socrates","1","iphash:c7c8a416","1","2","2","3","1067","968","0","73","0","36","2","8","2","0","seeing","low_force","36","0","697","311","23","0","0","0","0","0","0","0","0","0","1067","0"
"258","129","iphash:c7c8a416","^0FF^4'^0Prinky","2","user:socrates","0","2","2","3","841","826","100","-10","0","11","2","8","1","0","seeing","low_force","321","183","124","98","115","0","0","0","0","0","0","0","0","0","841","0"
"259","130","iphash:7d6be969","^0ff^7'^0Gòónat¡Ç","2","user:void","1","2","2","3","2950","2880","30","100","0","109","1","11","5","0","seeing","low_force","436","109","498","1115","792","0","0","0","0","0","0","0","0","0","2950","0"
"260","130","user:void","void","1","iphash:7d6be969","0","2","2","3","2919","2919","100","-2","0","128","1","11","4","0","seeing","low_force","436","71","636","1070","706","0","0","0","0","0","0","0","0","0","2919","0"
"261","131","user:socrates","socrates","1","iphash:c7c8a416","1","2","2","3","287","189","2","20","38","15","0","5","0","0","seeing","low_force","79","0","72","136","0","0","0","0","0","0","0","0","0","0","287","0"
"262","131","iphash:c7c8a416","^0FF^4'^0Prinky","2","user:socrates","0","2","2","3","258","189","100","-6","0","2","0","9","1","0","unknown","low_force","6","0","86","102","64","0","0","0","0","0","0","0","0","0","258","0"
"263","132","iphash:c7c8a416","^0FF^4'^0Prinky","2","user:socrates","1","2","2","3","1745","1678","33","50","0","36","2","11","7","0","seeing","low_force","360","40","344","299","702","0","0","0","0","0","0","0","0","0","1745","0"
"264","132","user:socrates","socrates","1","iphash:c7c8a416","0","2","2","3","1881","1830","100","-4","0","116","4","3","2","0","seeing","low_force","321","17","498","943","102","0","0","0","0","0","0","0","0","0","1881","0"
"265","133","user:socrates","socrates","1","iphash:c7c8a416","1","2","2","3","746","647","0","50","66","47","1","6","3","0","seeing","low_force","21","0","197","455","73","0","0","0","0","0","0","0","0","0","746","0"
"266","133","iphash:c7c8a416","^0FF^4'^0Prinky","2","user:socrates","0","2","2","3","890","790","100","-10","0","19","1","9","1","0","seeing","low_force","130","5","104","186","465","0","0","0","0","0","0","0","0","0","890","0"
"267","134","user:socrates","socrates","1","iphash:c7c8a416","1","2","2","3","1047","947","0","12","0","50","0","13","0","0","seeing","low_force","49","0","412","492","94","0","0","0","0","0","0","0","0","0","1047","0"
"268","134","iphash:c7c8a416","^0FF^4'^0Prinky","2","user:socrates","0","2","2","3","817","817","100","-12","37","28","0","4","1","0","seeing","low_force","196","87","65","289","180","0","0","0","0","0","0","0","0","0","817","0"
"269","135","user:socrates","socrates","1","iphash:c7c8a416","1","2","2","3","873","773","0","90","0","40","1","3","2","0","seeing","low_force","44","0","486","323","20","0","0","0","0","0","0","0","0","0","873","0"
"270","135","iphash:c7c8a416","^0FF^4'^0Prinky","2","user:socrates","0","2","2","3","654","654","100","-3","0","2","2","7","0","0","seeing","low_force","146","4","191","186","127","0","0","0","0","0","0","0","0","0","654","0"
"271","136","iphash:c7c8a416","^0FF^4'^0Prinky","2","user:socrates","1","2","2","3","585","523","32","60","28","9","0","2","1","0","seeing","low_force","254","25","81","57","168","0","0","0","0","0","0","0","0","0","585","0"
"272","136","user:socrates","socrates","1","iphash:c7c8a416","0","2","2","3","593","511","100","0","0","25","0","9","1","0","seeing","low_force","5","0","301","273","14","0","0","0","0","0","0","0","0","0","593","0"
"273","137","iphash:4a47a0f7","^1Darth ^7Pogrates","2","iphash:fa31973a","1","2","2","3","271","171","0","60","39","20","0","3","0","0","seeing","low_force","46","20","30","175","0","0","0","0","0","0","0","0","0","0","271","0"
"274","137","iphash:fa31973a","^0-=^3'/^7o^3!^0d^0=-^6","2","iphash:4a47a0f7","0","2","2","3","310","234","100","-2","0","5","0","7","0","0","seeing","low_force","0","0","84","56","170","0","0","0","0","0","0","0","0","0","310","0"
"275","138","iphash:7d6be969","^0ff^7'^0Gòónat¡Ç","2","iphash:fa31973a","1","2","2","3","0","0","100","40","0","0","0","0","0","0","","linear_entries","0","0","0","0","0","0","0","0","0","0","0","0","0","0","0","0"
"276","138","iphash:fa31973a","^0-=^3'/^7o^3!^0d^0=-^6","2","iphash:7d6be969","0","2","2","3","8","8","100","-10","0","0","0","0","0","0","seeing","linear_entries","8","0","0","0","0","0","0","0","0","0","0","0","0","0","8","0"
"277","139","bot:/botfiles/gran.jkb","Gran","0","bot:/botfiles/chiss.jkb","1","1","2","2","381","294","13","100","100","61","0","0","0","8","heal","low_force","0","0","112","179","90","0","20","0","0","0","36","22","233","70","0","0"
"278","139","bot:/botfiles/chiss.jkb","Chiss","0","bot:/botfiles/gran.jkb","0","2","1","2","771","771","100","-19","64","0","0","4","0","0","grip","low_force","5","0","79","277","410","152","509","5","55","50","0","0","0","0","0","0"
"279","140","iphash:7d6be969","^0ff^7'^0Gòónat¡Ç","2","iphash:fa31973a","1","2","2","3","539","490","45","78","0","10","0","8","2","0","unknown","low_force","26","12","135","74","292","0","0","0","0","0","0","0","0","0","539","0"
"280","140","iphash:fa31973a","^0-=^3'/^7o^3!^0d^0=-^6","2","iphash:7d6be969","0","2","2","3","642","557","100","-5","0","19","2","3","2","0","seeing","low_force","170","0","195","214","63","0","0","0","0","0","0","0","0","0","642","0"
"281","141","user:socrates","socrates","1","iphash:c984b5ee","1","2","1","2","616","576","60","100","87","13","0","0","0","0","seeing","low_force","151","99","120","47","199","0","0","0","0","0","0","0","0","0","616","0"
"282","141","iphash:c984b5ee","^8Qui^0-^2Gon","2","user:socrates","0","1","2","2","319","309","100","-3","0","42","2","3","2","98","unknown","low_force","0","0","169","150","0","36","52","0","0","0","9","176","44","2","0","0"
"283","142","iphash:fa31973a","^0-=^3'/^7o^3!^0d^0=-^6","2","iphash:7d6be969","1","2","2","3","1958","1858","0","60","0","118","1","6","3","0","unknown","low_force","188","14","542","934","280","0","0","0","0","0","0","0","0","0","1958","0"
"284","142","iphash:7d6be969","^0ff^7'^0Gòónat¡Ç","2","iphash:fa31973a","0","2","2","3","1981","1917","100","-17","0","86","0","18","5","0","seeing","low_force","205","50","314","881","531","0","0","0","0","0","0","0","0","0","1981","0"
"285","143","bot:/botfiles/gran.jkb","Gran","0","bot:/botfiles/chiss.jkb","1","1","2","2","545","445","0","100","40","42","0","2","1","5","push","low_force","85","6","155","261","38","19","118","0","0","0","54","11","221","122","0","0"
"286","143","bot:/botfiles/chiss.jkb","Chiss","0","bot:/botfiles/gran.jkb","0","2","1","2","459","459","100","-23","0","1","0","3","0","0","push","low_force","5","0","258","20","176","25","179","80","155","0","0","0","0","0","20","0"
"287","144","iphash:7d6be969","^0ff^7'^0Gòónat¡Ç","2","iphash:fa31973a","1","2","2","3","777","716","39","96","59","25","0","0","0","0","seeing","low_force","143","68","238","136","192","0","0","0","0","0","0","0","0","0","777","0"
"288","144","iphash:fa31973a","^0-=^3'/^7o^3!^0d^0=-^6","2","iphash:7d6be969","0","2","2","3","685","670","100","-36","0","9","2","5","3","0","unknown","low_force","0","0","315","317","53","0","0","0","0","0","0","0","0","0","685","0"
"289","145","user:socrates","socrates","1","bot:/botfiles/gran.jkb","1","2","1","2","709","693","78","80","68","9","0","1","1","0","seeing","low_force","253","15","47","97","297","0","0","0","0","0","0","0","0","0","709","0"
"290","145","bot:/botfiles/gran.jkb","Gran","0","user:socrates","0","1","2","2","646","572","100","0","9","37","1","7","1","8","unknown","low_force","69","0","92","485","0","68","40","0","0","0","34","0","504","0","0","0"
"291","146","iphash:fa31973a","^0-=^3'/^7o^3!^0d^0=-^6","2","iphash:7d6be969","1","2","2","3","2414","2330","16","57","0","75","0","9","6","0","seeing","low_force","840","42","439","860","233","0","0","0","0","0","0","0","0","0","2414","0"
"292","146","iphash:7d6be969","^0ff^7'^0Gòónat¡Ç","2","iphash:fa31973a","0","2","2","3","2640","2609","100","-19","0","81","0","11","5","0","seeing","low_force","639","87","599","887","428","0","0","0","0","0","0","0","0","0","2640","0"
"293","147","iphash:c984b5ee","^8Qui^0-^2Gon","2","bot:/botfiles/chiss.jkb","1","1","2","2","90","0","10","96","70","15","0","0","0","45","absorb","low_force","21","0","41","16","12","1","0","0","0","0","12","76","1","0","0","0"
"294","147","bot:/botfiles/chiss.jkb","Chiss","0","iphash:c984b5ee","0","2","1","2","191","180","100","-10","0","0","0","0","0","0","pull","low_force","39","0","33","119","0","19","172","0","0","0","0","0","0","0","0","0"
"295","148","iphash:7d6be969","^0ff^7'^0Gòónat¡Ç","2","iphash:fa31973a","1","2","2","3","649","629","80","52","10","32","0","3","0","0","seeing","low_force","64","28","214","161","182","0","0","0","0","0","0","0","0","0","649","0"
"296","148","iphash:fa31973a","^0-=^3'/^7o^3!^0d^0=-^6","2","iphash:7d6be969","0","2","2","3","531","451","100","0","0","18","1","5","1","0","seeing","low_force","50","0","159","177","145","0","0","0","0","0","0","0","0","0","531","0"
"297","149","iphash:7d6be969","^0ff^7'^0Gòónat¡Ç","2","iphash:fa31973a","1","2","2","3","998","908","10","72","0","21","0","4","0","0","seeing","low_force","313","60","263","135","227","0","0","0","0","0","0","0","0","0","998","0"
"298","149","iphash:fa31973a","^0-=^3'/^7o^3!^0d^0=-^6","2","iphash:7d6be969","0","2","2","3","822","774","100","-26","0","19","1","7","4","0","unknown","low_force","89","0","410","199","124","0","0","0","0","0","0","0","0","0","822","0"
"299","150","bot:/botfiles/gran.jkb","Gran","0","iphash:c984b5ee","1","1","1","1","781","776","95","99","0","81","0","0","0","4","heal","low_force","77","0","238","289","177","0","79","0","0","0","0","55","577","70","0","0"
"300","150","iphash:c984b5ee","^8Qui^0-^2Gon","2","bot:/botfiles/gran.jkb","0","1","1","1","484","484","100","-15","67","21","0","1","4","53","protect","low_force","236","0","50","173","25","0","29","0","0","0","98","12","345","0","0","0"
"301","151","iphash:7d6be969","^0ff^7'^0Gòónat¡Ç","2","iphash:fa31973a","1","2","2","3","818","770","52","76","0","16","0","6","1","0","seeing","low_force","87","5","324","129","273","0","0","0","0","0","0","0","0","0","818","0"
"302","151","iphash:fa31973a","^0-=^3'/^7o^3!^0d^0=-^6","2","iphash:7d6be969","0","2","2","3","728","728","100","-1","0","37","1","2","1","0","seeing","low_force","138","25","277","255","33","0","0","0","0","0","0","0","0","0","728","0"
"303","152","user:void","void","1","user:socrates","1","2","2","3","1513","1419","6","24","0","83","4","1","4","0","seeing","low_force","402","68","25","632","386","0","0","0","0","0","0","0","0","0","1513","0"
"304","152","user:socrates","socrates","1","user:void","0","2","2","3","1615","1615","100","-8","0","97","1","4","3","0","seeing","low_force","233","0","348","775","259","0","0","0","0","0","0","0","0","0","1615","0"
"305","153","user:void","void","1","user:socrates","1","2","2","3","599","530","31","94","32","11","5","3","1","0","seeing","low_force","96","144","99","138","122","0","0","0","0","0","0","0","0","0","599","0"
"306","153","user:socrates","socrates","1","user:void","0","2","2","3","578","574","100","-27","0","14","1","2","2","0","seeing","low_force","13","0","341","156","68","0","0","0","0","0","0","0","0","0","578","0"
"307","154","user:void","void","1","user:socrates","1","2","2","3","299","218","13","53","10","9","0","5","1","0","unknown","low_force","5","0","46","103","145","0","0","0","0","0","0","0","0","0","299","0"
"308","154","user:socrates","socrates","1","user:void","0","2","2","3","304","225","100","-1","0","16","0","4","0","0","seeing","low_force","58","0","46","200","0","0","0","0","0","0","0","0","0","0","304","0"
"309","155","bot:/botfiles/gran.jkb","Gran","0","bot:/botfiles/chiss.jkb","1","1","2","2","848","762","14","100","100","84","1","1","0","13","heal","low_force","115","0","416","298","19","0","81","0","0","0","82","47","427","211","0","0"
"310","155","bot:/botfiles/chiss.jkb","Chiss","0","bot:/botfiles/gran.jkb","0","2","1","2","981","981","100","0","70","3","0","1","1","0","speed","low_force","35","0","334","59","553","60","642","152","65","0","0","0","0","25","20","17"
"311","156","iphash:7d6be969","^0ff^7'^0Gòónat¡Ç","2","iphash:c984b5ee","1","2","1","2","341","322","81","100","100","0","0","0","0","0","seeing","forced_entries","19","20","65","0","237","0","0","0","0","0","0","0","0","0","341","0"
"312","156","iphash:c984b5ee","^8Qui^0-^2Gon","2","iphash:7d6be969","0","1","2","2","232","232","100","-9","0","15","1","7","2","6","absorb","low_force","0","0","52","180","0","0","1","0","0","0","16","0","214","1","0","0"
"313","157","user:socrates","socrates","1","user:void","1","2","2","3","249","169","20","80","70","7","0","2","0","0","seeing","low_force","50","0","99","100","0","0","0","0","0","0","0","0","0","0","249","0"
"314","157","user:void","void","1","user:socrates","0","2","2","3","81","71","100","-2","0","0","0","6","2","0","unknown","saber_throw","15","0","56","0","10","0","0","0","0","0","0","0","0","0","81","0"
"315","158","iphash:7d6be969","^0ff^7'^0Gòónat¡Ç","2","iphash:c984b5ee","1","2","1","2","72","0","22","100","99","0","0","0","0","0","seeing","low_force","0","0","65","0","7","0","0","0","0","0","0","0","0","0","72","0"
"316","158","iphash:c984b5ee","^8Qui^0-^2Gon","2","iphash:7d6be969","0","1","2","2","0","0","100","-8","100","0","1","0","0","0","","linear_entries","0","0","0","0","0","0","0","0","0","0","0","0","0","0","0","0"
"317","159","user:socrates","socrates","1","user:void","1","2","2","3","237","153","16","60","40","16","0","3","0","0","seeing","low_force","0","0","94","143","0","0","0","0","0","0","0","0","0","0","237","0"
"318","159","user:void","void","1","user:socrates","0","2","2","3","171","167","100","-16","0","4","0","8","2","0","unknown","low_force","0","0","16","61","94","0","0","0","0","0","0","0","0","0","171","0"
"319","160","iphash:7d6be969","^0ff^7'^0Gòónat¡Ç","2","iphash:c984b5ee","1","2","1","2","169","149","80","100","8","0","0","0","0","0","seeing","forced_entries","40","0","104","0","25","0","0","0","0","0","0","0","0","0","169","0"
"320","160","iphash:c984b5ee","^8Qui^0-^2Gon","2","iphash:7d6be969","0","1","2","2","39","36","100","-5","0","0","0","5","1","10","absorb","saber_throw","29","0","9","1","0","0","0","0","0","0","39","0","0","0","0","0"
"321","161","user:socrates","socrates","1","user:void","1","2","2","3","207","107","0","60","40","10","0","1","0","0","seeing","low_force","0","0","86","121","0","0","0","0","0","0","0","0","0","0","207","0"
"322","161","user:void","void","1","user:socrates","0","2","2","3","183","97","100","-4","0","4","0","7","0","0","unknown","low_force","0","0","40","59","84","0","0","0","0","0","0","0","0","0","183","0"
"323","162","iphash:7d6be969","^0ff^7'^0Gòónat¡Ç","2","iphash:c984b5ee","1","2","1","2","65","65","100","19","0","0","0","0","0","0","seeing","forced_entries","0","0","65","0","0","0","0","0","0","0","0","0","0","0","65","0"
"324","162","iphash:c984b5ee","^8Qui^0-^2Gon","2","iphash:7d6be969","0","1","2","2","23","23","100","-2","0","0","0","2","1","9","absorb","saber_throw","4","0","18","0","1","0","0","0","0","0","23","0","0","0","0","0"
"325","163","user:socrates","socrates","1","user:void","1","2","2","3","355","258","3","12","67","10","1","0","1","0","seeing","low_force","18","19","104","214","0","0","0","0","0","0","0","0","0","0","355","0"
"326","163","user:void","void","1","user:socrates","0","2","2","3","246","220","100","-1","0","0","0","3","2","0","unknown","saber_throw","16","0","66","0","164","0","0","0","0","0","0","0","0","0","246","0"
"327","164","user:void","void","1","user:socrates","1","2","2","3","515","423","2","100","10","17","0","6","2","0","unknown","low_force","31","0","52","172","260","0","0","0","0","0","0","0","0","0","515","0"
"328","164","user:socrates","socrates","1","user:void","0","2","2","3","482","393","100","-8","98","36","1","0","2","0","seeing","low_force","27","0","179","272","4","0","0","0","0","0","0","0","0","0","482","0"
"329","165","user:socrates","socrates","1","user:void","1","2","2","3","533","433","0","38","40","39","1","2","3","0","seeing","low_force","0","0","115","358","60","0","0","0","0","0","0","0","0","0","533","0"
"330","165","user:void","void","1","user:socrates","0","2","2","3","416","402","100","-1","0","13","0","5","3","0","unknown","low_force","0","0","35","158","223","0","0","0","0","0","0","0","0","0","416","0"
"331","166","user:void","void","1","user:socrates","1","2","2","3","322","239","11","100","99","11","0","1","0","0","unknown","low_force","92","6","0","95","129","0","0","0","0","0","0","0","0","0","322","0"
"332","166","user:socrates","socrates","1","user:void","0","2","2","3","267","181","100","0","40","13","0","2","3","0","seeing","low_force","0","0","114","138","15","0","0","0","0","0","0","0","0","0","267","0"
"333","167","user:void","void","1","user:socrates","1","2","2","3","284","202","18","98","0","6","0","6","1","0","unknown","low_force","61","0","20","74","129","0","0","0","0","0","0","0","0","0","284","0"
"334","167","user:socrates","socrates","1","user:void","0","2","2","3","350","350","100","0","9","16","0","3","0","0","seeing","low_force","0","0","190","160","0","0","0","0","0","0","0","0","0","0","350","0"
"335","168","user:void","void","1","user:socrates","1","2","2","3","269","242","67","63","0","4","0","7","1","0","unknown","low_force","0","0","20","35","214","0","0","0","0","0","0","0","0","0","269","0"
"336","168","user:socrates","socrates","1","user:void","0","2","2","3","292","203","100","0","69","19","0","2","0","0","seeing","low_force","0","0","106","186","0","0","0","0","0","0","0","0","0","0","292","0"
"337","169","user:socrates","socrates","1","user:void","1","2","2","3","339","248","3","40","40","23","0","2","0","0","seeing","low_force","20","0","106","213","0","0","0","0","0","0","0","0","0","0","339","0"
"338","169","user:void","void","1","user:socrates","0","2","2","3","362","343","100","0","0","1","0","10","2","0","unknown","low_force","0","0","60","38","264","0","0","0","0","0","0","0","0","0","362","0"
"339","170","bot:/botfiles/gran.jkb","Gran","0","bot:/botfiles/chiss.jkb","1","1","2","2","570","477","7","100","69","108","0","1","0","9","heal","low_force","5","0","164","341","60","0","40","0","0","0","63","11","291","165","0","0"
"340","170","bot:/botfiles/chiss.jkb","Chiss","0","bot:/botfiles/gran.jkb","0","2","1","2","782","782","100","-19","70","2","0","1","2","0","speed","low_force","8","0","63","612","99","176","398","40","112","50","0","0","0","6","0","0"
"341","171","user:void","void","1","user:socrates","1","2","2","3","387","293","0","100","10","6","0","5","0","0","unknown","low_force","0","20","40","59","268","0","0","0","0","0","0","0","0","0","387","0"
"342","171","user:socrates","socrates","1","user:void","0","2","2","3","358","258","100","0","9","26","0","4","2","0","seeing","low_force","0","0","122","236","0","0","0","0","0","0","0","0","0","0","358","0"
"343","172","user:void","void","1","user:socrates","1","2","2","3","665","577","12","24","0","14","1","8","2","0","seeing","low_force","130","0","0","161","374","0","0","0","0","0","0","0","0","0","665","0"
"344","172","user:socrates","socrates","1","user:void","0","2","2","3","532","502","100","-29","0","51","0","5","2","0","seeing","low_force","76","0","105","316","35","0","0","0","0","0","0","0","0","0","532","0"
"345","173","user:void","void","1","user:socrates","1","2","2","3","1020","950","24","36","5","43","5","4","2","0","seeing","low_force","231","102","70","369","248","0","0","0","0","0","0","0","0","0","1020","0"
"346","173","user:socrates","socrates","1","user:void","0","2","2","3","1026","959","100","-7","0","64","2","6","0","0","seeing","low_force","51","0","266","588","121","0","0","0","0","0","0","0","0","0","1026","0"
"347","174","user:void","void","1","user:socrates","1","2","2","3","1941","1863","16","64","6","117","2","3","6","0","seeing","low_force","351","54","157","1009","370","0","0","0","0","0","0","0","0","0","1941","0"
"348","174","user:socrates","socrates","1","user:void","0","2","2","3","1910","1859","100","-10","0","113","0","7","7","0","seeing","low_force","145","0","244","806","715","0","0","0","0","0","0","0","0","0","1910","0"
"349","175","user:socrates","socrates","1","user:void","1","2","2","3","946","855","3","99","0","44","0","6","1","0","seeing","low_force","61","0","200","352","333","0","0","0","0","0","0","0","0","0","946","0"
"350","175","user:void","void","1","user:socrates","0","2","2","3","745","658","100","-8","8","60","0","4","1","0","unknown","low_force","117","0","102","446","80","0","0","0","0","0","0","0","0","0","745","0"
"351","176","user:void","void","1","user:socrates","1","2","2","3","464","371","7","28","9","13","1","3","1","0","seeing","low_force","101","0","104","113","146","0","0","0","0","0","0","0","0","0","464","0"
"352","176","user:socrates","socrates","1","user:void","0","2","2","3","507","495","100","-1","0","17","0","8","3","0","seeing","low_force","95","0","174","155","83","0","0","0","0","0","0","0","0","0","507","0"
"353","177","user:void","void","1","iphash:7d6be969","1","2","2","3","1434","1334","0","60","0","94","0","3","1","0","seeing","low_force","284","0","362","739","49","0","0","0","0","0","0","0","0","0","1434","0"
"354","177","iphash:7d6be969","^4~^0Gò^4ó^0N^4~","2","user:void","0","2","2","3","1463","1463","100","-3","0","26","0","13","4","0","seeing","low_force","234","0","369","289","571","0","0","0","0","0","0","0","0","0","1463","0"
"355","178","user:socrates","socrates","1","user:void","1","2","2","3","245","145","0","44","10","23","0","2","0","0","seeing","low_force","0","0","84","161","0","0","0","0","0","0","0","0","0","0","245","0"
"356","178","user:void","void","1","user:socrates","0","2","2","3","257","179","100","-14","0","13","0","8","0","0","unknown","low_force","0","0","5","152","100","0","0","0","0","0","0","0","0","0","257","0"
"357","179","user:void","void","1","user:socrates","1","2","2","3","700","612","12","74","0","39","0","4","1","0","unknown","low_force","50","0","84","276","290","0","0","0","0","0","0","0","0","0","700","0"
"358","179","user:socrates","socrates","1","user:void","0","2","2","3","650","579","100","-2","0","38","0","5","3","0","seeing","low_force","5","0","165","355","125","0","0","0","0","0","0","0","0","0","650","0"
"359","180","iphash:7d6be969","^0ff^7'^0Gòónat¡Ç","2","user:void","1","2","2","3","1083","1072","83","79","0","18","1","8","1","0","seeing","low_force","412","64","269","155","183","0","0","0","0","0","0","0","0","0","1083","0"
"360","180","user:void","void","1","iphash:7d6be969","0","2","2","3","1029","1029","100","-13","0","31","2","5","1","0","seeing","low_force","254","20","497","216","42","0","0","0","0","0","0","0","0","0","1029","0"
"361","181","user:void","void","1","user:socrates","1","2","2","3","2586","2501","11","24","0","148","3","8","8","0","seeing","low_force","453","28","133","1110","862","0","0","0","0","0","0","0","0","0","2586","0"
"362","181","user:socrates","socrates","1","user:void","0","2","2","3","2601","2575","100","-2","0","163","0","16","6","0","seeing","low_force","157","23","431","1387","603","0","0","0","0","0","0","0","0","0","2601","0"
"363","182","user:socrates","socrates","1","user:void","1","2","2","3","196","98","0","100","39","3","0","2","0","0","unknown","low_force","6","0","80","46","64","0","0","0","0","0","0","0","0","0","196","0"
"364","182","user:void","void","1","user:socrates","0","2","2","3","133","93","100","-6","0","3","0","7","0","0","seeing","low_force","80","0","40","13","0","0","0","0","0","0","0","0","0","0","133","0"
"365","183","user:void","void","1","user:socrates","1","2","2","3","404","334","24","20","0","10","0","9","2","0","seeing","low_force","10","0","26","240","128","0","0","0","0","0","0","0","0","0","404","0"
"366","183","user:socrates","socrates","1","user:void","0","2","2","3","460","369","100","-8","37","28","1","1","1","0","seeing","low_force","26","0","177","242","15","0","0","0","0","0","0","0","0","0","460","0"
"367","184","user:void","void","1","user:socrates","1","2","2","3","355","313","52","79","0","3","0","3","2","0","unknown","low_force","25","0","131","17","182","0","0","0","0","0","0","0","0","0","355","0"
"368","184","user:socrates","socrates","1","user:void","0","2","2","3","419","380","100","-19","68","20","3","0","2","0","seeing","low_force","33","0","190","196","0","0","0","0","0","0","0","0","0","0","419","0"
"369","185","iphash:7d6be969","^0ff^7'^0Gòónat¡Ç","2","user:void","1","2","2","3","760","669","3","88","33","2","2","2","0","0","seeing","low_force","186","71","307","25","171","0","0","0","0","0","0","0","0","0","760","0"
"370","185","user:void","void","1","iphash:7d6be969","0","2","2","3","743","643","100","-8","0","30","3","3","2","0","seeing","low_force","42","0","541","160","0","0","0","0","0","0","0","0","0","0","743","0"
"371","186","user:socrates","socrates","1","user:void","1","1","2","2","123","30","1","80","40","7","0","2","0","0","seeing","low_force","26","0","48","49","0","0","0","0","0","0","0","0","0","0","123","0"
"372","186","user:void","void","1","user:socrates","0","2","1","2","165","108","100","0","98","0","0","0","1","0","seeing","low_force","90","0","0","75","0","0","0","0","0","0","0","0","0","0","165","0"
"373","187","user:socrates","socrates","1","user:void","1","1","2","2","536","441","5","80","10","14","0","3","0","0","seeing","low_force","11","0","162","253","110","0","0","0","0","0","0","0","0","0","536","0"
"374","187","user:void","void","1","user:socrates","0","2","1","2","385","385","100","-12","98","0","0","0","2","0","seeing","knockdown","94","161","20","15","95","0","0","0","0","0","0","0","0","0","385","0"
"375","188","iphash:7d6be969","^0ff^7'^0Gòónat¡Ç","2","user:void","1","2","2","3","1050","982","26","50","0","54","0","10","2","0","seeing","low_force","100","0","294","362","294","0","0","0","0","0","0","0","0","0","1050","0"
"376","188","user:void","void","1","iphash:7d6be969","0","2","2","3","1052","999","100","-2","0","34","2","4","2","0","seeing","low_force","257","6","270","244","275","0","0","0","0","0","0","0","0","0","1052","0"
"377","189","user:socrates","socrates","1","iphash:7d6be969","1","1","2","2","131","36","5","100","30","5","0","2","0","0","seeing","low_force","12","0","77","34","8","0","0","0","0","0","0","0","0","0","131","0"
"378","189","iphash:7d6be969","^0ff^7'^0Gòónat¡Ç","2","user:socrates","0","2","1","2","100","100","100","0","99","0","0","0","0","0","seeing","forced_entries","80","0","0","0","20","0","0","0","0","0","0","0","0","0","100","0"
"379","190","user:socrates","socrates","1","iphash:7d6be969","1","1","2","2","259","190","25","100","66","10","0","2","0","0","seeing","low_force","61","11","51","109","27","0","0","0","0","0","0","0","0","0","259","0"
"380","190","iphash:7d6be969","^0ff^7'^0Gòónat¡Ç","2","user:socrates","0","2","1","2","127","107","100","0","99","0","0","0","1","0","seeing","forced_entries","26","0","86","0","15","0","0","0","0","0","0","0","0","0","127","0"
"381","191","bot:/botfiles/gran.jkb","Gran","0","bot:/botfiles/chiss.jkb","1","1","2","2","959","859","0","100","40","45","1","3","0","9","heal","low_force","16","0","172","315","456","3","0","0","0","0","22","42","656","236","0","0"
"382","191","bot:/botfiles/chiss.jkb","Chiss","0","bot:/botfiles/gran.jkb","0","2","1","2","2870","2870","100","-7","21","111","0","2","2","0","speed","low_force","83","58","249","2383","97","98","346","172","20","70","0","0","0","2137","20","7"
"383","192","user:socrates","socrates","1","user:void","1","1","2","2","1734","1646","6","70","0","68","0","17","4","0","seeing","low_force","12","0","677","941","104","0","0","0","0","0","0","0","0","0","1734","0"
"384","192","user:void","void","1","user:socrates","0","2","1","2","1695","1675","100","0","97","25","0","0","2","0","seeing","low_force","410","258","149","377","501","0","0","0","0","0","0","0","0","0","1695","0"
"385","193","user:socrates","socrates","1","user:void","1","1","2","2","660","589","23","13","0","37","0","7","1","0","seeing","low_force","21","0","212","425","2","0","0","0","0","0","0","0","0","0","660","0"
"386","193","user:void","void","1","user:socrates","0","2","1","2","633","553","100","-4","99","8","0","0","0","0","seeing","low_force","119","116","84","195","119","0","0","0","0","0","0","0","0","0","633","0"
"387","194","user:void","void","1","user:socrates","1","2","1","2","268","195","27","44","100","1","0","0","0","0","seeing","low_force","100","45","44","6","73","0","0","0","0","0","0","0","0","0","268","0"
"388","194","user:socrates","socrates","1","user:void","0","1","2","2","198","140","100","0","0","8","0","4","1","0","seeing","low_force","25","0","140","33","0","0","0","0","0","0","0","0","0","0","198","0"
"389","195","user:socrates","socrates","1","user:void","1","1","2","2","435","344","3","19","0","22","0","4","2","0","seeing","low_force","18","0","188","179","50","0","0","0","0","0","0","0","0","0","435","0"
"390","195","user:void","void","1","user:socrates","0","2","1","2","471","451","100","-16","70","4","0","2","1","0","seeing","low_force","55","0","156","155","105","0","0","0","0","0","0","0","0","0","471","0"
"391","196","bot:/botfiles/chiss.jkb","Chiss","0","bot:/botfiles/gran.jkb","1","2","1","2","347","347","100","53","10","0","0","3","1","0","unknown","saber_throw","0","0","289","0","58","0","207","40","100","0","0","0","0","0","0","0"
"392","196","bot:/botfiles/gran.jkb","Gran","0","bot:/botfiles/chiss.jkb","0","1","2","2","498","421","100","-39","0","47","0","0","0","2","pull","low_force","33","0","381","84","0","0","120","0","0","0","22","11","219","126","0","0"
"393","197","user:socrates","socrates","1","user:void","1","1","1","1","1860","1764","0","100","0","36","0","17","3","0","seeing","low_force","40","0","632","1145","43","0","0","0","0","0","0","0","0","0","1860","0"
"394","197","user:void","void","1","user:socrates","0","1","1","1","1370","1339","100","0","0","8","0","12","4","0","unknown","low_force","499","82","286","291","212","0","0","0","0","0","0","0","0","0","1370","0"
"395","198","bot:/botfiles/chiss.jkb","Chiss","0","bot:/botfiles/gran.jkb","1","2","1","2","68","21","53","80","100","0","0","0","0","0","grip","forced_entries","8","0","60","0","0","20","20","8","20","0","0","0","0","0","0","0"
"396","198","bot:/botfiles/gran.jkb","Gran","0","bot:/botfiles/chiss.jkb","0","1","2","2","24","24","100","-39","0","0","0","0","0","0","heal","linear_entries","24","0","0","0","0","0","0","0","0","0","0","0","24","0","0","0"
"397","199","user:void","void","1","user:socrates","1","1","1","1","6194","6169","75","100","0","83","0","37","12","0","unknown","low_force","1334","163","808","2673","1216","0","0","0","0","0","0","0","0","0","6194","0"
"398","199","user:socrates","socrates","1","user:void","0","1","1","1","7450","7450","100","0","0","158","0","60","16","0","seeing","low_force","1103","20","1066","4610","651","0","0","0","0","0","0","0","0","0","7450","0"
"399","200","user:socrates","socrates","1","user:void","1","1","1","1","2886","2794","2","84","0","69","0","18","4","0","seeing","low_force","301","5","884","1627","69","0","0","0","0","0","0","0","0","0","2886","0"
"400","200","user:void","void","1","user:socrates","0","1","1","1","2274","2274","100","-11","0","21","0","15","6","0","unknown","low_force","551","5","620","645","453","0","0","0","0","0","0","0","0","0","2274","0"
"401","201","bot:/botfiles/gran.jkb","Gran","0","bot:/botfiles/chiss.jkb","1","1","2","2","441","399","58","100","100","26","0","0","1","5","heal","low_force","22","0","99","216","104","0","61","0","0","0","67","0","213","100","0","0"
"402","201","bot:/botfiles/chiss.jkb","Chiss","0","bot:/botfiles/gran.jkb","0","2","1","2","288","288","100","-19","70","0","0","1","1","0","push","low_force","0","0","24","226","38","116","117","0","5","50","0","0","0","0","0","0"
"403","202","user:void","void","1","user:socrates","1","1","1","1","1068","990","22","73","0","10","0","11","2","0","unknown","low_force","248","20","263","267","270","0","0","0","0","0","0","0","0","0","1068","0"
"404","202","user:socrates","socrates","1","user:void","0","1","1","1","1279","1218","100","-8","0","21","0","14","2","0","seeing","low_force","177","0","375","636","91","0","0","0","0","0","0","0","0","0","1279","0"
"405","203","user:socrates","socrates","1","user:void","1","1","1","1","1902","1802","0","59","0","36","0","16","3","0","seeing","low_force","171","0","640","906","185","0","0","0","0","0","0","0","0","0","1902","0"
"406","203","user:void","void","1","user:socrates","0","1","1","1","1451","1429","100","-9","0","15","0","10","3","0","unknown","low_force","476","85","284","368","238","0","0","0","0","0","0","0","0","0","1451","0"
"407","204","bot:/botfiles/gran.jkb","Gran","0","bot:/botfiles/chiss.jkb","1","1","2","2","562","462","0","100","100","12","0","0","0","2","heal","low_force","4","0","69","286","203","0","98","0","0","0","22","0","342","100","0","0"
"408","204","bot:/botfiles/chiss.jkb","Chiss","0","bot:/botfiles/gran.jkb","0","2","1","2","123","123","100","0","58","3","0","3","1","0","drain","low_force","5","0","60","58","0","20","38","0","25","0","0","0","0","0","40","0"
"409","205","user:void","void","1","user:socrates","1","1","1","1","609","562","53","65","55","11","0","4","1","0","seeing","low_force","262","20","96","141","90","0","0","0","0","0","0","0","0","0","609","0"
"410","205","user:socrates","socrates","1","user:void","0","1","1","1","656","574","100","-26","0","9","0","9","2","0","seeing","low_force","5","0","303","235","113","0","0","0","0","0","0","0","0","0","656","0"
"411","206","user:socrates","socrates","1","user:void","1","1","1","1","866","785","19","43","0","9","0","13","1","0","seeing","low_force","40","0","285","336","205","0","0","0","0","0","0","0","0","0","866","0"
"412","206","user:void","void","1","user:socrates","0","1","1","1","476","476","100","-15","37","9","0","5","1","0","seeing","low_force","155","0","60","241","20","0","0","0","0","0","0","0","0","0","476","0"
"413","207","user:socrates","socrates","1","user:void","1","1","1","1","600","500","0","29","0","9","0","6","0","0","seeing","low_force","113","0","279","208","0","0","0","0","0","0","0","0","0","0","600","0"
"414","207","user:void","void","1","user:socrates","0","1","1","1","546","546","100","0","0","1","0","9","3","0","unknown","low_force","133","0","298","48","67","0","0","0","0","0","0","0","0","0","546","0"
"415","208","user:void","void","1","user:socrates","1","1","2","2","786","747","55","80","9","41","0","4","2","0","seeing","low_force","32","0","278","375","101","0","0","0","0","0","0","0","0","0","786","0"
"416","208","user:socrates","socrates","1","user:void","0","2","1","2","833","833","100","-12","39","15","0","4","4","0","seeing","low_force","166","34","40","322","271","0","0","0","0","0","0","0","0","0","833","0"
"417","209","user:void","void","1","user:socrates","1","1","2","2","190","151","55","90","9","6","0","4","0","0","unknown","low_force","15","0","87","79","9","0","0","0","0","0","0","0","0","0","190","0"
"418","209","user:socrates","socrates","1","user:void","0","2","1","2","311","266","100","0","70","0","0","0","1","0","seeing","low_force","95","20","111","45","40","0","0","0","0","0","0","0","0","0","311","0"
"419","210","bot:/botfiles/gran.jkb","Gran","0","bot:/botfiles/chiss.jkb","1","1","2","2","1002","922","20","100","90","102","0","0","0","6","protect","low_force","28","0","342","474","158","0","218","0","0","0","55","22","471","236","0","0"
"420","210","bot:/botfiles/chiss.jkb","Chiss","0","bot:/botfiles/gran.jkb","0","2","1","2","868","868","100","-19","8","6","0","4","0","0","drain","low_force","58","0","273","154","383","45","598","60","75","50","0","0","0","0","40","0"
"421","211","user:socrates","socrates","1","user:void","1","2","1","2","551","532","81","20","69","4","0","2","1","0","seeing","low_force","189","24","210","34","94","0","0","0","0","0","0","0","0","0","551","0"
"422","211","user:void","void","1","user:socrates","0","1","2","2","405","347","100","-36","0","10","1","5","3","0","seeing","low_force","39","0","202","163","1","0","0","0","0","0","0","0","0","0","405","0"
"423","212","iphash:eee2a3ba","padawan","2","user:socrates","1","2","2","3","390","293","0","88","37","11","1","4","0","0","seeing","low_force","116","5","40","39","190","0","0","0","0","0","0","0","0","0","390","0"
"424","212","user:socrates","socrates","1","iphash:eee2a3ba","0","2","2","3","464","382","100","-15","37","18","4","2","1","0","seeing","low_force","28","0","209","227","0","0","0","0","0","0","0","0","0","0","464","0"
"425","213","user:void","void","1","user:socrates","1","1","1","1","1116","1048","32","29","0","14","0","8","3","0","seeing","low_force","284","40","103","371","318","0","0","0","0","0","0","0","0","0","1116","0"
"426","213","user:socrates","socrates","1","user:void","0","1","1","1","1466","1430","100","-2","0","44","0","19","6","0","unknown","low_force","4","0","405","1006","51","0","0","0","0","0","0","0","0","0","1466","0"
"427","214","user:socrates","socrates","1","user:void","1","1","1","1","362","282","14","80","70","7","0","0","0","0","seeing","low_force","19","0","151","143","49","0","0","0","0","0","0","0","0","0","362","0"
"428","214","user:void","void","1","user:socrates","0","1","1","1","260","230","100","-1","0","4","0","4","2","0","unknown","low_force","48","0","0","157","55","0","0","0","0","0","0","0","0","0","260","0"
"429","215","bot:/botfiles/gran.jkb","Gran","0","bot:/botfiles/chiss.jkb","1","1","2","2","886","801","15","100","11","144","2","0","0","12","heal","low_force","11","0","212","540","123","0","232","0","0","0","88","55","455","56","0","0"
"430","215","bot:/botfiles/chiss.jkb","Chiss","0","bot:/botfiles/gran.jkb","0","2","1","2","819","819","100","0","37","11","0","3","2","0","seeing","low_force","46","20","32","195","526","19","626","117","17","0","0","0","0","0","40","0"
"431","216","user:socrates","socrates","1","user:void","1","1","1","1","251","218","67","80","39","4","0","3","0","0","seeing","low_force","60","0","111","80","0","0","0","0","0","0","0","0","0","0","251","0"
"432","216","user:void","void","1","user:socrates","0","1","1","1","207","176","100","-1","0","0","0","7","0","0","unknown","saber_throw","0","0","141","0","66","0","0","0","0","0","0","0","0","0","207","0"
"433","217","user:socrates","socrates","1","user:void","1","1","1","1","543","464","21","60","4","13","0","7","1","0","unknown","low_force","196","25","19","243","60","0","0","0","0","0","0","0","0","0","543","0"
"434","217","user:void","void","1","user:socrates","0","1","1","1","477","422","100","-15","0","2","0","5","1","0","seeing","low_force","164","0","106","207","0","0","0","0","0","0","0","0","0","0","477","0"
"435","218","bot:/botfiles/gran.jkb","Gran","0","iphash:7d6be969","1","1","1","1","1742","1673","31","100","0","75","0","12","2","2","push","low_force","317","24","423","929","49","38","40","0","0","0","0","33","1631","0","0","0"
"436","218","iphash:7d6be969","^0ff^7'^0Gòónat¡Ç","2","bot:/botfiles/gran.jkb","0","1","1","1","1968","1876","100","-8","0","32","0","2","2","0","seeing","low_force","263","77","671","641","316","0","0","0","0","0","0","0","0","0","1968","0"
"437","219","user:void","void","1","user:socrates","1","1","1","1","704","653","43","64","0","5","0","12","1","0","seeing","low_force","20","0","469","68","147","0","0","0","0","0","0","0","0","0","704","0"
"438","219","user:socrates","socrates","1","user:void","0","1","1","1","1001","960","100","0","65","16","0","2","2","0","unknown","low_force","204","0","378","400","19","0","0","0","0","0","0","0","0","0","1001","0"
"439","220","user:void","void","1","user:socrates","1","1","1","1","959","910","51","67","0","14","0","8","3","0","seeing","low_force","187","0","342","320","110","0","0","0","0","0","0","0","0","0","959","0"
"440","220","user:socrates","socrates","1","user:void","0","1","1","1","1074","1074","100","0","0","22","0","10","3","0","seeing","low_force","199","0","243","557","75","0","0","0","0","0","0","0","0","0","1074","0"
"441","221","bot:/botfiles/gran.jkb","Gran","0","bot:/botfiles/chiss.jkb","1","1","2","2","902","846","44","100","99","54","0","0","0","11","heal","low_force","40","0","187","472","203","0","61","0","0","0","42","33","340","426","0","0"
"442","221","bot:/botfiles/chiss.jkb","Chiss","0","bot:/botfiles/gran.jkb","0","2","1","2","1111","1111","100","-19","29","2","0","2","1","0","speed","low_force","73","0","119","703","216","254","524","20","180","50","0","0","0","63","20","0"
"443","222","user:socrates","socrates","1","iphash:7d6be969","1","1","1","1","755","657","2","100","0","19","0","7","2","0","seeing","low_force","87","0","220","448","0","0","0","0","0","0","0","0","0","0","755","0"
"444","222","iphash:7d6be969","^0ff^7'^0Gòónat¡Ç","2","user:socrates","0","1","1","1","552","552","100","-12","0","0","0","5","0","0","unknown","saber_throw","348","48","45","0","111","0","0","0","0","0","0","0","0","0","552","0"
"445","223","user:void","void","1","bot:/botfiles/gran.jkb","1","1","1","1","89","89","100","100","69","1","0","1","0","0","unknown","low_force","40","0","0","49","0","0","0","0","0","0","0","0","0","0","89","0"
"446","223","bot:/botfiles/gran.jkb","Gran","0","user:void","0","1","1","1","100","100","100","-7","0","6","0","0","0","2","protect","low_force","0","0","74","26","0","0","0","0","0","0","0","15","85","0","0","0"
"447","224","user:void","void","1","bot:/botfiles/gran.jkb","1","1","1","1","1200","1184","84","80","97","31","0","0","1","0","seeing","low_force","218","40","92","580","270","0","0","0","0","0","0","0","0","0","1200","0"
"448","224","bot:/botfiles/gran.jkb","Gran","0","user:void","0","1","1","1","1658","1578","100","-4","0","49","0","21","5","3","unknown","low_force","0","0","431","1003","224","75","132","0","1","0","11","22","1417","0","0","0"
"449","225","user:socrates","socrates","1","iphash:7d6be969","1","1","1","1","4759","4676","17","97","0","102","0","25","7","0","seeing","low_force","480","0","1133","2820","326","0","0","0","0","0","0","0","0","0","4759","0"
"450","225","iphash:7d6be969","^0ff^7'^0Gòónat¡Ç","2","user:socrates","0","1","1","1","4748","4748","100","-15","0","61","0","31","12","0","seeing","low_force","1223","71","707","1774","973","0","0","0","0","0","0","0","0","0","4748","0"
"451","226","user:socrates","socrates","1","iphash:7d6be969","1","1","1","1","1019","972","53","59","0","30","0","7","3","0","seeing","low_force","20","0","472","473","54","0","0","0","0","0","0","0","0","0","1019","0"
"452","226","iphash:7d6be969","^0ff^7'^0Gòónat¡Ç","2","user:socrates","0","1","1","1","849","789","100","-4","0","14","0","4","3","0","seeing","low_force","203","99","62","385","100","0","0","0","0","0","0","0","0","0","849","0"
"453","227","user:socrates","socrates","1","iphash:7d6be969","1","1","1","1","2276","2179","0","64","0","41","0","16","6","0","unknown","low_force","353","11","408","1313","191","0","0","0","0","0","0","0","0","0","2276","0"
"454","227","iphash:7d6be969","^0ff^7'^0Gòónat¡Ç","2","user:socrates","0","1","1","1","2218","2174","100","-16","0","28","0","15","3","0","seeing","low_force","449","25","516","1023","205","0","0","0","0","0","0","0","0","0","2218","0"
"455","228","user:void","void","1","bot:/botfiles/reborn.jkb","1","1","2","2","219","133","8","40","99","21","0","0","2","0","seeing","low_force","56","0","68","80","15","0","0","0","0","0","0","0","0","0","219","0"
"456","228","bot:/botfiles/reborn.jkb","Reborn_Twin","0","user:void","0","2","1","2","292","289","100","0","7","2","0","3","3","0","drain","low_force","0","0","95","25","172","0","71","0","95","0","0","0","0","126","0","0"
"457","229","bot:/botfiles/gran.jkb","Gran","0","bot:/botfiles/chiss.jkb","1","1","2","2","904","820","16","92","99","60","0","0","1","12","protect","low_force","103","11","301","414","75","2","81","0","0","0","61","22","468","270","0","0"
"458","229","bot:/botfiles/chiss.jkb","Chiss","0","bot:/botfiles/gran.jkb","0","2","1","2","930","930","100","-15","59","3","0","1","2","0","pull","low_force","20","0","535","80","295","222","431","80","25","0","0","0","0","132","40","0"
"459","230","user:socrates","socrates","1","iphash:7d6be969","1","1","1","1","1362","1287","25","34","0","34","0","9","3","0","unknown","low_force","254","0","146","826","136","0","0","0","0","0","0","0","0","0","1362","0"
"460","230","iphash:7d6be969","^0ff^7'^0Gòónat¡Ç","2","user:socrates","0","1","1","1","1475","1423","100","-12","0","32","0","18","3","0","seeing","low_force","40","0","283","1010","142","0","0","0","0","0","0","0","0","0","1475","0"
"461","231","iphash:7d6be969","^0ff^7'^0Gòónat¡Ç","2","user:void","1","1","2","2","242","171","23","80","39","4","0","5","0","0","seeing","low_force","5","0","143","94","0","0","0","0","0","0","0","0","0","0","242","0"
"462","231","user:void","void","1","iphash:7d6be969","0","2","1","2","125","94","100","-1","0","0","0","5","1","0","seeing","saber_throw","59","0","46","0","20","0","0","0","0","0","0","0","0","0","125","0"
"463","232","iphash:7d6be969","^0ff^7'^0Gòónat¡Ç","2","user:void","1","1","2","2","226","226","100","100","100","0","0","0","0","0","seeing","linear_entries","153","0","73","0","0","0","0","0","0","0","0","0","0","0","226","0"
"464","232","user:void","void","1","iphash:7d6be969","0","2","1","2","41","41","100","-20","0","0","0","2","0","0","unknown","saber_throw","0","0","41","0","0","0","0","0","0","0","0","0","0","0","41","0"
"465","233","iphash:7d6be969","^0ff^7'^0Gòónat¡Ç","2","user:void","1","1","2","2","881","804","23","53","0","27","0","9","2","0","seeing","low_force","222","12","168","283","196","0","0","0","0","0","0","0","0","0","881","0"
"466","233","user:void","void","1","iphash:7d6be969","0","2","1","2","652","571","100","-29","0","6","0","13","2","0","seeing","low_force","34","0","298","235","85","0","0","0","0","0","0","0","0","0","652","0"
"467","234","user:void","void","1","iphash:7d6be969","1","2","1","2","527","461","34","60","10","4","0","3","1","0","seeing","low_force","180","45","86","51","165","0","0","0","0","0","0","0","0","0","527","0"
"468","234","iphash:7d6be969","^0ff^7'^0Gòónat¡Ç","2","user:void","0","1","2","2","561","493","100","-6","0","23","0","8","1","0","seeing","low_force","84","0","199","210","68","0","0","0","0","0","0","0","0","0","561","0"
"469","235","iphash:7d6be969","^0ff^7'^0Gòónat¡Ç","2","user:void","1","1","2","2","186","150","58","60","0","1","0","5","0","0","seeing","low_force","86","0","40","20","40","0","0","0","0","0","0","0","0","0","186","0"
"470","235","user:void","void","1","iphash:7d6be969","0","2","1","2","225","131","100","0","0","5","0","5","0","0","unknown","low_force","40","0","79","86","20","0","0","0","0","0","0","0","0","0","225","0"
"471","236","iphash:7d6be969","^0ff^7'^0Gòónat¡Ç","2","user:void","1","1","2","2","657","617","60","93","0","26","1","4","0","0","seeing","low_force","74","0","133","340","110","0","0","0","0","0","0","0","0","0","657","0"
"472","236","user:void","void","1","iphash:7d6be969","0","2","1","2","533","512","100","-11","0","7","0","8","2","0","unknown","low_force","20","0","156","162","195","0","0","0","0","0","0","0","0","0","533","0"
"473","237","user:void","void","1","iphash:7d6be969","1","2","1","2","1204","1158","54","7","0","27","0","8","3","0","unknown","low_force","129","50","243","485","297","0","0","0","0","0","0","0","0","0","1204","0"
"474","237","iphash:7d6be969","^0ff^7'^0Gòónat¡Ç","2","user:void","0","1","2","2","1281","1242","100","-1","0","56","0","11","3","0","seeing","low_force","35","17","312","661","256","0","0","0","0","0","0","0","0","0","1281","0"
"475","238","iphash:7d6be969","^0ff^7'^0Gòónat¡Ç","2","user:void","1","1","2","2","4049","3963","14","100","0","137","0","19","10","0","seeing","low_force","627","40","706","2084","592","0","0","0","0","0","0","0","0","0","4049","0"
"476","238","user:void","void","1","iphash:7d6be969","0","2","1","2","3262","3262","100","-26","0","82","0","17","6","0","unknown","low_force","632","95","544","1207","784","0","0","0","0","0","0","0","0","0","3262","0"
"477","239","iphash:7d6be969","^0ff^7'^0Gòónat¡Ç","2","user:void","1","1","2","2","944","944","100","100","9","27","1","3","2","0","seeing","low_force","161","24","373","382","4","0","0","0","0","0","0","0","0","0","944","0"
"478","239","user:void","void","1","iphash:7d6be969","0","2","1","2","782","708","100","-4","0","7","0","10","1","0","seeing","low_force","64","0","385","53","280","0","0","0","0","0","0","0","0","0","782","0"
"479","240","user:void","void","1","iphash:7d6be969","1","1","1","1","701","649","48","100","6","4","0","5","2","0","seeing","low_force","252","13","164","108","164","0","0","0","0","0","0","0","0","0","701","0"
"480","240","iphash:7d6be969","^0ff^7'^0Gòónat¡Ç","2","user:void","0","1","1","1","825","766","100","-27","0","15","0","10","2","0","seeing","low_force","117","0","381","263","64","0","0","0","0","0","0","0","0","0","825","0"
"481","241","user:void","void","1","iphash:7d6be969","1","1","1","1","1428","1352","24","50","0","12","0","13","3","0","seeing","low_force","149","11","706","363","199","0","0","0","0","0","0","0","0","0","1428","0"
"482","241","iphash:7d6be969","^0ff^7'^0Gòónat¡Ç","2","user:void","0","1","1","1","1488","1488","100","-10","0","24","0","10","3","0","seeing","low_force","411","25","434","546","72","0","0","0","0","0","0","0","0","0","1488","0"
"483","242","iphash:7d6be969","^0ff^7'^0Gòónat¡Ç","2","user:void","1","1","1","1","3286","3189","3","88","0","59","0","23","8","0","seeing","low_force","590","40","483","1882","291","0","0","0","0","0","0","0","0","0","3286","0"
"484","242","user:void","void","1","iphash:7d6be969","0","1","1","1","2545","2458","100","0","0","32","0","22","0","0","seeing","low_force","585","80","697","806","377","0","0","0","0","0","0","0","0","0","2545","0"
"485","243","user:void","void","1","iphash:7d6be969","1","1","1","1","558","512","54","20","0","5","0","6","0","0","seeing","low_force","77","0","309","150","22","0","0","0","0","0","0","0","0","0","558","0"
"486","243","iphash:7d6be969","^0ff^7'^0Gòónat¡Ç","2","user:void","0","1","1","1","754","670","100","-10","0","12","0","12","1","0","seeing","low_force","103","0","198","453","0","0","0","0","0","0","0","0","0","0","754","0"
"487","244","iphash:7d6be969","^0ff^7'^0Gòónat¡Ç","2","user:void","1","1","1","1","842","751","9","70","0","13","0","11","1","0","seeing","low_force","134","0","40","432","236","0","0","0","0","0","0","0","0","0","842","0"
"488","244","user:void","void","1","iphash:7d6be969","0","1","1","1","564","465","100","-22","0","23","0","7","1","0","unknown","low_force","46","0","122","263","133","0","0","0","0","0","0","0","0","0","564","0"
"489","245","user:void","void","1","iphash:7d6be969","1","1","1","1","185","167","82","72","0","11","0","4","0","0","seeing","low_force","53","40","20","50","22","0","0","0","0","0","0","0","0","0","185","0"
"490","245","iphash:7d6be969","^0ff^7'^0Gòónat¡Ç","2","user:void","0","1","1","1","323","323","100","-6","0","7","0","2","0","0","seeing","low_force","15","0","107","141","60","0","0","0","0","0","0","0","0","0","323","0"
"491","246","iphash:7d6be969","^0ff^7'^0Gòónat¡Ç","2","user:void","1","1","1","1","1178","1082","4","100","0","20","0","7","3","0","seeing","low_force","275","31","155","487","230","0","0","0","0","0","0","0","0","0","1178","0"
"492","246","user:void","void","1","iphash:7d6be969","0","1","1","1","856","791","100","-13","0","18","0","8","2","0","seeing","low_force","121","5","300","335","95","0","0","0","0","0","0","0","0","0","856","0"
"493","247","iphash:7d6be969","^0Gòón^2.^6µ^0ps","2","user:void","1","2","2","3","793","733","40","20","0","17","1","3","1","0","seeing","low_force","288","15","152","216","122","0","0","0","0","0","0","0","0","0","793","0"
"494","247","user:void","void","1","iphash:7d6be969","0","2","2","3","733","645","100","-10","0","27","0","5","1","0","seeing","low_force","241","0","165","190","137","0","0","0","0","0","0","0","0","0","733","0"
"495","248","user:void","void","1","iphash:7d6be969","1","2","2","3","1287","1231","44","100","0","54","1","5","2","0","seeing","low_force","402","10","292","428","155","0","0","0","0","0","0","0","0","0","1287","0"
"496","248","iphash:7d6be969","^0Gòón^2.^6µ^0ps","2","user:void","0","2","2","3","1284","1284","100","-22","0","18","0","7","1","0","seeing","low_force","420","44","229","233","358","0","0","0","0","0","0","0","0","0","1284","0"
"497","249","iphash:7d6be969","^0Gòón^2.^6µ^0ps","2","user:void","1","2","2","3","825","735","4","77","0","17","1","8","3","0","seeing","low_force","46","0","173","204","402","0","0","0","0","0","0","0","0","0","825","0"
"498","249","user:void","void","1","iphash:7d6be969","0","2","2","3","855","757","100","-4","0","46","1","4","2","0","seeing","low_force","180","0","218","417","40","0","0","0","0","0","0","0","0","0","855","0"
"499","250","iphash:7d6be969","^0Gòón^2.^6µ^0ps","2","user:void","1","2","2","3","384","328","44","70","0","0","1","7","0","0","seeing","saber_throw","83","0","142","0","159","0","0","0","0","0","0","0","0","0","384","0"
"500","250","user:void","void","1","iphash:7d6be969","0","2","2","3","385","385","100","-4","0","17","0","4","0","0","seeing","low_force","76","0","148","161","0","0","0","0","0","0","0","0","0","0","385","0"
"501","251","iphash:7d6be969","^0Gòón^2.^6µ^0ps","2","user:void","1","2","2","3","82","82","100","100","98","0","0","0","0","0","seeing","linear_entries","80","0","2","0","0","0","0","0","0","0","0","0","0","0","82","0"
"502","251","user:void","void","1","iphash:7d6be969","0","2","2","3","202","202","100","-39","0","0","0","0","0","0","seeing","linear_entries","0","0","202","0","0","0","0","0","0","0","0","0","0","0","202","0"
"503","252","user:void","void","1","user:goon","1","2","2","3","733","690","57","100","9","22","0","4","1","0","seeing","low_force","237","45","99","173","179","0","0","0","0","0","0","0","0","0","733","0"
"504","252","user:goon","goon","1","user:void","0","2","2","3","658","658","100","-3","0","27","1","4","3","0","seeing","low_force","28","0","362","233","35","0","0","0","0","0","0","0","0","0","658","0"
"505","253","user:void","void","1","user:goon","1","2","2","3","810","710","0","80","0","33","1","6","1","0","seeing","low_force","212","15","220","319","44","0","0","0","0","0","0","0","0","0","810","0"
"506","253","user:goon","goon","1","user:void","0","2","2","3","805","800","100","0","0","13","0","6","2","0","seeing","low_force","216","0","216","137","236","0","0","0","0","0","0","0","0","0","805","0"
"507","254","user:void","void","1","user:goon","1","2","2","3","2256","2212","52","88","0","67","1","5","3","0","seeing","low_force","563","45","926","592","130","0","0","0","0","0","0","0","0","0","2256","0"
"508","254","user:goon","goon","1","user:void","0","2","2","3","2470","2460","100","-4","0","40","0","16","1","0","seeing","low_force","836","45","676","455","458","0","0","0","0","0","0","0","0","0","2470","0"
"509","255","user:void","void","1","user:goon","1","2","2","3","977","898","21","100","66","78","1","5","2","0","unknown","low_force","212","38","73","480","174","0","0","0","0","0","0","0","0","0","977","0"
"510","255","user:goon","goon","1","user:void","0","2","2","3","1024","1024","100","-5","0","36","1","3","5","0","seeing","low_force","20","0","341","233","430","0","0","0","0","0","0","0","0","0","1024","0"
"511","256","user:void","void","1","user:goon","1","2","2","3","732","643","11","100","32","5","0","3","0","0","unknown","low_force","151","20","381","60","120","0","0","0","0","0","0","0","0","0","732","0"
"512","256","user:goon","goon","1","user:void","0","2","2","3","491","491","100","-18","0","13","0","5","1","0","seeing","low_force","125","20","260","86","0","0","0","0","0","0","0","0","0","0","491","0"
"513","257","bot:/botfiles/tavion.jkb","Rodian","0","user:void","1","2","2","3","268","209","41","100","39","1","0","0","0","0","speed","low_force","29","0","219","20","0","20","164","59","0","0","0","0","0","25","0","0"
"514","257","user:void","void","1","bot:/botfiles/tavion.jkb","0","2","2","3","45","45","100","0","8","0","1","5","2","0","seeing","saber_throw","10","0","35","0","0","0","0","0","0","0","0","0","0","0","45","0"
"515","258","bot:/botfiles/desann.jkb","Desann^7[0]","0","bot:/botfiles/desann.jkb","1","2","2","3","607","512","5","52","98","23","0","0","1","0","grip","low_force","68","45","141","212","141","0","295","125","187","0","0","0","0","0","0","0"
"516","258","bot:/botfiles/desann.jkb","Desann","0","bot:/botfiles/desann.jkb","0","2","2","3","465","465","100","-8","37","42","1","1","0","0","drain","low_force","0","0","146","284","35","0","223","8","234","0","0","0","0","0","0","0"
"517","259","bot:/botfiles/tavion.jkb","Rodian","0","user:void","1","2","2","3","510","459","49","64","36","22","1","4","0","0","speed","low_force","77","0","132","156","145","0","276","102","116","0","0","0","0","16","0","0"
"518","259","user:void","void","1","bot:/botfiles/tavion.jkb","0","2","2","3","374","374","100","0","96","22","1","1","1","0","seeing","low_force","80","0","79","186","29","0","0","0","0","0","0","0","0","0","374","0"
"519","260","bot:/botfiles/tavion.jkb","Rodian","0","user:void","1","2","2","3","628","528","0","80","0","36","0","6","1","0","unknown","low_force","0","0","106","274","248","0","357","0","271","0","0","0","0","0","0","0"
"520","260","user:void","void","1","bot:/botfiles/tavion.jkb","0","2","2","3","500","500","100","-4","70","47","0","1","1","0","seeing","low_force","17","15","74","290","104","0","0","0","0","0","0","0","0","0","500","0"
"521","261","user:void","void","1","bot:/botfiles/tavion.jkb","1","2","2","3","681","597","10","68","69","34","0","1","5","0","seeing","low_force","180","0","24","328","149","0","0","0","0","0","0","0","0","0","681","0"
"522","261","bot:/botfiles/tavion.jkb","Rodian","0","user:void","0","2","2","3","687","607","100","-1","0","57","0","5","1","0","speed","low_force","24","0","210","400","53","43","355","36","229","0","0","0","0","24","0","0"
"523","262","user:void","void","1","bot:/botfiles/tavion.jkb","1","2","2","3","848","777","29","100","99","53","0","0","2","0","seeing","low_force","63","35","93","465","192","0","0","0","0","0","0","0","0","0","848","0"
"524","262","bot:/botfiles/tavion.jkb","Rodian","0","user:void","0","2","2","3","781","781","100","-4","0","57","0","1","2","0","drain","low_force","0","0","168","474","139","95","355","9","322","0","0","0","0","0","0","0"
"525","263","user:void","void","1","bot:/botfiles/tavion.jkb","1","2","2","3","394","323","29","60","98","20","0","0","0","0","seeing","low_force","76","0","186","98","34","0","0","0","0","0","0","0","0","0","394","0"
"526","263","bot:/botfiles/tavion.jkb","Rodian","0","user:void","0","2","2","3","372","355","100","-3","0","12","0","7","3","0","unknown","low_force","0","0","185","104","83","76","74","0","222","0","0","0","0","0","0","0"
"527","264","bot:/botfiles/tavion.jkb","Rodian","0","iphash:fa31973a","1","2","2","3","0","0","100","100","100","0","0","0","0","0","","linear_entries","0","0","0","0","0","0","0","0","0","0","0","0","0","0","0","0"
"528","264","iphash:fa31973a","Padawan","2","bot:/botfiles/tavion.jkb","0","2","2","3","0","0","100","0","100","0","0","0","0","0","","linear_entries","0","0","0","0","0","0","0","0","0","0","0","0","0","0","0","0"
"529","265","bot:/botfiles/tavion.jkb","Rodian","0","iphash:fa31973a","1","2","2","3","25","5","80","100","99","0","0","0","0","0","speed","linear_entries","5","0","20","0","0","0","0","0","0","0","0","0","0","25","0","0"
"530","265","iphash:fa31973a","Padawan","2","bot:/botfiles/tavion.jkb","0","2","2","3","0","0","100","0","100","0","0","0","1","0","","linear_entries","0","0","0","0","0","0","0","0","0","0","0","0","0","0","0","0"
"531","266","bot:/botfiles/desann.jkb","Desann^7[0]","0","bot:/botfiles/desann.jkb","1","2","2","3","745","745","100","100","70","35","2","1","0","0","pull","low_force","189","50","141","212","153","57","314","0","374","0","0","0","0","0","0","0"
"532","266","bot:/botfiles/desann.jkb","Desann","0","bot:/botfiles/desann.jkb","0","2","2","3","934","934","100","-39","0","39","0","1","1","0","drain","low_force","74","0","439","278","143","27","406","88","326","0","0","0","0","87","0","0"
"533","267","bot:/botfiles/tavion.jkb","Rodian","0","iphash:fa31973a","1","2","2","3","788","737","49","98","39","39","3","1","0","0","pull","low_force","81","0","142","413","152","60","334","92","302","0","0","0","0","0","0","0"
"534","267","iphash:fa31973a","Padawan","2","bot:/botfiles/tavion.jkb","0","2","2","3","683","683","100","-4","7","32","1","4","3","0","seeing","low_force","89","0","84","279","231","0","0","0","0","0","0","0","0","0","683","0"
"535","268","bot:/botfiles/desann.jkb","Desann","0","bot:/botfiles/desann.jkb","1","2","2","3","237","222","85","100","100","6","0","0","0","0","speed","low_force","46","0","23","32","136","0","138","91","0","0","0","0","0","8","0","0"
"536","268","bot:/botfiles/desann.jkb","Desann^7[0]","0","bot:/botfiles/desann.jkb","0","2","2","3","159","159","100","-19","99","3","1","2","2","0","push","low_force","0","0","59","100","0","59","20","0","30","50","0","0","0","0","0","0"
"537","269","bot:/botfiles/tavion.jkb","Rodian","0","user:void","1","2","2","3","334","278","44","88","0","1","0","1","1","0","speed","low_force","0","0","252","5","77","19","97","55","139","0","0","0","0","24","0","0"
"538","269","user:void","void","1","bot:/botfiles/tavion.jkb","0","2","2","3","240","240","100","-6","67","1","2","2","1","0","unknown","low_force","112","16","40","68","4","0","0","0","0","0","0","0","0","0","240","0"
