"export_format_version","record_type","source_context","record_id","start_time","end_time","duration","mapname","type","result","arcade_level","participant_key","participant_label","participant_kind","winner_key","winner_label","winner_kind","winner_side","loser_key","loser_label","loser_kind","loser_side","draw","winner_opening","loser_opening","total_kills","total_force_spent","total_force_regen","total_damage_taken","total_damage_dealt","low_force_windows","knockdown_events","counter_successes","punish_successes","reset_successes","saber_return_punishes"
"2","duel_summary","duel","1","1789838480","1789838511","31","maps/mp/duel10","1","","0","","","0","bot:/botfiles/desann.jkb","Desann","0","2","bot:/botfiles/tavion.jkb","Rodian","0","2","0","pull","grip","0","0","0","0","0","0","0","0","0","0","0"
"2","duel_summary","duel","2","1789838508","1789838519","11","maps/mp/duel10","1","","0","","","0","bot:/botfiles/trandoshan.jkb","Trandoshan","0","2","iphash:4d1013d3","^0-=^3'/^7o^3!^0d^0=-^6","2","2","0","grip","unknown","0","0","0","0","0","0","0","0","0","0","0"
"2","duel_summary","duel","3","1789838605","1789838627","22","maps/mp/duel10","1","","0","","","0","bot:/botfiles/tavion.jkb","Rodian","0","2","iphash:4d1013d3","^0-=^3'/^7o^3!^0d^0=-^6","2","2","0","pull","unknown","0","0","0","0","0","0","0","0","0","0","0"
"2","duel_summary","duel","4","1789838632","1789838721","89","maps/mp/duel10","1","","0","","","0","bot:/botfiles/imperial.jkb","Saboteur","0","2","bot:/botfiles/desann.jkb","Desann","0","2","0","grip","grip","0","0","0","0","0","0","0","0","0","0","0"
"2","duel_summary","duel","5","1789838743","1789838762","19","maps/mp/duel10","1","","0","","","0","bot:/botfiles/reborn.jkb","New_Reborn","0","2","iphash:4d1013d3","^0-=^3'/^7o^3!^0d^0=-^6","2","2","0","drain","seeing","0","0","0","0","0","0","0","0","0","0","0"
"2","duel_summary","duel","6","1789838764","1789838771","7","maps/mp/duel10","1","","0","","","0","bot:/botfiles/desann.jkb","Desann","0","2","bot:/botfiles/reborn.jkb","New_Reborn","0","2","0","pull","drain","0","0","0","0","0","0","0","0","0","0","0"
"2","duel_summary","duel","7","1789838843","1789838896","53","maps/mp/duel10","1","","0","","","0","bot:/botfiles/imperial.jkb","Saboteur","0","2","bot:/botfiles/desann.jkb","Desann","0","2","0","pull","pull","0","0","0","0","0","0","0","0","0","0","0"
"2","duel_summary","duel","8","1789838943","1789838960","17","maps/mp/duel10","1","","0","","","0","bot:/botfiles/desann.jkb","Desann","0","2","iphash:4d1013d3","^0-=^3'/^7o^3!^0d^0=-^6","2","2","0","push","unknown","0","0","0","0","0","0","0","0","0","0","0"
"2","duel_summary","duel","9","1789838918","1789838989","71","maps/mp/duel10","1","","0","","","0","bot:/botfiles/reborn.jkb","New_Reborn","0","2","bot:/botfiles/imperial.jkb","Saboteur","0","2","0","drain","grip","0","0","0","0","0","0","0","0","0","0","0"
"2","duel_summary","duel","10","1789838676","1789839108","432","maps/mp/duel10","1","","0","","","0","bot:/botfiles/trandoshan.jkb","Trandoshan","0","2","bot:/botfiles/tavion.jkb","Rodian","0","2","0","pull","push","0","0","0","0","0","0","0","0","0","0","0"
"2","duel_summary","duel","11","1789839955","1789839983","28","maps/mp/duel10","1","","0","","","0","bot:/botfiles/reborn.jkb","New_Reborn","0","2","user:void","void","1","2","0","pull","unknown","0","0","0","0","0","0","0","0","0","0","0"
"2","duel_summary","duel","12","1789839921","1789839986","65","maps/mp/duel10","1","","0","","","0","bot:/botfiles/imperial.jkb","Saboteur","0","2","bot:/botfiles/reborn.jkb","New_Reborn^7[0]","0","2","0","seeing","push","0","0","0","0","0","0","0","0","0","0","0"
"2","duel_summary","duel","13","1789840040","1789840088","48","maps/mp/duel10","1","","0","","","0","bot:/botfiles/imperial.jkb","Saboteur","0","2","user:void","void","1","2","0","drain","seeing","0","0","0","0","0","0","0","0","0","0","0"
"2","duel_summary","duel","14","1789840172","1789840189","17","maps/mp/duel10","1","","0","","","0","bot:/botfiles/desann.jkb","Desann","0","2","user:void","void","1","2","0","grip","unknown","0","0","0","0","0","0","0","0","0","0","0"
"2","duel_summary","duel","15","1789840110","1789840192","82","maps/mp/duel10","1","","0","","","0","bot:/botfiles/reborn.jkb","New_Reborn^7[0]","0","2","bot:/botfiles/imperial.jkb","Saboteur","0","2","0","unknown","grip","0","0","0","0","0","0","0","0","0","0","0"
"2","duel_summary","duel","16","1789840030","1789840224","194","maps/mp/duel10","1","","0","","","0","bot:/botfiles/reborn.jkb","New_Reborn","0","2","bot:/botfiles/trandoshan.jkb","Trandoshan","0","2","0","grip","push","0","0","0","0","0","0","0","0","0","0","0"
"2","duel_summary","duel","17","1789840315","1789840472","157","maps/mp/duel10","1","","0","","","0","bot:/botfiles/imperial.jkb","Saboteur","0","2","bot:/botfiles/reborn.jkb","New_Reborn^7[0]","0","2","0","grip","drain","0","0","0","0","0","0","0","0","0","0","0"
"2","duel_summary","duel","18","1789840596","1789840648","52","maps/mp/duel10","1","","0","","","0","bot:/botfiles/desann.jkb","Desann","0","2","bot:/botfiles/imperial.jkb","Saboteur","0","2","0","drain","grip","0","0","0","0","0","0","0","0","0","0","0"
"2","duel_summary","duel","19","1789840345","1789840779","434","maps/mp/duel10","1","","0","","","0","bot:/botfiles/reborn.jkb","New_Reborn","0","2","bot:/botfiles/trandoshan.jkb","Trandoshan","0","2","0","push","pull","0","0","0","0","0","0","0","0","0","0","0"
"2","duel_summary","duel","20","1789840715","1789840845","130","maps/mp/duel10","1","","0","","","0","bot:/botfiles/reborn.jkb","New_Reborn^7[0]","0","2","bot:/botfiles/imperial.jkb","Saboteur","0","2","0","pull","push","0","0","0","0","0","0","0","0","0","0","0"
"2","duel_summary","duel","21","1789840919","1789841023","104","maps/mp/duel10","1","","0","","","0","bot:/botfiles/desann.jkb","Desann","0","2","bot:/botfiles/imperial.jkb","Saboteur","0","2","0","pull","pull","0","0","0","0","0","0","0","0","0","0","0"
"2","duel_summary","duel","22","1789840902","1789841108","206","maps/mp/duel10","1","","0","","","0","bot:/botfiles/reborn.jkb","New_Reborn","0","2","bot:/botfiles/trandoshan.jkb","Trandoshan","0","2","0","unknown","pull","0","0","0","0","0","0","0","0","0","0","0"
"2","duel_summary","duel","23","1789841146","1789841238","92","maps/mp/duel10","1","","0","","","0","bot:/botfiles/imperial.jkb","Saboteur","0","2","bot:/botfiles/reborn.jkb","New_Reborn^7[0]","0","2","0","drain","speed","0","0","0","0","0","0","0","0","0","0","0"
"2","duel_summary","duel","24","1789841230","1789841449","219","maps/mp/duel10","1","","0","","","0","bot:/botfiles/reborn.jkb","New_Reborn","0","2","bot:/botfiles/trandoshan.jkb","Trandoshan","0","2","0","drain","drain","0","0","0","0","0","0","0","0","0","0","0"
"2","duel_summary","duel","25","1789841454","1789841482","28","maps/mp/duel10","1","","0","","","0","bot:/botfiles/trandoshan.jkb","Trandoshan","0","2","bot:/botfiles/reborn.jkb","New_Reborn","0","2","0","drain","grip","0","0","0","0","0","0","0","0","0","0","0"
"2","duel_summary","duel","26","1789841266","1789841547","281","maps/mp/duel10","1","","0","","","0","bot:/botfiles/desann.jkb","Desann","0","2","bot:/botfiles/imperial.jkb","Saboteur","0","2","0","grip","drain","0","0","0","0","0","0","0","0","0","0","0"
"2","duel_summary","duel","27","1789841669","1789841776","107","maps/mp/duel10","1","","0","","","0","bot:/botfiles/desann.jkb","Desann","0","2","bot:/botfiles/imperial.jkb","Saboteur","0","2","0","speed","pull","0","0","0","0","0","0","0","0","0","0","0"
"2","duel_summary","duel","28","1789841844","1789841925","81","maps/mp/duel10","1","","0","","","0","bot:/botfiles/reborn.jkb","New_Reborn^7[0]","0","2","bot:/botfiles/reborn.jkb","New_Reborn","0","2","0","grip","drain","0","0","0","0","0","0","0","0","0","0","0"
"2","duel_summary","duel","29","1789841897","1789842051","154","maps/mp/duel10","1","","0","","","0","bot:/botfiles/desann.jkb","Desann","0","2","bot:/botfiles/imperial.jkb","Saboteur","0","2","0","unknown","drain","0","0","0","0","0","0","0","0","0","0","0"
"2","duel_summary","duel","30","1789842054","1789842094","40","maps/mp/duel10","1","","0","","","0","bot:/botfiles/reborn.jkb","New_Reborn","0","2","bot:/botfiles/desann.jkb","Desann","0","2","0","grip","drain","0","0","0","0","0","0","0","0","0","0","0"
"2","duel_summary","duel","31","1789841964","1789842323","359","maps/mp/duel10","1","","0","","","0","bot:/botfiles/reborn.jkb","New_Reborn^7[0]","0","2","bot:/botfiles/trandoshan.jkb","Trandoshan","0","2","0","drain","grip","0","0","0","0","0","0","0","0","0","0","0"
"2","duel_summary","duel","32","1789842456","1789842508","52","maps/mp/duel10","1","","0","","","0","bot:/botfiles/reborn.jkb","New_Reborn","0","2","bot:/botfiles/trandoshan.jkb","Trandoshan","0","2","0","push","pull","0","0","0","0","0","0","0","0","0","0","0"
"2","duel_summary","duel","33","1789842445","1789842545","100","maps/mp/duel10","1","","0","","","0","bot:/botfiles/reborn.jkb","New_Reborn^7[0]","0","2","bot:/botfiles/imperial.jkb","Saboteur","0","2","0","drain","drain","0","0","0","0","0","0","0","0","0","0","0"
"2","duel_summary","duel","34","1789842577","1789842695","118","maps/mp/duel10","1","","0","","","0","bot:/botfiles/reborn.jkb","New_Reborn","0","2","bot:/botfiles/desann.jkb","Desann","0","2","0","pull","drain","0","0","0","0","0","0","0","0","0","0","0"
"2","duel_summary","duel","35","1789842631","1789842718","87","maps/mp/duel10","1","","0","","","0","bot:/botfiles/imperial.jkb","Saboteur","0","2","bot:/botfiles/reborn.jkb","New_Reborn^7[0]","0","2","0","drain","push","0","0","0","0","0","0","0","0","0","0","0"
"2","duel_summary","duel","36","1789842818","1789842837","19","maps/mp/duel10","1","","0","","","0","bot:/botfiles/desann.jkb","Desann","0","2","bot:/botfiles/reborn.jkb","New_Reborn","0","2","0","drain","pull","0","0","0","0","0","0","0","0","0","0","0"
"2","duel_summary","duel","37","1789842721","1789842846","125","maps/mp/duel10","1","","0","","","0","bot:/botfiles/reborn.jkb","New_Reborn^7[0]","0","2","bot:/botfiles/trandoshan.jkb","Trandoshan","0","2","0","drain","speed","0","0","0","0","0","0","0","0","0","0","0"
"2","duel_summary","duel","38","1789842959","1789843056","97","maps/mp/duel10","1","","0","","","0","bot:/botfiles/reborn.jkb","New_Reborn^7[0]","0","2","bot:/botfiles/reborn.jkb","New_Reborn","0","2","0","drain","pull","0","0","0","0","0","0","0","0","0","0","0"
"2","duel_summary","duel","39","1789842967","1789843276","309","maps/mp/duel10","1","","0","","","0","bot:/botfiles/trandoshan.jkb","Trandoshan","0","2","bot:/botfiles/imperial.jkb","Saboteur","0","2","0","grip","grip","0","0","0","0","0","0","0","0","0","0","0"
"2","duel_summary","duel","40","1789843178","1789843305","127","maps/mp/duel10","1","","0","","","0","bot:/botfiles/reborn.jkb","New_Reborn","0","2","bot:/botfiles/desann.jkb","Desann","0","2","0","drain","speed","0","0","0","0","0","0","0","0","0","0","0"
"2","duel_summary","duel","41","1789843299","1789843406","107","maps/mp/duel10","1","","0","","","0","bot:/botfiles/reborn.jkb","New_Reborn^7[0]","0","2","bot:/botfiles/trandoshan.jkb","Trandoshan","0","2","0","grip","drain","0","0","0","0","0","0","0","0","0","0","0"
"2","duel_summary","duel","42","1789843398","1789843476","78","maps/mp/duel10","1","","0","","","0","bot:/botfiles/imperial.jkb","Saboteur","0","2","bot:/botfiles/reborn.jkb","New_Reborn","0","2","0","speed","speed","0","0","0","0","0","0","0","0","0","0","0"
"2","duel_summary","duel","43","1789843428","1789843478","50","maps/mp/duel10","1","","0","","","0","bot:/botfiles/desann.jkb","Desann","0","2","bot:/botfiles/reborn.jkb","New_Reborn^7[0]","0","2","0","drain","pull","0","0","0","0","0","0","0","0","0","0","0"
"2","duel_summary","duel","44","1789843852","1789843947","95","maps/mp/duel10","1","","0","","","0","bot:/botfiles/chiss.jkb","Chiss","0","2","iphash:4d1013d3","Padawan","2","2","0","speed","","0","0","0","0","0","0","0","0","0","0","0"
"2","duel_summary","duel","45","1789843992","1789844139","147","maps/mp/duel10","1","","0","","","0","bot:/botfiles/chiss.jkb","Chiss","0","2","iphash:4d1013d3","Padawan","2","2","0","speed","seeing","0","0","0","0","0","0","0","0","0","0","0"
"2","duel_summary","duel","46","1789844990","1789845033","43","maps/mp/duel10","1","","0","","","0","bot:/botfiles/chiss.jkb","Chiss","0","2","iphash:4d1013d3","Padawan","2","2","0","speed","unknown","0","0","0","0","0","0","0","0","0","0","0"
"2","duel_summary","duel","47","1789845097","1789845136","39","maps/mp/duel10","1","","0","","","0","bot:/botfiles/chiss.jkb","Chiss","0","2","iphash:4d1013d3","Padawan","2","2","0","pull","unknown","0","0","0","0","0","0","0","0","0","0","0"
"2","duel_summary","duel","48","1789845207","1789845221","14","maps/mp/duel10","1","","0","","","0","bot:/botfiles/chiss.jkb","Chiss","0","2","iphash:4d1013d3","Padawan","2","2","0","speed","","0","0","0","0","0","0","0","0","0","0","0"
"2","duel_summary","duel","49","1789860225","1789860258","33","maps/mp/duel10","1","","0","","","0","iphash:f794a9d2","^0Gòón^2.^6µ^0ps","2","2","bot:/botfiles/chiss.jkb","Chiss","0","2","0","seeing","pull","0","0","0","0","0","0","0","0","0","0","0"
"2","duel_summary","duel","50","1789860314","1789860320","6","maps/mp/ffa3","1","","0","","","0","iphash:f794a9d2","^0Gòón^2.^6µ^0ps","2","2","bot:/botfiles/chiss.jkb","Chiss","0","2","0","seeing","","0","0","0","0","0","0","0","0","0","0","0"
"2","duel_summary","duel","51","1789863115","1789863139","24","maps/mp/ffa3","1","","0","","","0","iphash:c7c8a416","^0FF^4'^0Prinky","2","1","iphash:7d6be969","^0Gòón^2.^6µ^0ps","2","2","0","seeing","seeing","0","0","0","0","0","0","0","0","0","0","0"
"2","duel_summary","duel","52","1789863565","1789863614","49","maps/mp/ffa3","1","","0","","","0","iphash:c7c8a416","^0FF^4'^0Prinky","2","2","iphash:fa31973a","^0ff^6'^0heretic","2","2","0","seeing","seeing","0","0","0","0","0","0","0","0","0","0","0"
"2","duel_summary","duel","53","1789863621","1789863660","39","maps/mp/ffa3","1","","0","","","0","iphash:fa31973a","^0ff^6'^0heretic","2","2","iphash:c7c8a416","^0FF^4'^0Prinky","2","2","0","seeing","seeing","0","0","0","0","0","0","0","0","0","0","0"
"2","duel_summary","duel","54","1789863667","1789863768","101","maps/mp/ffa3","1","","0","","","0","iphash:c7c8a416","^0FF^4'^0Prinky","2","2","iphash:fa31973a","^0ff^6'^0heretic","2","2","0","seeing","seeing","0","0","0","0","0","0","0","0","0","0","0"
"2","duel_summary","duel","55","1789863775","1789863797","22","maps/mp/ffa3","1","","0","","","0","iphash:c7c8a416","^0FF^4'^0Prinky","2","2","iphash:fa31973a","^0ff^6'^0heretic","2","2","0","seeing","seeing","0","0","0","0","0","0","0","0","0","0","0"
"2","duel_summary","duel","56","1789863802","1789863839","37","maps/mp/ffa3","1","","0","","","0","iphash:c7c8a416","^0FF^4'^0Prinky","2","2","iphash:fa31973a","^0ff^6'^0heretic","2","2","0","seeing","seeing","0","0","0","0","0","0","0","0","0","0","0"
"2","duel_summary","duel","57","1789863843","1789863932","89","maps/mp/ffa3","1","","0","","","0","iphash:c7c8a416","^0FF^4'^0Prinky","2","2","iphash:fa31973a","^0ff^6'^0heretic","2","2","0","unknown","seeing","0","0","0","0","0","0","0","0","0","0","0"
"2","duel_summary","duel","58","1789863941","1789863982","41","maps/mp/ffa3","1","","0","","","0","iphash:fa31973a","^0ff^6'^0heretic","2","2","iphash:c7c8a416","^0FF^4'^0Prinky","2","2","0","seeing","unknown","0","0","0","0","0","0","0","0","0","0","0"
"2","duel_summary","duel","59","1789863987","1789864015","28","maps/mp/ffa3","1","","0","","","0","iphash:fa31973a","^0ff^6'^0heretic","2","2","iphash:c7c8a416","^0FF^4'^0Prinky","2","2","0","seeing","seeing","0","0","0","0","0","0","0","0","0","0","0"
"2","duel_summary","duel","60","1789864019","1789864091","72","maps/mp/ffa3","1","","0","","","0","iphash:c7c8a416","^0FF^4'^0Prinky","2","2","iphash:fa31973a","^0ff^6'^0heretic","2","2","0","unknown","seeing","0","0","0","0","0","0","0","0","0","0","0"
"2","duel_summary","duel","61","1789864105","1789864189","84","maps/mp/ffa3","1","","0","","","0","iphash:c7c8a416","^0FF^4'^0Prinky","2","2","iphash:fa31973a","^0ff^6'^0heretic","2","2","0","seeing","seeing","0","0","0","0","0","0","0","0","0","0","0"
"2","duel_summary","duel","62","1789864195","1789864214","19","maps/mp/ffa3","1","","0","","","0","iphash:fa31973a","^0ff^6'^0heretic","2","2","iphash:c7c8a416","^0FF^4'^0Prinky","2","2","0","unknown","seeing","0","0","0","0","0","0","0","0","0","0","0"
"2","duel_summary","duel","63","1789864219","1789864276","57","maps/mp/ffa3","1","","0","","","0","iphash:fa31973a","^0ff^6'^0heretic","2","2","iphash:c7c8a416","^0FF^4'^0Prinky","2","2","0","unknown","seeing","0","0","0","0","0","0","0","0","0","0","0"
"2","duel_summary","duel","64","1789864281","1789864344","63","maps/mp/ffa3","1","","0","","","0","iphash:fa31973a","^0ff^6'^0heretic","2","2","iphash:c7c8a416","^0FF^4'^0Prinky","2","2","0","seeing","unknown","0","0","0","0","0","0","0","0","0","0","0"
"2","duel_summary","duel","65","1789864349","1789864434","85","maps/mp/ffa3","1","","0","","","0","iphash:fa31973a","^0ff^6'^0heretic","2","2","iphash:c7c8a416","^0FF^4'^0Prinky","2","2","0","seeing","seeing","0","0","0","0","0","0","0","0","0","0","0"
"2","duel_summary","duel","66","1789864441","1789864530","89","maps/mp/ffa3","1","","0","","","0","iphash:fa31973a","^0ff^6'^0heretic","2","2","iphash:c7c8a416","^0FF^4'^0Prinky","2","2","0","seeing","seeing","0","0","0","0","0","0","0","0","0","0","0"
"2","duel_summary","duel","67","1789864534","1789864572","38","maps/mp/ffa3","1","","0","","","0","iphash:c7c8a416","^0FF^4'^0Prinky","2","2","iphash:fa31973a","^0ff^6'^0heretic","2","2","0","seeing","seeing","0","0","0","0","0","0","0","0","0","0","0"
"2","duel_summary","duel","68","1789864578","1789864681","103","maps/mp/ffa3","1","","0","","","0","iphash:c7c8a416","^0FF^4'^0Prinky","2","2","iphash:fa31973a","^0ff^6'^0heretic","2","2","0","seeing","seeing","0","0","0","0","0","0","0","0","0","0","0"
"2","duel_summary","duel","69","1789864698","1789864743","45","maps/mp/ffa3","1","","0","","","0","user:void","void","1","2","iphash:c7c8a416","^0FF^4'^0Prinky","2","2","0","seeing","seeing","0","0","0","0","0","0","0","0","0","0","0"
"2","duel_summary","duel","70","1789864761","1789864795","34","maps/mp/ffa3","1","","0","","","0","user:jundon","jundon","1","2","user:void","void","1","2","0","seeing","seeing","0","0","0","0","0","0","0","0","0","0","0"
"2","duel_summary","duel","71","1789864803","1789864845","42","maps/mp/ffa3","1","","0","","","0","user:jundon","jundon","1","2","user:void","void","1","2","0","seeing","seeing","0","0","0","0","0","0","0","0","0","0","0"
"2","duel_summary","duel","72","1789864851","1789864887","36","maps/mp/ffa3","1","","0","","","0","user:jundon","jundon","1","2","user:void","void","1","2","0","seeing","seeing","0","0","0","0","0","0","0","0","0","0","0"
"2","duel_summary","duel","73","1789864798","1789864907","109","maps/mp/ffa3","1","","0","","","0","iphash:c7c8a416","^0FF^4'^0Prinky","2","2","iphash:7d6be969","^0ff^7'^0Gòónat¡Ç","2","2","0","seeing","seeing","0","0","0","0","0","0","0","0","0","0","0"
"2","duel_summary","duel","74","1789864893","1789864947","54","maps/mp/ffa3","1","","0","","","0","user:jundon","jundon","1","2","user:void","void","1","2","0","seeing","seeing","0","0","0","0","0","0","0","0","0","0","0"
"2","duel_summary","duel","75","1789864913","1789864981","68","maps/mp/ffa3","1","","0","","","0","iphash:c7c8a416","^0FF^4'^0Prinky","2","2","iphash:7d6be969","^0ff^7'^0Gòónat¡Ç","2","2","0","seeing","seeing","0","0","0","0","0","0","0","0","0","0","0"
"2","duel_summary","duel","76","1789864955","1789864988","33","maps/mp/ffa3","1","","0","","","0","user:jundon","jundon","1","2","user:void","void","1","2","0","seeing","unknown","0","0","0","0","0","0","0","0","0","0","0"
"2","duel_summary","duel","77","1789864987","1789865087","100","maps/mp/ffa3","1","","0","","","0","iphash:c7c8a416","^0FF^4'^0Prinky","2","2","iphash:7d6be969","^0ff^7'^0Gòónat¡Ç","2","2","0","seeing","seeing","0","0","0","0","0","0","0","0","0","0","0"
"2","duel_summary","duel","78","1789865092","1789865148","56","maps/mp/ffa3","1","","0","","","0","iphash:c7c8a416","^0FF^4'^0Prinky","2","2","iphash:7d6be969","^0ff^7'^0Gòónat¡Ç","2","2","0","seeing","seeing","0","0","0","0","0","0","0","0","0","0","0"
"2","duel_summary","duel","79","1789865152","1789865177","25","maps/mp/ffa3","1","","0","","","0","iphash:c7c8a416","^0FF^4'^0Prinky","2","2","user:void","void","1","2","0","seeing","seeing","0","0","0","0","0","0","0","0","0","0","0"
"2","duel_summary","duel","80","1789865181","1789865202","21","maps/mp/ffa3","1","","0","","","0","iphash:c7c8a416","^0FF^4'^0Prinky","2","2","user:void","void","1","2","0","seeing","seeing","0","0","0","0","0","0","0","0","0","0","0"
"2","duel_summary","duel","81","1789865206","1789865240","34","maps/mp/ffa3","1","","0","","","0","iphash:c7c8a416","^0FF^4'^0Prinky","2","2","user:void","void","1","2","0","unknown","seeing","0","0","0","0","0","0","0","0","0","0","0"
"2","duel_summary","duel","82","1789865245","1789865260","15","maps/mp/ffa3","1","","0","","","0","iphash:c7c8a416","^0FF^4'^0Prinky","2","2","user:void","void","1","2","0","seeing","unknown","0","0","0","0","0","0","0","0","0","0","0"
"2","duel_summary","duel","83","1789865265","1789865370","105","maps/mp/ffa3","1","","0","","","0","iphash:c7c8a416","^0FF^4'^0Prinky","2","2","iphash:7d6be969","^0ff^7'^0Gòónat¡Ç","2","2","0","seeing","seeing","0","0","0","0","0","0","0","0","0","0","0"
"2","duel_summary","duel","84","1789865375","1789865396","21","maps/mp/ffa3","1","","0","","","0","iphash:c7c8a416","^0FF^4'^0Prinky","2","2","iphash:7d6be969","^0ff^7'^0Gòónat¡Ç","2","2","0","seeing","seeing","0","0","0","0","0","0","0","0","0","0","0"
"2","duel_summary","duel","85","1789865475","1789865525","50","maps/mp/ffa3","1","","0","","","0","bot:/botfiles/shadowtrooper.jkb","Reborn","0","2","user:void","void","1","2","0","unknown","seeing","0","0","0","0","0","0","0","0","0","0","0"
"2","duel_summary","duel","86","1789865399","1789865557","158","maps/mp/ffa3","1","","0","","","0","iphash:c7c8a416","^0FF^4'^0Prinky","2","2","iphash:7d6be969","^0ff^7'^0Gòónat¡Ç","2","2","0","seeing","seeing","0","0","0","0","0","0","0","0","0","0","0"
"2","duel_summary","duel","87","1789865536","1789865595","59","maps/mp/ffa3","1","","0","","","0","user:void","void","1","2","bot:/botfiles/shadowtrooper.jkb","Reborn","0","2","0","unknown","speed","0","0","0","0","0","0","0","0","0","0","0"
"2","duel_summary","duel","88","1789865563","1789865624","61","maps/mp/ffa3","1","","0","","","0","iphash:c7c8a416","^0FF^4'^0Prinky","2","2","iphash:7d6be969","^0ff^7'^0Gòónat¡Ç","2","2","0","seeing","seeing","0","0","0","0","0","0","0","0","0","0","0"
"2","duel_summary","duel","89","1789865605","1789865656","51","maps/mp/ffa3","1","","0","","","0","user:jundon","jundon","1","2","user:void","void","1","2","0","seeing","seeing","0","0","0","0","0","0","0","0","0","0","0"
"2","duel_summary","duel","90","1789865631","1789865663","32","maps/mp/ffa3","1","","0","","","0","iphash:c7c8a416","^0FF^4'^0Prinky","2","2","iphash:7d6be969","^0ff^7'^0Gòónat¡Ç","2","2","0","unknown","seeing","0","0","0","0","0","0","0","0","0","0","0"
"2","duel_summary","duel","91","1789865681","1789865706","25","maps/mp/ffa3","1","","0","","","0","iphash:c7c8a416","^0FF^4'^0Prinky","2","2","iphash:7d6be969","^0ff^7'^0Gòónat¡Ç","2","2","0","unknown","seeing","0","0","0","0","0","0","0","0","0","0","0"
"2","duel_summary","duel","92","1789865665","1789865726","61","maps/mp/ffa3","1","","0","","","0","user:jundon","jundon","1","2","user:void","void","1","2","0","seeing","unknown","0","0","0","0","0","0","0","0","0","0","0"
"2","duel_summary","duel","93","1789865721","1789865760","39","maps/mp/ffa3","1","","0","","","0","iphash:7d6be969","^0ff^7'^0Gòónat¡Ç","2","2","iphash:c7c8a416","^0FF^4'^0Prinky","2","2","0","seeing","unknown","0","0","0","0","0","0","0","0","0","0","0"
"2","duel_summary","duel","94","1789865764","1789865793","29","maps/mp/ffa3","1","","0","","","0","user:jundon","jundon","1","2","iphash:c7c8a416","^0FF^4'^0Prinky","2","2","0","seeing","seeing","0","0","0","0","0","0","0","0","0","0","0"
"2","duel_summary","duel","95","1789865784","1789865840","56","maps/mp/ffa3","1","","0","","","0","user:void","void","1","2","iphash:7d6be969","^0ff^7'^0Gòónat¡Ç","2","2","0","unknown","seeing","0","0","0","0","0","0","0","0","0","0","0"
"2","duel_summary","duel","96","1789865853","1789865869","16","maps/mp/ffa3","1","","0","","","0","user:void","void","1","2","iphash:7d6be969","^0ff^7'^0Gòónat¡Ç","2","2","0","unknown","seeing","0","0","0","0","0","0","0","0","0","0","0"
"2","duel_summary","duel","97","1789865799","1789865876","77","maps/mp/ffa3","1","","0","","","0","user:jundon","jundon","1","2","iphash:c7c8a416","^0FF^4'^0Prinky","2","2","0","seeing","unknown","0","0","0","0","0","0","0","0","0","0","0"
"2","duel_summary","duel","98","1789865873","1789865891","18","maps/mp/ffa3","1","","0","","","0","iphash:7d6be969","^0ff^7'^0Gòónat¡Ç","2","2","user:void","void","1","2","0","seeing","unknown","0","0","0","0","0","0","0","0","0","0","0"
"2","duel_summary","duel","99","1789865883","1789865911","28","maps/mp/ffa3","1","","0","","","0","user:jundon","jundon","1","2","iphash:c7c8a416","^0FF^4'^0Prinky","2","2","0","seeing","seeing","0","0","0","0","0","0","0","0","0","0","0"
"2","duel_summary","duel","100","1789865904","1789865951","47","maps/mp/ffa3","1","","0","","","0","user:void","void","1","2","iphash:7d6be969","^0ff^7'^0Gòónat¡Ç","2","2","0","seeing","seeing","0","0","0","0","0","0","0","0","0","0","0"
"2","duel_summary","duel","101","1789865957","1789865980","23","maps/mp/ffa3","1","","0","","","0","user:void","void","1","2","iphash:7d6be969","^0ff^7'^0Gòónat¡Ç","2","2","0","unknown","seeing","0","0","0","0","0","0","0","0","0","0","0"
"2","duel_summary","duel","102","1789865975","1789865989","14","maps/mp/ffa3","1","","0","","","0","user:socrates","socrates","1","2","iphash:d4cfd1d8","^3Wookiee","2","1","0","seeing","seeing","0","0","0","0","0","0","0","0","0","0","0"
"2","duel_summary","duel","103","1789865916","1789866011","95","maps/mp/ffa3","1","","0","","","0","user:jundon","jundon","1","2","iphash:c7c8a416","^0FF^4'^0Prinky","2","2","0","seeing","seeing","0","0","0","0","0","0","0","0","0","0","0"
"2","duel_summary","duel","104","1789865998","1789866014","16","maps/mp/ffa3","1","","0","","","0","user:socrates","socrates","1","2","iphash:d4cfd1d8","^3Wookiee","2","1","0","unknown","seeing","0","0","0","0","0","0","0","0","0","0","0"
"2","duel_summary","duel","105","1789866019","1789866048","29","maps/mp/ffa3","1","","0","","","0","user:socrates","socrates","1","2","iphash:d4cfd1d8","^3Wookiee","2","1","0","seeing","seeing","0","0","0","0","0","0","0","0","0","0","0"
"2","duel_summary","duel","106","1789865985","1789866048","63","maps/mp/ffa3","1","","0","","","0","user:void","void","1","2","iphash:7d6be969","^0ff^7'^0Gòónat¡Ç","2","2","0","seeing","seeing","0","0","0","0","0","0","0","0","0","0","0"
"2","duel_summary","duel","107","1789866025","1789866066","41","maps/mp/ffa3","1","","0","","","0","user:jundon","jundon","1","2","iphash:c7c8a416","^0FF^4'^0Prinky","2","2","0","seeing","unknown","0","0","0","0","0","0","0","0","0","0","0"
"2","duel_summary","duel","108","1789866062","1789866093","31","maps/mp/ffa3","1","","0","","","0","iphash:7d6be969","^0ff^7'^0Gòónat¡Ç","2","2","user:void","void","1","2","0","seeing","seeing","0","0","0","0","0","0","0","0","0","0","0"
"2","duel_summary","duel","109","1789866076","1789866101","25","maps/mp/ffa3","1","","0","","","0","user:socrates","socrates","1","2","iphash:c7c8a416","^0FF^4'^0Prinky","2","2","0","seeing","seeing","0","0","0","0","0","0","0","0","0","0","0"
"2","duel_summary","duel","110","1789866105","1789866149","44","maps/mp/ffa3","1","","0","","","0","iphash:c7c8a416","^0FF^4'^0Prinky","2","2","user:socrates","socrates","1","2","0","seeing","seeing","0","0","0","0","0","0","0","0","0","0","0"
"2","duel_summary","duel","111","1789866098","1789866157","59","maps/mp/ffa3","1","","0","","","0","user:void","void","1","2","iphash:7d6be969","^0ff^7'^0Gòónat¡Ç","2","2","0","seeing","seeing","0","0","0","0","0","0","0","0","0","0","0"
"2","duel_summary","duel","112","1789866162","1789866182","20","maps/mp/ffa3","1","","0","","","0","user:void","void","1","2","iphash:7d6be969","^0ff^7'^0Gòónat¡Ç","2","2","0","seeing","seeing","0","0","0","0","0","0","0","0","0","0","0"
"2","duel_summary","duel","113","1789866156","1789866199","43","maps/mp/ffa3","1","","0","","","0","iphash:c7c8a416","^0FF^4'^0Prinky","2","2","user:socrates","socrates","1","2","0","seeing","seeing","0","0","0","0","0","0","0","0","0","0","0"
"2","duel_summary","duel","114","1789866207","1789866233","26","maps/mp/ffa3","1","","0","","","0","user:socrates","socrates","1","2","iphash:c7c8a416","^0FF^4'^0Prinky","2","2","0","seeing","unknown","0","0","0","0","0","0","0","0","0","0","0"
"2","duel_summary","duel","115","1789866209","1789866255","46","maps/mp/ffa3","1","","0","","","0","user:void","void","1","2","iphash:7d6be969","^0ff^7'^0Gòónat¡Ç","2","2","0","unknown","seeing","0","0","0","0","0","0","0","0","0","0","0"
"2","duel_summary","duel","116","1789866259","1789866282","23","maps/mp/ffa3","1","","0","","","0","user:void","void","1","2","iphash:7d6be969","^0ff^7'^0Gòónat¡Ç","2","2","0","unknown","seeing","0","0","0","0","0","0","0","0","0","0","0"
"2","duel_summary","duel","117","1789866247","1789866317","70","maps/mp/ffa3","1","","0","","","0","iphash:c7c8a416","^0FF^4'^0Prinky","2","2","user:socrates","socrates","1","2","0","unknown","seeing","0","0","0","0","0","0","0","0","0","0","0"
"2","duel_summary","duel","118","1789866290","1789866338","48","maps/mp/ffa3","1","","0","","","0","iphash:7d6be969","^0ff^7'^0Gòónat¡Ç","2","2","user:void","void","1","2","0","seeing","unknown","0","0","0","0","0","0","0","0","0","0","0"
"2","duel_summary","duel","119","1789866321","1789866338","17","maps/mp/ffa3","1","","0","","","0","iphash:c7c8a416","^0FF^4'^0Prinky","2","2","user:socrates","socrates","1","2","0","seeing","seeing","0","0","0","0","0","0","0","0","0","0","0"
"2","duel_summary","duel","120","1789866345","1789866355","10","maps/mp/ffa3","1","","0","","","0","iphash:7d6be969","^0ff^7'^0Gòónat¡Ç","2","2","user:void","void","1","2","0","seeing","unknown","0","0","0","0","0","0","0","0","0","0","0"
"2","duel_summary","duel","121","1789866346","1789866389","43","maps/mp/ffa3","1","","0","","","0","iphash:c7c8a416","^0FF^4'^0Prinky","2","2","user:socrates","socrates","1","2","0","seeing","seeing","0","0","0","0","0","0","0","0","0","0","0"
"2","duel_summary","duel","122","1789866362","1789866406","44","maps/mp/ffa3","1","","0","","","0","user:void","void","1","2","iphash:7d6be969","^0ff^7'^0Gòónat¡Ç","2","2","0","seeing","seeing","0","0","0","0","0","0","0","0","0","0","0"
"2","duel_summary","duel","123","1789866413","1789866445","32","maps/mp/ffa3","1","","0","","","0","iphash:7d6be969","^0ff^7'^0Gòónat¡Ç","2","2","user:void","void","1","2","0","seeing","seeing","0","0","0","0","0","0","0","0","0","0","0"
"2","duel_summary","duel","124","1789866452","1789866497","45","maps/mp/ffa3","1","","0","","","0","user:void","void","1","2","iphash:7d6be969","^0ff^7'^0Gòónat¡Ç","2","2","0","seeing","seeing","0","0","0","0","0","0","0","0","0","0","0"
"2","duel_summary","duel","125","1789866397","1789866546","149","maps/mp/ffa3","1","","0","","","0","iphash:c7c8a416","^0FF^4'^0Prinky","2","2","user:socrates","socrates","1","2","0","seeing","seeing","0","0","0","0","0","0","0","0","0","0","0"
"2","duel_summary","duel","126","1789866507","1789866640","133","maps/mp/ffa3","1","","0","","","0","user:void","void","1","2","iphash:7d6be969","^0ff^7'^0Gòónat¡Ç","2","2","0","seeing","seeing","0","0","0","0","0","0","0","0","0","0","0"
"2","duel_summary","duel","127","1789866551","1789866687","136","maps/mp/ffa3","1","","0","","","0","user:socrates","socrates","1","2","iphash:c7c8a416","^0FF^4'^0Prinky","2","2","0","seeing","seeing","0","0","0","0","0","0","0","0","0","0","0"
"2","duel_summary","duel","128","1789866692","1789866727","35","maps/mp/ffa3","1","","0","","","0","user:socrates","socrates","1","2","iphash:c7c8a416","^0FF^4'^0Prinky","2","2","0","seeing","seeing","0","0","0","0","0","0","0","0","0","0","0"
"2","duel_summary","duel","129","1789866739","1789866809","70","maps/mp/ffa3","1","","0","","","0","user:socrates","socrates","1","2","iphash:c7c8a416","^0FF^4'^0Prinky","2","2","0","seeing","seeing","0","0","0","0","0","0","0","0","0","0","0"
"2","duel_summary","duel","130","1789866650","1789866820","170","maps/mp/ffa3","1","","0","","","0","iphash:7d6be969","^0ff^7'^0Gòónat¡Ç","2","2","user:void","void","1","2","0","seeing","seeing","0","0","0","0","0","0","0","0","0","0","0"
"2","duel_summary","duel","131","1789866812","1789866829","17","maps/mp/ffa3","1","","0","","","0","user:socrates","socrates","1","2","iphash:c7c8a416","^0FF^4'^0Prinky","2","2","0","seeing","unknown","0","0","0","0","0","0","0","0","0","0","0"
"2","duel_summary","duel","132","1789866834","1789866955","121","maps/mp/ffa3","1","","0","","","0","iphash:c7c8a416","^0FF^4'^0Prinky","2","2","user:socrates","socrates","1","2","0","seeing","seeing","0","0","0","0","0","0","0","0","0","0","0"
"2","duel_summary","duel","133","1789866961","1789867019","58","maps/mp/ffa3","1","","0","","","0","user:socrates","socrates","1","2","iphash:c7c8a416","^0FF^4'^0Prinky","2","2","0","seeing","seeing","0","0","0","0","0","0","0","0","0","0","0"
"2","duel_summary","duel","134","1789867023","1789867071","48","maps/mp/ffa3","1","","0","","","0","user:socrates","socrates","1","2","iphash:c7c8a416","^0FF^4'^0Prinky","2","2","0","seeing","seeing","0","0","0","0","0","0","0","0","0","0","0"
"2","duel_summary","duel","135","1789867076","1789867125","49","maps/mp/ffa3","1","","0","","","0","user:socrates","socrates","1","2","iphash:c7c8a416","^0FF^4'^0Prinky","2","2","0","seeing","seeing","0","0","0","0","0","0","0","0","0","0","0"
"2","duel_summary","duel","136","1789867129","1789867187","58","maps/mp/ffa3","1","","0","","","0","iphash:c7c8a416","^0FF^4'^0Prinky","2","2","user:socrates","socrates","1","2","0","seeing","seeing","0","0","0","0","0","0","0","0","0","0","0"
"2","duel_summary","duel","137","1789867425","1789867677","252","maps/mp/ffa3","1","","0","","","0","iphash:4a47a0f7","^1Darth ^7Pogrates","2","2","iphash:fa31973a","^0-=^3'/^7o^3!^0d^0=-^6","2","2","0","seeing","seeing","0","0","0","0","0","0","0","0","0","0","0"
"2","duel_summary","duel","138","1789867979","1789867995","16","maps/mp/ffa3","0","","0","","","0","iphash:7d6be969","^0ff^7'^0Gòónat¡Ç","2","2","iphash:fa31973a","^0-=^3'/^7o^3!^0d^0=-^6","2","2","0","","seeing","0","0","0","0","0","0","0","0","0","0","0"
"2","duel_summary","duel","139","1789867982","1789868035","53","maps/mp/ffa3","1","","0","","","0","bot:/botfiles/gran.jkb","Gran","0","1","bot:/botfiles/chiss.jkb","Chiss","0","2","0","heal","grip","0","0","0","0","0","0","0","0","0","0","0"
"2","duel_summary","duel","140","1789868005","1789868037","32","maps/mp/ffa3","1","","0","","","0","iphash:7d6be969","^0ff^7'^0Gòónat¡Ç","2","2","iphash:fa31973a","^0-=^3'/^7o^3!^0d^0=-^6","2","2","0","unknown","seeing","0","0","0","0","0","0","0","0","0","0","0"
"2","duel_summary","duel","141","1789867939","1789868097","158","maps/mp/ffa3","1","","0","","","0","user:socrates","socrates","1","2","iphash:c984b5ee","^8Qui^0-^2Gon","2","1","0","seeing","unknown","0","0","0","0","0","0","0","0","0","0","0"
"2","duel_summary","duel","142","1789868099","1789868204","105","maps/mp/ffa3","1","","0","","","0","iphash:fa31973a","^0-=^3'/^7o^3!^0d^0=-^6","2","2","iphash:7d6be969","^0ff^7'^0Gòónat¡Ç","2","2","0","unknown","seeing","0","0","0","0","0","0","0","0","0","0","0"
"2","duel_summary","duel","143","1789868157","1789868216","59","maps/mp/ffa3","1","","0","","","0","bot:/botfiles/gran.jkb","Gran","0","1","bot:/botfiles/chiss.jkb","Chiss","0","2","0","push","push","0","0","0","0","0","0","0","0","0","0","0"
"2","duel_summary","duel","144","1789868209","1789868256","47","maps/mp/ffa3","1","","0","","","0","iphash:7d6be969","^0ff^7'^0Gòónat¡Ç","2","2","iphash:fa31973a","^0-=^3'/^7o^3!^0d^0=-^6","2","2","0","seeing","unknown","0","0","0","0","0","0","0","0","0","0","0"
"2","duel_summary","duel","145","1789868221","1789868258","37","maps/mp/ffa3","1","","0","","","0","user:socrates","socrates","1","2","bot:/botfiles/gran.jkb","Gran","0","1","0","seeing","unknown","0","0","0","0","0","0","0","0","0","0","0"
"2","duel_summary","duel","146","1789868281","1789868444","163","maps/mp/ffa3","1","","0","","","0","iphash:fa31973a","^0-=^3'/^7o^3!^0d^0=-^6","2","2","iphash:7d6be969","^0ff^7'^0Gòónat¡Ç","2","2","0","seeing","seeing","0","0","0","0","0","0","0","0","0","0","0"
"2","duel_summary","duel","147","1789868422","1789868446","24","maps/mp/ffa3","1","","0","","","0","iphash:c984b5ee","^8Qui^0-^2Gon","2","1","bot:/botfiles/chiss.jkb","Chiss","0","2","0","absorb","pull","0","0","0","0","0","0","0","0","0","0","0"
"2","duel_summary","duel","148","1789868454","1789868488","34","maps/mp/ffa3","1","","0","","","0","iphash:7d6be969","^0ff^7'^0Gòónat¡Ç","2","2","iphash:fa31973a","^0-=^3'/^7o^3!^0d^0=-^6","2","2","0","seeing","seeing","0","0","0","0","0","0","0","0","0","0","0"
"2","duel_summary","duel","149","1789868497","1789868551","54","maps/mp/ffa3","1","","0","","","0","iphash:7d6be969","^0ff^7'^0Gòónat¡Ç","2","2","iphash:fa31973a","^0-=^3'/^7o^3!^0d^0=-^6","2","2","0","seeing","unknown","0","0","0","0","0","0","0","0","0","0","0"
"2","duel_summary","duel","150","1789868477","1789868565","88","maps/mp/ffa3","1","","0","","","0","bot:/botfiles/gran.jkb","Gran","0","1","iphash:c984b5ee","^8Qui^0-^2Gon","2","1","0","heal","protect","0","0","0","0","0","0","0","0","0","0","0"
"2","duel_summary","duel","151","1789868566","1789868617","51","maps/mp/ffa3","1","","0","","","0","iphash:7d6be969","^0ff^7'^0Gòónat¡Ç","2","2","iphash:fa31973a","^0-=^3'/^7o^3!^0d^0=-^6","2","2","0","seeing","seeing","0","0","0","0","0","0","0","0","0","0","0"
"2","duel_summary","duel","152","1789868640","1789868724","84","maps/mp/ffa3","1","","0","","","0","user:void","void","1","2","user:socrates","socrates","1","2","0","seeing","seeing","0","0","0","0","0","0","0","0","0","0","0"
"2","duel_summary","duel","153","1789868729","1789868762","33","maps/mp/ffa3","1","","0","","","0","user:void","void","1","2","user:socrates","socrates","1","2","0","seeing","seeing","0","0","0","0","0","0","0","0","0","0","0"
"2","duel_summary","duel","154","1789868767","1789868782","15","maps/mp/ffa3","1","","0","","","0","user:void","void","1","2","user:socrates","socrates","1","2","0","unknown","seeing","0","0","0","0","0","0","0","0","0","0","0"
"2","duel_summary","duel","155","1789868698","1789868795","97","maps/mp/ffa3","1","","0","","","0","bot:/botfiles/gran.jkb","Gran","0","1","bot:/botfiles/chiss.jkb","Chiss","0","2","0","heal","speed","0","0","0","0","0","0","0","0","0","0","0"
"2","duel_summary","duel","156","1789868770","1789868796","26","maps/mp/ffa3","1","","0","","","0","iphash:7d6be969","^0ff^7'^0Gòónat¡Ç","2","2","iphash:c984b5ee","^8Qui^0-^2Gon","2","1","0","seeing","absorb","0","0","0","0","0","0","0","0","0","0","0"
"2","duel_summary","duel","157","1789868788","1789868799","11","maps/mp/ffa3","1","","0","","","0","user:socrates","socrates","1","2","user:void","void","1","2","0","seeing","unknown","0","0","0","0","0","0","0","0","0","0","0"
"2","duel_summary","duel","158","1789868804","1789868809","5","maps/mp/ffa3","1","","0","","","0","iphash:7d6be969","^0ff^7'^0Gòónat¡Ç","2","2","iphash:c984b5ee","^8Qui^0-^2Gon","2","1","0","seeing","","0","0","0","0","0","0","0","0","0","0","0"
"2","duel_summary","duel","159","1789868813","1789868826","13","maps/mp/ffa3","1","","0","","","0","user:socrates","socrates","1","2","user:void","void","1","2","0","seeing","unknown","0","0","0","0","0","0","0","0","0","0","0"
"2","duel_summary","duel","160","1789868822","1789868836","14","maps/mp/ffa3","1","","0","","","0","iphash:7d6be969","^0ff^7'^0Gòónat¡Ç","2","2","iphash:c984b5ee","^8Qui^0-^2Gon","2","1","0","seeing","absorb","0","0","0","0","0","0","0","0","0","0","0"
"2","duel_summary","duel","161","1789868830","1789868840","10","maps/mp/ffa3","1","","0","","","0","user:socrates","socrates","1","2","user:void","void","1","2","0","seeing","unknown","0","0","0","0","0","0","0","0","0","0","0"
"2","duel_summary","duel","162","1789868852","1789868863","11","maps/mp/ffa3","1","","0","","","0","iphash:7d6be969","^0ff^7'^0Gòónat¡Ç","2","2","iphash:c984b5ee","^8Qui^0-^2Gon","2","1","0","seeing","absorb","0","0","0","0","0","0","0","0","0","0","0"
"2","duel_summary","duel","163","1789868853","1789868869","16","maps/mp/ffa3","1","","0","","","0","user:socrates","socrates","1","2","user:void","void","1","2","0","seeing","unknown","0","0","0","0","0","0","0","0","0","0","0"
"2","duel_summary","duel","164","1789868878","1789868904","26","maps/mp/ffa3","1","","0","","","0","user:void","void","1","2","user:socrates","socrates","1","2","0","unknown","seeing","0","0","0","0","0","0","0","0","0","0","0"
"2","duel_summary","duel","165","1789868910","1789868939","29","maps/mp/ffa3","1","","0","","","0","user:socrates","socrates","1","2","user:void","void","1","2","0","seeing","unknown","0","0","0","0","0","0","0","0","0","0","0"
"2","duel_summary","duel","166","1789868953","1789868970","17","maps/mp/ffa3","1","","0","","","0","user:void","void","1","2","user:socrates","socrates","1","2","0","unknown","seeing","0","0","0","0","0","0","0","0","0","0","0"
"2","duel_summary","duel","167","1789868979","1789868995","16","maps/mp/ffa3","1","","0","","","0","user:void","void","1","2","user:socrates","socrates","1","2","0","unknown","seeing","0","0","0","0","0","0","0","0","0","0","0"
"2","duel_summary","duel","168","1789869001","1789869018","17","maps/mp/ffa3","1","","0","","","0","user:void","void","1","2","user:socrates","socrates","1","2","0","unknown","seeing","0","0","0","0","0","0","0","0","0","0","0"
"2","duel_summary","duel","169","1789869026","1789869046","20","maps/mp/ffa3","1","","0","","","0","user:socrates","socrates","1","2","user:void","void","1","2","0","seeing","unknown","0","0","0","0","0","0","0","0","0","0","0"
"2","duel_summary","duel","170","1789869033","1789869095","62","maps/mp/ffa3","1","","0","","","0","bot:/botfiles/gran.jkb","Gran","0","1","bot:/botfiles/chiss.jkb","Chiss","0","2","0","heal","speed","0","0","0","0","0","0","0","0","0","0","0"
"2","duel_summary","duel","171","1789869072","1789869096","24","maps/mp/ffa3","1","","0","","","0","user:void","void","1","2","user:socrates","socrates","1","2","0","unknown","seeing","0","0","0","0","0","0","0","0","0","0","0"
"2","duel_summary","duel","172","1789869102","1789869134","32","maps/mp/ffa3","1","","0","","","0","user:void","void","1","2","user:socrates","socrates","1","2","0","seeing","seeing","0","0","0","0","0","0","0","0","0","0","0"
"2","duel_summary","duel","173","1789869144","1789869200","56","maps/mp/ffa3","1","","0","","","0","user:void","void","1","2","user:socrates","socrates","1","2","0","seeing","seeing","0","0","0","0","0","0","0","0","0","0","0"
"2","duel_summary","duel","174","1789869205","1789869304","99","maps/mp/ffa3","1","","0","","","0","user:void","void","1","2","user:socrates","socrates","1","2","0","seeing","seeing","0","0","0","0","0","0","0","0","0","0","0"
"2","duel_summary","duel","175","1789869313","1789869359","46","maps/mp/ffa3","1","","0","","","0","user:socrates","socrates","1","2","user:void","void","1","2","0","seeing","unknown","0","0","0","0","0","0","0","0","0","0","0"
"2","duel_summary","duel","176","1789869365","1789869391","26","maps/mp/ffa3","1","","0","","","0","user:void","void","1","2","user:socrates","socrates","1","2","0","seeing","seeing","0","0","0","0","0","0","0","0","0","0","0"
"2","duel_summary","duel","177","1789869403","1789869489","86","maps/mp/ffa3","1","","0","","","0","user:void","void","1","2","iphash:7d6be969","^4~^0Gò^4ó^0N^4~","2","2","0","seeing","seeing","0","0","0","0","0","0","0","0","0","0","0"
"2","duel_summary","duel","178","1789869495","1789869508","13","maps/mp/ffa3","1","","0","","","0","user:socrates","socrates","1","2","user:void","void","1","2","0","seeing","unknown","0","0","0","0","0","0","0","0","0","0","0"
"2","duel_summary","duel","179","1789869515","1789869555","40","maps/mp/ffa3","1","","0","","","0","user:void","void","1","2","user:socrates","socrates","1","2","0","unknown","seeing","0","0","0","0","0","0","0","0","0","0","0"
"2","duel_summary","duel","180","1789869563","1789869624","61","maps/mp/ffa3","1","","0","","","0","iphash:7d6be969","^0ff^7'^0Gòónat¡Ç","2","2","user:void","void","1","2","0","seeing","seeing","0","0","0","0","0","0","0","0","0","0","0"
"2","duel_summary","duel","181","1789869642","1789869784","142","maps/mp/ffa3","1","","0","","","0","user:void","void","1","2","user:socrates","socrates","1","2","0","seeing","seeing","0","0","0","0","0","0","0","0","0","0","0"
"2","duel_summary","duel","182","1789869799","1789869811","12","maps/mp/ffa3","1","","0","","","0","user:socrates","socrates","1","2","user:void","void","1","2","0","unknown","seeing","0","0","0","0","0","0","0","0","0","0","0"
"2","duel_summary","duel","183","1789869825","1789869856","31","maps/mp/ffa3","1","","0","","","0","user:void","void","1","2","user:socrates","socrates","1","2","0","seeing","seeing","0","0","0","0","0","0","0","0","0","0","0"
"2","duel_summary","duel","184","1789869867","1789869890","23","maps/mp/ffa3","1","","0","","","0","user:void","void","1","2","user:socrates","socrates","1","2","0","unknown","seeing","0","0","0","0","0","0","0","0","0","0","0"
"2","duel_summary","duel","185","1789869902","1789869954","52","maps/mp/ffa3","1","","0","","","0","iphash:7d6be969","^0ff^7'^0Gòónat¡Ç","2","2","user:void","void","1","2","0","seeing","seeing","0","0","0","0","0","0","0","0","0","0","0"
"2","duel_summary","duel","186","1789869962","1789869972","10","maps/mp/ffa3","1","","0","","","0","user:socrates","socrates","1","1","user:void","void","1","2","0","seeing","seeing","0","0","0","0","0","0","0","0","0","0","0"
"2","duel_summary","duel","187","1789869984","1789870023","39","maps/mp/ffa3","1","","0","","","0","user:socrates","socrates","1","1","user:void","void","1","2","0","seeing","seeing","0","0","0","0","0","0","0","0","0","0","0"
"2","duel_summary","duel","188","1789870093","1789870160","67","maps/mp/ffa3","1","","0","","","0","iphash:7d6be969","^0ff^7'^0Gòónat¡Ç","2","2","user:void","void","1","2","0","seeing","seeing","0","0","0","0","0","0","0","0","0","0","0"
"2","duel_summary","duel","189","1789870163","1789870171","8","maps/mp/ffa3","1","","0","","","0","user:socrates","socrates","1","1","iphash:7d6be969","^0ff^7'^0Gòónat¡Ç","2","2","0","seeing","seeing","0","0","0","0","0","0","0","0","0","0","0"
"2","duel_summary","duel","190","1789870182","1789870198","16","maps/mp/ffa3","1","","0","","","0","user:socrates","socrates","1","1","iphash:7d6be969","^0ff^7'^0Gòónat¡Ç","2","2","0","seeing","seeing","0","0","0","0","0","0","0","0","0","0","0"
"2","duel_summary","duel","191","1789869517","1789870375","858","maps/mp/ffa3","1","","0","","","0","bot:/botfiles/gran.jkb","Gran","0","1","bot:/botfiles/chiss.jkb","Chiss","0","2","0","heal","speed","0","0","0","0","0","0","0","0","0","0","0"
"2","duel_summary","duel","192","1789870302","1789870419","117","maps/mp/ffa3","1","","0","","","0","user:socrates","socrates","1","1","user:void","void","1","2","0","seeing","seeing","0","0","0","0","0","0","0","0","0","0","0"
"2","duel_summary","duel","193","1789870433","1789870482","49","maps/mp/ffa3","1","","0","","","0","user:socrates","socrates","1","1","user:void","void","1","2","0","seeing","seeing","0","0","0","0","0","0","0","0","0","0","0"
"2","duel_summary","duel","194","1789870488","1789870509","21","maps/mp/ffa3","1","","0","","","0","user:void","void","1","2","user:socrates","socrates","1","1","0","seeing","seeing","0","0","0","0","0","0","0","0","0","0","0"
"2","duel_summary","duel","195","1789870544","1789870576","32","maps/mp/ffa3","1","","0","","","0","user:socrates","socrates","1","1","user:void","void","1","2","0","seeing","seeing","0","0","0","0","0","0","0","0","0","0","0"
"2","duel_summary","duel","196","1789870498","1789870613","115","maps/mp/ffa3","1","","0","","","0","bot:/botfiles/chiss.jkb","Chiss","0","2","bot:/botfiles/gran.jkb","Gran","0","1","0","unknown","pull","0","0","0","0","0","0","0","0","0","0","0"
"2","duel_summary","duel","197","1789870639","1789870705","66","maps/mp/ffa3","1","","0","","","0","user:socrates","socrates","1","1","user:void","void","1","1","0","seeing","unknown","0","0","0","0","0","0","0","0","0","0","0"
"2","duel_summary","duel","198","1789870735","1789870742","7","maps/mp/ffa3","1","","0","","","0","bot:/botfiles/chiss.jkb","Chiss","0","2","bot:/botfiles/gran.jkb","Gran","0","1","0","grip","heal","0","0","0","0","0","0","0","0","0","0","0"
"2","duel_summary","duel","199","1789870714","1789870977","263","maps/mp/ffa3","1","","0","","","0","user:void","void","1","1","user:socrates","socrates","1","1","0","unknown","seeing","0","0","0","0","0","0","0","0","0","0","0"
"2","duel_summary","duel","200","1789870991","1789871093","102","maps/mp/ffa3","1","","0","","","0","user:socrates","socrates","1","1","user:void","void","1","1","0","seeing","unknown","0","0","0","0","0","0","0","0","0","0","0"
"2","duel_summary","duel","201","1789871075","1789871119","44","maps/mp/ffa3","1","","0","","","0","bot:/botfiles/gran.jkb","Gran","0","1","bot:/botfiles/chiss.jkb","Chiss","0","2","0","heal","push","0","0","0","0","0","0","0","0","0","0","0"
"2","duel_summary","duel","202","1789871109","1789871156","47","maps/mp/ffa3","1","","0","","","0","user:void","void","1","1","user:socrates","socrates","1","1","0","unknown","seeing","0","0","0","0","0","0","0","0","0","0","0"
"2","duel_summary","duel","203","1789871163","1789871236","73","maps/mp/ffa3","1","","0","","","0","user:socrates","socrates","1","1","user:void","void","1","1","0","seeing","unknown","0","0","0","0","0","0","0","0","0","0","0"
"2","duel_summary","duel","204","1789871241","1789871278","37","maps/mp/ffa3","1","","0","","","0","bot:/botfiles/gran.jkb","Gran","0","1","bot:/botfiles/chiss.jkb","Chiss","0","2","0","heal","drain","0","0","0","0","0","0","0","0","0","0","0"
"2","duel_summary","duel","205","1789871249","1789871285","36","maps/mp/ffa3","1","","0","","","0","user:void","void","1","1","user:socrates","socrates","1","1","0","seeing","seeing","0","0","0","0","0","0","0","0","0","0","0"
"2","duel_summary","duel","206","1789871291","1789871325","34","maps/mp/ffa3","1","","0","","","0","user:socrates","socrates","1","1","user:void","void","1","1","0","seeing","seeing","0","0","0","0","0","0","0","0","0","0","0"
"2","duel_summary","duel","207","1789871342","1789871368","26","maps/mp/ffa3","1","","0","","","0","user:socrates","socrates","1","1","user:void","void","1","1","0","seeing","unknown","0","0","0","0","0","0","0","0","0","0","0"
"2","duel_summary","duel","208","1789871392","1789871451","59","maps/mp/ffa3","1","","0","","","0","user:void","void","1","1","user:socrates","socrates","1","2","0","seeing","seeing","0","0","0","0","0","0","0","0","0","0","0"
"2","duel_summary","duel","209","1789871457","1789871480","23","maps/mp/ffa3","1","","0","","","0","user:void","void","1","1","user:socrates","socrates","1","2","0","unknown","seeing","0","0","0","0","0","0","0","0","0","0","0"
"2","duel_summary","duel","210","1789871401","1789871517","116","maps/mp/ffa3","1","","0","","","0","bot:/botfiles/gran.jkb","Gran","0","1","bot:/botfiles/chiss.jkb","Chiss","0","2","0","protect","drain","0","0","0","0","0","0","0","0","0","0","0"
"2","duel_summary","duel","211","1789871489","1789871520","31","maps/mp/ffa3","1","","0","","","0","user:socrates","socrates","1","2","user:void","void","1","1","0","seeing","seeing","0","0","0","0","0","0","0","0","0","0","0"
"2","duel_summary","duel","212","1789871530","1789871557","27","maps/mp/ffa3","1","","0","","","0","iphash:eee2a3ba","padawan","2","2","user:socrates","socrates","1","2","0","seeing","seeing","0","0","0","0","0","0","0","0","0","0","0"
"2","duel_summary","duel","213","1789871592","1789871651","59","maps/mp/ffa3","1","","0","","","0","user:void","void","1","1","user:socrates","socrates","1","1","0","seeing","unknown","0","0","0","0","0","0","0","0","0","0","0"
"2","duel_summary","duel","214","1789871656","1789871673","17","maps/mp/ffa3","1","","0","","","0","user:socrates","socrates","1","1","user:void","void","1","1","0","seeing","unknown","0","0","0","0","0","0","0","0","0","0","0"
"2","duel_summary","duel","215","1789871640","1789871736","96","maps/mp/ffa3","1","","0","","","0","bot:/botfiles/gran.jkb","Gran","0","1","bot:/botfiles/chiss.jkb","Chiss","0","2","0","heal","seeing","0","0","0","0","0","0","0","0","0","0","0"
"2","duel_summary","duel","216","1789871734","1789871748","14","maps/mp/ffa3","1","","0","","","0","user:socrates","socrates","1","1","user:void","void","1","1","0","seeing","unknown","0","0","0","0","0","0","0","0","0","0","0"
"2","duel_summary","duel","217","1789871761","1789871897","136","maps/mp/ffa3","1","","0","","","0","user:socrates","socrates","1","1","user:void","void","1","1","0","unknown","seeing","0","0","0","0","0","0","0","0","0","0","0"
"2","duel_summary","duel","218","1789871838","1789871933","95","maps/mp/ffa3","1","","0","","","0","bot:/botfiles/gran.jkb","Gran","0","1","iphash:7d6be969","^0ff^7'^0Gòónat¡Ç","2","1","0","push","seeing","0","0","0","0","0","0","0","0","0","0","0"
"2","duel_summary","duel","219","1789871910","1789871950","40","maps/mp/ffa3","1","","0","","","0","user:void","void","1","1","user:socrates","socrates","1","1","0","seeing","unknown","0","0","0","0","0","0","0","0","0","0","0"
"2","duel_summary","duel","220","1789871957","1789872013","56","maps/mp/ffa3","1","","0","","","0","user:void","void","1","1","user:socrates","socrates","1","1","0","seeing","seeing","0","0","0","0","0","0","0","0","0","0","0"
"2","duel_summary","duel","221","1789871936","1789872044","108","maps/mp/ffa3","1","","0","","","0","bot:/botfiles/gran.jkb","Gran","0","1","bot:/botfiles/chiss.jkb","Chiss","0","2","0","heal","speed","0","0","0","0","0","0","0","0","0","0","0"
"2","duel_summary","duel","222","1789872034","1789872063","29","maps/mp/ffa3","1","","0","","","0","user:socrates","socrates","1","1","iphash:7d6be969","^0ff^7'^0Gòónat¡Ç","2","1","0","seeing","unknown","0","0","0","0","0","0","0","0","0","0","0"
"2","duel_summary","duel","223","1789872067","1789872079","12","maps/mp/ffa3","1","","0","","","0","user:void","void","1","1","bot:/botfiles/gran.jkb","Gran","0","1","0","unknown","protect","0","0","0","0","0","0","0","0","0","0","0"
"2","duel_summary","duel","224","1789872087","1789872156","69","maps/mp/ffa3","1","","0","","","0","user:void","void","1","1","bot:/botfiles/gran.jkb","Gran","0","1","0","seeing","unknown","0","0","0","0","0","0","0","0","0","0","0"
"2","duel_summary","duel","225","1789872075","1789872253","178","maps/mp/ffa3","1","","0","","","0","user:socrates","socrates","1","1","iphash:7d6be969","^0ff^7'^0Gòónat¡Ç","2","1","0","seeing","seeing","0","0","0","0","0","0","0","0","0","0","0"
"2","duel_summary","duel","226","1789872259","1789872305","46","maps/mp/ffa3","1","","0","","","0","user:socrates","socrates","1","1","iphash:7d6be969","^0ff^7'^0Gòónat¡Ç","2","1","0","seeing","seeing","0","0","0","0","0","0","0","0","0","0","0"
"2","duel_summary","duel","227","1789872315","1789872392","77","maps/mp/ffa3","1","","0","","","0","user:socrates","socrates","1","1","iphash:7d6be969","^0ff^7'^0Gòónat¡Ç","2","1","0","unknown","seeing","0","0","0","0","0","0","0","0","0","0","0"
"2","duel_summary","duel","228","1789872370","1789872392","22","maps/mp/ffa3","1","","0","","","0","user:void","void","1","1","bot:/botfiles/reborn.jkb","Reborn_Twin","0","2","0","seeing","drain","0","0","0","0","0","0","0","0","0","0","0"
"2","duel_summary","duel","229","1789872209","1789872399","190","maps/mp/ffa3","1","","0","","","0","bot:/botfiles/gran.jkb","Gran","0","1","bot:/botfiles/chiss.jkb","Chiss","0","2","0","protect","pull","0","0","0","0","0","0","0","0","0","0","0"
"2","duel_summary","duel","230","1789872420","1789872475","55","maps/mp/ffa3","1","","0","","","0","user:socrates","socrates","1","1","iphash:7d6be969","^0ff^7'^0Gòónat¡Ç","2","1","0","unknown","seeing","0","0","0","0","0","0","0","0","0","0","0"
"2","duel_summary","duel","231","1789872538","1789872561","23","maps/mp/ffa3","1","","0","","","0","iphash:7d6be969","^0ff^7'^0Gòónat¡Ç","2","1","user:void","void","1","2","0","seeing","seeing","0","0","0","0","0","0","0","0","0","0","0"
"2","duel_summary","duel","232","1789872566","1789872708","142","maps/mp/ffa3","1","","0","","","0","iphash:7d6be969","^0ff^7'^0Gòónat¡Ç","2","1","user:void","void","1","2","0","seeing","unknown","0","0","0","0","0","0","0","0","0","0","0"
"2","duel_summary","duel","233","1789872922","1789872979","57","maps/mp/ffa3","1","","0","","","0","iphash:7d6be969","^0ff^7'^0Gòónat¡Ç","2","1","user:void","void","1","2","0","seeing","seeing","0","0","0","0","0","0","0","0","0","0","0"
"2","duel_summary","duel","234","1789872984","1789873013","29","maps/mp/ffa3","1","","0","","","0","user:void","void","1","2","iphash:7d6be969","^0ff^7'^0Gòónat¡Ç","2","1","0","seeing","seeing","0","0","0","0","0","0","0","0","0","0","0"
"2","duel_summary","duel","235","1789873022","1789873033","11","maps/mp/ffa3","1","","0","","","0","iphash:7d6be969","^0ff^7'^0Gòónat¡Ç","2","1","user:void","void","1","2","0","seeing","unknown","0","0","0","0","0","0","0","0","0","0","0"
"2","duel_summary","duel","236","1789873039","1789873075","36","maps/mp/ffa3","1","","0","","","0","iphash:7d6be969","^0ff^7'^0Gòónat¡Ç","2","1","user:void","void","1","2","0","seeing","unknown","0","0","0","0","0","0","0","0","0","0","0"
"2","duel_summary","duel","237","1789873117","1789873189","72","maps/mp/ffa3","1","","0","","","0","user:void","void","1","2","iphash:7d6be969","^0ff^7'^0Gòónat¡Ç","2","1","0","unknown","seeing","0","0","0","0","0","0","0","0","0","0","0"
"2","duel_summary","duel","238","1789873193","1789873370","177","maps/mp/ffa3","1","","0","","","0","iphash:7d6be969","^0ff^7'^0Gòónat¡Ç","2","1","user:void","void","1","2","0","seeing","unknown","0","0","0","0","0","0","0","0","0","0","0"
"2","duel_summary","duel","239","1789873381","1789873433","52","maps/mp/ffa3","1","","0","","","0","iphash:7d6be969","^0ff^7'^0Gòónat¡Ç","2","1","user:void","void","1","2","0","seeing","seeing","0","0","0","0","0","0","0","0","0","0","0"
"2","duel_summary","duel","240","1789873482","1789873524","42","maps/mp/ffa3","1","","0","","","0","user:void","void","1","1","iphash:7d6be969","^0ff^7'^0Gòónat¡Ç","2","1","0","seeing","seeing","0","0","0","0","0","0","0","0","0","0","0"
"2","duel_summary","duel","241","1789873595","1789873674","79","maps/mp/ffa3","1","","0","","","0","user:void","void","1","1","iphash:7d6be969","^0ff^7'^0Gòónat¡Ç","2","1","0","seeing","seeing","0","0","0","0","0","0","0","0","0","0","0"
"2","duel_summary","duel","242","1789873681","1789873829","148","maps/mp/ffa3","1","","0","","","0","iphash:7d6be969","^0ff^7'^0Gòónat¡Ç","2","1","user:void","void","1","1","0","seeing","seeing","0","0","0","0","0","0","0","0","0","0","0"
"2","duel_summary","duel","243","1789873838","1789873894","56","maps/mp/ffa3","1","","0","","","0","user:void","void","1","1","iphash:7d6be969","^0ff^7'^0Gòónat¡Ç","2","1","0","seeing","seeing","0","0","0","0","0","0","0","0","0","0","0"
"2","duel_summary","duel","244","1789873900","1789873939","39","maps/mp/ffa3","1","","0","","","0","iphash:7d6be969","^0ff^7'^0Gòónat¡Ç","2","1","user:void","void","1","1","0","seeing","unknown","0","0","0","0","0","0","0","0","0","0","0"
"2","duel_summary","duel","245","1789873947","1789873971","24","maps/mp/ffa3","1","","0","","","0","user:void","void","1","1","iphash:7d6be969","^0ff^7'^0Gòónat¡Ç","2","1","0","seeing","seeing","0","0","0","0","0","0","0","0","0","0","0"
"2","duel_summary","duel","246","1789873977","1789874031","54","maps/mp/ffa3","1","","0","","","0","iphash:7d6be969","^0ff^7'^0Gòónat¡Ç","2","1","user:void","void","1","1","0","seeing","seeing","0","0","0","0","0","0","0","0","0","0","0"
"2","duel_summary","duel","247","1789874259","1789874328","69","maps/mp/ffa3","1","","0","","","0","iphash:7d6be969","^0Gòón^2.^6µ^0ps","2","2","user:void","void","1","2","0","seeing","seeing","0","0","0","0","0","0","0","0","0","0","0"
"2","duel_summary","duel","248","1789874378","1789874619","241","maps/mp/ffa3","1","","0","","","0","user:void","void","1","2","iphash:7d6be969","^0Gòón^2.^6µ^0ps","2","2","0","seeing","seeing","0","0","0","0","0","0","0","0","0","0","0"
"2","duel_summary","duel","249","1789874663","1789874724","61","maps/mp/ffa3","1","","0","","","0","iphash:7d6be969","^0Gòón^2.^6µ^0ps","2","2","user:void","void","1","2","0","seeing","seeing","0","0","0","0","0","0","0","0","0","0","0"
"2","duel_summary","duel","250","1789874746","1789874771","25","maps/mp/ffa3","1","","0","","","0","iphash:7d6be969","^0Gòón^2.^6µ^0ps","2","2","user:void","void","1","2","0","seeing","seeing","0","0","0","0","0","0","0","0","0","0","0"
"2","duel_summary","duel","251","1789874838","1789875105","267","maps/mp/ffa3","1","","0","","","0","iphash:7d6be969","^0Gòón^2.^6µ^0ps","2","2","user:void","void","1","2","0","seeing","seeing","0","0","0","0","0","0","0","0","0","0","0"
"2","duel_summary","duel","252","1789875229","1789875268","39","maps/mp/ffa3","1","","0","","","0","user:void","void","1","2","user:goon","goon","1","2","0","seeing","seeing","0","0","0","0","0","0","0","0","0","0","0"
"2","duel_summary","duel","253","1789875274","1789875319","45","maps/mp/ffa3","1","","0","","","0","user:void","void","1","2","user:goon","goon","1","2","0","seeing","seeing","0","0","0","0","0","0","0","0","0","0","0"
"2","duel_summary","duel","254","1789875325","1789875483","158","maps/mp/ffa3","1","","0","","","0","user:void","void","1","2","user:goon","goon","1","2","0","seeing","seeing","0","0","0","0","0","0","0","0","0","0","0"
"2","duel_summary","duel","255","1789875498","1789875553","55","maps/mp/ffa3","1","","0","","","0","user:void","void","1","2","user:goon","goon","1","2","0","unknown","seeing","0","0","0","0","0","0","0","0","0","0","0"
"2","duel_summary","duel","256","1789875563","1789875605","42","maps/mp/ffa3","1","","0","","","0","user:void","void","1","2","user:goon","goon","1","2","0","unknown","seeing","0","0","0","0","0","0","0","0","0","0","0"
"2","duel_summary","duel","257","1789875747","1789875764","17","maps/mp/ffa3","1","","0","","","0","bot:/botfiles/tavion.jkb","Rodian","0","2","user:void","void","1","2","0","speed","seeing","0","0","0","0","0","0","0","0","0","0","0"
"2","duel_summary","duel","258","1789875749","1789875782","33","maps/mp/ffa3","1","","0","","","0","bot:/botfiles/desann.jkb","Desann^7[0]","0","2","bot:/botfiles/desann.jkb","Desann","0","2","0","grip","drain","0","0","0","0","0","0","0","0","0","0","0"
"2","duel_summary","duel","259","1789875808","1789875835","27","maps/mp/ffa3","1","","0","","","0","bot:/botfiles/tavion.jkb","Rodian","0","2","user:void","void","1","2","0","speed","seeing","0","0","0","0","0","0","0","0","0","0","0"
"2","duel_summary","duel","260","1789875848","1789875879","31","maps/mp/ffa3","1","","0","","","0","bot:/botfiles/tavion.jkb","Rodian","0","2","user:void","void","1","2","0","unknown","seeing","0","0","0","0","0","0","0","0","0","0","0"
"2","duel_summary","duel","261","1789875900","1789875937","37","maps/mp/ffa3","1","","0","","","0","user:void","void","1","2","bot:/botfiles/tavion.jkb","Rodian","0","2","0","seeing","speed","0","0","0","0","0","0","0","0","0","0","0"
"2","duel_summary","duel","262","1789875946","1789875990","44","maps/mp/ffa3","1","","0","","","0","user:void","void","1","2","bot:/botfiles/tavion.jkb","Rodian","0","2","0","seeing","drain","0","0","0","0","0","0","0","0","0","0","0"
"2","duel_summary","duel","263","1789875997","1789876019","22","maps/mp/ffa3","1","","0","","","0","user:void","void","1","2","bot:/botfiles/tavion.jkb","Rodian","0","2","0","seeing","unknown","0","0","0","0","0","0","0","0","0","0","0"
"2","duel_summary","duel","264","1789876027","1789876030","3","maps/mp/ffa3","1","","0","","","0","bot:/botfiles/tavion.jkb","Rodian","0","2","iphash:fa31973a","Padawan","2","2","0","","","0","0","0","0","0","0","0","0","0","0","0"
"2","duel_summary","duel","265","1789876052","1789876055","3","maps/mp/ffa3","1","","0","","","0","bot:/botfiles/tavion.jkb","Rodian","0","2","iphash:fa31973a","Padawan","2","2","0","speed","","0","0","0","0","0","0","0","0","0","0","0"
"2","duel_summary","duel","266","1789876025","1789876107","82","maps/mp/ffa3","1","","0","","","0","bot:/botfiles/desann.jkb","Desann^7[0]","0","2","bot:/botfiles/desann.jkb","Desann","0","2","0","pull","drain","0","0","0","0","0","0","0","0","0","0","0"
"2","duel_summary","duel","267","1789876090","1789876136","46","maps/mp/ffa3","1","","0","","","0","bot:/botfiles/tavion.jkb","Rodian","0","2","iphash:fa31973a","Padawan","2","2","0","pull","seeing","0","0","0","0","0","0","0","0","0","0","0"
"2","duel_summary","duel","268","1789876145","1789876161","16","maps/mp/ffa3","1","","0","","","0","bot:/botfiles/desann.jkb","Desann","0","2","bot:/botfiles/desann.jkb","Desann^7[0]","0","2","0","speed","push","0","0","0","0","0","0","0","0","0","0","0"
"2","duel_summary","duel","269","1789876161","1789876181","20","maps/mp/ffa3","1","","0","","","0","bot:/botfiles/tavion.jkb","Rodian","0","2","user:void","void","1","2","0","speed","unknown","0","0","0","0","0","0","0","0","0","0","0"
"2","duel_summary","duel","270","1789876285","1789876391","106","maps/mp/ffa3","1","","0","","","0","bot:/botfiles/desann.jkb","Desann","0","2","bot:/botfiles/desann.jkb","Desann^7[0]","0","2","0","pull","grip","0","0","0","0","0","0","0","0","0","0","0"
"2","duel_summary","duel","271","1789876514","1789876639","125","maps/mp/ffa3","1","","0","","","0","bot:/botfiles/desann.jkb","Desann","0","2","bot:/botfiles/desann.jkb","Desann^7[0]","0","2","0","drain","push","0","0","0","0","0","0","0","0","0","0","0"
"2","duel_summary","duel","272","1789876762","1789876860","98","maps/mp/ffa3","1","","0","","","0","bot:/botfiles/desann.jkb","Desann","0","2","bot:/botfiles/desann.jkb","Desann^7[0]","0","2","0","grip","drain","0","0","0","0","0","0","0","0","0","0","0"
"2","duel_summary","duel","273","1789876982","1789877077","95","maps/mp/ffa3","1","","0","","","0","bot:/botfiles/desann.jkb","Desann^7[0]","0","2","bot:/botfiles/desann.jkb","Desann","0","2","0","push","unknown","0","0","0","0","0","0","0","0","0","0","0"
"2","duel_summary","duel","274","1789909366","1789909379","13","maps/mp/duel6","1","","0","","","0","bot:/botfiles/galak.jkb","galak","0","2","iphash:fa31973a","^0-=^3'/^7o^3!^0d^0=-^6","2","2","0","pull","unknown","0","0","0","0","0","0","0","0","0","0","0"
"2","duel_summary","duel","275","1789909449","1789909459","10","maps/mp/duel6","1","","0","","","0","bot:/botfiles/desann.jkb","Desann","0","2","iphash:fa31973a","^0-=^3'/^7o^3!^0d^0=-^6","2","2","0","unknown","","0","0","0","0","0","0","0","0","0","0","0"
"2","duel_summary","duel","276","1789912689","1789912699","10","maps/mp/duel6","1","","0","","","0","bot:/botfiles/bespin_cop.jkb","BespinCop","0","1","iphash:fa31973a","^0-=^3'/^7o^3!^0d^0=-^6","2","2","0","heal","","0","0","0","0","0","0","0","0","0","0","0"
"2","duel_summary","duel","277","1789913128","1789913161","33","maps/mp/duel6","1","","0","","","0","bot:/botfiles/trandoshan.jkb","Trandoshan","0","2","iphash:fa31973a","^0-=^3'/^7o^3!^0d^0=-^6","2","2","0","grip","unknown","0","0","0","0","0","0","0","0","0","0","0"
"2","duel_summary","duel","278","1789914889","1789914893","4","maps/mp/duel6","1","","0","","","0","bot:/botfiles/bespin_cop.jkb","BespinCop","0","1","iphash:fa31973a","^0-=^3'/^7o^3!^0d^0=-^6","2","2","0","heal","","0","0","0","0","0","0","0","0","0","0","0"
"2","duel_summary","duel","279","1789914940","1789914951","11","maps/mp/duel6","1","","0","","","0","iphash:fa31973a","^0-=^3'/^7o^3!^0d^0=-^6","2","2","bot:/botfiles/desann.jkb","Desann","0","2","0","seeing","unknown","0","0","0","0","0","0","0","0","0","0","0"
"2","duel_summary","duel","280","1789914963","1789915008","45","maps/mp/duel6","1","","0","","","0","bot:/botfiles/desann.jkb","Desann","0","2","iphash:fa31973a","^0-=^3'/^7o^3!^0d^0=-^6","2","2","0","grip","seeing","0","0","0","0","0","0","0","0","0","0","0"
"2","duel_summary","duel","281","1789915022","1789915055","33","maps/mp/duel6","1","","0","","","0","bot:/botfiles/desann.jkb","Desann","0","2","iphash:fa31973a","^0-=^3'/^7o^3!^0d^0=-^6","2","2","0","pull","seeing","0","0","0","0","0","0","0","0","0","0","0"
"2","duel_summary","duel","282","1789915094","1789915103","9","maps/mp/duel6","1","","0","","","0","bot:/botfiles/desann.jkb","Desann","0","2","iphash:fa31973a","^0-=^3'/^7o^3!^0d^0=-^6","2","2","0","grip","unknown","0","0","0","0","0","0","0","0","0","0","0"
"2","duel_summary","duel","283","1789915241","1789915274","33","maps/mp/duel6","1","","0","","","0","bot:/botfiles/trandoshan.jkb","Trandoshan","0","2","iphash:fa31973a","^0-=^3'/^7o^3!^0d^0=-^6","2","2","0","pull","seeing","0","0","0","0","0","0","0","0","0","0","0"
"2","duel_summary","duel","284","1789915339","1789915341","2","maps/mp/duel6","1","","0","","","0","bot:/botfiles/desann.jkb","Desann","0","2","iphash:fa31973a","^0-=^3'/^7o^3!^0d^0=-^6","2","2","0","","","0","0","0","0","0","0","0","0","0","0","0"
"2","duel_summary","duel","285","1789915429","1789915443","14","maps/mp/duel6","1","","0","","","0","iphash:fa31973a","^0-=^3'/^7o^3!^0d^0=-^6","2","2","bot:/botfiles/trandoshan.jkb","Trandoshan","0","2","0","seeing","push","0","0","0","0","0","0","0","0","0","0","0"
"2","duel_summary","duel","286","1789915465","1789915485","20","maps/mp/duel6","1","","0","","","0","iphash:fa31973a","^0-=^3'/^7o^3!^0d^0=-^6","2","2","bot:/botfiles/trandoshan.jkb","Trandoshan","0","2","0","unknown","pull","0","0","0","0","0","0","0","0","0","0","0"
"2","duel_summary","duel","287","1789915523","1789915530","7","maps/mp/duel6","1","","0","","","0","bot:/botfiles/trandoshan.jkb","Trandoshan","0","2","iphash:fa31973a","^0-=^3'/^7o^3!^0d^0=-^6","2","2","0","unknown","seeing","0","0","0","0","0","0","0","0","0","0","0"
"2","duel_summary","duel","288","1789915820","1789915822","2","maps/mp/duel6","1","","0","","","0","bot:/botfiles/desann.jkb","Desann","0","2","iphash:fa31973a","^0-=^3'/^7o^3!^0d^0=-^6","2","2","0","","","0","0","0","0","0","0","0","0","0","0","0"
"2","duel_summary","duel","289","1789915900","1789915905","5","maps/mp/duel6","1","","0","","","0","bot:/botfiles/desann.jkb","Desann","0","2","iphash:fa31973a","^0-=^3'/^7o^3!^0d^0=-^6","2","2","0","","","0","0","0","0","0","0","0","0","0","0","0"
"2","duel_summary","duel","290","1789915935","1789915938","3","maps/mp/duel6","1","","0","","","0","bot:/botfiles/desann.jkb","Desann","0","2","iphash:fa31973a","^0-=^3'/^7o^3!^0d^0=-^6","2","2","0","","","0","0","0","0","0","0","0","0","0","0","0"
"2","duel_summary","duel","291","1789916024","1789916058","34","maps/mp/duel6","1","","0","","","0","iphash:fa31973a","^0-=^3'/^7o^3!^0d^0=-^6","2","2","bot:/botfiles/desann.jkb","Desann","0","2","0","seeing","grip","0","0","0","0","0","0","0","0","0","0","0"
"2","duel_summary","duel","292","1789916061","1789916063","2","maps/mp/duel6","1","","0","","","0","bot:/botfiles/desann.jkb","Desann","0","2","iphash:fa31973a","^0-=^3'/^7o^3!^0d^0=-^6","2","2","0","","","0","0","0","0","0","0","0","0","0","0","0"
"2","duel_summary","duel","293","1789916137","1789916139","2","maps/mp/duel6","1","","0","","","0","bot:/botfiles/desann.jkb","Desann","0","2","iphash:fa31973a","^0-=^3'/^7o^3!^0d^0=-^6","2","2","0","","","0","0","0","0","0","0","0","0","0","0","0"
"2","duel_summary","duel","294","1789916151","1789916158","7","maps/mp/duel6","1","","0","","","0","bot:/botfiles/desann.jkb","Desann","0","2","user:void","void","1","2","0","speed","","0","0","0","0","0","0","0","0","0","0","0"
"2","duel_summary","duel","295","1789916229","1789916250","21","maps/mp/duel6","1","","0","","","0","user:void","void","1","2","bot:/botfiles/desann.jkb","Desann","0","2","0","seeing","speed","0","0","0","0","0","0","0","0","0","0","0"
"2","duel_summary","duel","296","1789916253","1789916271","18","maps/mp/duel6","1","","0","","","0","user:void","void","1","2","bot:/botfiles/desann.jkb","Desann","0","2","0","unknown","drain","0","0","0","0","0","0","0","0","0","0","0"
"2","duel_summary","duel","297","1789916292","1789916296","4","maps/mp/duel6","1","","0","","","0","bot:/botfiles/imperial.jkb","Imperial","0","2","user:void","void","1","2","0","speed","","0","0","0","0","0","0","0","0","0","0","0"
"2","duel_summary","duel","298","1789916315","1789916328","13","maps/mp/duel6","1","","0","","","0","bot:/botfiles/desann.jkb","Desann^7[0]","0","2","user:void","void","1","2","0","drain","seeing","0","0","0","0","0","0","0","0","0","0","0"
"2","duel_summary","duel","299","1789916341","1789916403","62","maps/mp/duel6","1","","0","","","0","user:void","void","1","2","bot:/botfiles/desann.jkb","Desann^7[0]","0","2","0","seeing","unknown","0","0","0","0","0","0","0","0","0","0","0"
"2","duel_summary","duel","300","1789916406","1789916423","17","maps/mp/duel6","1","","0","","","0","bot:/botfiles/desann.jkb","Desann^7[0]","0","2","user:void","void","1","2","0","pull","unknown","0","0","0","0","0","0","0","0","0","0","0"
"2","duel_summary","duel","301","1789926521","1789926528","7","maps/mp/ffa3","1","","0","","","0","bot:/botfiles/imperial.jkb","Imperial","0","2","iphash:fa31973a","Padawan","2","2","0","drain","seeing","0","0","0","0","0","0","0","0","0","0","0"
"2","duel_summary","duel","302","1789926556","1789926586","30","maps/mp/ffa3","1","","0","","","0","iphash:fa31973a","Padawan","2","2","bot:/botfiles/desann.jkb","Desann","0","2","0","unknown","speed","0","0","0","0","0","0","0","0","0","0","0"
"2","duel_summary","duel","303","1789926593","1789926628","35","maps/mp/ffa3","1","","0","","","0","bot:/botfiles/desann.jkb","Desann","0","2","iphash:fa31973a","Padawan","2","2","0","pull","seeing","0","0","0","0","0","0","0","0","0","0","0"
"2","duel_summary","duel","304","1789926731","1789926748","17","maps/mp/duel1","1","","0","","","0","bot:/botfiles/reborn.jkb","New_Reborn","0","2","iphash:fa31973a","Padawan","2","2","0","pull","seeing","0","0","0","0","0","0","0","0","0","0","0"
"2","duel_summary","duel","305","1789926759","1789926767","8","maps/mp/duel1","1","","0","","","0","iphash:fa31973a","Padawan","2","2","bot:/botfiles/reborn.jkb","New_Reborn","0","2","0","seeing","","0","0","0","0","0","0","0","0","0","0","0"
"2","duel_summary","duel","306","1789926771","1789926781","10","maps/mp/duel1","1","","0","","","0","iphash:fa31973a","Padawan","2","2","bot:/botfiles/reborn.jkb","New_Reborn","0","2","0","seeing","drain","0","0","0","0","0","0","0","0","0","0","0"
"2","duel_summary","duel","307","1789926784","1789926829","45","maps/mp/duel1","1","","0","","","0","bot:/botfiles/reborn.jkb","New_Reborn","0","2","iphash:fa31973a","Padawan","2","2","0","drain","seeing","0","0","0","0","0","0","0","0","0","0","0"
"2","duel_summary","duel","308","1789926832","1789926865","33","maps/mp/duel1","1","","0","","","0","bot:/botfiles/reborn.jkb","New_Reborn","0","2","iphash:fa31973a","Padawan","2","2","0","grip","unknown","0","0","0","0","0","0","0","0","0","0","0"
"2","duel_summary","duel","309","1789926878","1789926950","72","maps/mp/duel1","1","","0","","","0","bot:/botfiles/reborn.jkb","New_Reborn","0","2","iphash:fa31973a","Padawan","2","2","0","pull","unknown","0","0","0","0","0","0","0","0","0","0","0"
"2","duel_summary","duel","310","1789926964","1789926971","7","maps/mp/duel1","1","","0","","","0","iphash:fa31973a","Padawan","2","2","bot:/botfiles/reborn.jkb","New_Reborn","0","2","0","seeing","push","0","0","0","0","0","0","0","0","0","0","0"
"2","duel_summary","duel","311","1789926973","1789927003","30","maps/mp/duel1","1","","0","","","0","bot:/botfiles/reborn.jkb","New_Reborn","0","2","iphash:fa31973a","Padawan","2","2","0","push","seeing","0","0","0","0","0","0","0","0","0","0","0"
"2","duel_summary","duel","312","1789927008","1789927051","43","maps/mp/duel1","1","","0","","","0","iphash:fa31973a","Padawan","2","2","bot:/botfiles/reborn.jkb","New_Reborn","0","2","0","seeing","grip","0","0","0","0","0","0","0","0","0","0","0"
"2","duel_summary","duel","313","1789927054","1789927070","16","maps/mp/duel1","1","","0","","","0","bot:/botfiles/reborn.jkb","New_Reborn","0","2","iphash:fa31973a","Padawan","2","2","0","pull","unknown","0","0","0","0","0","0","0","0","0","0","0"
"2","duel_summary","duel","314","1789927084","1789927138","54","maps/mp/duel1","1","","0","","","0","bot:/botfiles/reborn.jkb","New_Reborn","0","2","iphash:fa31973a","Padawan","2","2","0","pull","unknown","0","0","0","0","0","0","0","0","0","0","0"
"2","duel_summary","duel","315","1789927153","1789927157","4","maps/mp/duel1","1","","0","","","0","bot:/botfiles/reborn.jkb","New_Reborn","0","2","iphash:fa31973a","Padawan","2","2","0","","","0","0","0","0","0","0","0","0","0","0","0"
"2","duel_summary","duel","316","1789927174","1789927192","18","maps/mp/duel1","1","","0","","","0","bot:/botfiles/reborn.jkb","New_Reborn","0","2","iphash:fa31973a","Padawan","2","2","0","speed","unknown","0","0","0","0","0","0","0","0","0","0","0"
"2","duel_summary","duel","317","1789927225","1789927244","19","maps/mp/duel1","1","","0","","","0","iphash:fa31973a","Padawan","2","2","bot:/botfiles/reborn.jkb","New_Reborn","0","2","0","unknown","pull","0","0","0","0","0","0","0","0","0","0","0"
"2","duel_summary","duel","318","1789927247","1789927272","25","maps/mp/duel1","1","","0","","","0","bot:/botfiles/reborn.jkb","New_Reborn","0","2","iphash:fa31973a","Padawan","2","2","0","pull","unknown","0","0","0","0","0","0","0","0","0","0","0"
"2","duel_summary","duel","319","1789927343","1789927389","46","maps/mp/duel1","1","","0","","","0","iphash:fa31973a","Padawan","2","2","bot:/botfiles/reborn.jkb","New_Reborn","0","2","0","seeing","push","0","0","0","0","0","0","0","0","0","0","0"
"2","duel_summary","duel","320","1789927392","1789927421","29","maps/mp/duel1","1","","0","","","0","bot:/botfiles/reborn.jkb","New_Reborn","0","2","iphash:fa31973a","Padawan","2","2","0","pull","seeing","0","0","0","0","0","0","0","0","0","0","0"
"2","duel_summary","duel","321","1789933543","1789933554","11","maps/mp/ffa3","1","","0","","","0","bot:/botfiles/hardds.jkb","Imperial","0","2","iphash:fa31973a","Padawan","2","2","0","seeing","unknown","0","0","0","0","0","0","0","0","0","0","0"
"2","duel_summary","duel","322","1789933567","1789933604","37","maps/mp/ffa3","1","","0","","","0","bot:/botfiles/hardds.jkb","Imperial","0","2","iphash:fa31973a","Padawan","2","2","0","grip","unknown","0","0","0","0","0","0","0","0","0","0","0"
"2","duel_summary","duel","323","1789933609","1789933632","23","maps/mp/ffa3","1","","0","","","0","bot:/botfiles/hardds.jkb","Imperial","0","2","user:void","void","1","2","0","speed","seeing","0","0","0","0","0","0","0","0","0","0","0"
"2","duel_summary","duel","324","1789933638","1789933672","34","maps/mp/ffa3","1","","0","","","0","bot:/botfiles/hardds.jkb","Imperial","0","2","user:void","void","1","2","0","pull","seeing","0","0","0","0","0","0","0","0","0","0","0"
"2","duel_summary","duel","325","1789933681","1789933712","31","maps/mp/ffa3","1","","0","","","0","user:void","void","1","2","bot:/botfiles/hardds.jkb","Imperial","0","2","0","seeing","unknown","0","0","0","0","0","0","0","0","0","0","0"
"2","duel_summary","duel","326","1789933716","1789933817","101","maps/mp/ffa3","1","","0","","","0","bot:/botfiles/hardds.jkb","Imperial","0","2","user:void","void","1","2","0","drain","seeing","0","0","0","0","0","0","0","0","0","0","0"
"2","duel_summary","duel","327","1789933826","1789933859","33","maps/mp/ffa3","1","","0","","","0","user:void","void","1","2","bot:/botfiles/hardds.jkb","Imperial","0","2","0","seeing","push","0","0","0","0","0","0","0","0","0","0","0"
"2","duel_summary","duel","328","1789933868","1789933910","42","maps/mp/ffa3","1","","0","","","0","bot:/botfiles/hardds.jkb","Imperial","0","2","user:void","void","1","2","0","pull","seeing","0","0","0","0","0","0","0","0","0","0","0"
"2","duel_summary","duel","329","1789933915","1789933957","42","maps/mp/ffa3","1","","0","","","0","user:void","void","1","2","bot:/botfiles/hardds.jkb","Imperial","0","2","0","unknown","pull","0","0","0","0","0","0","0","0","0","0","0"
"2","duel_summary","duel","330","1789933961","1789933985","24","maps/mp/ffa3","1","","0","","","0","bot:/botfiles/hardds.jkb","Imperial","0","2","user:void","void","1","2","0","drain","seeing","0","0","0","0","0","0","0","0","0","0","0"
"2","duel_summary","duel","331","1789934007","1789934050","43","maps/mp/ffa3","1","","0","","","0","bot:/botfiles/hardds.jkb","Imperial","0","2","user:void","void","1","2","0","push","seeing","0","0","0","0","0","0","0","0","0","0","0"
"2","duel_summary","duel","332","1789934054","1789934082","28","maps/mp/ffa3","1","","0","","","0","bot:/botfiles/hardds.jkb","Imperial","0","2","user:void","void","1","2","0","pull","seeing","0","0","0","0","0","0","0","0","0","0","0"
"2","duel_summary","duel","333","1789934101","1789934152","51","maps/mp/ffa3","1","","0","","","0","bot:/botfiles/hardds.jkb","Desann","0","2","user:void","void","1","2","0","push","seeing","0","0","0","0","0","0","0","0","0","0","0"
"2","duel_summary","duel","334","1789934155","1789934205","50","maps/mp/ffa3","1","","0","","","0","bot:/botfiles/hardds.jkb","Desann","0","2","user:void","void","1","2","0","pull","seeing","0","0","0","0","0","0","0","0","0","0","0"
"2","duel_summary","duel","335","1789934291","1789934314","23","maps/mp/ffa3","1","","0","","","0","bot:/botfiles/hardds.jkb","Desann","0","2","user:void","void","1","2","0","pull","seeing","0","0","0","0","0","0","0","0","0","0","0"
"2","duel_summary","duel","336","1789934324","1789934384","60","maps/mp/ffa3","1","","0","","","0","bot:/botfiles/hardds.jkb","Desann","0","2","user:void","void","1","2","0","pull","seeing","0","0","0","0","0","0","0","0","0","0","0"
"2","duel_summary","duel","337","1789934399","1789934455","56","maps/mp/ffa3","1","","0","","","0","bot:/botfiles/hardds.jkb","Desann","0","2","user:void","void","1","2","0","drain","seeing","0","0","0","0","0","0","0","0","0","0","0"
"2","duel_summary","duel","338","1789934457","1789934480","23","maps/mp/ffa3","1","","0","","","0","bot:/botfiles/hardds.jkb","Desann","0","2","user:void","void","1","2","0","pull","unknown","0","0","0","0","0","0","0","0","0","0","0"
"2","duel_summary","duel","339","1789934497","1789934526","29","maps/mp/ffa3","1","","0","","","0","iphash:fa31973a","^0-=^3'/^7o^3!^0d^0=-^6","2","2","bot:/botfiles/hardds.jkb","Desann","0","2","0","seeing","speed","0","0","0","0","0","0","0","0","0","0","0"
"2","duel_summary","duel","340","1789934530","1789934559","29","maps/mp/ffa3","1","","0","","","0","bot:/botfiles/hardds.jkb","Desann","0","2","iphash:fa31973a","^0-=^3'/^7o^3!^0d^0=-^6","2","2","0","drain","seeing","0","0","0","0","0","0","0","0","0","0","0"
"2","duel_summary","duel","341","1789934563","1789934591","28","maps/mp/ffa3","1","","0","","","0","iphash:fa31973a","^0-=^3'/^7o^3!^0d^0=-^6","2","2","bot:/botfiles/hardds.jkb","Desann","0","2","0","unknown","pull","0","0","0","0","0","0","0","0","0","0","0"
"2","duel_summary","duel","342","1789934594","1789934603","9","maps/mp/ffa3","1","","0","","","0","iphash:fa31973a","^0-=^3'/^7o^3!^0d^0=-^6","2","2","bot:/botfiles/hardds.jkb","Desann","0","2","0","seeing","drain","0","0","0","0","0","0","0","0","0","0","0"
"2","duel_summary","duel","343","1789934611","1789934689","78","maps/mp/ffa3","1","","0","","","0","bot:/botfiles/hardds.jkb","Desann","0","2","user:void","void","1","2","0","push","seeing","0","0","0","0","0","0","0","0","0","0","0"
"2","duel_summary","duel","344","1789934909","1789934941","32","maps/mp/ffa3","1","","0","","","0","iphash:fa31973a","^0-=^3'/^7o^3!^0d^0=-^6","2","2","bot:/botfiles/hardds.jkb","Desann","0","2","0","seeing","pull","0","0","0","0","0","0","0","0","0","0","0"
"2","duel_summary","duel","345","1789934944","1789934963","19","maps/mp/ffa3","1","","0","","","0","bot:/botfiles/hardds.jkb","Desann","0","2","iphash:fa31973a","Padawan^7[0]","2","2","0","drain","seeing","0","0","0","0","0","0","0","0","0","0","0"
"2","duel_summary","duel","346","1789935011","1789935018","7","maps/mp/ffa3","1","","0","","","0","iphash:fa31973a","Padawan^7[0]","2","2","bot:/botfiles/hardds.jkb","Imperial","0","2","0","seeing","","0","0","0","0","0","0","0","0","0","0","0"
"2","duel_summary","duel","347","1789935025","1789935031","6","maps/mp/ffa3","1","","0","","","0","iphash:fa31973a","Padawan^7[0]","2","2","bot:/botfiles/hardds.jkb","Imperial","0","2","0","seeing","","0","0","0","0","0","0","0","0","0","0","0"
"2","duel_summary","duel","348","1789935169","1789935215","46","maps/mp/ffa3","1","","0","","","0","user:void","void","1","2","bot:/botfiles/hardds.jkb","Imperial","0","2","0","unknown","speed","0","0","0","0","0","0","0","0","0","0","0"
"2","duel_summary","duel","349","1789935220","1789935342","122","maps/mp/ffa3","1","","0","","","0","bot:/botfiles/hardds.jkb","Imperial","0","2","user:void","void","1","2","0","push","unknown","0","0","0","0","0","0","0","0","0","0","0"
"2","duel_summary","duel","350","1789935345","1789935386","41","maps/mp/ffa3","1","","0","","","0","user:void","void","1","2","bot:/botfiles/hardds.jkb","Imperial","0","2","0","seeing","unknown","0","0","0","0","0","0","0","0","0","0","0"
"2","duel_summary","duel","351","1789935389","1789935442","53","maps/mp/ffa3","1","","0","","","0","bot:/botfiles/hardds.jkb","Imperial","0","2","user:void","void","1","2","0","push","unknown","0","0","0","0","0","0","0","0","0","0","0"
"2","duel_summary","duel","352","1789935446","1789935486","40","maps/mp/ffa3","1","","0","","","0","user:void","void","1","2","bot:/botfiles/hardds.jkb","Imperial","0","2","0","seeing","grip","0","0","0","0","0","0","0","0","0","0","0"
"2","duel_summary","duel","353","1789935488","1789935584","96","maps/mp/ffa3","1","","0","","","0","user:void","void","1","2","bot:/botfiles/hardds.jkb","Imperial","0","2","0","seeing","drain","0","0","0","0","0","0","0","0","0","0","0"
"2","duel_summary","duel","354","1789935590","1789935619","29","maps/mp/ffa3","1","","0","","","0","user:void","void","1","2","bot:/botfiles/hardds.jkb","Imperial","0","2","0","seeing","push","0","0","0","0","0","0","0","0","0","0","0"
"2","duel_summary","duel","355","1789935622","1789935736","114","maps/mp/ffa3","1","","0","","","0","user:void","void","1","2","bot:/botfiles/hardds.jkb","Imperial","0","2","0","seeing","drain","0","0","0","0","0","0","0","0","0","0","0"
"2","duel_summary","duel","356","1789935785","1789935819","34","maps/mp/ffa3","1","","0","","","0","bot:/botfiles/hardds.jkb","Desann","0","2","user:void","void","1","2","0","speed","seeing","0","0","0","0","0","0","0","0","0","0","0"
"2","duel_summary","duel","357","1789935827","1789935868","41","maps/mp/ffa3","1","","0","","","0","user:void","void","1","2","bot:/botfiles/hardds4.jkb","Reborn_Twin","0","2","0","unknown","push","0","0","0","0","0","0","0","0","0","0","0"
"2","duel_summary","duel","358","1789935875","1789935895","20","maps/mp/ffa3","1","","0","","","0","user:void","void","1","2","bot:/botfiles/hardds4.jkb","Reborn_Twin","0","2","0","unknown","push","0","0","0","0","0","0","0","0","0","0","0"
"2","duel_summary","duel","359","1789935970","1789936025","55","maps/mp/ffa3","1","","0","","","0","user:void","void","1","2","bot:/botfiles/hardds4.jkb","Reborn_Twin","0","2","0","unknown","push","0","0","0","0","0","0","0","0","0","0","0"
"2","duel_summary","duel","360","1789936028","1789936041","13","maps/mp/ffa3","1","","0","","","0","user:void","void","1","2","bot:/botfiles/hardds4.jkb","Reborn_Twin","0","2","0","seeing","pull","0","0","0","0","0","0","0","0","0","0","0"
"2","duel_summary","duel","361","1789936045","1789936051","6","maps/mp/ffa3","1","","0","","","0","user:void","void","1","2","bot:/botfiles/hardds4.jkb","Reborn_Twin","0","2","0","seeing","","0","0","0","0","0","0","0","0","0","0","0"
"2","duel_summary","duel","362","1789936054","1789936098","44","maps/mp/ffa3","1","","0","","","0","user:void","void","1","2","bot:/botfiles/hardds4.jkb","Reborn_Twin","0","2","0","seeing","push","0","0","0","0","0","0","0","0","0","0","0"
"2","duel_summary","duel","363","1789936100","1789936114","14","maps/mp/ffa3","1","","0","","","0","user:void","void","1","2","bot:/botfiles/hardds4.jkb","Reborn_Twin","0","2","0","seeing","unknown","0","0","0","0","0","0","0","0","0","0","0"
"2","duel_summary","duel","364","1789936116","1789936139","23","maps/mp/ffa3","1","","0","","","0","bot:/botfiles/hardds4.jkb","Reborn_Twin","0","2","user:void","void","1","2","0","drain","seeing","0","0","0","0","0","0","0","0","0","0","0"
"2","duel_summary","duel","365","1789936146","1789936188","42","maps/mp/ffa3","1","","0","","","0","bot:/botfiles/hardds.jkb","Desann","0","2","user:void","void","1","2","0","pull","unknown","0","0","0","0","0","0","0","0","0","0","0"
"2","duel_summary","duel","366","1789936194","1789936220","26","maps/mp/ffa3","1","","0","","","0","bot:/botfiles/hardds.jkb","Desann","0","2","user:void","void","1","2","0","drain","seeing","0","0","0","0","0","0","0","0","0","0","0"
"2","duel_summary","duel","367","1789936224","1789936255","31","maps/mp/ffa3","1","","0","","","0","bot:/botfiles/hardds.jkb","Desann","0","2","user:void","void","1","2","0","pull","unknown","0","0","0","0","0","0","0","0","0","0","0"
"2","duel_summary","duel","368","1789936259","1789936295","36","maps/mp/ffa3","1","","0","","","0","bot:/botfiles/hardds.jkb","Desann","0","2","user:void","void","1","2","0","pull","unknown","0","0","0","0","0","0","0","0","0","0","0"
"2","duel_summary","duel","369","1789936305","1789936372","67","maps/mp/ffa3","1","","0","","","0","bot:/botfiles/hardds.jkb","Desann","0","2","user:void","void","1","2","0","drain","seeing","0","0","0","0","0","0","0","0","0","0","0"
"2","duel_summary","duel","370","1789936376","1789936410","34","maps/mp/ffa3","1","","0","","","0","user:void","void","1","2","bot:/botfiles/hardds.jkb","Desann","0","2","0","seeing","unknown","0","0","0","0","0","0","0","0","0","0","0"
"2","duel_summary","duel","371","1789936414","1789936451","37","maps/mp/ffa3","1","","0","","","0","bot:/botfiles/hardds.jkb","Desann","0","2","user:void","void","1","2","0","pull","seeing","0","0","0","0","0","0","0","0","0","0","0"
"2","duel_summary","duel","372","1789936455","1789936531","76","maps/mp/ffa3","1","","0","","","0","bot:/botfiles/hardds.jkb","Desann","0","2","user:void","void","1","2","0","pull","unknown","0","0","0","0","0","0","0","0","0","0","0"
"2","duel_summary","duel","373","1789936533","1789936572","39","maps/mp/ffa3","1","","0","","","0","user:void","void","1","2","bot:/botfiles/hardds.jkb","Desann","0","2","0","unknown","pull","0","0","0","0","0","0","0","0","0","0","0"
"2","duel_summary","duel","374","1789936575","1789936611","36","maps/mp/ffa3","1","","0","","","0","bot:/botfiles/hardds.jkb","Desann","0","2","user:void","void","1","2","0","drain","seeing","0","0","0","0","0","0","0","0","0","0","0"
"2","duel_summary","duel","375","1789936614","1789936634","20","maps/mp/ffa3","1","","0","","","0","bot:/botfiles/hardds.jkb","Desann","0","2","user:void","void","1","2","0","drain","seeing","0","0","0","0","0","0","0","0","0","0","0"
"2","duel_summary","duel","376","1789936638","1789936689","51","maps/mp/ffa3","1","","0","","","0","user:void","void","1","2","bot:/botfiles/hardds.jkb","Desann","0","2","0","seeing","grip","0","0","0","0","0","0","0","0","0","0","0"
"2","duel_summary","duel","377","1789936692","1789936717","25","maps/mp/ffa3","1","","0","","","0","bot:/botfiles/hardds.jkb","Desann","0","2","user:void","void","1","2","0","drain","unknown","0","0","0","0","0","0","0","0","0","0","0"
"2","duel_summary","duel","378","1789946923","1789946950","27","maps/mp/ffa3","1","","0","","","0","user:void","void","1","2","bot:/botfiles/mediumds.jkb","galak","0","2","0","seeing","unknown","0","0","0","0","0","0","0","0","0","0","0"
"2","duel_summary","duel","379","1789946967","1789946986","19","maps/mp/ffa3","1","","0","","","0","user:void","void","1","2","bot:/botfiles/mediumds.jkb","galak","0","2","0","unknown","pull","0","0","0","0","0","0","0","0","0","0","0"
"2","duel_summary","duel","380","1789946990","1789947009","19","maps/mp/ffa3","1","","0","","","0","user:void","void","1","2","bot:/botfiles/mediumds.jkb","galak","0","2","0","seeing","drain","0","0","0","0","0","0","0","0","0","0","0"
"2","duel_summary","duel","381","1789947026","1789947112","86","maps/mp/ffa3","1","","0","","","0","user:void","void","1","2","iphash:ba05fd77","^0ff^7'^0Gòónat¡Ç","2","2","0","seeing","seeing","0","0","0","0","0","0","0","0","0","0","0"
"2","duel_summary","duel","382","1789947115","1789947155","40","maps/mp/ffa3","1","","0","","","0","user:void","void","1","2","user:goon","goon","1","2","0","seeing","seeing","0","0","0","0","0","0","0","0","0","0","0"
"2","duel_summary","duel","383","1789947166","1789947244","78","maps/mp/ffa3","1","","0","","","0","user:goon","goon","1","2","user:void","void","1","2","0","seeing","unknown","0","0","0","0","0","0","0","0","0","0","0"
"2","duel_summary","duel","384","1789947250","1789947276","26","maps/mp/ffa3","1","","0","","","0","user:void","void","1","2","user:goon","goon","1","2","0","seeing","seeing","0","0","0","0","0","0","0","0","0","0","0"
"2","duel_summary","duel","385","1789947281","1789947314","33","maps/mp/ffa3","1","","0","","","0","user:void","void","1","2","user:goon","goon","1","2","0","unknown","seeing","0","0","0","0","0","0","0","0","0","0","0"
"2","duel_summary","duel","386","1789947319","1789947379","60","maps/mp/ffa3","1","","0","","","0","user:void","void","1","2","user:goon","goon","1","2","0","seeing","seeing","0","0","0","0","0","0","0","0","0","0","0"
"2","duel_summary","duel","387","1789947386","1789947435","49","maps/mp/ffa3","1","","0","","","0","user:void","void","1","2","user:goon","goon","1","2","0","seeing","seeing","0","0","0","0","0","0","0","0","0","0","0"
"2","duel_summary","duel","388","1789947462","1789947520","58","maps/mp/ffa3","1","","0","","","0","user:void","void","1","2","user:goon","goon","1","2","0","seeing","seeing","0","0","0","0","0","0","0","0","0","0","0"
"2","duel_summary","duel","389","1789947525","1789947565","40","maps/mp/ffa3","1","","0","","","0","user:void","void","1","2","user:goon","goon","1","2","0","seeing","seeing","0","0","0","0","0","0","0","0","0","0","0"
"2","duel_summary","duel","390","1789947571","1789947649","78","maps/mp/ffa3","1","","0","","","0","user:goon","goon","1","2","user:void","void","1","2","0","seeing","seeing","0","0","0","0","0","0","0","0","0","0","0"
"2","duel_summary","duel","391","1789947654","1789947716","62","maps/mp/ffa3","1","","0","","","0","user:goon","goon","1","2","user:void","void","1","2","0","seeing","seeing","0","0","0","0","0","0","0","0","0","0","0"
"2","duel_summary","duel","392","1789947722","1789947738","16","maps/mp/ffa3","1","","0","","","0","user:void","void","1","2","user:goon","goon","1","2","0","seeing","seeing","0","0","0","0","0","0","0","0","0","0","0"
"2","duel_summary","duel","393","1789947741","1789947748","7","maps/mp/ffa3","1","","0","","","0","user:goon","goon","1","2","user:void","void","1","2","0","seeing","seeing","0","0","0","0","0","0","0","0","0","0","0"
"2","duel_summary","duel","394","1789947753","1789947817","64","maps/mp/ffa3","1","","0","","","0","user:goon","goon","1","2","user:void","void","1","2","0","seeing","seeing","0","0","0","0","0","0","0","0","0","0","0"
"2","duel_summary","duel","395","1789947822","1789947844","22","maps/mp/ffa3","1","","0","","","0","user:goon","goon","1","2","user:void","void","1","2","0","seeing","unknown","0","0","0","0","0","0","0","0","0","0","0"
"2","duel_summary","duel","396","1789947849","1789947917","68","maps/mp/ffa3","1","","0","","","0","user:goon","goon","1","2","user:void","void","1","2","0","seeing","seeing","0","0","0","0","0","0","0","0","0","0","0"
"2","duel_summary","duel","397","1789947921","1789947953","32","maps/mp/ffa3","1","","0","","","0","user:void","void","1","2","user:goon","goon","1","2","0","seeing","unknown","0","0","0","0","0","0","0","0","0","0","0"
"2","duel_summary","duel","398","1789948042","1789948078","36","maps/mp/ffa3","1","","0","","","0","user:goon","goon","1","2","user:void","void","1","2","0","seeing","seeing","0","0","0","0","0","0","0","0","0","0","0"
"2","duel_summary","duel","399","1789948083","1789948156","73","maps/mp/ffa3","1","","0","","","0","user:goon","goon","1","2","user:void","void","1","2","0","seeing","seeing","0","0","0","0","0","0","0","0","0","0","0"
"2","duel_summary","duel","400","1789948160","1789948228","68","maps/mp/ffa3","1","","0","","","0","user:void","void","1","2","user:goon","goon","1","2","0","seeing","seeing","0","0","0","0","0","0","0","0","0","0","0"
"2","duel_summary","duel","401","1789948410","1789948466","56","maps/mp/ffa3","1","","0","","","0","user:void","void","1","2","user:goon","goon","1","2","0","seeing","seeing","0","0","0","0","0","0","0","0","0","0","0"
"2","duel_summary","duel","402","1789948471","1789948498","27","maps/mp/ffa3","1","","0","","","0","user:goon","goon","1","2","user:void","void","1","2","0","seeing","unknown","0","0","0","0","0","0","0","0","0","0","0"
"2","duel_summary","duel","403","1789948502","1789948586","84","maps/mp/ffa3","1","","0","","","0","user:void","void","1","2","user:goon","goon","1","2","0","seeing","seeing","0","0","0","0","0","0","0","0","0","0","0"
"2","duel_summary","duel","404","1789948590","1789948636","46","maps/mp/ffa3","1","","0","","","0","user:void","void","1","2","user:goon","goon","1","2","0","seeing","seeing","0","0","0","0","0","0","0","0","0","0","0"
"2","duel_summary","duel","405","1789948708","1789948746","38","maps/mp/ffa3","1","","0","","","0","user:void","void","1","2","bot:/botfiles/hardds.jkb","Desann","0","2","0","seeing","pull","0","0","0","0","0","0","0","0","0","0","0"
"2","duel_summary","duel","406","1789948751","1789948874","123","maps/mp/ffa3","1","","0","","","0","user:void","void","1","2","bot:/botfiles/hardds.jkb","Desann","0","2","0","unknown","pull","0","0","0","0","0","0","0","0","0","0","0"
"2","duel_summary","duel","407","1789948892","1789948925","33","maps/mp/ffa3","1","","0","","","0","user:void","void","1","2","bot:/botfiles/hardds.jkb","Desann","0","2","0","unknown","drain","0","0","0","0","0","0","0","0","0","0","0"
"2","duel_summary","duel","408","1789948929","1789948951","22","maps/mp/ffa3","1","","0","","","0","user:void","void","1","2","bot:/botfiles/hardds.jkb","Desann","0","2","0","seeing","push","0","0","0","0","0","0","0","0","0","0","0"
"2","duel_summary","duel","409","1789948954","1789948968","14","maps/mp/ffa3","1","","0","","","0","user:void","void","1","2","bot:/botfiles/hardds.jkb","Desann","0","2","0","seeing","push","0","0","0","0","0","0","0","0","0","0","0"
"2","duel_summary","duel","410","1789948971","1789948995","24","maps/mp/ffa3","1","","0","","","0","bot:/botfiles/hardds.jkb","Desann","0","2","user:void","void","1","2","0","pull","seeing","0","0","0","0","0","0","0","0","0","0","0"
"2","duel_summary","duel","411","1789949019","1789949076","57","maps/mp/ffa3","1","","0","","","0","user:void","void","1","2","bot:/botfiles/hardds.jkb","Desann","0","2","0","unknown","speed","0","0","0","0","0","0","0","0","0","0","0"
"2","duel_summary","duel","412","1789949168","1789949197","29","maps/mp/ffa3","1","","0","","","0","user:void","void","1","2","bot:/botfiles/mediumds.jkb","galak","0","2","0","seeing","unknown","0","0","0","0","0","0","0","0","0","0","0"
"2","duel_summary","duel","413","1789948845","1789949369","524","maps/mp/ffa3","1","","0","","","0","user:goon","goon","1","2","bot:/botfiles/mediumds.jkb","Cultist","0","2","0","seeing","drain","0","0","0","0","0","0","0","0","0","0","0"
"2","duel_summary","duel","414","1789949374","1789949405","31","maps/mp/ffa3","1","","0","","","0","user:goon","goon","1","2","bot:/botfiles/mediumds.jkb","Cultist","0","2","0","seeing","pull","0","0","0","0","0","0","0","0","0","0","0"
"2","duel_summary","duel","415","1789949408","1789949436","28","maps/mp/ffa3","1","","0","","","0","bot:/botfiles/mediumds.jkb","Cultist","0","2","user:goon","goon","1","2","0","push","seeing","0","0","0","0","0","0","0","0","0","0","0"
"2","duel_summary","duel","416","1789949440","1789949445","5","maps/mp/ffa3","1","","0","","","0","user:goon","goon","1","2","bot:/botfiles/mediumds.jkb","Cultist","0","2","0","seeing","push","0","0","0","0","0","0","0","0","0","0","0"
"2","duel_summary","duel","417","1789949449","1789949507","58","maps/mp/ffa3","1","","0","","","0","user:goon","goon","1","2","bot:/botfiles/mediumds.jkb","Cultist","0","2","0","seeing","grip","0","0","0","0","0","0","0","0","0","0","0"
"2","duel_summary","duel","418","1789949515","1789949638","123","maps/mp/ffa3","1","","0","","","0","user:goon","goon","1","2","bot:/botfiles/mediumds.jkb","Cultist","0","2","0","seeing","pull","0","0","0","0","0","0","0","0","0","0","0"
"2","duel_summary","duel","419","1789949642","1789949709","67","maps/mp/ffa3","1","","0","","","0","user:goon","goon","1","2","bot:/botfiles/mediumds.jkb","Cultist","0","2","0","seeing","grip","0","0","0","0","0","0","0","0","0","0","0"
"2","duel_summary","duel","420","1789949848","1789949904","56","maps/mp/ffa3","1","","0","","","0","user:goon","goon","1","2","user:void","void","1","2","0","seeing","unknown","0","0","0","0","0","0","0","0","0","0","0"
"2","duel_summary","duel","421","1789949910","1789949988","78","maps/mp/ffa3","1","","0","","","0","user:goon","goon","1","2","user:void","void","1","2","0","seeing","seeing","0","0","0","0","0","0","0","0","0","0","0"
"2","duel_summary","duel","422","1789949994","1789950004","10","maps/mp/ffa3","1","","0","","","0","user:void","void","1","2","user:goon","goon","1","2","0","seeing","seeing","0","0","0","0","0","0","0","0","0","0","0"
"2","duel_summary","duel","423","1789950015","1789950078","63","maps/mp/ffa3","1","","0","","","0","user:void","void","1","2","user:goon","goon","1","2","0","seeing","seeing","0","0","0","0","0","0","0","0","0","0","0"
"2","duel_summary","duel","424","1789950087","1789950117","30","maps/mp/ffa3","1","","0","","","0","user:goon","goon","1","2","user:void","void","1","2","0","seeing","seeing","0","0","0","0","0","0","0","0","0","0","0"
"2","duel_summary","duel","425","1789950120","1789950154","34","maps/mp/ffa3","1","","0","","","0","user:void","void","1","2","user:goon","goon","1","2","0","seeing","seeing","0","0","0","0","0","0","0","0","0","0","0"
"2","duel_summary","duel","426","1789950162","1789950200","38","maps/mp/ffa3","1","","0","","","0","user:void","void","1","2","user:goon","goon","1","2","0","seeing","seeing","0","0","0","0","0","0","0","0","0","0","0"
"2","duel_summary","duel","427","1789950203","1789950256","53","maps/mp/ffa3","1","","0","","","0","user:goon","goon","1","2","user:void","void","1","2","0","seeing","seeing","0","0","0","0","0","0","0","0","0","0","0"
"2","duel_summary","duel","428","1789950262","1789950314","52","maps/mp/ffa3","1","","0","","","0","user:void","void","1","2","user:goon","goon","1","2","0","seeing","unknown","0","0","0","0","0","0","0","0","0","0","0"
"2","duel_summary","duel","429","1789950337","1789950440","103","maps/mp/ffa3","1","","0","","","0","user:goon","goon","1","2","user:void","void","1","2","0","seeing","seeing","0","0","0","0","0","0","0","0","0","0","0"
"2","duel_summary","duel","430","1789950448","1789950474","26","maps/mp/ffa3","1","","0","","","0","user:goon","goon","1","2","user:void","void","1","2","0","seeing","seeing","0","0","0","0","0","0","0","0","0","0","0"
"2","duel_summary","duel","431","1789950480","1789950513","33","maps/mp/ffa3","1","","0","","","0","user:goon","goon","1","2","user:void","void","1","2","0","seeing","seeing","0","0","0","0","0","0","0","0","0","0","0"
"2","duel_summary","duel","432","1789950548","1789950584","36","maps/mp/ffa3","1","","0","","","0","user:goon","goon","1","2","user:void","void","1","2","0","seeing","seeing","0","0","0","0","0","0","0","0","0","0","0"
"2","duel_summary","duel","433","1789950593","1789950613","20","maps/mp/ffa3","1","","0","","","0","user:goon","goon","1","2","user:void","void","1","2","0","seeing","seeing","0","0","0","0","0","0","0","0","0","0","0"
"2","duel_summary","duel","434","1789950624","1789950637","13","maps/mp/ffa3","1","","0","","","0","user:void","void","1","2","user:goon","goon","1","2","0","seeing","seeing","0","0","0","0","0","0","0","0","0","0","0"
"2","duel_summary","duel","435","1789950648","1789950670","22","maps/mp/ffa3","1","","0","","","0","user:goon","goon","1","2","user:void","void","1","2","0","seeing","seeing","0","0","0","0","0","0","0","0","0","0","0"
"2","duel_summary","duel","436","1789950676","1789950752","76","maps/mp/ffa3","1","","0","","","0","user:void","void","1","2","user:goon","goon","1","2","0","unknown","seeing","0","0","0","0","0","0","0","0","0","0","0"
"2","duel_summary","duel","437","1789950756","1789950785","29","maps/mp/ffa3","1","","0","","","0","user:goon","goon","1","2","user:void","void","1","2","0","seeing","seeing","0","0","0","0","0","0","0","0","0","0","0"
"2","duel_summary","duel","438","1789950796","1789950824","28","maps/mp/ffa3","1","","0","","","0","user:void","void","1","2","user:goon","goon","1","2","0","seeing","seeing","0","0","0","0","0","0","0","0","0","0","0"
"2","duel_summary","duel","439","1789950827","1789950855","28","maps/mp/ffa3","1","","0","","","0","user:void","void","1","2","user:goon","goon","1","2","0","seeing","seeing","0","0","0","0","0","0","0","0","0","0","0"
"2","duel_summary","duel","440","1789950864","1789950908","44","maps/mp/ffa3","1","","0","","","0","user:void","void","1","2","user:goon","goon","1","2","0","seeing","seeing","0","0","0","0","0","0","0","0","0","0","0"
"2","duel_summary","duel","441","1789951350","1789951374","24","maps/mp/ffa3","1","","0","","","0","user:void","void","1","2","user:jundon","jundon","1","2","0","seeing","seeing","0","0","0","0","0","0","0","0","0","0","0"
"2","duel_summary","duel","442","1789951380","1789951516","136","maps/mp/ffa3","1","","0","","","0","user:void","void","1","2","user:jundon","jundon","1","2","0","seeing","seeing","0","0","0","0","0","0","0","0","0","0","0"
"2","duel_summary","duel","443","1789951522","1789951574","52","maps/mp/ffa3","1","","0","","","0","user:jundon","jundon","1","2","user:void","void","1","2","0","seeing","seeing","0","0","0","0","0","0","0","0","0","0","0"
"2","duel_summary","duel","444","1789951581","1789951610","29","maps/mp/ffa3","1","","0","","","0","user:jundon","jundon","1","2","user:void","void","1","2","0","seeing","unknown","0","0","0","0","0","0","0","0","0","0","0"
"2","duel_summary","duel","445","1789951616","1789951643","27","maps/mp/ffa3","1","","0","","","0","user:jundon","jundon","1","2","user:void","void","1","2","0","seeing","seeing","0","0","0","0","0","0","0","0","0","0","0"
"2","duel_summary","duel","446","1789951650","1789951674","24","maps/mp/ffa3","1","","0","","","0","user:jundon","jundon","1","2","user:void","void","1","2","0","seeing","seeing","0","0","0","0","0","0","0","0","0","0","0"
"2","duel_summary","duel","447","1789951680","1789951747","67","maps/mp/ffa3","1","","0","","","0","user:jundon","jundon","1","2","user:void","void","1","2","0","seeing","seeing","0","0","0","0","0","0","0","0","0","0","0"
"2","duel_summary","duel","448","1789951751","1789951775","24","maps/mp/ffa3","1","","0","","","0","user:jundon","jundon","1","2","user:void","void","1","2","0","seeing","unknown","0","0","0","0","0","0","0","0","0","0","0"
"2","duel_summary","duel","449","1789951805","1789951958","153","maps/mp/ffa3","1","","0","","","0","user:jundon","jundon","1","2","user:void","void","1","2","0","seeing","seeing","0","0","0","0","0","0","0","0","0","0","0"
"2","duel_summary","duel","450","1789951963","1789951993","30","maps/mp/ffa3","1","","0","","","0","user:jundon","jundon","1","2","user:void","void","1","2","0","unknown","seeing","0","0","0","0","0","0","0","0","0","0","0"
"2","duel_summary","duel","451","1789951997","1789952012","15","maps/mp/ffa3","1","","0","","","0","user:jundon","jundon","1","2","user:void","void","1","2","0","seeing","seeing","0","0","0","0","0","0","0","0","0","0","0"
"2","duel_summary","duel","452","1789952018","1789952068","50","maps/mp/ffa3","1","","0","","","0","user:jundon","jundon","1","2","user:void","void","1","2","0","seeing","seeing","0","0","0","0","0","0","0","0","0","0","0"
"2","duel_summary","duel","453","1789952196","1789952222","26","maps/mp/ffa3","1","","0","","","0","user:void","void","1","2","bot:/botfiles/hardds.jkb","Desann","0","2","0","seeing","drain","0","0","0","0","0","0","0","0","0","0","0"
"2","duel_summary","duel","454","1789952231","1789952306","75","maps/mp/ffa3","1","","0","","","0","user:void","void","1","2","bot:/botfiles/hardds.jkb","Desann","0","2","0","seeing","grip","0","0","0","0","0","0","0","0","0","0","0"
"2","duel_summary","duel","455","1789952310","1789952392","82","maps/mp/ffa3","1","","0","","","0","user:void","void","1","2","bot:/botfiles/hardds.jkb","Desann","0","2","0","seeing","drain","0","0","0","0","0","0","0","0","0","0","0"
"2","duel_summary","duel","456","1789952395","1789952435","40","maps/mp/ffa3","1","","0","","","0","bot:/botfiles/hardds.jkb","Desann","0","2","user:void","void","1","2","0","push","seeing","0","0","0","0","0","0","0","0","0","0","0"
"2","duel_summary","duel","457","1789952441","1789952483","42","maps/mp/ffa3","1","","0","","","0","user:void","void","1","2","bot:/botfiles/hardds.jkb","Desann","0","2","0","seeing","speed","0","0","0","0","0","0","0","0","0","0","0"
"2","duel_summary","duel","458","1789952488","1789952496","8","maps/mp/ffa3","1","","0","","","0","user:void","void","1","2","bot:/botfiles/hardds.jkb","Desann","0","2","0","seeing","drain","0","0","0","0","0","0","0","0","0","0","0"
"2","duel_summary","duel","459","1789952501","1789952554","53","maps/mp/ffa3","1","","0","","","0","user:void","void","1","2","bot:/botfiles/hardds.jkb","Imperial","0","2","0","seeing","grip","0","0","0","0","0","0","0","0","0","0","0"
"2","duel_summary","duel","460","1789952567","1789952755","188","maps/mp/ffa3","1","","0","","","0","user:jundon","jundon","1","2","user:void","void","1","2","0","seeing","seeing","0","0","0","0","0","0","0","0","0","0","0"
"2","duel_summary","duel","461","1789952760","1789952835","75","maps/mp/ffa3","1","","0","","","0","user:jundon","jundon","1","2","user:void","void","1","2","0","seeing","seeing","0","0","0","0","0","0","0","0","0","0","0"
"2","duel_summary","duel","462","1789952843","1789952872","29","maps/mp/ffa3","1","","0","","","0","bot:/botfiles/hardds.jkb","Desann","0","2","user:goon","goon","1","2","0","push","seeing","0","0","0","0","0","0","0","0","0","0","0"
"2","duel_summary","duel","463","1789952845","1789952981","136","maps/mp/ffa3","1","","0","","","0","user:jundon","jundon","1","2","user:void","void","1","2","0","seeing","seeing","0","0","0","0","0","0","0","0","0","0","0"
"2","duel_summary","duel","464","1789952888","1789953005","117","maps/mp/ffa3","1","","0","","","0","user:goon","goon","1","2","bot:/botfiles/hardds.jkb","Desann","0","2","0","unknown","pull","0","0","0","0","0","0","0","0","0","0","0"
"2","duel_summary","duel","465","1789953014","1789953018","4","maps/mp/ffa3","1","","0","","","0","user:goon","goon","1","2","bot:/botfiles/hardds.jkb","Desann","0","2","0","seeing","","0","0","0","0","0","0","0","0","0","0","0"
"2","duel_summary","duel","466","1789952989","1789953022","33","maps/mp/ffa3","1","","0","","","0","user:void","void","1","2","user:jundon","jundon","1","2","0","seeing","seeing","0","0","0","0","0","0","0","0","0","0","0"
"2","duel_summary","duel","467","1789953171","1789953183","12","maps/mp/ffa3","1","","0","","","0","user:void","void","1","2","bot:/botfiles/hardds.jkb","Imperial","0","2","0","seeing","push","0","0","0","0","0","0","0","0","0","0","0"
"2","duel_summary","duel","468","1789953022","1789953194","172","maps/mp/ffa3","1","","0","","","0","user:goon","goon","1","2","bot:/botfiles/hardds.jkb","Desann","0","2","0","seeing","drain","0","0","0","0","0","0","0","0","0","0","0"
"2","duel_summary","duel","469","1789953206","1789953276","70","maps/mp/ffa3","1","","0","","","0","user:void","void","1","2","user:goon","goon","1","2","0","seeing","seeing","0","0","0","0","0","0","0","0","0","0","0"
"2","duel_summary","duel","470","1789953303","1789953373","70","maps/mp/ffa3","1","","0","","","0","user:goon","goon","1","2","user:void","void","1","2","0","seeing","seeing","0","0","0","0","0","0","0","0","0","0","0"
"2","duel_summary","duel","471","1789953394","1789953437","43","maps/mp/ffa3","1","","0","","","0","user:void","void","1","2","user:goon","goon","1","2","0","seeing","unknown","0","0","0","0","0","0","0","0","0","0","0"
"2","duel_summary","duel","472","1789953441","1789953512","71","maps/mp/ffa3","1","","0","","","0","user:goon","goon","1","2","user:void","void","1","2","0","seeing","seeing","0","0","0","0","0","0","0","0","0","0","0"
"2","duel_summary","duel","473","1789953517","1789953535","18","maps/mp/ffa3","1","","0","","","0","user:void","void","1","2","user:goon","goon","1","2","0","seeing","seeing","0","0","0","0","0","0","0","0","0","0","0"
"2","duel_summary","duel","474","1789953539","1789953549","10","maps/mp/ffa3","1","","0","","","0","user:void","void","1","2","user:goon","goon","1","2","0","seeing","seeing","0","0","0","0","0","0","0","0","0","0","0"
"2","duel_summary","duel","475","1789953555","1789953591","36","maps/mp/ffa3","1","","0","","","0","user:void","void","1","2","user:goon","goon","1","2","0","seeing","seeing","0","0","0","0","0","0","0","0","0","0","0"
"2","duel_summary","duel","476","1789953596","1789953622","26","maps/mp/ffa3","1","","0","","","0","user:void","void","1","2","user:goon","goon","1","2","0","seeing","seeing","0","0","0","0","0","0","0","0","0","0","0"
"2","duel_summary","duel","477","1789953629","1789953711","82","maps/mp/ffa3","1","","0","","","0","user:goon","goon","1","2","user:void","void","1","2","0","seeing","seeing","0","0","0","0","0","0","0","0","0","0","0"
"2","duel_summary","duel","478","1789953722","1789953757","35","maps/mp/ffa3","1","","0","","","0","user:goon","goon","1","2","user:void","void","1","2","0","seeing","unknown","0","0","0","0","0","0","0","0","0","0","0"
"2","duel_summary","duel","479","1789953837","1789953971","134","maps/mp/ffa3","1","","0","","","0","user:void","void","1","2","bot:/botfiles/hardds.jkb","Imperial","0","2","0","unknown","pull","0","0","0","0","0","0","0","0","0","0","0"
"2","duel_summary","duel","480","1789953974","1789954020","46","maps/mp/ffa3","1","","0","","","0","bot:/botfiles/hardds.jkb","Imperial","0","2","user:void","void","1","2","0","pull","unknown","0","0","0","0","0","0","0","0","0","0","0"
"2","duel_summary","duel","481","1789954027","1789954035","8","maps/mp/ffa3","1","","0","","","0","user:void","void","1","2","bot:/botfiles/hardds.jkb","Imperial","0","2","0","seeing","","0","0","0","0","0","0","0","0","0","0","0"
"2","duel_summary","duel","482","1789954037","1789954083","46","maps/mp/ffa3","1","","0","","","0","user:void","void","1","2","bot:/botfiles/hardds.jkb","Imperial","0","2","0","seeing","push","0","0","0","0","0","0","0","0","0","0","0"
"2","duel_summary","duel","483","1789954087","1789954163","76","maps/mp/ffa3","1","","0","","","0","bot:/botfiles/hardds.jkb","Imperial","0","2","user:void","void","1","2","0","grip","seeing","0","0","0","0","0","0","0","0","0","0","0"
"2","duel_summary","duel","484","1789954174","1789954181","7","maps/mp/ffa3","1","","0","","","0","bot:/botfiles/hardds.jkb","Imperial","0","2","user:void","void","1","2","0","grip","unknown","0","0","0","0","0","0","0","0","0","0","0"
"2","duel_summary","duel","485","1789954216","1789954246","30","maps/mp/ffa3","1","","0","","","0","user:void","void","1","2","user:goon","goon","1","2","0","unknown","seeing","0","0","0","0","0","0","0","0","0","0","0"
"2","duel_summary","duel","486","1789954289","1789954350","61","maps/mp/ffa3","1","","0","","","0","user:jundon","jundon","1","2","user:void","void","1","2","0","seeing","seeing","0","0","0","0","0","0","0","0","0","0","0"
"2","duel_summary","duel","487","1789954355","1789954394","39","maps/mp/ffa3","1","","0","","","0","user:jundon","jundon","1","2","user:void","void","1","2","0","unknown","seeing","0","0","0","0","0","0","0","0","0","0","0"
"2","duel_summary","duel","488","1789954400","1789954472","72","maps/mp/ffa3","1","","0","","","0","user:jundon","jundon","1","2","user:void","void","1","2","0","seeing","seeing","0","0","0","0","0","0","0","0","0","0","0"
"2","duel_summary","duel","489","1789954500","1789954554","54","maps/mp/ffa3","1","","0","","","0","user:jundon","jundon","1","2","user:void","void","1","2","0","unknown","seeing","0","0","0","0","0","0","0","0","0","0","0"
"2","duel_summary","duel","490","1789954559","1789954604","45","maps/mp/ffa3","1","","0","","","0","user:jundon","jundon","1","2","user:void","void","1","2","0","seeing","seeing","0","0","0","0","0","0","0","0","0","0","0"
"2","duel_summary","duel","491","1789954614","1789954686","72","maps/mp/ffa3","1","","0","","","0","user:jundon","jundon","1","2","user:void","void","1","2","0","seeing","unknown","0","0","0","0","0","0","0","0","0","0","0"
"2","duel_summary","duel","492","1789954697","1789954716","19","maps/mp/ffa3","1","","0","","","0","user:jundon","jundon","1","2","user:void","void","1","2","0","seeing","seeing","0","0","0","0","0","0","0","0","0","0","0"
"2","duel_summary","duel","493","1789954721","1789954747","26","maps/mp/ffa3","1","","0","","","0","user:jundon","jundon","1","2","user:void","void","1","2","0","seeing","seeing","0","0","0","0","0","0","0","0","0","0","0"
"2","duel_summary","duel","494","1789954751","1789954783","32","maps/mp/ffa3","1","","0","","","0","user:jundon","jundon","1","2","user:void","void","1","2","0","seeing","seeing","0","0","0","0","0","0","0","0","0","0","0"
"2","duel_summary","duel","495","1789954789","1789954823","34","maps/mp/ffa3","1","","0","","","0","user:void","void","1","2","user:jundon","jundon","1","2","0","seeing","seeing","0","0","0","0","0","0","0","0","0","0","0"
"2","duel_summary","duel","496","1789954827","1789954851","24","maps/mp/ffa3","1","","0","","","0","user:jundon","jundon","1","2","user:void","void","1","2","0","seeing","seeing","0","0","0","0","0","0","0","0","0","0","0"
"2","duel_summary","duel","497","1789955414","1789955432","18","maps/mp/ffa3","1","","0","","","0","user:void","void","1","2","bot:/botfiles/hardds.jkb","Imperial","0","2","0","seeing","drain","0","0","0","0","0","0","0","0","0","0","0"
"2","duel_summary","duel","498","1789955436","1789955456","20","maps/mp/ffa3","1","","0","","","0","bot:/botfiles/hardds.jkb","Imperial","0","2","user:void","void","1","2","0","drain","seeing","0","0","0","0","0","0","0","0","0","0","0"
"2","duel_summary","duel","499","1789955466","1789955529","63","maps/mp/ffa3","1","","0","","","0","user:void","void","1","2","bot:/botfiles/hardds.jkb","Imperial","0","2","0","seeing","pull","0","0","0","0","0","0","0","0","0","0","0"
"2","duel_summary","duel","500","1789955541","1789955581","40","maps/mp/ffa3","1","","0","","","0","user:void","void","1","2","bot:/botfiles/hardds.jkb","Imperial","0","2","0","seeing","drain","0","0","0","0","0","0","0","0","0","0","0"
"2","duel_summary","duel","501","1789955585","1789955608","23","maps/mp/ffa3","1","","0","","","0","user:void","void","1","2","bot:/botfiles/hardds.jkb","Imperial","0","2","0","seeing","pull","0","0","0","0","0","0","0","0","0","0","0"
"2","duel_summary","duel","502","1789955612","1789955708","96","maps/mp/ffa3","1","","0","","","0","bot:/botfiles/hardds.jkb","Imperial","0","2","user:void","void","1","2","0","drain","unknown","0","0","0","0","0","0","0","0","0","0","0"
"2","duel_summary","duel","503","1789955921","1789955926","5","maps/mp/ffa3","1","","0","","","0","user:void","void","1","2","bot:/botfiles/hardds.jkb","Desann","0","2","0","seeing","","0","0","0","0","0","0","0","0","0","0","0"
"2","duel_summary","duel","504","1789955931","1789955976","45","maps/mp/ffa3","1","","0","","","0","bot:/botfiles/hardds.jkb","Desann","0","2","user:void","void","1","2","0","pull","seeing","0","0","0","0","0","0","0","0","0","0","0"
"2","duel_summary","duel","505","1789955987","1789956003","16","maps/mp/ffa3","1","","0","","","0","user:void","void","1","2","bot:/botfiles/hardds.jkb","Desann","0","2","0","seeing","push","0","0","0","0","0","0","0","0","0","0","0"
"2","duel_summary","duel","506","1789956007","1789956070","63","maps/mp/ffa3","1","","0","","","0","user:void","void","1","2","bot:/botfiles/hardds.jkb","Desann","0","2","0","unknown","drain","0","0","0","0","0","0","0","0","0","0","0"
"2","duel_summary","duel","507","1789956077","1789956099","22","maps/mp/ffa3","1","","0","","","0","bot:/botfiles/hardds.jkb","Desann","0","2","user:void","void","1","2","0","pull","seeing","0","0","0","0","0","0","0","0","0","0","0"
"2","duel_summary","duel","508","1789956112","1789956141","29","maps/mp/ffa3","1","","0","","","0","bot:/botfiles/hardds.jkb","Desann","0","2","user:void","void","1","2","0","speed","unknown","0","0","0","0","0","0","0","0","0","0","0"
"2","duel_summary","duel","509","1789956144","1789956169","25","maps/mp/ffa3","1","","0","","","0","user:void","void","1","2","bot:/botfiles/hardds.jkb","Desann","0","2","0","seeing","grip","0","0","0","0","0","0","0","0","0","0","0"
"2","duel_summary","duel","510","1789956173","1789956192","19","maps/mp/ffa3","1","","0","","","0","bot:/botfiles/hardds.jkb","Desann","0","2","user:void","void","1","2","0","push","seeing","0","0","0","0","0","0","0","0","0","0","0"
"2","duel_summary","duel","511","1789956206","1789956219","13","maps/mp/ffa3","1","","0","","","0","bot:/botfiles/hardds.jkb","Desann","0","2","user:void","void","1","2","0","grip","unknown","0","0","0","0","0","0","0","0","0","0","0"
"2","duel_summary","duel","512","1789956242","1789956304","62","maps/mp/ffa3","1","","0","","","0","user:void","void","1","2","bot:/botfiles/hardds.jkb","Desann","0","2","0","seeing","pull","0","0","0","0","0","0","0","0","0","0","0"
"2","duel_summary","duel","513","1789956307","1789956319","12","maps/mp/ffa3","1","","0","","","0","bot:/botfiles/hardds.jkb","Desann","0","2","user:void","void","1","2","0","pull","seeing","0","0","0","0","0","0","0","0","0","0","0"
"2","duel_summary","duel","514","1789956331","1789956376","45","maps/mp/ffa3","1","","0","","","0","user:void","void","1","2","bot:/botfiles/hardds.jkb","Desann","0","2","0","seeing","push","0","0","0","0","0","0","0","0","0","0","0"
"2","duel_summary","duel","515","1789956380","1789956442","62","maps/mp/ffa3","1","","0","","","0","user:void","void","1","2","bot:/botfiles/hardds.jkb","Desann","0","2","0","unknown","push","0","0","0","0","0","0","0","0","0","0","0"
"2","duel_summary","duel","516","1789956484","1789956599","115","maps/mp/ffa3","1","","0","","","0","bot:/botfiles/hardds4.jkb","Reborn_Twin","0","2","user:void","void","1","2","0","speed","unknown","0","0","0","0","0","0","0","0","0","0","0"
"2","duel_summary","duel","517","1789956607","1789956633","26","maps/mp/ffa3","1","","0","","","0","user:socrates","socrates","1","2","user:void","void","1","2","0","seeing","unknown","0","0","0","0","0","0","0","0","0","0","0"
"2","duel_summary","duel","518","1789956638","1789956687","49","maps/mp/ffa3","1","","0","","","0","user:socrates","socrates","1","2","user:void","void","1","2","0","seeing","unknown","0","0","0","0","0","0","0","0","0","0","0"
"2","duel_summary","duel","519","1789956697","1789956721","24","maps/mp/ffa3","1","","0","","","0","user:void","void","1","2","user:socrates","socrates","1","2","0","seeing","seeing","0","0","0","0","0","0","0","0","0","0","0"
"2","duel_summary","duel","520","1789956727","1789956804","77","maps/mp/ffa3","1","","0","","","0","user:socrates","socrates","1","2","user:void","void","1","2","0","seeing","unknown","0","0","0","0","0","0","0","0","0","0","0"
"2","duel_summary","duel","521","1789956810","1789956836","26","maps/mp/ffa3","1","","0","","","0","user:socrates","socrates","1","2","user:void","void","1","2","0","seeing","seeing","0","0","0","0","0","0","0","0","0","0","0"
"2","duel_summary","duel","522","1789956839","1789956864","25","maps/mp/ffa3","1","","0","","","0","user:void","void","1","2","user:socrates","socrates","1","2","0","seeing","seeing","0","0","0","0","0","0","0","0","0","0","0"
"2","duel_summary","duel","523","1789956867","1789957143","276","maps/mp/ffa3","1","","0","","","0","user:void","void","1","2","user:socrates","socrates","1","2","0","unknown","seeing","0","0","0","0","0","0","0","0","0","0","0"
"2","duel_summary","duel","524","1789957149","1789957168","19","maps/mp/ffa3","1","","0","","","0","user:socrates","socrates","1","2","user:void","void","1","2","0","seeing","unknown","0","0","0","0","0","0","0","0","0","0","0"
"2","duel_summary","duel","525","1789957175","1789957193","18","maps/mp/ffa3","1","","0","","","0","iphash:eee2a3ba","couchlaptop","2","2","user:socrates","socrates","1","2","0","seeing","seeing","0","0","0","0","0","0","0","0","0","0","0"
"2","duel_summary","duel","526","1789957213","1789957231","18","maps/mp/ffa3","1","","0","","","0","iphash:eee2a3ba","couchlaptop","2","2","user:socrates","socrates","1","2","0","seeing","seeing","0","0","0","0","0","0","0","0","0","0","0"
"2","duel_summary","duel","527","1789957236","1789957316","80","maps/mp/ffa3","1","","0","","","0","iphash:eee2a3ba","couchlaptop","2","2","user:socrates","socrates","1","2","0","seeing","seeing","0","0","0","0","0","0","0","0","0","0","0"
"2","duel_summary","duel","528","1789957334","1789957383","49","maps/mp/ffa3","1","","0","","","0","user:void","void","1","2","user:socrates","socrates","1","2","0","seeing","seeing","0","0","0","0","0","0","0","0","0","0","0"
"2","duel_summary","duel","529","1789957388","1789957444","56","maps/mp/ffa3","1","","0","","","0","user:void","void","1","2","user:socrates","socrates","1","2","0","seeing","seeing","0","0","0","0","0","0","0","0","0","0","0"
"2","duel_summary","duel","530","1789957455","1789957474","19","maps/mp/ffa3","1","","0","","","0","user:void","void","1","2","user:socrates","socrates","1","2","0","seeing","seeing","0","0","0","0","0","0","0","0","0","0","0"
"2","duel_summary","duel","531","1789957637","1789957680","43","maps/mp/ffa3","1","","0","","","0","user:void","void","1","2","bot:/botfiles/hardds.jkb","Desann","0","2","0","seeing","speed","0","0","0","0","0","0","0","0","0","0","0"
"2","duel_summary","duel","532","1789958011","1789958050","39","maps/mp/ffa3","1","","0","","","0","user:void","void","1","2","bot:/botfiles/hardds.jkb","Imperial","0","2","0","seeing","push","0","0","0","0","0","0","0","0","0","0","0"
"2","duel_summary","duel","533","1789958100","1789958125","25","maps/mp/ffa3","1","","0","","","0","user:void","void","1","2","bot:/botfiles/hardds.jkb","Imperial","0","2","0","unknown","pull","0","0","0","0","0","0","0","0","0","0","0"
"2","duel_summary","duel","534","1789958183","1789958199","16","maps/mp/ffa3","1","","0","","","0","bot:/botfiles/hardds.jkb","Imperial","0","2","user:void","void","1","2","0","pull","unknown","0","0","0","0","0","0","0","0","0","0","0"
"2","duel_summary","duel","535","1789958405","1789958446","41","maps/mp/ffa3","1","","0","","","0","user:jundon","jundon","1","2","bot:/botfiles/hardds4.jkb","Reborn_Twin","0","2","0","unknown","pull","0","0","0","0","0","0","0","0","0","0","0"
"2","duel_summary","duel","536","1789958653","1789958693","40","maps/mp/ffa3","1","","0","","","0","user:jundon","jundon","1","2","user:void","void","1","2","0","seeing","seeing","0","0","0","0","0","0","0","0","0","0","0"
"2","duel_summary","duel","537","1789958879","1789959258","379","maps/mp/ffa3","1","","0","","","0","user:jundon","jundon","1","2","user:void","void","1","2","0","seeing","seeing","0","0","0","0","0","0","0","0","0","0","0"
"2","duel_summary","duel","538","1789959266","1789959281","15","maps/mp/ffa3","1","","0","","","0","user:jundon","jundon","1","2","user:void","void","1","2","0","seeing","seeing","0","0","0","0","0","0","0","0","0","0","0"
"2","duel_summary","duel","539","1789964590","1789964622","32","maps/mp/ffa3","1","","0","","","0","iphash:fa31973a","^0-=^3'/^7o^3!^0d^0=-^6","2","2","bot:/botfiles/mediumds.jkb","Saboteur","0","2","0","unknown","pull","0","0","0","0","0","0","0","0","0","0","0"
"2","duel_summary","duel","540","1789964653","1789964658","5","maps/mp/ffa3","1","","0","","","0","user:void","void","1","2","bot:/botfiles/mediumds.jkb","Cultist^7[0]","0","2","0","seeing","","0","0","0","0","0","0","0","0","0","0","0"
"2","duel_summary","duel","541","1789964676","1789964701","25","maps/mp/ffa3","1","","0","","","0","bot:/botfiles/mediumds.jkb","Cultist^7[0]","0","2","user:void","void","1","2","0","pull","unknown","0","0","0","0","0","0","0","0","0","0","0"
"2","duel_summary","duel","542","1789964715","1789964729","14","maps/mp/ffa3","1","","0","","","0","bot:/botfiles/mediumds.jkb","Cultist^7[0]","0","2","user:void","void","1","2","0","speed","unknown","0","0","0","0","0","0","0","0","0","0","0"
"2","duel_summary","duel","543","1789964820","1789964844","24","maps/mp/ffa3","1","","0","","","0","bot:/botfiles/hardds4.jkb","New_Reborn","0","2","user:void","void","1","2","0","push","seeing","0","0","0","0","0","0","0","0","0","0","0"
"2","duel_summary","duel","544","1789964867","1789964920","53","maps/mp/ffa3","1","","0","","","0","bot:/botfiles/hardds4.jkb","New_Reborn","0","2","user:void","void","1","2","0","drain","seeing","0","0","0","0","0","0","0","0","0","0","0"
"2","duel_summary","duel","545","1789964937","1789964954","17","maps/mp/ffa3","1","","0","","","0","bot:/botfiles/hardds4.jkb","New_Reborn","0","2","iphash:fa31973a","^0-=^3'/^7o^3!^0d^0=-^6","2","2","0","speed","unknown","0","0","0","0","0","0","0","0","0","0","0"
"2","duel_summary","duel","546","1789964963","1789964970","7","maps/mp/ffa3","1","","0","","","0","iphash:fa31973a","^0-=^3'/^7o^3!^0d^0=-^6","2","2","bot:/botfiles/hardds4.jkb","New_Reborn","0","2","0","seeing","","0","0","0","0","0","0","0","0","0","0","0"
"2","duel_summary","duel","547","1789964974","1789965110","136","maps/mp/ffa3","1","","0","","","0","bot:/botfiles/hardds4.jkb","New_Reborn","0","2","iphash:fa31973a","^0-=^3'/^7o^3!^0d^0=-^6","2","2","0","push","seeing","0","0","0","0","0","0","0","0","0","0","0"
"2","duel_summary","duel","548","1789965133","1789965162","29","maps/mp/ffa3","1","","0","","","0","iphash:fa31973a","^0-=^3'/^7o^3!^0d^0=-^6","2","2","bot:/botfiles/hardds4.jkb","New_Reborn","0","2","0","seeing","drain","0","0","0","0","0","0","0","0","0","0","0"
"2","duel_summary","duel","549","1789965181","1789965273","92","maps/mp/ffa3","1","","0","","","0","user:void","void","1","2","bot:/botfiles/hardds4.jkb","New_Reborn","0","2","0","unknown","pull","0","0","0","0","0","0","0","0","0","0","0"
"2","duel_summary","duel","550","1789965281","1789965382","101","maps/mp/ffa3","1","","0","","","0","user:void","void","1","2","bot:/botfiles/hardds4.jkb","New_Reborn","0","2","0","seeing","drain","0","0","0","0","0","0","0","0","0","0","0"
"2","duel_summary","duel","551","1789965951","1789965970","19","maps/mp/ffa3","1","","0","","","0","bot:/botfiles/hardds4.jkb","New_Reborn","0","2","iphash:f51458ac","^7Padawan","2","2","0","pull","seeing","0","0","0","0","0","0","0","0","0","0","0"
"2","duel_summary","duel","552","1789965973","1789966055","82","maps/mp/ffa3","1","","0","","","0","bot:/botfiles/hardds4.jkb","New_Reborn","0","2","iphash:f51458ac","^7Padawan","2","2","0","push","seeing","0","0","0","0","0","0","0","0","0","0","0"
"2","duel_summary","duel","553","1789966060","1789966077","17","maps/mp/ffa3","1","","0","","","0","iphash:f51458ac","^7Padawan","2","2","bot:/botfiles/hardds4.jkb","New_Reborn","0","2","0","seeing","pull","0","0","0","0","0","0","0","0","0","0","0"
"2","duel_summary","duel","554","1789966083","1789966154","71","maps/mp/ffa3","1","","0","","","0","iphash:f51458ac","^7Padawan","2","2","bot:/botfiles/hardds4.jkb","New_Reborn","0","2","0","seeing","pull","0","0","0","0","0","0","0","0","0","0","0"
"2","duel_summary","duel","555","1789966212","1789966254","42","maps/mp/ffa3","1","","0","","","0","bot:/botfiles/hardds4.jkb","New_Reborn","0","2","iphash:f51458ac","^7Padawan","2","2","0","pull","seeing","0","0","0","0","0","0","0","0","0","0","0"
"2","duel_summary","duel","556","1789966286","1789966308","22","maps/mp/ffa3","1","","0","","","0","bot:/botfiles/hardds4.jkb","New_Reborn","0","2","iphash:f51458ac","^7Padawan","2","2","0","pull","seeing","0","0","0","0","0","0","0","0","0","0","0"
"2","duel_summary","duel","557","1789966312","1789966324","12","maps/mp/ffa3","1","","0","","","0","bot:/botfiles/hardds4.jkb","New_Reborn","0","2","iphash:f51458ac","^7Padawan","2","2","0","grip","unknown","0","0","0","0","0","0","0","0","0","0","0"
"2","duel_summary","duel","558","1789966328","1789966391","63","maps/mp/ffa3","1","","0","","","0","bot:/botfiles/hardds4.jkb","New_Reborn","0","2","iphash:f51458ac","^7Padawan","2","2","0","push","seeing","0","0","0","0","0","0","0","0","0","0","0"
"2","duel_summary","duel","559","1789966395","1789966412","17","maps/mp/ffa3","1","","0","","","0","bot:/botfiles/hardds4.jkb","New_Reborn","0","2","iphash:f51458ac","^7Padawan","2","2","0","pull","seeing","0","0","0","0","0","0","0","0","0","0","0"
"2","duel_summary","duel","560","1789966415","1789966450","35","maps/mp/ffa3","1","","0","","","0","bot:/botfiles/hardds4.jkb","New_Reborn","0","2","iphash:f51458ac","^7Padawan","2","2","0","pull","seeing","0","0","0","0","0","0","0","0","0","0","0"
"2","duel_summary","duel","561","1789966457","1789966469","12","maps/mp/ffa3","1","","0","","","0","iphash:f51458ac","^7Padawan","2","2","bot:/botfiles/hardds4.jkb","New_Reborn","0","2","0","seeing","rage","0","0","0","0","0","0","0","0","0","0","0"
"2","duel_summary","duel","562","1789966474","1789966638","164","maps/mp/ffa3","1","","0","","","0","bot:/botfiles/hardds4.jkb","New_Reborn","0","2","iphash:f51458ac","^7Padawan","2","2","0","push","seeing","0","0","0","0","0","0","0","0","0","0","0"
"2","duel_summary","duel","563","1790129798","1790129930","132","maps/mp/ffa3","1","","0","","","0","iphash:2667391d","^0-=^3'/^7o^3!^0d^0=-^6","2","2","iphash:f51458ac","^7Padawan","2","2","0","seeing","seeing","0","0","0","0","0","0","0","0","0","0","0"
"2","duel_summary","duel","564","1790129942","1790129957","15","maps/mp/ffa3","1","","0","","","0","iphash:2667391d","^0-=^3'/^7o^3!^0d^0=-^6","2","2","iphash:f51458ac","^7Padawan","2","2","0","seeing","seeing","0","0","0","0","0","0","0","0","0","0","0"
"2","duel_summary","duel","565","1790129966","1790130005","39","maps/mp/ffa3","1","","0","","","0","user:void","void","1","2","iphash:f51458ac","^7Padawan","2","2","0","seeing","seeing","0","0","0","0","0","0","0","0","0","0","0"
"2","duel_summary","duel","566","1790130011","1790130032","21","maps/mp/ffa3","1","","0","","","0","user:void","void","1","2","iphash:f51458ac","^7Padawan","2","2","0","seeing","seeing","0","0","0","0","0","0","0","0","0","0","0"
"2","duel_summary","duel","567","1790130036","1790130045","9","maps/mp/ffa3","1","","0","","","0","user:void","void","1","2","iphash:f51458ac","^7Padawan","2","2","0","seeing","seeing","0","0","0","0","0","0","0","0","0","0","0"
"2","duel_summary","duel","568","1790130054","1790130084","30","maps/mp/ffa3","1","","0","","","0","iphash:f51458ac","^7Padawan","2","2","user:void","void","1","2","0","seeing","seeing","0","0","0","0","0","0","0","0","0","0","0"
"2","duel_summary","duel","569","1790130089","1790130106","17","maps/mp/ffa3","1","","0","","","0","user:void","void","1","2","iphash:f51458ac","^7Padawan","2","2","0","seeing","unknown","0","0","0","0","0","0","0","0","0","0","0"
"2","duel_summary","duel","570","1790130113","1790130136","23","maps/mp/ffa3","1","","0","","","0","user:void","void","1","2","iphash:f51458ac","^7Padawan","2","2","0","seeing","unknown","0","0","0","0","0","0","0","0","0","0","0"
"2","duel_summary","duel","571","1790130148","1790130162","14","maps/mp/ffa3","1","","0","","","0","user:void","void","1","2","iphash:f51458ac","^7Padawan","2","2","0","seeing","unknown","0","0","0","0","0","0","0","0","0","0","0"
"2","duel_summary","duel","572","1790130180","1790130233","53","maps/mp/ffa3","1","","0","","","0","iphash:f51458ac","^7Padawan","2","2","user:void","void","1","2","0","seeing","seeing","0","0","0","0","0","0","0","0","0","0","0"
"2","duel_summary","duel","573","1790130239","1790130267","28","maps/mp/ffa3","1","","0","","","0","iphash:f51458ac","^7Padawan","2","2","user:void","void","1","2","0","seeing","seeing","0","0","0","0","0","0","0","0","0","0","0"
"2","duel_summary","duel","574","1790130274","1790130327","53","maps/mp/ffa3","1","","0","","","0","user:void","void","1","2","iphash:f51458ac","^7Padawan","2","2","0","seeing","seeing","0","0","0","0","0","0","0","0","0","0","0"
"2","duel_summary","duel","575","1790130339","1790130351","12","maps/mp/ffa3","1","","0","","","0","iphash:f51458ac","^7Padawan","2","2","user:void","void","1","2","0","seeing","seeing","0","0","0","0","0","0","0","0","0","0","0"
"2","duel_summary","duel","576","1790130356","1790130401","45","maps/mp/ffa3","1","","0","","","0","user:void","void","1","2","iphash:f51458ac","^7Padawan","2","2","0","seeing","seeing","0","0","0","0","0","0","0","0","0","0","0"
"2","duel_summary","duel","577","1790130436","1790130505","69","maps/mp/ffa3","1","","0","","","0","user:void","void","1","2","iphash:f51458ac","^7Padawan","2","2","0","unknown","seeing","0","0","0","0","0","0","0","0","0","0","0"
"2","duel_summary","duel","578","1790130540","1790130601","61","maps/mp/ffa3","1","","0","","","0","user:void","void","1","2","iphash:f51458ac","^7Padawan","2","2","0","seeing","seeing","0","0","0","0","0","0","0","0","0","0","0"
"2","duel_summary","duel","579","1790304329","1790304358","29","maps/mp/ffa3","1","","0","","","0","user:void","void","1","2","iphash:d1f425bd","^0ff^7'^0Gòónat¡Ç","2","2","0","seeing","seeing","0","0","0","0","0","0","0","0","0","0","0"
"2","duel_summary","duel","580","1790304363","1790304400","37","maps/mp/ffa3","1","","0","","","0","user:void","void","1","2","iphash:d1f425bd","^0ff^7'^0Gòónat¡Ç","2","2","0","seeing","seeing","0","0","0","0","0","0","0","0","0","0","0"
"2","duel_summary","duel","581","1790304406","1790304429","23","maps/mp/ffa3","1","","0","","","0","user:void","void","1","2","iphash:d1f425bd","^0ff^7'^0Gòónat¡Ç","2","2","0","seeing","seeing","0","0","0","0","0","0","0","0","0","0","0"
"2","duel_summary","duel","582","1790304439","1790304478","39","maps/mp/ffa3","1","","0","","","0","iphash:d1f425bd","^0ff^7'^0Gòónat¡Ç","2","2","user:void","void","1","2","0","seeing","unknown","0","0","0","0","0","0","0","0","0","0","0"
"2","duel_summary","duel","583","1790304485","1790304569","84","maps/mp/ffa3","1","","0","","","0","iphash:d1f425bd","^0ff^7'^0Gòónat¡Ç","2","2","user:void","void","1","2","0","seeing","seeing","0","0","0","0","0","0","0","0","0","0","0"
"2","duel_summary","duel","584","1790304578","1790304605","27","maps/mp/ffa3","1","","0","","","0","iphash:d1f425bd","^0ff^7'^0Gòónat¡Ç","2","2","user:void","void","1","2","0","seeing","seeing","0","0","0","0","0","0","0","0","0","0","0"
"2","duel_summary","duel","585","1790304625","1790304829","204","maps/mp/ffa3","1","","0","","","0","iphash:d1f425bd","^0ff^7'^0Gòónat¡Ç","2","2","iphash:cb041f6d","Mpkill","2","2","0","seeing","seeing","0","0","0","0","0","0","0","0","0","0","0"
"2","duel_summary","duel","586","1790304832","1790304866","34","maps/mp/ffa3","1","","0","","","0","iphash:d1f425bd","^0ff^7'^0Gòónat¡Ç","2","2","user:void","void","1","2","0","seeing","seeing","0","0","0","0","0","0","0","0","0","0","0"
"2","duel_summary","duel","587","1790304869","1790304940","71","maps/mp/ffa3","1","","0","","","0","iphash:d1f425bd","^0ff^7'^0Gòónat¡Ç","2","2","user:void","void","1","2","0","seeing","seeing","0","0","0","0","0","0","0","0","0","0","0"
"2","duel_summary","duel","588","1790304947","1790304958","11","maps/mp/ffa3","1","","0","","","0","user:void","void","1","2","iphash:d1f425bd","^0ff^7'^0Gòónat¡Ç","2","2","0","seeing","seeing","0","0","0","0","0","0","0","0","0","0","0"
"2","duel_summary","duel","589","1790304983","1790304997","14","maps/mp/ffa3","1","","0","","","0","user:void","void","1","2","iphash:d1f425bd","^0ff^7'^0Gòónat¡Ç","2","2","0","seeing","seeing","0","0","0","0","0","0","0","0","0","0","0"
"2","duel_summary","duel","590","1790305000","1790305048","48","maps/mp/ffa3","1","","0","","","0","iphash:d1f425bd","^0ff^7'^0Gòónat¡Ç","2","2","user:void","void","1","2","0","seeing","seeing","0","0","0","0","0","0","0","0","0","0","0"
"2","duel_summary","duel","591","1790305059","1790305089","30","maps/mp/ffa3","1","","0","","","0","user:void","void","1","2","iphash:cb041f6d","Mpkill","2","2","0","seeing","seeing","0","0","0","0","0","0","0","0","0","0","0"
"2","duel_summary","duel","592","1790305101","1790305131","30","maps/mp/ffa3","1","","0","","","0","user:void","void","1","2","iphash:cb041f6d","Mpkill","2","2","0","seeing","seeing","0","0","0","0","0","0","0","0","0","0","0"
"2","duel_summary","duel","593","1790305139","1790305176","37","maps/mp/ffa3","1","","0","","","0","user:void","void","1","2","iphash:cb041f6d","Mpkill","2","2","0","seeing","unknown","0","0","0","0","0","0","0","0","0","0","0"
"2","duel_summary","duel","594","1790305180","1790305216","36","maps/mp/ffa3","1","","0","","","0","user:void","void","1","2","iphash:2a2f6af9","creador del sexo","2","2","0","seeing","seeing","0","0","0","0","0","0","0","0","0","0","0"
"2","duel_summary","duel","595","1790305229","1790305262","33","maps/mp/ffa3","1","","0","","","0","user:void","void","1","2","iphash:2a2f6af9","creador del sexo","2","2","0","seeing","unknown","0","0","0","0","0","0","0","0","0","0","0"
"2","duel_summary","duel","596","1790305254","1790305270","16","maps/mp/ffa3","1","","0","","","0","iphash:cb041f6d","Mpkill","2","2","iphash:d1f425bd","^0ff^7'^0Gòónat¡Ç","2","2","0","seeing","seeing","0","0","0","0","0","0","0","0","0","0","0"
"2","duel_summary","duel","597","1790305269","1790305313","44","maps/mp/ffa3","1","","0","","","0","iphash:2a2f6af9","creador del sexo","2","2","user:void","void","1","2","0","seeing","seeing","0","0","0","0","0","0","0","0","0","0","0"
"2","duel_summary","duel","598","1790305319","1790305340","21","maps/mp/ffa3","1","","0","","","0","user:void","void","1","2","iphash:2a2f6af9","creador del sexo","2","2","0","seeing","seeing","0","0","0","0","0","0","0","0","0","0","0"
"2","duel_summary","duel","599","1790305274","1790305345","71","maps/mp/ffa3","1","","0","","","0","iphash:d1f425bd","^0ff^7'^0Gòónat¡Ç","2","2","iphash:cb041f6d","Mpkill","2","2","0","seeing","seeing","0","0","0","0","0","0","0","0","0","0","0"
"2","duel_summary","duel","600","1790305345","1790305365","20","maps/mp/ffa3","1","","0","","","0","user:void","void","1","2","iphash:2a2f6af9","creador del sexo","2","2","0","unknown","seeing","0","0","0","0","0","0","0","0","0","0","0"
"2","duel_summary","duel","601","1790305372","1790305408","36","maps/mp/ffa3","1","","0","","","0","iphash:2a2f6af9","creador del sexo","2","2","user:void","void","1","2","0","unknown","seeing","0","0","0","0","0","0","0","0","0","0","0"
"2","duel_summary","duel","602","1790305359","1790305412","53","maps/mp/ffa3","1","","0","","","0","iphash:cb041f6d","Mpkill","2","2","iphash:d1f425bd","^0ff^7'^0Gòónat¡Ç","2","2","0","unknown","seeing","0","0","0","0","0","0","0","0","0","0","0"
"2","duel_summary","duel","603","1790305413","1790305429","16","maps/mp/ffa3","1","","0","","","0","user:void","void","1","2","iphash:2a2f6af9","creador del sexo","2","2","0","seeing","seeing","0","0","0","0","0","0","0","0","0","0","0"
"2","duel_summary","duel","604","1790305438","1790305482","44","maps/mp/ffa3","1","","0","","","0","user:void","void","1","2","iphash:2a2f6af9","creador del sexo","2","2","0","seeing","seeing","0","0","0","0","0","0","0","0","0","0","0"
"2","duel_summary","duel","605","1790305415","1790305531","116","maps/mp/ffa3","1","","0","","","0","iphash:d1f425bd","^0ff^7'^0Gòónat¡Ç","2","2","iphash:cb041f6d","Mpkill","2","2","0","seeing","seeing","0","0","0","0","0","0","0","0","0","0","0"
"2","duel_summary","duel","606","1790305489","1790305571","82","maps/mp/ffa3","1","","0","","","0","iphash:2a2f6af9","creador del sexo","2","2","user:void","void","1","2","0","seeing","seeing","0","0","0","0","0","0","0","0","0","0","0"
"2","duel_summary","duel","607","1790305576","1790305589","13","maps/mp/ffa3","1","","0","","","0","user:void","void","1","2","iphash:2a2f6af9","creador del sexo","2","2","0","seeing","seeing","0","0","0","0","0","0","0","0","0","0","0"
"2","duel_summary","duel","608","1790305626","1790305672","46","maps/mp/ffa3","1","","0","","","0","user:void","void","1","2","iphash:cb041f6d","Mpkill","2","2","0","seeing","unknown","0","0","0","0","0","0","0","0","0","0","0"
"2","duel_summary","duel","609","1790305678","1790305736","58","maps/mp/ffa3","1","","0","","","0","iphash:cb041f6d","Mpkill","2","2","user:void","void","1","2","0","seeing","seeing","0","0","0","0","0","0","0","0","0","0","0"
"2","duel_summary","duel","610","1790305596","1790305737","141","maps/mp/ffa3","1","","0","","","0","iphash:2a2f6af9","creador del sexo","2","2","iphash:d1f425bd","^0ff^7'^0Gòónat¡Ç","2","2","0","unknown","seeing","0","0","0","0","0","0","0","0","0","0","0"
"2","duel_summary","duel","611","1790305747","1790305761","14","maps/mp/ffa3","1","","0","","","0","iphash:d1f425bd","^0ff^7'^0Gòónat¡Ç","2","2","iphash:2a2f6af9","creador del sexo","2","2","0","seeing","unknown","0","0","0","0","0","0","0","0","0","0","0"
"2","duel_summary","duel","612","1790305744","1790305786","42","maps/mp/ffa3","1","","0","","","0","user:void","void","1","2","iphash:cb041f6d","Mpkill","2","2","0","seeing","seeing","0","0","0","0","0","0","0","0","0","0","0"
"2","duel_summary","duel","613","1790305765","1790305808","43","maps/mp/ffa3","1","","0","","","0","iphash:d1f425bd","^0ff^7'^0Gòónat¡Ç","2","2","iphash:2a2f6af9","creador del sexo","2","2","0","seeing","seeing","0","0","0","0","0","0","0","0","0","0","0"
"2","duel_summary","duel","614","1790305798","1790305826","28","maps/mp/ffa3","1","","0","","","0","iphash:cb041f6d","Mpkill","2","2","user:void","void","1","2","0","seeing","seeing","0","0","0","0","0","0","0","0","0","0","0"
"2","duel_summary","duel","615","1790305831","1790305871","40","maps/mp/ffa3","1","","0","","","0","user:void","void","1","2","iphash:cb041f6d","Mpkill","2","2","0","seeing","seeing","0","0","0","0","0","0","0","0","0","0","0"
"2","duel_summary","duel","616","1790305813","1790305875","62","maps/mp/ffa3","1","","0","","","0","iphash:d1f425bd","^0ff^7'^0Gòónat¡Ç","2","2","iphash:2a2f6af9","creador del sexo","2","2","0","seeing","seeing","0","0","0","0","0","0","0","0","0","0","0"
"2","duel_summary","duel","617","1790305879","1790305942","63","maps/mp/ffa3","1","","0","","","0","user:void","void","1","2","iphash:cb041f6d","Mpkill","2","2","0","seeing","seeing","0","0","0","0","0","0","0","0","0","0","0"
"2","duel_summary","duel","618","1790305882","1790306042","160","maps/mp/ffa3","1","","0","","","0","iphash:d1f425bd","^0ff^7'^0Gòónat¡Ç","2","2","iphash:2a2f6af9","creador del sexo","2","2","0","seeing","unknown","0","0","0","0","0","0","0","0","0","0","0"
"2","duel_summary","duel","619","1790344288","1790344372","84","maps/mp/ffa3","1","","0","","","0","iphash:2667391d","^0-=^3'/^7o^3!^0d^0=-^6","2","2","bot:/botfiles/mediumds3.jkb","Reborn","0","2","0","seeing","drain","0","0","0","0","0","0","0","0","0","0","0"
"2","duel_summary","duel","620","1790344376","1790344396","20","maps/mp/ffa3","1","","0","","","0","iphash:2667391d","^0-=^3'/^7o^3!^0d^0=-^6","2","2","bot:/botfiles/mediumds3.jkb","Reborn","0","2","0","unknown","drain","0","0","0","0","0","0","0","0","0","0","0"
"2","duel_summary","duel","621","1790344399","1790344423","24","maps/mp/ffa3","1","","0","","","0","bot:/botfiles/mediumds3.jkb","Reborn","0","2","iphash:2667391d","^0-=^3'/^7o^3!^0d^0=-^6","2","2","0","grip","seeing","0","0","0","0","0","0","0","0","0","0","0"
"2","duel_summary","duel","622","1790344427","1790344447","20","maps/mp/ffa3","1","","0","","","0","iphash:2667391d","^0-=^3'/^7o^3!^0d^0=-^6","2","2","bot:/botfiles/mediumds3.jkb","Reborn","0","2","0","unknown","pull","0","0","0","0","0","0","0","0","0","0","0"
"2","duel_summary","duel","623","1790344541","1790344584","43","maps/mp/ffa3","1","","0","","","0","user:void","void","1","2","bot:/botfiles/hardds4.jkb","New_Reborn","0","2","0","unknown","drain","0","0","0","0","0","0","0","0","0","0","0"
"2","duel_summary","duel","624","1790344588","1790344608","20","maps/mp/ffa3","1","","0","","","0","user:void","void","1","2","bot:/botfiles/hardds4.jkb","New_Reborn","0","2","0","seeing","pull","0","0","0","0","0","0","0","0","0","0","0"
"2","duel_summary","duel","625","1790344611","1790344648","37","maps/mp/ffa3","1","","0","","","0","user:void","void","1","2","bot:/botfiles/hardds4.jkb","New_Reborn","0","2","0","seeing","drain","0","0","0","0","0","0","0","0","0","0","0"
"2","duel_summary","duel","626","1790344651","1790344682","31","maps/mp/ffa3","1","","0","","","0","bot:/botfiles/hardds4.jkb","New_Reborn","0","2","user:void","void","1","2","0","drain","seeing","0","0","0","0","0","0","0","0","0","0","0"
"2","duel_summary","duel","627","1790344685","1790344704","19","maps/mp/ffa3","1","","0","","","0","user:void","void","1","2","bot:/botfiles/hardds4.jkb","New_Reborn","0","2","0","seeing","pull","0","0","0","0","0","0","0","0","0","0","0"
"2","duel_summary","duel","628","1790344712","1790344767","55","maps/mp/ffa3","1","","0","","","0","user:void","void","1","2","bot:/botfiles/hardds4.jkb","New_Reborn","0","2","0","seeing","drain","0","0","0","0","0","0","0","0","0","0","0"
"2","duel_summary","duel","629","1790344805","1790344825","20","maps/mp/ffa3","1","","0","","","0","user:void","void","1","2","bot:/botfiles/hardds2.jkb","Skryptr","0","2","0","seeing","drain","0","0","0","0","0","0","0","0","0","0","0"
"2","duel_summary","duel","630","1790344828","1790344849","21","maps/mp/ffa3","1","","0","","","0","user:void","void","1","2","bot:/botfiles/hardds2.jkb","Skryptr","0","2","0","seeing","push","0","0","0","0","0","0","0","0","0","0","0"
"2","duel_summary","duel","631","1790344852","1790344890","38","maps/mp/ffa3","1","","0","","","0","bot:/botfiles/hardds2.jkb","Skryptr","0","2","user:void","void","1","2","0","drain","seeing","0","0","0","0","0","0","0","0","0","0","0"
"2","duel_summary","duel","632","1790344894","1790344935","41","maps/mp/ffa3","1","","0","","","0","user:void","void","1","2","bot:/botfiles/hardds2.jkb","Skryptr","0","2","0","seeing","pull","0","0","0","0","0","0","0","0","0","0","0"
"2","duel_summary","duel","633","1790344939","1790344964","25","maps/mp/ffa3","1","","0","","","0","bot:/botfiles/hardds2.jkb","Skryptr","0","2","user:void","void","1","2","0","pull","seeing","0","0","0","0","0","0","0","0","0","0","0"
"2","duel_summary","duel","634","1790344966","1790344993","27","maps/mp/ffa3","1","","0","","","0","bot:/botfiles/hardds2.jkb","Skryptr","0","2","user:void","void","1","2","0","pull","unknown","0","0","0","0","0","0","0","0","0","0","0"
"2","duel_summary","duel","635","1790344996","1790345060","64","maps/mp/ffa3","1","","0","","","0","user:void","void","1","2","bot:/botfiles/hardds2.jkb","Skryptr","0","2","0","seeing","pull","0","0","0","0","0","0","0","0","0","0","0"
"2","duel_summary","duel","636","1790345063","1790345074","11","maps/mp/ffa3","1","","0","","","0","bot:/botfiles/hardds2.jkb","Skryptr","0","2","user:void","void","1","2","0","grip","seeing","0","0","0","0","0","0","0","0","0","0","0"
"2","duel_summary","duel","637","1790345079","1790345138","59","maps/mp/ffa3","1","","0","","","0","bot:/botfiles/hardds2.jkb","Skryptr","0","2","user:void","void","1","2","0","grip","unknown","0","0","0","0","0","0","0","0","0","0","0"
"2","duel_summary","duel","638","1790345144","1790345158","14","maps/mp/ffa3","1","","0","","","0","bot:/botfiles/hardds2.jkb","Skryptr","0","2","user:void","void","1","2","0","pull","seeing","0","0","0","0","0","0","0","0","0","0","0"
"2","duel_summary","duel","639","1790345482","1790345578","96","maps/mp/ffa3","1","","0","","","0","user:void","void","1","2","bot:/botfiles/mediumds3.jkb","Reborn","0","2","0","seeing","push","0","0","0","0","0","0","0","0","0","0","0"
"2","duel_summary","duel","640","1790345582","1790345612","30","maps/mp/ffa3","1","","0","","","0","user:void","void","1","2","bot:/botfiles/mediumds3.jkb","Reborn","0","2","0","seeing","push","0","0","0","0","0","0","0","0","0","0","0"
"2","duel_summary","duel","641","1790345615","1790345639","24","maps/mp/ffa3","1","","0","","","0","user:void","void","1","2","bot:/botfiles/mediumds3.jkb","Reborn","0","2","0","unknown","drain","0","0","0","0","0","0","0","0","0","0","0"
"2","duel_summary","duel","642","1790345642","1790345685","43","maps/mp/ffa3","1","","0","","","0","user:void","void","1","2","bot:/botfiles/mediumds3.jkb","Reborn","0","2","0","seeing","pull","0","0","0","0","0","0","0","0","0","0","0"
"2","duel_summary","duel","643","1790345689","1790345730","41","maps/mp/ffa3","1","","0","","","0","user:void","void","1","2","bot:/botfiles/mediumds3.jkb","Reborn","0","2","0","seeing","pull","0","0","0","0","0","0","0","0","0","0","0"
"2","duel_summary","duel","644","1790345734","1790345754","20","maps/mp/ffa3","1","","0","","","0","bot:/botfiles/mediumds3.jkb","Reborn","0","2","user:void","void","1","2","0","pull","seeing","0","0","0","0","0","0","0","0","0","0","0"
"2","duel_summary","duel","645","1790345891","1790345900","9","maps/mp/ffa3","1","","0","","","0","user:void","void","1","2","bot:/botfiles/mediumds.jkb","Lannik","0","2","0","seeing","unknown","0","0","0","0","0","0","0","0","0","0","0"
"2","duel_summary","duel","646","1790345908","1790346029","121","maps/mp/ffa3","1","","0","","","0","user:void","void","1","2","bot:/botfiles/mediumds.jkb","Lannik","0","2","0","seeing","pull","0","0","0","0","0","0","0","0","0","0","0"
"2","duel_summary","duel","647","1790346034","1790346082","48","maps/mp/ffa3","1","","0","","","0","user:void","void","1","2","bot:/botfiles/mediumds.jkb","Lannik","0","2","0","unknown","pull","0","0","0","0","0","0","0","0","0","0","0"
"2","duel_summary","duel","648","1790346086","1790346099","13","maps/mp/ffa3","1","","0","","","0","user:void","void","1","2","bot:/botfiles/mediumds.jkb","Lannik","0","2","0","seeing","pull","0","0","0","0","0","0","0","0","0","0","0"
"2","duel_summary","duel","649","1790346185","1790346191","6","maps/mp/ffa3","1","","0","","","0","user:void","void","1","2","bot:/botfiles/hardds4.jkb","New_Reborn","0","2","0","seeing","push","0","0","0","0","0","0","0","0","0","0","0"
"2","duel_summary","duel","650","1790346203","1790346209","6","maps/mp/ffa3","1","","0","","","0","user:void","void","1","2","bot:/botfiles/hardds4.jkb","New_Reborn","0","2","0","seeing","unknown","0","0","0","0","0","0","0","0","0","0","0"
"2","duel_summary","duel","651","1790360928","1790361034","106","maps/mp/ffa3","1","","0","","","0","bot:/botfiles/mediumds.jkb","Saboteur^7[0]","0","2","iphash:f51458ac","^7Padawan","2","2","0","push","seeing","0","0","0","0","0","0","0","0","0","0","0"
"2","duel_summary","duel","652","1790361038","1790361138","100","maps/mp/ffa3","1","","0","","","0","iphash:f51458ac","^7Padawan","2","2","bot:/botfiles/mediumds.jkb","Saboteur^7[0]","0","2","0","seeing","push","0","0","0","0","0","0","0","0","0","0","0"
"2","duel_summary","duel","653","1790361147","1790361153","6","maps/mp/ffa3","1","","0","","","0","iphash:f51458ac","^7Padawan","2","2","bot:/botfiles/mediumds.jkb","Saboteur^7[0]","0","2","0","seeing","push","0","0","0","0","0","0","0","0","0","0","0"
"2","duel_summary","duel","654","1790361174","1790361245","71","maps/mp/ffa3","1","","0","","","0","bot:/botfiles/mediumds.jkb","Saboteur","0","2","iphash:f51458ac","^7Padawan","2","2","0","grip","seeing","0","0","0","0","0","0","0","0","0","0","0"
"2","duel_summary","duel","655","1790361264","1790361296","32","maps/mp/ffa3","1","","0","","","0","iphash:f51458ac","^7Padawan","2","2","bot:/botfiles/mediumds.jkb","Saboteur","0","2","0","seeing","push","0","0","0","0","0","0","0","0","0","0","0"
"2","duel_summary","duel","656","1790361362","1790361411","49","maps/mp/ffa3","1","","0","","","0","bot:/botfiles/mediumds.jkb","Saboteur","0","2","iphash:f51458ac","^7Padawan","2","2","0","pull","seeing","0","0","0","0","0","0","0","0","0","0","0"
"2","duel_summary","duel","657","1790361415","1790361427","12","maps/mp/ffa3","1","","0","","","0","bot:/botfiles/mediumds.jkb","Saboteur","0","2","iphash:f51458ac","^7Padawan","2","2","0","speed","unknown","0","0","0","0","0","0","0","0","0","0","0"
"2","duel_summary","duel","658","1790361598","1790361610","12","maps/mp/ffa3","1","","0","","","0","iphash:f51458ac","^7Padawan","2","2","bot:/botfiles/hardds4.jkb","New_Reborn^7[0]","0","2","0","seeing","drain","0","0","0","0","0","0","0","0","0","0","0"
"2","duel_summary","duel","659","1790361768","1790361838","70","maps/mp/ffa3","1","","0","","","0","bot:/botfiles/hardds4.jkb","New_Reborn^7[0]","0","2","iphash:f51458ac","^7Padawan","2","2","0","push","seeing","0","0","0","0","0","0","0","0","0","0","0"
"2","duel_summary","duel","660","1790361841","1790361881","40","maps/mp/ffa3","1","","0","","","0","bot:/botfiles/hardds4.jkb","New_Reborn^7[0]","0","2","iphash:f51458ac","^7Padawan","2","2","0","push","seeing","0","0","0","0","0","0","0","0","0","0","0"
"2","duel_summary","duel","661","1790361883","1790361914","31","maps/mp/ffa3","1","","0","","","0","bot:/botfiles/hardds4.jkb","New_Reborn^7[0]","0","2","iphash:f51458ac","^7Padawan","2","2","0","push","seeing","0","0","0","0","0","0","0","0","0","0","0"
"2","duel_summary","duel","662","1790361919","1790362077","158","maps/mp/ffa3","1","","0","","","0","iphash:f51458ac","^7Padawan","2","2","bot:/botfiles/hardds4.jkb","New_Reborn^7[0]","0","2","0","seeing","grip","0","0","0","0","0","0","0","0","0","0","0"
"2","duel_summary","duel","663","1790373425","1790373471","46","maps/mp/ffa3","1","","0","","","0","bot:/botfiles/hardds4.jkb","New_Reborn^7[0]","0","2","iphash:f51458ac","^7Padawan","2","2","0","pull","seeing","0","0","0","0","0","0","0","0","0","0","0"
"2","duel_summary","duel","664","1790373476","1790373480","4","maps/mp/ffa3","1","","0","","","0","iphash:f51458ac","^7Padawan","2","2","bot:/botfiles/hardds4.jkb","New_Reborn^7[0]","0","2","0","seeing","","0","0","0","0","0","0","0","0","0","0","0"
"2","duel_summary","duel","665","1790373484","1790373495","11","maps/mp/ffa3","1","","0","","","0","iphash:f51458ac","^7Padawan","2","2","bot:/botfiles/hardds4.jkb","New_Reborn^7[0]","0","2","0","seeing","pull","0","0","0","0","0","0","0","0","0","0","0"
"2","duel_summary","duel","666","1790373498","1790373532","34","maps/mp/ffa3","1","","0","","","0","bot:/botfiles/hardds4.jkb","New_Reborn^7[0]","0","2","iphash:f51458ac","^7Padawan","2","2","0","push","seeing","0","0","0","0","0","0","0","0","0","0","0"
"2","duel_summary","duel","667","1790373537","1790373569","32","maps/mp/ffa3","1","","0","","","0","bot:/botfiles/hardds4.jkb","New_Reborn^7[0]","0","2","iphash:f51458ac","^7Padawan","2","2","0","pull","seeing","0","0","0","0","0","0","0","0","0","0","0"
"2","duel_summary","duel","668","1790373573","1790373627","54","maps/mp/ffa3","1","","0","","","0","bot:/botfiles/hardds4.jkb","New_Reborn^7[0]","0","2","iphash:f51458ac","^7Padawan","2","2","0","pull","seeing","0","0","0","0","0","0","0","0","0","0","0"
"2","duel_summary","duel","669","1790373631","1790373653","22","maps/mp/ffa3","1","","0","","","0","iphash:f51458ac","^7Padawan","2","2","bot:/botfiles/hardds4.jkb","New_Reborn^7[0]","0","2","0","seeing","push","0","0","0","0","0","0","0","0","0","0","0"
"2","duel_summary","duel","670","1790373657","1790373685","28","maps/mp/ffa3","1","","0","","","0","bot:/botfiles/hardds4.jkb","New_Reborn^7[0]","0","2","iphash:f51458ac","^7Padawan","2","2","0","pull","seeing","0","0","0","0","0","0","0","0","0","0","0"
"2","duel_summary","duel","671","1790373688","1790373717","29","maps/mp/ffa3","1","","0","","","0","bot:/botfiles/hardds4.jkb","New_Reborn^7[0]","0","2","iphash:f51458ac","^7Padawan","2","2","0","pull","seeing","0","0","0","0","0","0","0","0","0","0","0"
"2","duel_summary","duel","672","1790373883","1790374049","166","maps/mp/ffa3","1","","0","","","0","bot:/botfiles/hardds4.jkb","New_Reborn^7[0]","0","2","iphash:f51458ac","^7Padawan","2","2","0","pull","seeing","0","0","0","0","0","0","0","0","0","0","0"
"2","duel_summary","duel","673","1790374081","1790374096","15","maps/mp/ffa3","1","","0","","","0","bot:/botfiles/hardds4.jkb","New_Reborn^7[0]","0","2","iphash:f51458ac","^7Padawan","2","2","0","grip","unknown","0","0","0","0","0","0","0","0","0","0","0"
"2","duel_summary","duel","674","1790374101","1790374108","7","maps/mp/ffa3","1","","0","","","0","iphash:f51458ac","^7Padawan","2","2","bot:/botfiles/hardds4.jkb","New_Reborn^7[0]","0","2","0","seeing","","0","0","0","0","0","0","0","0","0","0","0"
"2","duel_summary","duel","675","1790374111","1790374163","52","maps/mp/ffa3","1","","0","","","0","bot:/botfiles/hardds4.jkb","New_Reborn^7[0]","0","2","iphash:f51458ac","^7Padawan","2","2","0","push","seeing","0","0","0","0","0","0","0","0","0","0","0"
"2","duel_summary","duel","676","1790374170","1790374176","6","maps/mp/ffa3","1","","0","","","0","iphash:f51458ac","^7Padawan","2","2","bot:/botfiles/hardds4.jkb","New_Reborn^7[0]","0","2","0","seeing","push","0","0","0","0","0","0","0","0","0","0","0"
"2","duel_summary","duel","677","1790374180","1790374213","33","maps/mp/ffa3","1","","0","","","0","bot:/botfiles/hardds4.jkb","New_Reborn^7[0]","0","2","iphash:f51458ac","^7Padawan","2","2","0","push","seeing","0","0","0","0","0","0","0","0","0","0","0"
"2","duel_summary","duel","678","1790374230","1790374261","31","maps/mp/ffa3","1","","0","","","0","bot:/botfiles/hardds4.jkb","New_Reborn^7[0]","0","2","iphash:f51458ac","^7Padawan","2","2","0","pull","seeing","0","0","0","0","0","0","0","0","0","0","0"
"2","duel_summary","duel","679","1790374264","1790374298","34","maps/mp/ffa3","1","","0","","","0","bot:/botfiles/hardds4.jkb","New_Reborn^7[0]","0","2","iphash:f51458ac","^7Padawan","2","2","0","pull","unknown","0","0","0","0","0","0","0","0","0","0","0"
"2","duel_summary","duel","680","1790374310","1790374336","26","maps/mp/ffa3","1","","0","","","0","bot:/botfiles/hardds4.jkb","New_Reborn^7[0]","0","2","iphash:f51458ac","^7Padawan","2","2","0","drain","seeing","0","0","0","0","0","0","0","0","0","0","0"
"2","duel_summary","duel","681","1790374341","1790374354","13","maps/mp/ffa3","1","","0","","","0","bot:/botfiles/hardds4.jkb","New_Reborn^7[0]","0","2","iphash:f51458ac","^7Padawan","2","2","0","drain","seeing","0","0","0","0","0","0","0","0","0","0","0"
"2","duel_summary","duel","682","1790374357","1790374417","60","maps/mp/ffa3","1","","0","","","0","bot:/botfiles/hardds4.jkb","New_Reborn^7[0]","0","2","iphash:f51458ac","^7Padawan","2","2","0","push","seeing","0","0","0","0","0","0","0","0","0","0","0"
"2","duel_summary","duel","683","1790374420","1790374482","62","maps/mp/ffa3","1","","0","","","0","bot:/botfiles/hardds4.jkb","New_Reborn^7[0]","0","2","iphash:f51458ac","^7Padawan","2","2","0","pull","seeing","0","0","0","0","0","0","0","0","0","0","0"
"2","duel_summary","duel","684","1790374486","1790374539","53","maps/mp/ffa3","1","","0","","","0","iphash:f51458ac","^7Padawan","2","2","bot:/botfiles/hardds4.jkb","New_Reborn^7[0]","0","2","0","seeing","pull","0","0","0","0","0","0","0","0","0","0","0"
"2","duel_summary","duel","685","1790374549","1790374656","107","maps/mp/ffa3","1","","0","","","0","bot:/botfiles/hardds4.jkb","New_Reborn^7[0]","0","2","iphash:f51458ac","^7Padawan","2","2","0","pull","seeing","0","0","0","0","0","0","0","0","0","0","0"
"2","duel_summary","duel","686","1790374661","1790374700","39","maps/mp/ffa3","1","","0","","","0","iphash:f51458ac","^7Padawan","2","2","bot:/botfiles/hardds4.jkb","New_Reborn^7[0]","0","2","0","unknown","speed","0","0","0","0","0","0","0","0","0","0","0"
"2","duel_summary","duel","687","1790374703","1790374737","34","maps/mp/ffa3","1","","0","","","0","bot:/botfiles/hardds4.jkb","New_Reborn^7[0]","0","2","iphash:f51458ac","^7Padawan","2","2","0","pull","seeing","0","0","0","0","0","0","0","0","0","0","0"
"2","duel_summary","duel","688","1790374746","1790374859","113","maps/mp/ffa3","1","","0","","","0","bot:/botfiles/hardds4.jkb","New_Reborn^7[0]","0","2","iphash:f51458ac","^7Padawan","2","2","0","grip","seeing","0","0","0","0","0","0","0","0","0","0","0"
"2","duel_summary","duel","689","1790374868","1790374919","51","maps/mp/ffa3","1","","0","","","0","bot:/botfiles/hardds4.jkb","New_Reborn^7[0]","0","2","iphash:f51458ac","^7Padawan","2","2","0","push","seeing","0","0","0","0","0","0","0","0","0","0","0"
"2","duel_summary","duel","690","1790374967","1790374988","21","maps/mp/ffa3","1","","0","","","0","bot:/botfiles/mediumds.jkb","Gran","0","2","iphash:f51458ac","^7Padawan","2","2","0","push","seeing","0","0","0","0","0","0","0","0","0","0","0"
"2","duel_summary","duel","691","1790374993","1790375043","50","maps/mp/ffa3","1","","0","","","0","iphash:f51458ac","^7Padawan","2","2","bot:/botfiles/mediumds.jkb","Gran","0","2","0","seeing","push","0","0","0","0","0","0","0","0","0","0","0"
"2","duel_summary","duel","692","1790375052","1790375087","35","maps/mp/ffa3","1","","0","","","0","bot:/botfiles/mediumds.jkb","Gran","0","2","iphash:f51458ac","^7Padawan","2","2","0","pull","seeing","0","0","0","0","0","0","0","0","0","0","0"
"2","duel_summary","duel","693","1790392959","1790393050","91","maps/mp/ffa3","1","","0","","","0","bot:/botfiles/mediumds.jkb","Gran","0","2","iphash:f51458ac","^7Padawan","2","2","0","pull","seeing","0","0","0","0","0","0","0","0","0","0","0"
"2","duel_summary","duel","694","1790393055","1790393084","29","maps/mp/ffa3","1","","0","","","0","bot:/botfiles/mediumds.jkb","Gran","0","2","iphash:f51458ac","^7Padawan","2","2","0","pull","seeing","0","0","0","0","0","0","0","0","0","0","0"
"2","duel_summary","duel","695","1790393090","1790393095","5","maps/mp/ffa3","1","","0","","","0","iphash:f51458ac","^7Padawan","2","2","bot:/botfiles/mediumds.jkb","Gran","0","2","0","seeing","","0","0","0","0","0","0","0","0","0","0","0"
"2","duel_summary","duel","696","1790393099","1790393153","54","maps/mp/ffa3","1","","0","","","0","bot:/botfiles/mediumds.jkb","Gran","0","2","iphash:f51458ac","^7Padawan","2","2","0","push","seeing","0","0","0","0","0","0","0","0","0","0","0"
"2","duel_summary","duel","697","1790406478","1790406508","30","maps/mp/ffa3","1","","0","","","0","bot:/botfiles/mediumds.jkb","Gran","0","2","user:iceman","iceman","1","2","0","push","seeing","0","0","0","0","0","0","0","0","0","0","0"
"2","duel_summary","duel","698","1790406515","1790406522","7","maps/mp/ffa3","1","","0","","","0","user:iceman","iceman","1","2","bot:/botfiles/mediumds.jkb","Gran","0","2","0","seeing","pull","0","0","0","0","0","0","0","0","0","0","0"
"2","duel_summary","duel","699","1790406533","1790406562","29","maps/mp/ffa3","1","","0","","","0","user:iceman","iceman","1","2","bot:/botfiles/mediumds.jkb","Gran","0","2","0","seeing","pull","0","0","0","0","0","0","0","0","0","0","0"
"2","duel_summary","duel","700","1790406565","1790406571","6","maps/mp/ffa3","1","","0","","","0","user:iceman","iceman","1","2","bot:/botfiles/mediumds.jkb","Gran","0","2","0","seeing","","0","0","0","0","0","0","0","0","0","0","0"
"2","duel_summary","duel","701","1790406574","1790406666","92","maps/mp/ffa3","1","","0","","","0","bot:/botfiles/mediumds.jkb","Gran","0","2","user:iceman","iceman","1","2","0","push","seeing","0","0","0","0","0","0","0","0","0","0","0"
"2","duel_summary","duel","702","1790447788","1790447881","93","maps/mp/ffa3","1","","0","","","0","bot:/botfiles/hardds.jkb","Imperial","0","2","iphash:f51458ac","^7Padawan","2","2","0","push","seeing","0","0","0","0","0","0","0","0","0","0","0"
"2","duel_summary","duel","703","1790449730","1790449756","26","maps/mp/ffa3","1","","0","","","0","bot:/botfiles/mediumds.jkb","Weequay^7[0]","0","2","iphash:79c03815","^0-=^3'/^7o^3!^0d^0=-^6","2","2","0","speed","seeing","0","0","0","0","0","0","0","0","0","0","0"
"2","duel_summary","duel","704","1790449760","1790449804","44","maps/mp/ffa3","1","","0","","","0","bot:/botfiles/mediumds.jkb","Weequay^7[0]","0","2","user:void","void","1","2","0","drain","seeing","0","0","0","0","0","0","0","0","0","0","0"
"2","duel_summary","duel","705","1790449816","1790449836","20","maps/mp/ffa3","1","","0","","","0","user:void","void","1","2","bot:/botfiles/mediumds.jkb","Trandoshan","0","2","0","seeing","unknown","0","0","0","0","0","0","0","0","0","0","0"
"2","duel_summary","duel","706","1790449842","1790449941","99","maps/mp/ffa3","1","","0","","","0","user:void","void","1","2","bot:/botfiles/mediumds.jkb","Trandoshan","0","2","0","seeing","drain","0","0","0","0","0","0","0","0","0","0","0"
"2","duel_summary","duel","707","1790449944","1790449992","48","maps/mp/ffa3","1","","0","","","0","user:void","void","1","2","bot:/botfiles/mediumds.jkb","Trandoshan","0","2","0","seeing","drain","0","0","0","0","0","0","0","0","0","0","0"
"2","duel_summary","duel","708","1790449997","1790450013","16","maps/mp/ffa3","0","","0","","","0","user:void","void","1","2","bot:/botfiles/mediumds.jkb","Trandoshan","0","2","0","","","0","0","0","0","0","0","0","0","0","0","0"
"2","duel_summary","duel","709","1790450021","1790450105","84","maps/mp/ffa3","0","","0","","","0","user:void","void","1","2","bot:/botfiles/mediumds.jkb","Trandoshan","0","2","0","","","0","0","0","0","0","0","0","0","0","0","0"
"2","duel_summary","duel","710","1790450112","1790450137","25","maps/mp/ffa3","0","","0","","","0","user:void","void","1","2","bot:/botfiles/mediumds.jkb","Trandoshan","0","2","0","","","0","0","0","0","0","0","0","0","0","0","0"
"2","duel_summary","duel","711","1790450150","1790450227","77","maps/mp/ffa3","0","","0","","","0","user:void","void","1","2","bot:/botfiles/mediumds.jkb","Trandoshan","0","2","0","","","0","0","0","0","0","0","0","0","0","0","0"
"2","duel_summary","duel","712","1790450232","1790450265","33","maps/mp/ffa3","0","","0","","","0","user:void","void","1","2","bot:/botfiles/mediumds.jkb","Trandoshan","0","2","0","seeing","","0","0","0","0","0","0","0","0","0","0","0"
"2","duel_summary","duel","713","1790450300","1790450332","32","maps/mp/ffa3","1","","0","","","0","user:void","void","1","2","bot:/botfiles/hardds.jkb","Desann","0","2","0","unknown","pull","0","0","0","0","0","0","0","0","0","0","0"
"2","duel_summary","duel","714","1790450399","1790450420","21","maps/mp/ffa3","1","","0","","","0","user:void","void","1","2","bot:/botfiles/mediumds.jkb","Trandoshan","0","2","0","seeing","pull","0","0","0","0","0","0","0","0","0","0","0"
"2","duel_summary","duel","715","1790450424","1790450485","61","maps/mp/ffa3","1","","0","","","0","user:void","void","1","2","bot:/botfiles/mediumds.jkb","Trandoshan","0","2","0","unknown","grip","0","0","0","0","0","0","0","0","0","0","0"
"2","duel_summary","duel","716","1790450581","1790450623","42","maps/mp/ffa3","1","","0","","","0","user:void","void","1","2","bot:/botfiles/mediumds.jkb","Gran","0","2","0","seeing","push","0","0","0","0","0","0","0","0","0","0","0"
"2","duel_summary","duel","717","1790450644","1790450707","63","maps/mp/ffa3","1","","0","","","0","user:void","void","1","2","bot:/botfiles/mediumds.jkb","Gran","0","2","0","seeing","pull","0","0","0","0","0","0","0","0","0","0","0"
"2","duel_summary","duel","718","1790450722","1790450829","107","maps/mp/ffa3","1","","0","","","0","bot:/botfiles/mediumds.jkb","Gran","0","2","user:void","void","1","2","0","drain","seeing","0","0","0","0","0","0","0","0","0","0","0"
"2","duel_summary","duel","719","1790450832","1790450864","32","maps/mp/ffa3","1","","0","","","0","user:void","void","1","2","bot:/botfiles/mediumds.jkb","Gran","0","2","0","unknown","grip","0","0","0","0","0","0","0","0","0","0","0"
"2","duel_summary","duel","720","1790450874","1790450925","51","maps/mp/ffa3","1","","0","","","0","user:void","void","1","2","bot:/botfiles/mediumds.jkb","Gran","0","2","0","unknown","drain","0","0","0","0","0","0","0","0","0","0","0"
"2","duel_summary","duel","721","1790450932","1790450939","7","maps/mp/ffa3","1","","0","","","0","user:void","void","1","2","bot:/botfiles/mediumds.jkb","Gran^7[0]","0","2","0","seeing","push","0","0","0","0","0","0","0","0","0","0","0"
"2","duel_summary","duel","722","1790450944","1790450982","38","maps/mp/ffa3","1","","0","","","0","bot:/botfiles/mediumds.jkb","Gran","0","2","user:void","void","1","2","0","grip","seeing","0","0","0","0","0","0","0","0","0","0","0"
"2","duel_summary","duel","723","1790451026","1790451043","17","maps/mp/ffa3","1","","0","","","0","user:void","void","1","2","bot:/botfiles/mediumds.jkb","Weequay","0","2","0","seeing","pull","0","0","0","0","0","0","0","0","0","0","0"
"2","duel_summary","duel","724","1790451047","1790451101","54","maps/mp/ffa3","1","","0","","","0","user:void","void","1","2","bot:/botfiles/mediumds.jkb","Weequay","0","2","0","seeing","drain","0","0","0","0","0","0","0","0","0","0","0"
"2","duel_summary","duel","725","1790451106","1790451166","60","maps/mp/ffa3","1","","0","","","0","bot:/botfiles/mediumds.jkb","Weequay","0","2","user:void","void","1","2","0","pull","seeing","0","0","0","0","0","0","0","0","0","0","0"
"2","duel_summary","duel","726","1790451179","1790451211","32","maps/mp/ffa3","1","","0","","","0","bot:/botfiles/mediumds.jkb","Weequay","0","2","user:void","void","1","2","0","drain","unknown","0","0","0","0","0","0","0","0","0","0","0"
"2","duel_summary","duel","727","1790453514","1790453523","9","maps/mp/ffa3","1","","0","","","0","iphash:f51458ac","^7Padawan","2","2","bot:/botfiles/mediumds.jkb","Weequay","0","2","0","seeing","rage","0","0","0","0","0","0","0","0","0","0","0"
"2","duel_summary","duel","728","1790453526","1790453578","52","maps/mp/ffa3","1","","0","","","0","bot:/botfiles/mediumds.jkb","Weequay","0","2","iphash:f51458ac","^7Padawan","2","2","0","pull","seeing","0","0","0","0","0","0","0","0","0","0","0"
"2","duel_summary","duel","729","1790453582","1790453648","66","maps/mp/ffa3","1","","0","","","0","bot:/botfiles/mediumds.jkb","Weequay","0","2","iphash:f51458ac","^7Padawan","2","2","0","push","seeing","0","0","0","0","0","0","0","0","0","0","0"
"2","duel_summary","duel","730","1790453653","1790453663","10","maps/mp/ffa3","1","","0","","","0","iphash:f51458ac","^7Padawan","2","2","bot:/botfiles/mediumds.jkb","Weequay","0","2","0","seeing","grip","0","0","0","0","0","0","0","0","0","0","0"
"2","duel_summary","duel","731","1790453665","1790453782","117","maps/mp/ffa3","1","","0","","","0","iphash:f51458ac","^7Padawan","2","2","bot:/botfiles/mediumds.jkb","Weequay","0","2","0","seeing","push","0","0","0","0","0","0","0","0","0","0","0"
"2","duel_summary","duel","732","1790453794","1790453885","91","maps/mp/ffa3","1","","0","","","0","bot:/botfiles/mediumds.jkb","Weequay","0","2","iphash:f51458ac","^7Padawan","2","2","0","push","seeing","0","0","0","0","0","0","0","0","0","0","0"
"2","duel_summary","duel","733","1790454178","1790454219","41","maps/mp/ffa3","1","","0","","","0","bot:/botfiles/hardds4.jkb","New_Reborn","0","2","iphash:f51458ac","^7Padawan","2","2","0","grip","seeing","0","0","0","0","0","0","0","0","0","0","0"
"2","duel_summary","duel","734","1790454226","1790454231","5","maps/mp/ffa3","1","","0","","","0","iphash:f51458ac","^7Padawan","2","2","bot:/botfiles/hardds4.jkb","New_Reborn","0","2","0","seeing","","0","0","0","0","0","0","0","0","0","0","0"
"2","duel_summary","duel","735","1790454240","1790454283","43","maps/mp/ffa3","1","","0","","","0","bot:/botfiles/hardds4.jkb","New_Reborn","0","2","iphash:f51458ac","^7Padawan","2","2","0","drain","seeing","0","0","0","0","0","0","0","0","0","0","0"
"2","duel_summary","duel","736","1790454927","1790454931","4","maps/mp/ffa3","1","","0","","","0","iphash:f51458ac","^7Padawan","2","2","bot:/botfiles/mediumds.jkb","Weequay","0","2","0","seeing","","0","0","0","0","0","0","0","0","0","0","0"
"2","duel_summary","duel","737","1790454937","1790454965","28","maps/mp/ffa3","0","","0","","","0","bot:/botfiles/mediumds.jkb","Weequay","0","2","iphash:f51458ac","^7Padawan","2","2","0","grip","seeing","0","0","0","0","0","0","0","0","0","0","0"
"2","duel_summary","duel","738","1790469547","1790469578","31","maps/mp/ffa3","6","","0","","","0","bot:/botfiles/hardds.jkb","Desann","0","2","iphash:4159d14d","^0-=^3'/^7o^3!^0d^0=-^6","2","2","0","","","0","0","0","0","0","0","0","0","0","0","0"
"2","duel_summary","duel","739","1790469582","1790469635","53","maps/mp/ffa3","1","","0","","","0","bot:/botfiles/hardds.jkb","Desann","0","2","iphash:4159d14d","^0-=^3'/^7o^3!^0d^0=-^6","2","2","0","speed","unknown","0","0","0","0","0","0","0","0","0","0","0"
"2","duel_summary","duel","740","1790469656","1790469669","13","maps/mp/ffa3","1","","0","","","0","iphash:4159d14d","^0-=^3'/^7o^3!^0d^0=-^6","2","2","bot:/botfiles/mediumds.jkb","Weequay","0","2","0","seeing","unknown","0","0","0","0","0","0","0","0","0","0","0"
"2","duel_summary","duel","741","1790469674","1790469707","33","maps/mp/ffa3","1","","0","","","0","iphash:4159d14d","^0-=^3'/^7o^3!^0d^0=-^6","2","2","bot:/botfiles/mediumds.jkb","Weequay","0","2","0","seeing","push","0","0","0","0","0","0","0","0","0","0","0"
"2","duel_summary","duel","742","1790469719","1790469756","37","maps/mp/ffa3","1","","0","","","0","iphash:4159d14d","^0-=^3'/^7o^3!^0d^0=-^6","2","2","bot:/botfiles/mediumds.jkb","Weequay","0","2","0","seeing","push","0","0","0","0","0","0","0","0","0","0","0"
"2","duel_summary","duel","743","1790469761","1790469773","12","maps/mp/ffa3","1","","0","","","0","bot:/botfiles/mediumds.jkb","Weequay","0","2","iphash:4159d14d","^0-=^3'/^7o^3!^0d^0=-^6","2","2","0","unknown","seeing","0","0","0","0","0","0","0","0","0","0","0"
"2","duel_summary","duel","744","1790469776","1790469804","28","maps/mp/ffa3","1","","0","","","0","iphash:4159d14d","^0-=^3'/^7o^3!^0d^0=-^6","2","2","bot:/botfiles/mediumds.jkb","Weequay","0","2","0","seeing","pull","0","0","0","0","0","0","0","0","0","0","0"
"2","duel_summary","duel","745","1790469808","1790469842","34","maps/mp/ffa3","1","","0","","","0","iphash:4159d14d","^0-=^3'/^7o^3!^0d^0=-^6","2","2","bot:/botfiles/mediumds.jkb","Weequay","0","2","0","seeing","push","0","0","0","0","0","0","0","0","0","0","0"
"2","duel_summary","duel","746","1790469846","1790469865","19","maps/mp/ffa3","1","","0","","","0","bot:/botfiles/mediumds.jkb","Weequay","0","2","iphash:4159d14d","^0-=^3'/^7o^3!^0d^0=-^6","2","2","0","push","seeing","0","0","0","0","0","0","0","0","0","0","0"
"2","duel_summary","duel","747","1790469868","1790469916","48","maps/mp/ffa3","1","","0","","","0","iphash:4159d14d","^0-=^3'/^7o^3!^0d^0=-^6","2","2","bot:/botfiles/mediumds.jkb","Weequay","0","2","0","seeing","pull","0","0","0","0","0","0","0","0","0","0","0"
"2","duel_summary","duel","748","1790469919","1790469934","15","maps/mp/ffa3","1","","0","","","0","iphash:4159d14d","^0-=^3'/^7o^3!^0d^0=-^6","2","2","bot:/botfiles/mediumds.jkb","Weequay","0","2","0","seeing","drain","0","0","0","0","0","0","0","0","0","0","0"
"2","duel_summary","duel","749","1790469936","1790469976","40","maps/mp/ffa3","1","","0","","","0","iphash:4159d14d","^0-=^3'/^7o^3!^0d^0=-^6","2","2","bot:/botfiles/mediumds.jkb","Weequay","0","2","0","seeing","pull","0","0","0","0","0","0","0","0","0","0","0"
"2","duel_summary","duel","750","1790469979","1790469981","2","maps/mp/ffa3","1","","0","","","0","iphash:4159d14d","^0-=^3'/^7o^3!^0d^0=-^6","2","2","bot:/botfiles/mediumds.jkb","Weequay","0","2","0","","","0","0","0","0","0","0","0","0","0","0","0"
"2","duel_summary","duel","751","1790470008","1790470049","41","maps/mp/ffa3","1","","0","","","0","bot:/botfiles/mediumds.jkb","galak","0","2","iphash:4159d14d","^0-=^3'/^7o^3!^0d^0=-^6","2","2","0","seeing","seeing","0","0","0","0","0","0","0","0","0","0","0"
"2","duel_summary","duel","752","1790470055","1790470062","7","maps/mp/ffa3","1","","0","","","0","iphash:4159d14d","^0-=^3'/^7o^3!^0d^0=-^6","2","2","bot:/botfiles/mediumds.jkb","galak","0","2","0","seeing","","0","0","0","0","0","0","0","0","0","0","0"
"2","duel_summary","duel","753","1790470087","1790470124","37","maps/mp/ffa3","1","","0","","","0","iphash:4159d14d","^0-=^3'/^7o^3!^0d^0=-^6","2","2","bot:/botfiles/mediumds.jkb","galak","0","2","0","seeing","pull","0","0","0","0","0","0","0","0","0","0","0"
"2","duel_summary","duel","754","1790470130","1790470140","10","maps/mp/ffa3","0","","0","","","0","iphash:4159d14d","^0-=^3'/^7o^3!^0d^0=-^6","2","2","bot:/botfiles/mediumds.jkb","galak","0","2","0","","","0","0","0","0","0","0","0","0","0","0","0"
"2","duel_summary","duel","755","1790470144","1790470158","14","maps/mp/ffa3","0","","0","","","0","iphash:4159d14d","^0-=^3'/^7o^3!^0d^0=-^6","2","2","bot:/botfiles/mediumds.jkb","galak","0","2","0","","","0","0","0","0","0","0","0","0","0","0","0"
"2","duel_summary","duel","756","1790470167","1790470179","12","maps/mp/ffa3","0","","0","","","0","iphash:4159d14d","^0-=^3'/^7o^3!^0d^0=-^6","2","2","bot:/botfiles/mediumds.jkb","galak","0","2","0","","","0","0","0","0","0","0","0","0","0","0","0"
"2","duel_summary","duel","757","1790471061","1790471103","42","maps/mp/duel4","1","","0","","","0","bot:/botfiles/hardds.jkb","Desann","0","2","iphash:4159d14d","^0-=^3'/^7o^3!^0d^0=-^6","2","2","0","grip","unknown","0","0","0","0","0","0","0","0","0","0","0"
"2","duel_summary","duel","758","1790471106","1790471137","31","maps/mp/duel4","1","","0","","","0","user:void","void","1","2","bot:/botfiles/hardds.jkb","Desann","0","2","0","seeing","grip","0","0","0","0","0","0","0","0","0","0","0"
"2","duel_summary","duel","759","1790471141","1790471165","24","maps/mp/duel4","1","","0","","","0","bot:/botfiles/hardds.jkb","Desann","0","2","user:void","void","1","2","0","drain","unknown","0","0","0","0","0","0","0","0","0","0","0"
"2","duel_summary","duel","760","1790471168","1790471199","31","maps/mp/duel4","1","","0","","","0","bot:/botfiles/hardds.jkb","Desann","0","2","user:void","void","1","2","0","pull","unknown","0","0","0","0","0","0","0","0","0","0","0"
"2","duel_summary","duel","761","1790471203","1790471236","33","maps/mp/duel4","1","","0","","","0","bot:/botfiles/hardds.jkb","Desann","0","2","user:void","void","1","2","0","pull","unknown","0","0","0","0","0","0","0","0","0","0","0"
"2","duel_summary","duel","762","1790471244","1790471258","14","maps/mp/duel4","1","","0","","","0","user:void","void","1","2","bot:/botfiles/hardds.jkb","Desann","0","2","0","seeing","unknown","0","0","0","0","0","0","0","0","0","0","0"
"2","duel_summary","duel","763","1790471270","1790471327","57","maps/mp/duel4","1","","0","","","0","user:void","void","1","2","bot:/botfiles/hardds.jkb","Desann","0","2","0","unknown","push","0","0","0","0","0","0","0","0","0","0","0"
"2","duel_summary","duel","764","1790471331","1790471346","15","maps/mp/duel4","1","","0","","","0","user:void","void","1","2","bot:/botfiles/hardds.jkb","Desann","0","2","0","unknown","pull","0","0","0","0","0","0","0","0","0","0","0"
"2","duel_summary","duel","765","1790471349","1790471410","61","maps/mp/duel4","1","","0","","","0","bot:/botfiles/hardds.jkb","Desann","0","2","user:void","void","1","2","0","pull","seeing","0","0","0","0","0","0","0","0","0","0","0"
"2","duel_summary","duel","766","1790471421","1790471472","51","maps/mp/duel4","1","","0","","","0","user:void","void","1","2","bot:/botfiles/hardds.jkb","Desann","0","2","0","seeing","unknown","0","0","0","0","0","0","0","0","0","0","0"
"2","duel_summary","duel","767","1790471475","1790471580","105","maps/mp/duel4","1","","0","","","0","user:void","void","1","2","bot:/botfiles/hardds.jkb","Desann","0","2","0","seeing","push","0","0","0","0","0","0","0","0","0","0","0"
"2","duel_summary","duel","768","1790471582","1790471638","56","maps/mp/duel4","1","","0","","","0","user:void","void","1","2","bot:/botfiles/hardds.jkb","Desann","0","2","0","seeing","grip","0","0","0","0","0","0","0","0","0","0","0"
"2","duel_summary","duel","769","1790471641","1790471690","49","maps/mp/duel4","1","","0","","","0","bot:/botfiles/hardds.jkb","Desann","0","2","user:void","void","1","2","0","pull","seeing","0","0","0","0","0","0","0","0","0","0","0"
"2","duel_summary","duel","770","1790471696","1790471745","49","maps/mp/duel4","1","","0","","","0","user:void","void","1","2","bot:/botfiles/hardds.jkb","Desann","0","2","0","seeing","speed","0","0","0","0","0","0","0","0","0","0","0"
"2","duel_summary","duel","771","1790471748","1790471809","61","maps/mp/duel4","1","","0","","","0","user:void","void","1","2","bot:/botfiles/hardds.jkb","Desann","0","2","0","seeing","pull","0","0","0","0","0","0","0","0","0","0","0"
"2","duel_summary","duel","772","1790471811","1790471858","47","maps/mp/duel4","1","","0","","","0","bot:/botfiles/hardds.jkb","Desann","0","2","user:void","void","1","2","0","drain","seeing","0","0","0","0","0","0","0","0","0","0","0"
"2","duel_summary","duel","773","1790471864","1790471939","75","maps/mp/duel4","1","","0","","","0","user:void","void","1","2","bot:/botfiles/hardds.jkb","Desann","0","2","0","seeing","pull","0","0","0","0","0","0","0","0","0","0","0"
"2","duel_summary","duel","774","1790471979","1790471988","9","maps/mp/duel4","1","","0","","","0","user:void","void","1","2","bot:/botfiles/hardds.jkb","Imperial","0","2","0","seeing","seeing","0","0","0","0","0","0","0","0","0","0","0"
"2","duel_summary","duel","775","1790471991","1790472026","35","maps/mp/duel4","1","","0","","","0","user:void","void","1","2","bot:/botfiles/hardds.jkb","Imperial","0","2","0","unknown","push","0","0","0","0","0","0","0","0","0","0","0"
"2","duel_summary","duel","776","1790472030","1790472074","44","maps/mp/duel4","1","","0","","","0","user:void","void","1","2","bot:/botfiles/hardds.jkb","Imperial","0","2","0","seeing","pull","0","0","0","0","0","0","0","0","0","0","0"
"2","duel_summary","duel","777","1790472088","1790472337","249","maps/mp/duel4","1","","0","","","0","bot:/botfiles/hardds.jkb","Imperial","0","2","user:void","void","1","2","0","speed","seeing","0","0","0","0","0","0","0","0","0","0","0"
"2","duel_summary","duel","778","1790473030","1790473051","21","maps/mp/duel4","1","","0","","","0","bot:/botfiles/hardds.jkb","Imperial","0","2","iphash:4159d14d","^0-=^3'/^7o^3!^0d^0=-^6","2","2","0","speed","unknown","0","0","0","0","0","0","0","0","0","0","0"
"2","duel_summary","duel","779","1790473098","1790473213","115","maps/mp/duel4","1","","0","","","0","bot:/botfiles/hardds.jkb","Desann","0","2","user:void","void","1","2","0","pull","seeing","0","0","0","0","0","0","0","0","0","0","0"
"2","duel_summary","duel","780","1790473217","1790473276","59","maps/mp/duel4","1","","0","","","0","bot:/botfiles/hardds.jkb","Desann","0","2","user:void","void","1","2","0","grip","seeing","0","0","0","0","0","0","0","0","0","0","0"
"2","duel_summary","duel","781","1790473285","1790473299","14","maps/mp/duel4","1","","0","","","0","user:void","void","1","2","bot:/botfiles/hardds.jkb","Desann","0","2","0","unknown","pull","0","0","0","0","0","0","0","0","0","0","0"
"2","duel_summary","duel","782","1790473301","1790473320","19","maps/mp/duel4","1","","0","","","0","bot:/botfiles/hardds.jkb","Desann","0","2","user:void","void","1","2","0","drain","unknown","0","0","0","0","0","0","0","0","0","0","0"
"2","duel_summary","duel","783","1790473323","1790473358","35","maps/mp/duel4","1","","0","","","0","user:void","void","1","2","bot:/botfiles/hardds.jkb","Desann","0","2","0","unknown","pull","0","0","0","0","0","0","0","0","0","0","0"
"2","duel_summary","duel","784","1790473360","1790473372","12","maps/mp/duel4","1","","0","","","0","bot:/botfiles/hardds.jkb","Desann","0","2","user:void","void","1","2","0","drain","seeing","0","0","0","0","0","0","0","0","0","0","0"
"2","duel_summary","duel","785","1790473376","1790473405","29","maps/mp/duel4","1","","0","","","0","user:void","void","1","2","bot:/botfiles/hardds.jkb","Desann","0","2","0","unknown","grip","0","0","0","0","0","0","0","0","0","0","0"
"2","duel_summary","duel","786","1790479802","1790479816","14","maps/mp/ffa3","1","","0","","","0","bot:/botfiles/hardds.jkb","Imperial","0","2","iphash:4159d14d","^0-=^3'/^7o^3!^0d^0=-^6","2","2","0","pull","unknown","0","0","0","0","0","0","0","0","0","0","0"
"2","duel_summary","duel","787","1790480181","1790480220","39","maps/mp/ffa3","0","","0","","","0","bot:/botfiles/hardds.jkb","Imperial","0","2","iphash:4159d14d","^0-=^3'/^7o^3!^0d^0=-^6","2","2","0","","","0","0","0","0","0","0","0","0","0","0","0"
"2","duel_summary","duel","788","1790484021","1790484092","71","maps/mp/ffa3","1","","0","","","0","bot:/botfiles/hardds.jkb","Desann","0","2","iphash:f51458ac","Padawan","2","2","0","pull","seeing","0","0","0","0","0","0","0","0","0","0","0"
"2","duel_summary","duel","789","1790484099","1790484149","50","maps/mp/ffa3","1","","0","","","0","iphash:f51458ac","Padawan","2","2","bot:/botfiles/hardds.jkb","Desann","0","2","0","seeing","push","0","0","0","0","0","0","0","0","0","0","0"
"2","duel_summary","duel","790","1790484159","1790484225","66","maps/mp/ffa3","1","","0","","","0","bot:/botfiles/hardds.jkb","Desann","0","2","iphash:f51458ac","Padawan","2","2","0","push","seeing","0","0","0","0","0","0","0","0","0","0","0"
"2","duel_summary","duel","791","1790484526","1790484564","38","maps/mp/ffa3","0","","0","","","0","iphash:f51458ac","Padawan","2","2","bot:/botfiles/mediumds3.jkb","Reborn","0","2","0","","","0","0","0","0","0","0","0","0","0","0","0"
"2","duel_summary","duel","792","1790484567","1790484584","17","maps/mp/ffa3","1","","0","","","0","iphash:f51458ac","Padawan","2","2","bot:/botfiles/mediumds3.jkb","Reborn","0","2","0","seeing","pull","0","0","0","0","0","0","0","0","0","0","0"
"2","duel_summary","duel","793","1790484588","1790484607","19","maps/mp/ffa3","1","","0","","","0","bot:/botfiles/mediumds3.jkb","Reborn","0","2","iphash:f51458ac","Padawan","2","2","0","pull","seeing","0","0","0","0","0","0","0","0","0","0","0"
"2","duel_summary","duel","794","1790484610","1790484743","133","maps/mp/ffa3","1","","0","","","0","iphash:f51458ac","Padawan","2","2","bot:/botfiles/mediumds3.jkb","Reborn","0","2","0","unknown","pull","0","0","0","0","0","0","0","0","0","0","0"
"2","duel_summary","duel","795","1790485348","1790485414","66","maps/mp/ffa3","1","","0","","","0","bot:/botfiles/hardds.jkb","Desann","0","2","iphash:f51458ac","Padawan","2","2","0","push","seeing","0","0","0","0","0","0","0","0","0","0","0"
"2","duel_summary","duel","796","1790485469","1790485538","69","maps/mp/ffa3","1","","0","","","0","bot:/botfiles/mediumds3.jkb","Reborn","0","2","iphash:f51458ac","Padawan","2","2","0","pull","seeing","0","0","0","0","0","0","0","0","0","0","0"
"2","duel_summary","duel","797","1790485615","1790485619","4","maps/mp/ffa3","1","","0","","","0","iphash:f51458ac","Padawan","2","2","bot:/botfiles/easyds2.jkb","ImperialWorker","0","2","0","seeing","","0","0","0","0","0","0","0","0","0","0","0"
"2","duel_summary","duel","798","1790519285","1790519301","16","maps/mp/ffa3","1","","0","","","0","iphash:744c03b9","^0-=^3'/^7o^3!^0d^0=-^6","2","2","bot:/botfiles/mediumds.jkb","Saboteur","0","2","0","seeing","pull","0","0","0","0","0","0","0","0","0","0","0"
"2","duel_summary","duel","799","1790519306","1790519337","31","maps/mp/ffa3","0","","0","","","0","iphash:744c03b9","^0-=^3'/^7o^3!^0d^0=-^6","2","2","bot:/botfiles/mediumds.jkb","Saboteur","0","2","0","","","0","0","0","0","0","0","0","0","0","0","0"
"2","duel_summary","duel","800","1790519346","1790519388","42","maps/mp/ffa3","1","","0","","","0","iphash:744c03b9","^0-=^3'/^7o^3!^0d^0=-^6","2","2","bot:/botfiles/hardds.jkb","Desann","0","2","0","unknown","pull","0","0","0","0","0","0","0","0","0","0","0"
"2","duel_summary","duel","801","1790519428","1790519478","50","maps/mp/ffa3","1","","0","","","0","iphash:744c03b9","^0-=^3'/^7o^3!^0d^0=-^6","2","2","bot:/botfiles/mediumds4.jkb","Rodian","0","2","0","unknown","speed","0","0","0","0","0","0","0","0","0","0","0"
"2","duel_summary","duel","802","1790519691","1790519721","30","maps/mp/ffa3","1","","0","","","0","bot:/botfiles/hardds.jkb","Desann","0","2","iphash:744c03b9","^0-=^3'/^7o^3!^0d^0=-^6","2","2","0","seeing","seeing","0","0","0","0","0","0","0","0","0","0","0"
"2","duel_summary","duel","803","1790519975","1790520011","36","maps/mp/ffa3","1","","0","","","0","bot:/botfiles/mediumds.jkb","Saboteur","0","2","iphash:744c03b9","^0-=^3'/^7o^3!^0d^0=-^6","2","2","0","seeing","seeing","0","0","0","0","0","0","0","0","0","0","0"
"2","duel_summary","duel","804","1790520015","1790520060","45","maps/mp/ffa3","1","","0","","","0","bot:/botfiles/mediumds.jkb","Saboteur","0","2","iphash:744c03b9","^0-=^3'/^7o^3!^0d^0=-^6","2","2","0","pull","seeing","0","0","0","0","0","0","0","0","0","0","0"
"2","duel_summary","duel","805","1790520097","1790520120","23","maps/mp/ffa3","1","","0","","","0","iphash:744c03b9","^0-=^3'/^7o^3!^0d^0=-^6","2","2","bot:/botfiles/easyds.jkb","Mercenary","0","2","0","seeing","unknown","0","0","0","0","0","0","0","0","0","0","0"
"2","duel_summary","duel","806","1790520123","1790520161","38","maps/mp/ffa3","1","","0","","","0","iphash:744c03b9","^0-=^3'/^7o^3!^0d^0=-^6","2","2","bot:/botfiles/mediumds.jkb","Trandoshan","0","2","0","unknown","grip","0","0","0","0","0","0","0","0","0","0","0"
"2","duel_summary","duel","807","1790520165","1790520235","70","maps/mp/ffa3","1","","0","","","0","bot:/botfiles/mediumds.jkb","Trandoshan","0","2","iphash:744c03b9","^0-=^3'/^7o^3!^0d^0=-^6","2","2","0","pull","unknown","0","0","0","0","0","0","0","0","0","0","0"
"2","duel_summary","duel","808","1790520260","1790520405","145","maps/mp/ffa3","1","","0","","","0","bot:/botfiles/mediumds.jkb","Saboteur","0","2","iphash:744c03b9","^0-=^3'/^7o^3!^0d^0=-^6","2","2","0","speed","seeing","0","0","0","0","0","0","0","0","0","0","0"
"2","duel_summary","duel","809","1790520410","1790520429","19","maps/mp/ffa3","1","","0","","","0","iphash:744c03b9","^0-=^3'/^7o^3!^0d^0=-^6","2","2","bot:/botfiles/mediumds.jkb","Saboteur","0","2","0","seeing","pull","0","0","0","0","0","0","0","0","0","0","0"
"2","duel_summary","duel","810","1790520432","1790520512","80","maps/mp/ffa3","1","","0","","","0","bot:/botfiles/mediumds.jkb","Saboteur","0","2","iphash:744c03b9","^0-=^3'/^7o^3!^0d^0=-^6","2","2","0","pull","seeing","0","0","0","0","0","0","0","0","0","0","0"
"2","duel_summary","duel","811","1790520515","1790520545","30","maps/mp/ffa3","1","","0","","","0","iphash:744c03b9","^0-=^3'/^7o^3!^0d^0=-^6","2","2","bot:/botfiles/mediumds.jkb","Saboteur","0","2","0","seeing","pull","0","0","0","0","0","0","0","0","0","0","0"
"2","duel_summary","duel","812","1790520548","1790520557","9","maps/mp/ffa3","1","","0","","","0","iphash:744c03b9","^0-=^3'/^7o^3!^0d^0=-^6","2","2","bot:/botfiles/mediumds.jkb","Saboteur","0","2","0","unknown","pull","0","0","0","0","0","0","0","0","0","0","0"
"2","duel_summary","duel","813","1790520559","1790520575","16","maps/mp/ffa3","1","","0","","","0","iphash:744c03b9","^0-=^3'/^7o^3!^0d^0=-^6","2","2","bot:/botfiles/mediumds.jkb","Saboteur","0","2","0","seeing","drain","0","0","0","0","0","0","0","0","0","0","0"
"2","duel_summary","duel","814","1790520578","1790520619","41","maps/mp/ffa3","1","","0","","","0","iphash:744c03b9","^0-=^3'/^7o^3!^0d^0=-^6","2","2","bot:/botfiles/mediumds.jkb","Saboteur","0","2","0","seeing","push","0","0","0","0","0","0","0","0","0","0","0"
"2","duel_summary","duel","815","1790520622","1790520658","36","maps/mp/ffa3","1","","0","","","0","bot:/botfiles/mediumds.jkb","Saboteur","0","2","iphash:744c03b9","^0-=^3'/^7o^3!^0d^0=-^6","2","2","0","drain","seeing","0","0","0","0","0","0","0","0","0","0","0"
"2","duel_summary","duel","816","1790520667","1790520705","38","maps/mp/ffa3","1","","0","","","0","bot:/botfiles/mediumds.jkb","Saboteur","0","2","iphash:744c03b9","^0-=^3'/^7o^3!^0d^0=-^6","2","2","0","grip","seeing","0","0","0","0","0","0","0","0","0","0","0"
"2","duel_summary","duel","817","1790520791","1790520797","6","maps/mp/ffa3","1","","0","","","0","iphash:744c03b9","^0-=^3'/^7o^3!^0d^0=-^6","2","2","bot:/botfiles/mediumds.jkb","Trandoshan","0","2","0","seeing","","0","0","0","0","0","0","0","0","0","0","0"
"2","duel_summary","duel","818","1790520800","1790520839","39","maps/mp/ffa3","0","","0","","","0","iphash:744c03b9","^0-=^3'/^7o^3!^0d^0=-^6","2","2","bot:/botfiles/mediumds.jkb","Trandoshan","0","2","0","","","0","0","0","0","0","0","0","0","0","0","0"
"2","duel_summary","duel","819","1790521048","1790521091","43","maps/mp/ffa3","1","","0","","","0","bot:/botfiles/hardds.jkb","Desann","0","2","iphash:744c03b9","^0-=^3'/^7o^3!^0d^0=-^6","2","2","0","pull","seeing","0","0","0","0","0","0","0","0","0","0","0"
"2","duel_summary","duel","820","1790521094","1790521149","55","maps/mp/ffa3","1","","0","","","0","iphash:744c03b9","^0-=^3'/^7o^3!^0d^0=-^6","2","2","bot:/botfiles/hardds.jkb","Desann","0","2","0","unknown","pull","0","0","0","0","0","0","0","0","0","0","0"
"2","duel_summary","duel","821","1790521154","1790521180","26","maps/mp/ffa3","0","","0","","","0","user:void","void","1","2","bot:/botfiles/hardds.jkb","Desann","0","2","0","","grip","0","0","0","0","0","0","0","0","0","0","0"
"2","duel_summary","duel","822","1790521186","1790521207","21","maps/mp/ffa3","0","","0","","","0","user:void","void","1","2","bot:/botfiles/hardds.jkb","Desann","0","2","0","","","0","0","0","0","0","0","0","0","0","0","0"
"2","duel_summary","duel","823","1790521215","1790521233","18","maps/mp/ffa3","6","","0","","","0","bot:/botfiles/hardds.jkb","Desann","0","2","user:void","void","1","2","0","","seeing","0","0","0","0","0","0","0","0","0","0","0"
"2","duel_summary","duel","824","1790521330","1790521361","31","maps/mp/ffa3","1","","0","","","0","user:void","void","1","2","bot:/botfiles/hardds4.jkb","New_Reborn^7[0]","0","2","0","seeing","drain","0","0","0","0","0","0","0","0","0","0","0"
"2","duel_summary","duel","825","1790521380","1790521426","46","maps/mp/ffa3","1","","0","","","0","user:void","void","1","2","bot:/botfiles/hardds4.jkb","New_Reborn^7[0]","0","2","0","seeing","drain","0","0","0","0","0","0","0","0","0","0","0"
"2","duel_summary","duel","826","1790521433","1790521524","91","maps/mp/ffa3","1","","0","","","0","bot:/botfiles/hardds4.jkb","New_Reborn^7[0]","0","2","user:void","void","1","2","0","drain","seeing","0","0","0","0","0","0","0","0","0","0","0"
"2","duel_summary","duel","827","1790521539","1790521559","20","maps/mp/ffa3","1","","0","","","0","user:void","void","1","2","bot:/botfiles/mediumds.jkb","Saboteur","0","2","0","seeing","grip","0","0","0","0","0","0","0","0","0","0","0"
"2","duel_summary","duel","828","1790521563","1790521701","138","maps/mp/ffa3","1","","0","","","0","user:void","void","1","2","bot:/botfiles/mediumds.jkb","Saboteur","0","2","0","seeing","drain","0","0","0","0","0","0","0","0","0","0","0"
"2","duel_summary","duel","829","1790521704","1790521745","41","maps/mp/ffa3","1","","0","","","0","user:void","void","1","2","bot:/botfiles/mediumds.jkb","Saboteur","0","2","0","seeing","drain","0","0","0","0","0","0","0","0","0","0","0"
"2","duel_summary","duel","830","1790521748","1790521815","67","maps/mp/ffa3","1","","0","","","0","user:void","void","1","2","bot:/botfiles/mediumds.jkb","Saboteur","0","2","0","unknown","push","0","0","0","0","0","0","0","0","0","0","0"
"2","duel_summary","duel","831","1790521819","1790521844","25","maps/mp/ffa3","1","","0","","","0","bot:/botfiles/mediumds.jkb","Saboteur","0","2","user:void","void","1","2","0","push","unknown","0","0","0","0","0","0","0","0","0","0","0"
"2","duel_summary","duel","832","1790521848","1790521883","35","maps/mp/ffa3","1","","0","","","0","bot:/botfiles/mediumds.jkb","Saboteur","0","2","user:void","void","1","2","0","grip","seeing","0","0","0","0","0","0","0","0","0","0","0"
"2","duel_summary","duel","833","1790521890","1790521938","48","maps/mp/ffa3","1","","0","","","0","user:void","void","1","2","bot:/botfiles/mediumds.jkb","Saboteur","0","2","0","seeing","grip","0","0","0","0","0","0","0","0","0","0","0"
"2","duel_summary","duel","834","1790521941","1790521975","34","maps/mp/ffa3","1","","0","","","0","user:void","void","1","2","bot:/botfiles/mediumds.jkb","Saboteur","0","2","0","seeing","push","0","0","0","0","0","0","0","0","0","0","0"
"2","duel_summary","duel","835","1790521978","1790522075","97","maps/mp/ffa3","1","","0","","","0","user:void","void","1","2","bot:/botfiles/mediumds.jkb","Saboteur","0","2","0","seeing","pull","0","0","0","0","0","0","0","0","0","0","0"
"2","duel_summary","duel","836","1790522083","1790522111","28","maps/mp/ffa3","1","","0","","","0","user:void","void","1","2","bot:/botfiles/mediumds.jkb","Saboteur","0","2","0","seeing","pull","0","0","0","0","0","0","0","0","0","0","0"
"2","duel_summary","duel","837","1790522114","1790522154","40","maps/mp/ffa3","1","","0","","","0","bot:/botfiles/mediumds.jkb","Saboteur","0","2","user:void","void","1","2","0","pull","seeing","0","0","0","0","0","0","0","0","0","0","0"
"2","duel_summary","duel","838","1790522158","1790522198","40","maps/mp/ffa3","1","","0","","","0","user:void","void","1","2","bot:/botfiles/mediumds.jkb","Saboteur","0","2","0","unknown","pull","0","0","0","0","0","0","0","0","0","0","0"
"2","duel_summary","duel","839","1790522205","1790522213","8","maps/mp/ffa3","0","","0","","","0","user:void","void","1","2","bot:/botfiles/mediumds.jkb","Saboteur","0","2","0","","","0","0","0","0","0","0","0","0","0","0","0"
"2","duel_summary","duel","840","1790522216","1790522244","28","maps/mp/ffa3","1","","0","","","0","bot:/botfiles/mediumds.jkb","Saboteur","0","2","user:void","void","1","2","0","pull","seeing","0","0","0","0","0","0","0","0","0","0","0"
"2","arcade_session","arcade","1","1790126713","1790126770","57","maps/mp/ffa3","21","level_clear","1","iphash:2667391d","^0-=^3'/^7o^3!^0d^0=-^6","2","","","0","0","","","0","0","0","","","1","739","652","195","294","35","1","10","3","10","2"
"2","arcade_session","arcade","2","1790126772","1790126862","90","maps/mp/ffa3","21","level_clear","2","iphash:2667391d","^0-=^3'/^7o^3!^0d^0=-^6","2","","","0","0","","","0","0","0","","","1","576","476","92","228","11","1","3","2","3","0"
"2","arcade_session","arcade","3","1790126864","1790126978","114","maps/mp/ffa3","21","level_clear","3","iphash:2667391d","^0-=^3'/^7o^3!^0d^0=-^6","2","","","0","0","","","0","0","0","","","1","948","851","152","303","34","2","4","8","10","0"
"2","arcade_session","arcade","4","1790127122","1790127179","57","maps/vjun3","21","level_clear","1","iphash:2667391d","^0-=^3'/^7o^3!^0d^0=-^6","2","","","0","0","","","0","0","0","","","1","799","714","236","252","40","3","3","4","10","2"
"2","arcade_session","arcade","5","1790127181","1790127216","35","maps/vjun3","21","level_clear","2","iphash:2667391d","^0-=^3'/^7o^3!^0d^0=-^6","2","","","0","0","","","0","0","0","","","1","448","348","110","228","21","0","2","3","5","0"
"2","arcade_session","arcade","6","1790127217","1790127236","19","maps/vjun3","21","level_clear","3","iphash:2667391d","^0-=^3'/^7o^3!^0d^0=-^6","2","","","0","0","","","0","0","0","","","1","159","81","1","122","0","0","2","2","0","1"
"2","arcade_session","arcade","7","1790127238","1790127288","50","maps/vjun3","21","level_clear","4","iphash:2667391d","^0-=^3'/^7o^3!^0d^0=-^6","2","","","0","0","","","0","0","0","","","1","715","682","70","443","17","1","1","5","9","2"
"2","arcade_session","arcade","8","1790127290","1790127376","86","maps/vjun3","21","level_clear","5","iphash:2667391d","^0-=^3'/^7o^3!^0d^0=-^6","2","","","0","0","","","0","0","0","","","2","727","643","209","349","48","1","6","4","5","2"
"2","arcade_session","arcade","9","1790127378","1790127421","43","maps/vjun3","21","eliminated","6","iphash:2667391d","^0-=^3'/^7o^3!^0d^0=-^6","2","","","0","0","","","0","0","0","","","0","497","410","164","295","30","0","2","3","11","0"
"2","arcade_session","arcade","10","1790127432","1790127501","69","maps/vjun3","21","level_clear","2","iphash:2667391d","^0-=^3'/^7o^3!^0d^0=-^6","2","","","0","0","","","0","0","0","","","1","332","251","131","238","19","2","1","4","3","0"
"2","arcade_session","arcade","11","1790127503","1790127530","27","maps/vjun3","21","eliminated","3","user:void","void","1","","","0","0","","","0","0","0","","","0","411","311","100","210","17","1","3","3","3","0"
"2","arcade_session","arcade","12","1790127540","1790127604","64","maps/vjun3","21","eliminated","2","user:void","void","1","","","0","0","","","0","0","0","","","0","955","859","184","435","66","2","5","8","16","0"
"2","arcade_session","arcade","13","1790127615","1790127630","15","maps/vjun3","21","level_clear","2","user:void","void","1","","","0","0","","","0","0","0","","","1","86","19","4","88","3","0","1","0","1","1"
"2","arcade_session","arcade","14","1790127632","1790127687","55","maps/vjun3","21","level_clear","3","user:void","void","1","","","0","0","","","0","0","0","","","1","781","716","161","185","8","3","3","3","4","3"
"2","arcade_session","arcade","15","1790127689","1790127709","20","maps/vjun3","21","level_clear","4","user:void","void","1","","","0","0","","","0","0","0","","","1","220","157","100","150","6","0","2","1","1","3"
"2","arcade_session","arcade","16","1790127711","1790127783","72","maps/vjun3","21","level_clear","5","user:void","void","1","","","0","0","","","0","0","0","","","2","841","766","170","353","34","3","4","3","17","0"
"2","arcade_session","arcade","17","1790127784","1790127842","58","maps/vjun3","21","eliminated","6","user:void","void","1","","","0","0","","","0","0","0","","","0","883","803","343","336","41","2","13","6","11","0"
"2","arcade_session","arcade","18","1790127853","1790127929","76","maps/vjun3","21","level_clear","2","user:void","void","1","","","0","0","","","0","0","0","","","1","794","694","131","395","30","2","6","4","8","1"
"2","arcade_session","arcade","19","1790127931","1790127959","28","maps/vjun3","21","level_clear","3","user:void","void","1","","","0","0","","","0","0","0","","","1","393","303","76","241","22","1","1","8","5","0"
"2","arcade_session","arcade","20","1790127961","1790128002","41","maps/vjun3","21","level_clear","4","user:void","void","1","","","0","0","","","0","0","0","","","1","663","595","135","216","27","0","1","3","11","1"
"2","arcade_session","arcade","21","1790128003","1790128061","58","maps/vjun3","21","eliminated","5","user:void","void","1","","","0","0","","","0","0","0","","","1","763","763","109","456","21","3","3","12","11","2"
"2","arcade_session","arcade","22","1790128072","1790128097","25","maps/vjun3","21","level_clear","2","user:void","void","1","","","0","0","","","0","0","0","","","1","321","250","52","252","7","1","3","4","1","1"
"2","arcade_session","arcade","23","1790128099","1790128121","22","maps/vjun3","21","level_clear","3","user:void","void","1","","","0","0","","","0","0","0","","","1","265","205","80","181","7","1","2","2","6","2"
"2","arcade_session","arcade","24","1790128123","1790128170","47","maps/vjun3","21","level_clear","4","user:void","void","1","","","0","0","","","0","0","0","","","1","618","548","170","274","25","1","1","8","8","3"
"2","arcade_session","arcade","25","1790128172","1790128207","35","maps/vjun3","21","level_clear","5","user:void","void","1","","","0","0","","","0","0","0","","","2","498","406","94","319","16","0","4","5","3","3"
"2","arcade_session","arcade","26","1790128210","1790128263","53","maps/vjun3","21","eliminated","6","user:void","void","1","","","0","0","","","0","0","0","","","1","687","598","109","345","33","2","7","2","5","1"
"2","arcade_session","arcade","27","1790128464","1790128496","32","maps/mp/duel4","21","level_clear","1","iphash:2667391d","^0-=^3'/^7o^3!^0d^0=-^6","2","","","0","0","","","0","0","0","","","1","342","322","42","211","7","1","3","6","2","3"
"2","arcade_session","arcade","28","1790128498","1790128506","8","maps/mp/duel4","21","level_clear","2","iphash:2667391d","^0-=^3'/^7o^3!^0d^0=-^6","2","","","0","0","","","0","0","0","","","1","110","45","1","126","0","0","2","2","0","1"
"2","arcade_session","arcade","29","1790128508","1790128520","12","maps/mp/duel4","21","level_clear","3","iphash:2667391d","^0-=^3'/^7o^3!^0d^0=-^6","2","","","0","0","","","0","0","0","","","1","175","97","20","170","2","0","1","2","2","1"
"2","arcade_session","arcade","30","1790128522","1790128550","28","maps/mp/duel4","21","eliminated","4","iphash:2667391d","^0-=^3'/^7o^3!^0d^0=-^6","2","","","0","0","","","0","0","0","","","0","332","232","160","216","19","1","4","3","4","1"
"2","arcade_session","arcade","31","1790128561","1790128597","36","maps/mp/duel4","21","level_clear","2","user:void","void","1","","","0","0","","","0","0","0","","","1","636","539","154","214","27","3","3","3","10","0"
"2","arcade_session","arcade","32","1790128599","1790128634","35","maps/mp/duel4","21","level_clear","3","user:void","void","1","","","0","0","","","0","0","0","","","1","467","387","30","213","7","0","0","8","4","0"
"2","arcade_session","arcade","33","1790128636","1790128675","39","maps/mp/duel4","21","level_clear","4","user:void","void","1","","","0","0","","","0","0","0","","","1","552","464","45","191","11","0","1","4","6","3"
"2","arcade_session","arcade","34","1790128677","1790128775","98","maps/mp/duel4","21","level_clear","5","user:void","void","1","","","0","0","","","0","0","0","","","2","1534","1434","269","589","58","2","9","13","21","3"
"2","arcade_session","arcade","35","1790128776","1790128871","95","maps/mp/duel4","21","eliminated","6","user:void","void","1","","","0","0","","","0","0","0","","","1","1411","1352","445","413","70","6","4","6","18","1"
"2","arcade_session","arcade","36","1790128882","1790128909","27","maps/mp/duel4","21","level_clear","2","user:void","void","1","","","0","0","","","0","0","0","","","1","392","294","50","182","4","0","1","7","3","0"
"2","arcade_session","arcade","37","1790128911","1790128928","17","maps/mp/duel4","21","level_clear","3","user:void","void","1","","","0","0","","","0","0","0","","","1","317","217","122","181","10","2","3","3","5","2"
"2","arcade_session","arcade","38","1790128930","1790129006","76","maps/mp/duel4","21","level_clear","4","user:void","void","1","","","0","0","","","0","0","0","","","1","1210","1111","174","313","65","5","1","1","17","1"
"2","arcade_session","arcade","39","1790129008","1790129059","51","maps/mp/duel4","21","eliminated","5","user:void","void","1","","","0","0","","","0","0","0","","","0","670","588","182","515","54","2","4","12","11","0"
"2","arcade_session","arcade","40","1790129207","1790129269","62","maps/vjun3","21","level_clear","1","iphash:2667391d","^0-=^3'/^7o^3!^0d^0=-^6","2","","","0","0","","","0","0","0","","","1","211","145","100","97","0","0","0","0","0","0"
"2","arcade_session","arcade","41","1790129271","1790129291","20","maps/vjun3","21","level_clear","2","iphash:2667391d","^0-=^3'/^7o^3!^0d^0=-^6","2","","","0","0","","","0","0","0","","","1","76","0","1","94","0","0","2","0","0","2"
"2","arcade_session","arcade","42","1790129292","1790129314","22","maps/vjun3","21","level_clear","3","iphash:2667391d","^0-=^3'/^7o^3!^0d^0=-^6","2","","","0","0","","","0","0","0","","","0","138","138","61","92","7","0","1","0","1","1"
"2","arcade_session","arcade","43","1790129317","1790129331","14","maps/vjun3","21","level_clear","4","user:void","void","1","","","0","0","","","0","0","0","","","0","66","14","0","174","0","0","0","3","0","1"
"2","arcade_session","arcade","44","1790129333","1790129420","87","maps/vjun3","21","level_clear","5","user:void","void","1","","","0","0","","","0","0","0","","","2","1412","1314","309","589","53","2","6","17","10","6"
"2","arcade_session","arcade","45","1790129422","1790129492","70","maps/vjun3","21","level_clear","6","user:void","void","1","","","0","0","","","0","0","0","","","1","867","776","11","474","30","0","7","9","12","3"
"2","arcade_session","arcade","46","1790129494","1790129544","50","maps/vjun3","21","level_clear","7","user:void","void","1","","","0","0","","","0","0","0","","","3","638","539","80","373","36","0","4","5","5","1"
"2","arcade_session","arcade","47","1790129545","1790129569","24","maps/vjun3","21","level_clear","8","user:void","void","1","","","0","0","","","0","0","0","","","2","192","150","4","164","0","0","0","1","0","1"
"2","arcade_session","arcade","48","1790129571","1790129689","118","maps/vjun3","21","eliminated","9","user:void","void","1","","","0","0","","","0","0","0","","","1","1680","1618","683","442","73","6","9","9","22","2"
"2","arcade_session","arcade","49","1790255664","1790255717","53","maps/mp/ffa3","21","eliminated","1","iphash:2667391d","^0-=^3'/^7o^3!^0d^0=-^6","2","","","0","0","","","0","0","0","","","0","0","0","20","0","0","1","0","0","0","0"
"2","arcade_session","arcade","50","1790255728","1790255770","42","maps/mp/ffa3","21","eliminated","2","iphash:2667391d","^0-=^3'/^7o^3!^0d^0=-^6","2","","","0","0","","","0","0","0","","","0","0","0","0","0","0","0","0","0","0","0"
"2","arcade_session","arcade","51","1790255727","1790255816","89","maps/mp/ffa3","21","eliminated","2","iphash:2667391d","Padawan","2","","","0","0","","","0","0","0","","","0","88","88","168","0","0","1","0","0","0","0"
"2","arcade_session","arcade","52","1790255827","1790255863","36","maps/mp/ffa3","21","eliminated","2","user:void","void","1","","","0","0","","","0","0","0","","","0","0","0","0","0","0","0","0","0","0","0"
"2","arcade_session","arcade","53","1790255865","1790255868","3","maps/mp/ffa3","21","eliminated","1","user:void","void","1","","","0","0","","","0","0","0","","","0","0","0","0","0","0","0","0","0","0","0"
"2","arcade_session","arcade","54","1790255878","1790255903","25","maps/mp/ffa3","21","eliminated","2","user:void","void","1","","","0","0","","","0","0","0","","","0","0","0","0","0","0","0","0","0","0","0"
"2","arcade_session","arcade","55","1790255904","1790255909","5","maps/mp/ffa3","21","eliminated","1","user:void","void","1","","","0","0","","","0","0","0","","","0","0","0","0","0","0","0","0","0","0","0"
"2","arcade_session","arcade","56","1790256416","1790256467","51","maps/mp/duel6","21","eliminated","1","iphash:2667391d","^0-=^3'/^7o^3!^0d^0=-^6","2","","","0","0","","","0","0","0","","","0","28","28","193","9","0","1","1","0","0","0"
"2","arcade_session","arcade","57","1790256478","1790256685","207","maps/mp/duel6","21","disconnect","2","iphash:2667391d","^0-=^3'/^7o^3!^0d^0=-^6","2","","","0","0","","","0","0","0","","","0","0","0","0","0","0","0","0","0","0","0"
"2","arcade_session","arcade","58","1790263472","1790263480","8","maps/mp/duel6","21","eliminated","1","iphash:2667391d","^0-=^3'/^7o^3!^0d^0=-^6","2","","","0","0","","","0","0","0","","","0","0","0","0","0","0","0","0","0","0","0"
"2","arcade_session","arcade","59","1790263491","1790263564","73","maps/mp/duel6","21","eliminated","2","iphash:2667391d","^0-=^3'/^7o^3!^0d^0=-^6","2","","","0","0","","","0","0","0","","","0","20","20","158","16","0","1","0","0","0","1"
"2","arcade_session","arcade","60","1790263574","1790263589","15","maps/mp/duel6","21","eliminated","2","iphash:2667391d","^0-=^3'/^7o^3!^0d^0=-^6","2","","","0","0","","","0","0","0","","","0","0","0","0","0","0","0","0","0","0","0"
"2","arcade_session","arcade","61","1790263599","1790263844","245","maps/mp/duel6","21","disconnect","2","iphash:2667391d","^0-=^3'/^7o^3!^0d^0=-^6","2","","","0","0","","","0","0","0","","","0","0","0","0","0","0","0","0","0","0","0"
"2","arcade_session","arcade","62","1790294429","1790294485","56","maps/mp/duel6","21","eliminated","1","iphash:2667391d","^0-=^3'/^7o^3!^0d^0=-^6","2","","","0","0","","","0","0","0","","","0","665","565","249","228","23","1","4","2","5","1"
"2","arcade_session","arcade","63","1790294495","1790294615","120","maps/mp/duel6","21","level_clear","2","iphash:2667391d","^0-=^3'/^7o^3!^0d^0=-^6","2","","","0","0","","","0","0","0","","","1","1162","1077","240","187","18","2","5","4","10","0"
"2","arcade_session","arcade","64","1790294617","1790294670","53","maps/mp/duel6","21","level_clear","3","user:void","void","1","","","0","0","","","0","0","0","","","1","609","509","233","251","30","3","4","2","10","1"
"2","arcade_session","arcade","65","1790294672","1790294725","53","maps/mp/duel6","21","level_clear","4","user:void","void","1","","","0","0","","","0","0","0","","","1","365","267","78","244","22","0","2","7","3","1"
"2","arcade_session","arcade","66","1790294726","1790294835","109","maps/mp/duel6","21","level_clear","5","user:void","void","1","","","0","0","","","0","0","0","","","2","1541","1469","458","575","78","7","15","8","30","4"
"2","arcade_session","arcade","67","1790294837","1790294904","67","maps/mp/duel6","21","level_clear","6","user:void","void","1","","","0","0","","","0","0","0","","","2","744","662","102","331","55","2","3","7","11","0"
"2","arcade_session","arcade","68","1790294906","1790294968","62","maps/mp/duel6","21","level_clear","7","user:void","void","1","","","0","0","","","0","0","0","","","2","706","656","109","399","39","0","3","3","8","1"
"2","arcade_session","arcade","69","1790294969","1790295041","72","maps/mp/duel6","21","eliminated","8","user:void","void","1","","","0","0","","","0","0","0","","","0","913","897","423","285","48","4","9","4","15","4"
"2","arcade_session","arcade","70","1790295052","1790295190","138","maps/mp/duel6","21","level_clear","2","user:void","void","1","","","0","0","","","0","0","0","","","1","1169","1072","405","348","46","6","7","4","17","1"
"2","arcade_session","arcade","71","1790295191","1790295201","10","maps/mp/duel6","21","level_clear","3","user:void","void","1","","","0","0","","","0","0","0","","","1","107","27","0","89","6","0","0","0","0","0"
"2","arcade_session","arcade","72","1790295203","1790295235","32","maps/mp/duel6","21","level_clear","4","user:void","void","1","","","0","0","","","0","0","0","","","1","151","86","61","71","0","0","4","0","0","5"
"2","arcade_session","arcade","73","1790295237","1790295345","108","maps/mp/duel6","21","level_clear","5","user:void","void","1","","","0","0","","","0","0","0","","","2","1351","1333","320","520","57","5","3","11","11","4"
"2","arcade_session","arcade","74","1790295347","1790295430","83","maps/mp/duel6","21","level_clear","6","user:void","void","1","","","0","0","","","0","0","0","","","2","824","754","164","435","51","2","2","7","8","4"
"2","arcade_session","arcade","75","1790295432","1790295487","55","maps/mp/duel6","21","eliminated","7","user:void","void","1","","","0","0","","","0","0","0","","","0","692","612","211","215","33","2","3","6","9","0"
"2","arcade_session","arcade","76","1790295497","1790295516","19","maps/mp/duel6","21","eliminated","2","user:void","void","1","","","0","0","","","0","0","0","","","0","8","8","7","0","0","0","0","0","0","0"
"2","arcade_session","arcade","77","1790295527","1790295584","57","maps/mp/duel6","21","level_clear","2","user:void","void","1","","","0","0","","","0","0","0","","","1","686","605","98","320","31","1","1","8","8","2"
"2","arcade_session","arcade","78","1790295586","1790295598","12","maps/mp/duel6","21","level_clear","3","user:void","void","1","","","0","0","","","0","0","0","","","1","141","59","0","94","2","0","0","0","0","0"
"2","arcade_session","arcade","79","1790295600","1790295619","19","maps/mp/duel6","21","level_clear","4","user:void","void","1","","","0","0","","","0","0","0","","","1","169","120","38","89","0","0","3","0","0","0"
"2","arcade_session","arcade","80","1790295621","1790295669","48","maps/mp/duel6","21","level_clear","5","user:void","void","1","","","0","0","","","0","0","0","","","2","595","537","135","323","31","2","3","2","8","0"
"2","arcade_session","arcade","81","1790295671","1790295816","145","maps/mp/duel6","21","level_clear","6","user:void","void","1","","","0","0","","","0","0","0","","","2","1352","1312","262","410","2","1","5","3","2","1"
"2","arcade_session","arcade","82","1790295818","1790295879","61","maps/mp/duel6","21","level_clear","7","user:void","void","1","","","0","0","","","0","0","0","","","2","519","442","160","305","26","3","4","1","5","2"
"2","arcade_session","arcade","83","1790295881","1790295976","95","maps/mp/duel6","21","level_clear","8","user:void","void","1","","","0","0","","","0","0","0","","","2","1130","1065","184","356","32","3","8","4","14","0"
"2","arcade_session","arcade","84","1790295979","1790296018","39","maps/mp/duel6","21","level_clear","9","user:void","void","1","","","0","0","","","0","0","0","","","3","336","264","32","270","0","0","2","0","0","0"
"2","arcade_session","arcade","85","1790296020","1790296145","125","maps/mp/duel6","21","eliminated","10","user:void","void","1","","","0","0","","","0","0","0","","","2","1806","1806","573","518","75","3","9","11","18","7"
"2","arcade_session","arcade","86","1790296467","1790296476","9","maps/mp/duel4","21","level_clear","1","user:void","void","1","","","0","0","","","0","0","0","","","1","78","15","30","89","0","0","1","0","0","1"
"2","arcade_session","arcade","87","1790296478","1790296498","20","maps/mp/duel4","21","level_clear","2","user:void","void","1","","","0","0","","","0","0","0","","","1","141","74","1","90","0","0","2","0","0","2"
"2","arcade_session","arcade","88","1790296500","1790296533","33","maps/mp/duel4","21","level_clear","3","user:void","void","1","","","0","0","","","0","0","0","","","1","458","387","81","195","9","3","1","10","6","5"
"2","arcade_session","arcade","89","1790296536","1790296567","31","maps/mp/duel4","21","level_clear","4","user:void","void","1","","","0","0","","","0","0","0","","","1","329","281","61","185","2","0","2","5","2","2"
"2","arcade_session","arcade","90","1790296569","1790296600","31","maps/mp/duel4","21","eliminated","5","user:void","void","1","","","0","0","","","0","0","0","","","0","308","308","242","91","8","2","3","0","2","0"
"2","arcade_session","arcade","91","1790296611","1790296617","6","maps/mp/duel4","21","eliminated","2","user:void","void","1","","","0","0","","","0","0","0","","","0","0","0","0","0","0","0","0","0","0","0"
"2","arcade_session","arcade","92","1790296618","1790296624","6","maps/mp/duel4","21","level_clear","1","user:void","void","1","","","0","0","","","0","0","0","","","1","74","0","0","86","0","0","0","0","0","0"
"2","arcade_session","arcade","93","1790296630","1790296638","8","maps/mp/duel4","21","level_clear","1","user:void","void","1","","","0","0","","","0","0","0","","","1","97","37","0","88","0","0","0","0","0","1"
"2","arcade_session","arcade","94","1790296639","1790296662","23","maps/mp/duel4","21","level_clear","2","user:void","void","1","","","0","0","","","0","0","0","","","1","386","303","71","274","18","0","2","5","4","3"
"2","arcade_session","arcade","95","1790296665","1790296686","21","maps/mp/duel4","21","eliminated","3","user:void","void","1","","","0","0","","","0","0","0","","","0","315","307","210","144","4","0","0","4","2","0"
"2","arcade_session","arcade","96","1790296696","1790296719","23","maps/mp/duel4","21","level_clear","2","user:void","void","1","","","0","0","","","0","0","0","","","1","140","63","21","90","5","0","2","0","1","0"
"2","arcade_session","arcade","97","1790296721","1790296752","31","maps/mp/duel4","21","level_clear","3","user:void","void","1","","","0","0","","","0","0","0","","","1","351","281","114","89","21","1","2","0","4","1"
"2","arcade_session","arcade","98","1790296754","1790296761","7","maps/mp/duel4","21","level_clear","4","user:void","void","1","","","0","0","","","0","0","0","","","1","78","26","0","90","0","0","0","0","0","1"
"2","arcade_session","arcade","99","1790296764","1790296832","68","maps/mp/duel4","21","eliminated","5","user:void","void","1","","","0","0","","","0","0","0","","","0","861","766","285","452","51","2","3","9","9","2"
"2","arcade_session","arcade","100","1790296842","1790296888","46","maps/mp/duel4","21","level_clear","2","user:void","void","1","","","0","0","","","0","0","0","","","1","544","459","111","298","26","1","3","1","4","2"
"2","arcade_session","arcade","101","1790296890","1790296944","54","maps/mp/duel4","21","level_clear","3","user:void","void","1","","","0","0","","","0","0","0","","","1","731","636","261","363","40","2","6","8","6","1"
"2","arcade_session","arcade","102","1790296946","1790296987","41","maps/mp/duel4","21","level_clear","4","user:void","void","1","","","0","0","","","0","0","0","","","1","646","562","205","273","9","1","6","3","5","1"
"2","arcade_session","arcade","103","1790296989","1790297093","104","maps/mp/duel4","21","eliminated","5","user:void","void","1","","","0","0","","","0","0","0","","","0","1325","1262","607","436","30","7","13","7","14","2"
"2","arcade_session","arcade","104","1790297104","1790297136","32","maps/mp/duel4","21","eliminated","2","user:void","void","1","","","0","0","","","0","0","0","","","0","265","203","252","5","1","0","2","0","1","1"
"2","arcade_session","arcade","105","1790297146","1790297154","8","maps/mp/duel4","21","level_clear","2","user:void","void","1","","","0","0","","","0","0","0","","","1","78","14","0","88","0","0","0","0","0","1"
"2","arcade_session","arcade","106","1790297156","1790297157","1","maps/mp/duel4","21","eliminated","3","user:void","void","1","","","0","0","","","0","0","0","","","0","0","0","0","0","0","0","0","0","0","0"
"2","arcade_session","arcade","107","1790297159","1790297161","2","maps/mp/duel4","21","eliminated","1","user:void","void","1","","","0","0","","","0","0","0","","","0","0","0","0","0","0","0","0","0","0","0"
"2","arcade_session","arcade","108","1790297163","1790297164","1","maps/mp/duel4","21","eliminated","1","user:void","void","1","","","0","0","","","0","0","0","","","0","0","0","0","0","0","0","0","0","0","0"
"2","arcade_session","arcade","109","1790297174","1790297231","57","maps/mp/duel4","21","level_clear","2","user:void","void","1","","","0","0","","","0","0","0","","","1","88","29","31","89","0","0","2","0","0","2"
"2","arcade_session","arcade","110","1790297234","1790297257","23","maps/mp/duel4","21","eliminated","3","user:void","void","1","","","0","0","","","0","0","0","","","0","435","342","111","232","13","0","4","1","1","3"
"2","arcade_session","arcade","111","1790297267","1790297276","9","maps/mp/duel4","21","level_clear","2","user:void","void","1","","","0","0","","","0","0","0","","","1","71","0","30","89","0","0","0","2","0","0"
"2","arcade_session","arcade","112","1790297279","1790297320","41","maps/mp/duel4","21","level_clear","3","user:void","void","1","","","0","0","","","0","0","0","","","1","660","563","270","261","18","2","3","3","8","5"
"2","arcade_session","arcade","113","1790297322","1790297350","28","maps/mp/duel4","21","level_clear","4","user:void","void","1","","","0","0","","","0","0","0","","","1","404","340","91","240","22","1","1","4","6","0"
"2","arcade_session","arcade","114","1790297352","1790297380","28","maps/mp/duel4","21","eliminated","5","user:void","void","1","","","0","0","","","0","0","0","","","0","444","401","238","174","18","3","6","3","6","2"
"2","arcade_session","arcade","115","1790297527","1790297548","21","maps/mp/duel3","21","level_clear","1","iphash:2667391d","Padawan","2","","","0","0","","","0","0","0","","","0","140","140","42","8","0","0","2","0","0","0"
"2","arcade_session","arcade","116","1790297551","1790297560","9","maps/mp/duel3","21","level_clear","2","iphash:2667391d","Padawan","2","","","0","0","","","0","0","0","","","0","70","70","30","4","0","0","0","0","0","1"
"2","arcade_session","arcade","117","1790297562","1790297578","16","maps/mp/duel3","21","level_clear","3","iphash:2667391d","Padawan","2","","","0","0","","","0","0","0","","","0","185","115","0","3","0","0","0","0","0","0"
"2","arcade_session","arcade","118","1790297579","1790297589","10","maps/mp/duel3","21","level_clear","4","iphash:2667391d","Padawan","2","","","0","0","","","0","0","0","","","0","22","0","20","0","0","0","0","0","0","0"
"2","arcade_session","arcade","119","1790297591","1790297611","20","maps/mp/duel3","21","eliminated","5","iphash:2667391d","Padawan","2","","","0","0","","","0","0","0","","","0","190","190","0","0","0","0","0","0","0","0"
"2","arcade_session","arcade","120","1790297622","1790297630","8","maps/mp/duel3","21","level_clear","2","iphash:2667391d","Padawan","2","","","0","0","","","0","0","0","","","0","22","22","0","0","0","0","0","0","0","0"
"2","arcade_session","arcade","121","1790297632","1790297667","35","maps/mp/duel3","21","level_clear","3","iphash:2667391d","Padawan","2","","","0","0","","","0","0","0","","","0","0","0","0","0","0","0","0","0","0","0"
"2","arcade_session","arcade","122","1790298066","1790298112","46","maps/vjun3","21","level_clear","1","iphash:2667391d","Padawan","2","","","0","0","","","0","0","0","","","1","385","301","123","186","30","0","0","2","3","2"
"2","arcade_session","arcade","123","1790298114","1790298124","10","maps/vjun3","21","level_clear","2","iphash:2667391d","Padawan","2","","","0","0","","","0","0","0","","","1","78","0","30","88","0","0","0","0","0","0"
"2","arcade_session","arcade","124","1790298126","1790298187","61","maps/vjun3","21","eliminated","3","iphash:2667391d","Padawan","2","","","0","0","","","0","0","0","","","0","788","748","133","258","13","1","1","11","8","1"
"2","arcade_session","arcade","125","1790298198","1790298226","28","maps/vjun3","21","level_clear","2","iphash:2667391d","Padawan","2","","","0","0","","","0","0","0","","","1","381","299","92","224","10","1","2","4","4","1"
"2","arcade_session","arcade","126","1790298228","1790298260","32","maps/vjun3","21","level_clear","3","iphash:2667391d","Padawan","2","","","0","0","","","0","0","0","","","1","249","149","30","259","16","0","1","2","2","2"
"2","arcade_session","arcade","127","1790298262","1790298296","34","maps/vjun3","21","level_clear","4","iphash:2667391d","Padawan","2","","","0","0","","","0","0","0","","","1","478","399","160","144","9","0","3","4","3","3"
"2","arcade_session","arcade","128","1790298298","1790298365","67","maps/vjun3","21","eliminated","5","iphash:2667391d","Padawan","2","","","0","0","","","0","0","0","","","1","867","767","233","463","44","3","3","7","11","2"
"2","arcade_session","arcade","129","1790298375","1790298422","47","maps/vjun3","21","eliminated","2","user:void","void","1","","","0","0","","","0","0","0","","","0","579","498","132","286","36","2","6","0","5","2"
"2","arcade_session","arcade","130","1790298433","1790298466","33","maps/vjun3","21","level_clear","2","user:void","void","1","","","0","0","","","0","0","0","","","1","399","299","162","220","20","0","8","3","0","4"
"2","arcade_session","arcade","131","1790298468","1790298485","17","maps/vjun3","21","eliminated","3","user:void","void","1","","","0","0","","","0","0","0","","","0","219","144","82","191","19","0","3","0","0","1"
"2","arcade_session","arcade","132","1790298496","1790298510","14","maps/vjun3","21","level_clear","2","user:void","void","1","","","0","0","","","0","0","0","","","1","152","81","20","138","0","1","0","1","0","0"
"2","arcade_session","arcade","133","1790298512","1790298564","52","maps/vjun3","21","level_clear","3","user:void","void","1","","","0","0","","","0","0","0","","","1","767","699","120","321","55","1","4","1","12","2"
"2","arcade_session","arcade","134","1790298566","1790298587","21","maps/vjun3","21","level_clear","4","user:void","void","1","","","0","0","","","0","0","0","","","1","328","231","83","190","6","1","4","2","4","1"
"2","arcade_session","arcade","135","1790298589","1790298728","139","maps/vjun3","21","level_clear","5","user:void","void","1","","","0","0","","","0","0","0","","","2","1925","1825","449","746","136","6","10","9","33","2"
"2","arcade_session","arcade","136","1790298730","1790298782","52","maps/vjun3","21","level_clear","6","user:void","void","1","","","0","0","","","0","0","0","","","2","653","608","103","375","37","1","5","3","12","1"
"2","arcade_session","arcade","137","1790298783","1790298877","94","maps/vjun3","21","level_clear","7","user:void","void","1","","","0","0","","","0","0","0","","","2","1265","1165","270","504","45","3","18","1","17","10"
"2","arcade_session","arcade","138","1790298880","1790298973","93","maps/vjun3","21","eliminated","8","user:void","void","1","","","0","0","","","0","0","0","","","0","1286","1203","631","472","77","3","14","6","23","1"
"2","arcade_session","arcade","139","1790298983","1790299001","18","maps/vjun3","21","level_clear","2","user:void","void","1","","","0","0","","","0","0","0","","","1","121","80","32","139","1","0","1","1","1","0"
"2","arcade_session","arcade","140","1790299002","1790299086","84","maps/vjun3","21","level_clear","3","user:void","void","1","","","0","0","","","0","0","0","","","1","725","702","132","201","8","1","2","6","6","1"
"2","arcade_session","arcade","141","1790299088","1790299114","26","maps/vjun3","21","level_clear","4","user:void","void","1","","","0","0","","","0","0","0","","","1","128","55","0","88","6","0","0","0","1","1"
"2","arcade_session","arcade","142","1790299116","1790299150","34","maps/vjun3","21","level_clear","5","user:void","void","1","","","0","0","","","0","0","0","","","2","189","117","81","178","0","1","3","0","0","1"
"2","arcade_session","arcade","143","1790299151","1790299196","45","maps/vjun3","21","eliminated","6","user:void","void","1","","","0","0","","","0","0","0","","","1","506","440","130","375","32","0","9","2","6","3"
"2","arcade_session","arcade","144","1790299207","1790299218","11","maps/vjun3","21","level_clear","2","user:void","void","1","","","0","0","","","0","0","0","","","1","78","8","0","88","0","0","0","0","0","1"
"2","arcade_session","arcade","145","1790299220","1790299231","11","maps/vjun3","21","level_clear","3","user:void","void","1","","","0","0","","","0","0","0","","","1","78","0","0","88","0","0","0","0","0","0"
"2","arcade_session","arcade","146","1790299233","1790299244","11","maps/vjun3","21","level_clear","4","user:void","void","1","","","0","0","","","0","0","0","","","1","105","34","1","89","0","0","4","0","0","0"
"2","arcade_session","arcade","147","1790299246","1790299321","75","maps/vjun3","21","level_clear","5","user:void","void","1","","","0","0","","","0","0","0","","","2","813","720","182","405","46","2","2","3","8","2"
"2","arcade_session","arcade","148","1790299323","1790299387","64","maps/vjun3","21","level_clear","6","user:void","void","1","","","0","0","","","0","0","0","","","2","848","748","235","396","22","3","10","1","3","2"
"2","arcade_session","arcade","149","1790299389","1790299450","61","maps/vjun3","21","level_clear","7","user:void","void","1","","","0","0","","","0","0","0","","","2","936","836","390","554","38","4","10","11","9","0"
"2","arcade_session","arcade","150","1790299452","1790299490","38","maps/vjun3","21","level_clear","8","user:void","void","1","","","0","0","","","0","0","0","","","2","476","376","167","233","4","2","2","2","1","1"
"2","arcade_session","arcade","151","1790299492","1790299549","57","maps/vjun3","21","eliminated","9","user:void","void","1","","","0","0","","","0","0","0","","","1","789","691","296","441","14","2","6","7","3","1"
"2","arcade_session","arcade","152","1790299560","1790299837","277","maps/vjun3","21","disconnect","2","user:void","void","1","","","0","0","","","0","0","0","","","0","0","0","0","0","0","0","0","0","0","0"
"2","arcade_session","arcade","153","1790341961","1790341967","6","maps/mp/duel3","21","disconnect","1","iphash:2667391d","^0-=^3'/^7o^3!^0d^0=-^6","2","","","0","0","","","0","0","0","","","0","0","0","5","0","0","0","0","0","0","0"
"2","arcade_session","arcade","154","1790341978","1790341988","10","maps/mp/duel3","21","level_clear","1","iphash:2667391d","^0-=^3'/^7o^3!^0d^0=-^6","2","","","0","0","","","0","0","0","","","0","0","0","50","0","0","0","0","0","0","0"
"2","arcade_session","arcade","155","1790341990","1790341996","6","maps/mp/duel3","21","disconnect","2","iphash:2667391d","^0-=^3'/^7o^3!^0d^0=-^6","2","","","0","0","","","0","0","0","","","0","0","0","0","0","0","0","0","0","0","0"
"2","arcade_session","arcade","156","1790343617","1790343646","29","maps/mp/duel4","21","eliminated","1","iphash:2667391d","^0-=^3'/^7o^3!^0d^0=-^6","2","","","0","0","","","0","0","0","","","0","49","49","162","40","0","2","0","2","0","0"
"2","arcade_session","arcade","157","1790343656","1790343721","65","maps/mp/duel4","21","level_clear","1","iphash:2667391d","^0-=^3'/^7o^3!^0d^0=-^6","2","","","0","0","","","0","0","0","","","1","586","486","174","226","11","3","1","4","4","1"
"2","arcade_session","arcade","158","1790343723","1790343764","41","maps/mp/duel4","21","eliminated","2","user:void","void","1","","","0","0","","","0","0","0","","","0","463","378","102","216","2","0","5","4","1","1"
"2","arcade_session","arcade","159","1790343775","1790343848","73","maps/mp/duel4","21","level_clear","1","user:void","void","1","","","0","0","","","0","0","0","","","1","981","881","284","337","44","3","2","5","15","1"
"2","arcade_session","arcade","160","1790343850","1790343869","19","maps/mp/duel4","21","level_clear","2","user:void","void","1","","","0","0","","","0","0","0","","","1","78","19","0","89","0","0","0","0","0","0"
"2","arcade_session","arcade","161","1790343870","1790343956","86","maps/mp/duel4","21","level_clear","3","user:void","void","1","","","0","0","","","0","0","0","","","1","1223","1166","267","415","68","2","4","5","16","1"
"2","arcade_session","arcade","162","1790343958","1790344046","88","maps/mp/duel4","21","level_clear","4","user:void","void","1","","","0","0","","","0","0","0","","","1","1349","1249","352","336","66","7","4","5","21","0"
"2","arcade_session","arcade","163","1790344048","1790344094","46","maps/mp/duel4","21","eliminated","5","user:void","void","1","","","0","0","","","0","0","0","","","0","522","514","371","240","16","3","6","4","5","1"
