"id","summary_id","participant_key","participant_label","participant_kind","opponent_key","won","side","opponent_side","matchup","total_force_spent","total_force_regen","ending_force","ending_hp","ending_armor","low_force_windows","grip_cripple_events","saber_throw_punishes","knockdown_events","late_defense_spends","opening_tactic","primary_issue","spent_neutral","spent_advantage","spent_disadvantage","spent_panic","spent_finishing","force_push","force_pull","force_grip","force_drain","force_rage","force_absorb","force_protect","force_heal","force_speed","force_seeing","force_unknown"
"1","1","bot:/botfiles/desann.jkb","Desann","0","bot:/botfiles/tavion.jkb","1","2","2","3","460","381","21","100","100","5","0","0","0","0","pull","low_force","61","0","373","5","21","60","341","59","0","0","0","0","0","0","0","0"
"2","1","bot:/botfiles/tavion.jkb","Rodian","0","bot:/botfiles/desann.jkb","0","2","2","3","11","11","100","-38","0","0","1","7","0","0","grip","saber_throw","11","0","0","0","0","0","0","11","0","0","0","0","0","0","0","0"
"3","2","bot:/botfiles/trandoshan.jkb","Trandoshan","0","iphash:4d1013d3","1","2","2","3","195","112","17","100","59","3","0","0","0","0","grip","low_force","5","0","87","43","60","20","87","88","0","0","0","0","0","0","0","0"
"4","2","iphash:4d1013d3","^0-=^3'/^7o^3!^0d^0=-^6","2","bot:/botfiles/trandoshan.jkb","0","2","2","3","0","0","100","-6","38","0","1","2","2","0","unknown","saber_throw","0","0","0","0","0","0","0","0","0","0","0","0","0","0","0","0"
"5","3","bot:/botfiles/tavion.jkb","Rodian","0","iphash:4d1013d3","1","2","2","3","272","193","21","97","0","5","0","0","1","0","pull","low_force","0","0","248","5","19","39","89","144","0","0","0","0","0","0","0","0"
"6","3","iphash:4d1013d3","^0-=^3'/^7o^3!^0d^0=-^6","2","bot:/botfiles/tavion.jkb","0","2","2","3","0","0","100","-26","68","0","1","4","1","0","unknown","saber_throw","0","0","0","0","0","0","0","0","0","0","0","0","0","0","0","0"
"7","4","bot:/botfiles/imperial.jkb","Saboteur","0","bot:/botfiles/desann.jkb","1","2","2","3","1313","1213","0","60","67","50","2","1","0","0","grip","low_force","417","91","146","343","316","33","488","89","548","0","0","0","0","155","0","0"
"8","4","bot:/botfiles/desann.jkb","Desann","0","bot:/botfiles/imperial.jkb","0","2","2","3","1719","1643","100","-17","0","67","0","2","7","0","grip","low_force","213","0","563","448","495","259","775","145","540","0","0","0","0","0","0","0"
"9","5","bot:/botfiles/reborn.jkb","New_Reborn","0","iphash:4d1013d3","1","2","2","3","312","248","36","100","97","8","0","0","0","0","drain","low_force","55","0","73","97","87","0","107","125","80","0","0","0","0","0","0","0"
"10","5","iphash:4d1013d3","^0-=^3'/^7o^3!^0d^0=-^6","2","bot:/botfiles/reborn.jkb","0","2","2","3","90","90","100","-12","99","4","2","1","0","0","seeing","low_force","22","0","52","16","0","0","0","0","0","0","0","0","0","0","90","0"
"11","6","bot:/botfiles/desann.jkb","Desann","0","bot:/botfiles/reborn.jkb","1","2","2","3","153","60","7","100","100","1","0","0","0","0","pull","low_force","54","0","0","50","49","0","36","67","0","0","0","0","0","50","0","0"
"12","6","bot:/botfiles/reborn.jkb","New_Reborn","0","bot:/botfiles/desann.jkb","0","2","2","3","68","68","100","0","96","0","1","0","1","0","drain","linear_entries","30","0","19","19","0","38","0","0","30","0","0","0","0","0","0","0"
"13","7","bot:/botfiles/imperial.jkb","Saboteur","0","bot:/botfiles/desann.jkb","1","2","2","3","944","936","92","100","69","21","1","1","1","0","pull","low_force","348","58","161","198","179","27","412","132","373","0","0","0","0","0","0","0"
"14","7","bot:/botfiles/desann.jkb","Desann","0","bot:/botfiles/imperial.jkb","0","2","2","3","843","843","100","-5","30","29","1","1","4","0","pull","low_force","182","0","387","215","59","92","278","42","431","0","0","0","0","0","0","0"
"15","8","bot:/botfiles/desann.jkb","Desann","0","iphash:4d1013d3","1","2","2","3","270","202","32","100","99","1","0","0","0","0","push","low_force","27","0","190","20","33","68","129","73","0","0","0","0","0","0","0","0"
"16","8","iphash:4d1013d3","^0-=^3'/^7o^3!^0d^0=-^6","2","bot:/botfiles/desann.jkb","0","2","2","3","0","0","100","0","70","0","0","1","1","0","unknown","linear_entries","0","0","0","0","0","0","0","0","0","0","0","0","0","0","0","0"
"17","9","bot:/botfiles/reborn.jkb","New_Reborn","0","bot:/botfiles/imperial.jkb","1","2","2","3","1376","1314","38","100","67","67","1","2","1","0","drain","low_force","349","89","259","541","138","31","651","112","582","0","0","0","0","0","0","0"
"18","9","bot:/botfiles/imperial.jkb","Saboteur","0","bot:/botfiles/reborn.jkb","0","2","2","3","1427","1341","100","-17","0","62","0","5","1","0","grip","low_force","284","24","315","569","235","19","707","71","630","0","0","0","0","0","0","0"
"19","10","bot:/botfiles/trandoshan.jkb","Trandoshan","0","bot:/botfiles/tavion.jkb","1","2","2","3","2763","2763","100","100","0","116","2","10","1","0","pull","low_force","687","9","1135","674","258","86","1334","297","1025","0","0","0","0","0","0","21"
"20","10","bot:/botfiles/tavion.jkb","Rodian","0","bot:/botfiles/trandoshan.jkb","0","2","2","3","2763","2763","100","0","0","80","1","3","6","0","push","low_force","667","50","802","738","506","209","1035","340","1146","0","0","0","0","0","0","33"
"21","11","bot:/botfiles/reborn.jkb","New_Reborn","0","user:void","1","2","2","3","426","357","31","100","18","0","0","0","0","0","pull","linear_entries","10","0","360","0","56","0","305","65","0","0","0","0","0","56","0","0"
"22","11","user:void","void","1","bot:/botfiles/reborn.jkb","0","2","2","3","0","0","100","-12","0","0","0","7","0","0","unknown","saber_throw","0","0","0","0","0","0","0","0","0","0","0","0","0","0","0","0"
"23","12","bot:/botfiles/imperial.jkb","Saboteur","0","bot:/botfiles/reborn.jkb","1","2","2","3","1206","1106","0","40","0","45","0","4","1","0","seeing","low_force","84","0","475","454","193","36","616","58","472","0","0","0","0","0","24","0"
"24","12","bot:/botfiles/reborn.jkb","New_Reborn^7[0]","0","bot:/botfiles/imperial.jkb","0","2","2","3","1096","1096","100","0","68","50","1","1","3","0","push","low_force","335","124","135","413","89","105","506","56","429","0","0","0","0","0","0","0"
"25","13","bot:/botfiles/imperial.jkb","Saboteur","0","user:void","1","2","2","3","609","557","48","100","99","7","0","0","0","0","drain","low_force","81","0","335","90","103","92","263","174","80","0","0","0","0","0","0","0"
"26","13","user:void","void","1","bot:/botfiles/imperial.jkb","0","2","2","3","122","122","100","-7","40","5","2","3","1","0","seeing","low_force","22","0","52","20","28","0","0","0","0","0","0","0","0","0","122","0"
"27","14","bot:/botfiles/desann.jkb","Desann","0","user:void","1","2","2","3","176","80","4","100","79","17","0","0","0","0","grip","low_force","17","0","137","22","0","0","20","156","0","0","0","0","0","0","0","0"
"28","14","user:void","void","1","bot:/botfiles/desann.jkb","0","2","2","3","0","0","100","-26","69","0","1","2","1","0","unknown","saber_throw","0","0","0","0","0","0","0","0","0","0","0","0","0","0","0","0"
"29","15","bot:/botfiles/reborn.jkb","New_Reborn^7[0]","0","bot:/botfiles/imperial.jkb","1","2","2","3","1644","1602","58","92","35","56","3","3","2","0","unknown","low_force","134","0","336","568","606","66","775","5","714","0","0","0","0","84","0","0"
"30","15","bot:/botfiles/imperial.jkb","Saboteur","0","bot:/botfiles/reborn.jkb","0","2","2","3","1452","1452","100","0","37","63","0","3","4","0","grip","low_force","299","107","250","481","315","89","591","245","386","0","0","0","0","141","0","0"
"31","16","bot:/botfiles/reborn.jkb","New_Reborn","0","bot:/botfiles/trandoshan.jkb","1","2","2","3","3537","3462","25","58","92","180","0","0","10","0","grip","low_force","886","121","293","1371","866","316","1705","198","1254","0","0","0","0","54","0","10"
"32","16","bot:/botfiles/trandoshan.jkb","Trandoshan","0","bot:/botfiles/reborn.jkb","0","2","2","3","3974","3974","100","0","0","217","0","7","7","0","push","low_force","35","0","1357","2021","561","317","1960","40","1657","0","0","0","0","0","0","0"
"33","17","bot:/botfiles/imperial.jkb","Saboteur","0","bot:/botfiles/reborn.jkb","1","2","2","3","3136","3123","87","100","0","144","3","8","7","0","grip","low_force","272","0","1062","1216","586","211","1152","183","1590","0","0","0","0","0","0","0"
"34","17","bot:/botfiles/reborn.jkb","New_Reborn^7[0]","0","bot:/botfiles/imperial.jkb","0","2","2","3","3022","2976","100","-27","0","157","1","6","5","0","drain","low_force","679","154","389","1318","482","181","1464","214","1163","0","0","0","0","0","0","0"
"35","18","bot:/botfiles/desann.jkb","Desann","0","bot:/botfiles/imperial.jkb","1","2","2","3","1019","988","69","100","65","48","0","1","1","0","drain","low_force","196","45","208","391","179","148","541","75","253","0","0","0","0","0","0","2"
"36","18","bot:/botfiles/imperial.jkb","Saboteur","0","bot:/botfiles/desann.jkb","0","2","2","3","1102","1092","100","-1","0","37","0","4","3","0","grip","low_force","69","20","267","574","172","188","497","29","318","50","0","0","0","20","0","0"
"37","19","bot:/botfiles/reborn.jkb","New_Reborn","0","bot:/botfiles/trandoshan.jkb","1","2","2","3","7529","7514","85","79","0","334","4","7","18","0","push","low_force","1698","13","1664","2771","1383","425","3126","425","3256","0","0","0","0","274","0","23"
"38","19","bot:/botfiles/trandoshan.jkb","Trandoshan","0","bot:/botfiles/reborn.jkb","0","2","2","3","7770","7770","100","-4","0","286","4","12","8","0","pull","low_force","1942","158","1463","2504","1703","350","3372","688","3260","0","0","0","0","76","0","24"
"39","20","bot:/botfiles/reborn.jkb","New_Reborn^7[0]","0","bot:/botfiles/imperial.jkb","1","2","2","3","2467","2467","100","43","0","118","3","2","5","0","pull","low_force","500","0","834","843","290","223","1475","128","641","0","0","0","0","0","0","0"
"40","20","bot:/botfiles/imperial.jkb","Saboteur","0","bot:/botfiles/reborn.jkb","0","2","2","3","2224","2124","100","-7","0","62","0","9","6","0","push","low_force","885","57","191","516","575","134","629","200","1191","0","0","0","0","70","0","0"
"41","21","bot:/botfiles/desann.jkb","Desann","0","bot:/botfiles/imperial.jkb","1","2","2","3","2021","1981","60","55","0","80","0","3","5","0","pull","low_force","44","0","705","638","634","222","1009","185","605","0","0","0","0","0","0","0"
"42","21","bot:/botfiles/imperial.jkb","Saboteur","0","bot:/botfiles/desann.jkb","0","2","2","3","1686","1686","100","-23","0","76","2","4","3","0","pull","low_force","340","118","200","799","229","109","736","50","605","50","0","0","0","136","0","0"
"43","22","bot:/botfiles/reborn.jkb","New_Reborn","0","bot:/botfiles/trandoshan.jkb","1","2","2","3","3836","3800","64","97","0","211","1","4","7","0","unknown","low_force","358","0","1333","1782","363","382","1645","174","1549","0","0","0","0","86","0","0"
"44","22","bot:/botfiles/trandoshan.jkb","Trandoshan","0","bot:/botfiles/reborn.jkb","0","2","2","3","3796","3796","100","-17","0","159","2","6","7","0","pull","low_force","943","268","347","1397","841","302","1760","87","1647","0","0","0","0","0","0","0"
"45","23","bot:/botfiles/imperial.jkb","Saboteur","0","bot:/botfiles/reborn.jkb","1","2","2","3","1438","1338","0","96","6","71","0","4","1","0","drain","low_force","251","0","264","638","285","64","599","112","505","0","0","0","0","109","0","49"
"46","23","bot:/botfiles/reborn.jkb","New_Reborn^7[0]","0","bot:/botfiles/imperial.jkb","0","2","2","3","1690","1690","100","-12","65","64","2","2","5","0","speed","low_force","362","4","117","999","208","273","876","20","495","20","0","0","0","6","0","0"
"47","24","bot:/botfiles/reborn.jkb","New_Reborn","0","bot:/botfiles/trandoshan.jkb","1","2","2","3","4214","4162","48","21","0","192","1","4","12","0","drain","low_force","738","174","396","1816","1090","273","1908","273","1465","0","0","0","0","295","0","0"
"48","24","bot:/botfiles/trandoshan.jkb","Trandoshan","0","bot:/botfiles/reborn.jkb","0","2","2","3","4033","4033","100","-12","0","245","2","6","10","0","drain","low_force","203","0","1039","2214","577","387","1699","111","1597","0","0","0","0","239","0","0"
"49","25","bot:/botfiles/trandoshan.jkb","Trandoshan","0","bot:/botfiles/reborn.jkb","1","2","2","3","292","192","0","80","99","8","0","0","0","0","drain","low_force","155","5","24","83","25","0","67","5","144","0","0","0","0","76","0","0"
"50","25","bot:/botfiles/reborn.jkb","New_Reborn","0","bot:/botfiles/trandoshan.jkb","0","2","2","3","551","551","100","-4","97","9","0","0","0","0","grip","low_force","47","0","129","148","227","81","346","57","67","0","0","0","0","0","0","0"
"51","26","bot:/botfiles/desann.jkb","Desann","0","bot:/botfiles/imperial.jkb","1","2","2","3","5300","5239","39","95","0","248","1","7","8","0","grip","low_force","357","40","2338","1826","739","326","2282","628","2004","0","0","0","0","58","0","2"
"52","26","bot:/botfiles/imperial.jkb","Saboteur","0","bot:/botfiles/desann.jkb","0","2","2","3","5141","5053","100","0","0","211","5","10","5","0","drain","low_force","1241","345","1026","1652","877","300","2277","257","2307","0","0","0","0","0","0","0"
"53","27","bot:/botfiles/desann.jkb","Desann","0","bot:/botfiles/imperial.jkb","1","2","2","3","1848","1772","24","100","67","80","0","2","2","0","speed","low_force","572","65","419","588","204","75","944","217","510","0","0","0","0","80","0","22"
"54","27","bot:/botfiles/imperial.jkb","Saboteur","0","bot:/botfiles/desann.jkb","0","2","2","3","1905","1905","100","-29","0","52","1","4","4","0","pull","low_force","202","0","754","553","396","156","939","20","790","0","0","0","0","0","0","0"
"55","28","bot:/botfiles/reborn.jkb","New_Reborn^7[0]","0","bot:/botfiles/reborn.jkb","1","2","2","3","1488","1389","1","84","96","81","0","0","2","0","grip","low_force","513","51","198","525","201","135","844","175","334","0","0","0","0","0","0","0"
"56","28","bot:/botfiles/reborn.jkb","New_Reborn","0","bot:/botfiles/reborn.jkb","0","2","2","3","1527","1527","100","-8","0","67","1","3","2","0","drain","low_force","45","0","634","655","193","114","602","0","811","0","0","0","0","0","0","0"
"57","29","bot:/botfiles/desann.jkb","Desann","0","bot:/botfiles/imperial.jkb","1","2","2","3","2876","2812","36","100","66","123","1","2","5","0","unknown","low_force","546","183","432","968","747","283","1386","193","911","0","0","0","0","77","0","26"
"58","29","bot:/botfiles/imperial.jkb","Saboteur","0","bot:/botfiles/desann.jkb","0","2","2","3","2874","2874","100","-8","0","146","2","5","6","0","drain","low_force","63","0","1129","1321","361","242","1213","83","1336","0","0","0","0","0","0","0"
"59","30","bot:/botfiles/reborn.jkb","New_Reborn","0","bot:/botfiles/desann.jkb","1","2","2","3","791","722","31","100","68","13","0","2","0","0","grip","low_force","218","15","187","121","250","52","335","104","300","0","0","0","0","0","0","0"
"60","30","bot:/botfiles/desann.jkb","Desann","0","bot:/botfiles/reborn.jkb","0","2","2","3","783","769","100","-6","0","28","1","3","1","0","drain","low_force","108","0","373","267","35","89","229","20","445","0","0","0","0","0","0","0"
"61","31","bot:/botfiles/reborn.jkb","New_Reborn^7[0]","0","bot:/botfiles/trandoshan.jkb","1","2","2","3","6645","6576","31","100","0","354","3","12","7","0","drain","low_force","821","39","1817","2982","986","278","3353","251","2672","0","0","0","0","80","0","11"
"62","31","bot:/botfiles/trandoshan.jkb","Trandoshan","0","bot:/botfiles/reborn.jkb","0","2","2","3","6354","6354","100","-4","0","276","2","10","12","0","grip","low_force","1387","216","684","2557","1510","305","2838","374","2540","0","0","0","0","263","0","34"
"63","32","bot:/botfiles/reborn.jkb","New_Reborn","0","bot:/botfiles/trandoshan.jkb","1","2","2","3","747","655","8","60","99","23","0","1","1","0","push","low_force","215","49","20","219","244","19","312","12","404","0","0","0","0","0","0","0"
"64","32","bot:/botfiles/trandoshan.jkb","Trandoshan","0","bot:/botfiles/reborn.jkb","0","2","2","3","882","882","100","-11","0","57","0","1","0","0","pull","low_force","72","0","353","418","39","84","563","0","235","0","0","0","0","0","0","0"
"65","33","bot:/botfiles/reborn.jkb","New_Reborn^7[0]","0","bot:/botfiles/imperial.jkb","1","2","2","3","1960","1904","44","100","68","95","1","1","6","0","drain","low_force","289","5","171","929","566","257","843","96","764","0","0","0","0","0","0","0"
"66","33","bot:/botfiles/imperial.jkb","Saboteur","0","bot:/botfiles/reborn.jkb","0","2","2","3","1890","1890","100","-20","0","106","1","6","2","0","drain","low_force","268","0","236","1289","97","339","833","172","496","50","0","0","0","0","0","0"
"67","34","bot:/botfiles/reborn.jkb","New_Reborn","0","bot:/botfiles/desann.jkb","1","2","2","3","2323","2253","30","100","67","105","0","3","6","0","pull","low_force","712","119","129","914","449","199","1137","78","868","0","0","0","0","0","0","41"
"68","34","bot:/botfiles/desann.jkb","Desann","0","bot:/botfiles/reborn.jkb","0","2","2","3","2174","2174","100","-5","0","125","1","1","1","0","drain","low_force","88","0","827","1061","198","114","922","20","1118","0","0","0","0","0","0","0"
"69","35","bot:/botfiles/imperial.jkb","Saboteur","0","bot:/botfiles/reborn.jkb","1","2","2","3","1524","1425","1","64","65","60","0","2","2","0","drain","low_force","295","188","218","465","358","105","665","105","649","0","0","0","0","0","0","0"
"70","35","bot:/botfiles/reborn.jkb","New_Reborn^7[0]","0","bot:/botfiles/imperial.jkb","0","2","2","3","1512","1512","100","0","0","76","1","4","7","0","push","low_force","0","0","737","584","191","151","633","69","659","0","0","0","0","0","0","0"
"71","36","bot:/botfiles/desann.jkb","Desann","0","bot:/botfiles/reborn.jkb","1","2","2","3","342","277","35","100","99","11","0","1","0","0","drain","low_force","118","0","46","130","48","0","133","69","140","0","0","0","0","0","0","0"
"72","36","bot:/botfiles/reborn.jkb","New_Reborn","0","bot:/botfiles/desann.jkb","0","2","2","3","327","327","100","-6","98","15","1","0","1","0","pull","low_force","41","0","124","122","40","0","237","0","90","0","0","0","0","0","0","0"
"73","37","bot:/botfiles/reborn.jkb","New_Reborn^7[0]","0","bot:/botfiles/trandoshan.jkb","1","2","2","3","2497","2426","29","100","0","117","0","6","1","0","drain","low_force","464","0","580","964","489","149","1163","57","1074","0","0","0","0","54","0","0"
"74","37","bot:/botfiles/trandoshan.jkb","Trandoshan","0","bot:/botfiles/reborn.jkb","0","2","2","3","2399","2319","100","-13","0","111","1","4","4","0","speed","low_force","401","91","465","1124","318","152","1258","66","826","0","0","0","0","97","0","0"
"75","38","bot:/botfiles/reborn.jkb","New_Reborn^7[0]","0","bot:/botfiles/reborn.jkb","1","2","2","3","1886","1876","90","36","0","89","1","4","2","0","drain","low_force","65","0","488","930","403","81","1110","0","651","0","0","0","0","4","0","40"
"76","38","bot:/botfiles/reborn.jkb","New_Reborn","0","bot:/botfiles/reborn.jkb","0","2","2","3","1595","1595","100","-16","35","82","0","2","4","0","pull","low_force","353","145","114","681","302","139","741","87","534","0","0","0","0","72","0","22"
"77","39","bot:/botfiles/trandoshan.jkb","Trandoshan","0","bot:/botfiles/imperial.jkb","1","2","2","3","5794","5694","0","80","0","267","0","5","8","0","grip","low_force","791","113","1624","2319","947","216","2870","340","2133","0","0","0","0","174","0","61"
"78","39","bot:/botfiles/imperial.jkb","Saboteur","0","bot:/botfiles/trandoshan.jkb","0","2","2","3","5863","5863","100","-8","0","274","4","4","8","0","grip","low_force","1361","166","834","2403","1099","423","2800","333","2281","0","0","0","0","0","0","26"
"79","40","bot:/botfiles/reborn.jkb","New_Reborn","0","bot:/botfiles/desann.jkb","1","2","2","3","2271","2172","1","99","0","88","0","5","3","0","drain","low_force","304","10","449","1021","487","146","1084","60","673","50","0","0","0","256","0","2"
"80","40","bot:/botfiles/desann.jkb","Desann","0","bot:/botfiles/reborn.jkb","0","2","2","3","2258","2196","100","-12","0","100","0","4","2","0","speed","low_force","285","59","252","1070","592","106","1359","85","602","50","0","0","0","56","0","0"
"81","41","bot:/botfiles/reborn.jkb","New_Reborn^7[0]","0","bot:/botfiles/trandoshan.jkb","1","2","2","3","2101","2027","26","96","68","89","0","1","1","0","grip","low_force","370","176","210","766","579","63","914","233","829","0","0","0","0","62","0","0"
"82","41","bot:/botfiles/trandoshan.jkb","Trandoshan","0","bot:/botfiles/reborn.jkb","0","2","2","3","2070","2070","100","-9","0","123","1","3","3","0","drain","low_force","55","0","779","1060","176","127","863","0","1080","0","0","0","0","0","0","0"
"83","42","bot:/botfiles/imperial.jkb","Saboteur","0","bot:/botfiles/reborn.jkb","1","2","2","3","1573","1473","0","41","0","48","0","5","5","0","speed","low_force","427","17","194","533","402","150","585","102","711","0","0","0","0","25","0","0"
"84","42","bot:/botfiles/reborn.jkb","New_Reborn","0","bot:/botfiles/imperial.jkb","0","2","2","3","1312","1312","100","-4","24","94","1","0","1","0","speed","low_force","269","0","390","611","42","44","694","0","569","0","0","0","0","5","0","0"
"85","43","bot:/botfiles/desann.jkb","Desann","0","bot:/botfiles/reborn.jkb","1","2","2","3","966","885","19","38","69","64","1","1","3","0","drain","low_force","70","0","288","529","79","93","377","0","496","0","0","0","0","0","0","0"
"86","43","bot:/botfiles/reborn.jkb","New_Reborn^7[0]","0","bot:/botfiles/desann.jkb","0","2","2","3","961","961","100","-12","98","49","0","1","1","0","pull","low_force","249","15","128","389","180","60","589","72","240","0","0","0","0","0","0","0"
"87","44","bot:/botfiles/chiss.jkb","Chiss","0","iphash:4d1013d3","1","2","2","3","855","778","23","100","97","2","0","0","0","0","speed","low_force","66","0","474","75","240","0","502","197","0","0","0","0","0","156","0","0"
"88","44","iphash:4d1013d3","Padawan","2","bot:/botfiles/chiss.jkb","0","2","2","3","0","0","100","-8","98","0","2","0","2","0","","grip_control","0","0","0","0","0","0","0","0","0","0","0","0","0","0","0","0"
"89","45","bot:/botfiles/chiss.jkb","Chiss","0","iphash:4d1013d3","1","2","2","3","942","936","94","100","97","0","0","0","0","0","speed","linear_entries","90","0","658","0","194","0","536","358","0","0","0","0","0","48","0","0"
"90","45","iphash:4d1013d3","Padawan","2","bot:/botfiles/chiss.jkb","0","2","2","3","16","16","100","-14","98","0","4","0","1","0","seeing","grip_control","0","0","16","0","0","0","0","0","0","0","0","0","0","0","16","0"
"91","46","bot:/botfiles/chiss.jkb","Chiss","0","iphash:4d1013d3","1","2","2","3","439","419","80","100","100","0","0","0","0","0","speed","linear_entries","5","0","434","0","0","60","354","0","0","0","0","0","0","25","0","0"
"92","46","iphash:4d1013d3","Padawan","2","bot:/botfiles/chiss.jkb","0","2","2","3","0","0","100","0","70","0","0","1","1","0","unknown","linear_entries","0","0","0","0","0","0","0","0","0","0","0","0","0","0","0","0"
"93","47","bot:/botfiles/chiss.jkb","Chiss","0","iphash:4d1013d3","1","2","2","3","361","309","48","100","86","0","0","0","0","0","pull","linear_entries","16","0","282","0","63","60","171","130","0","0","0","0","0","0","0","0"
"94","47","iphash:4d1013d3","Padawan","2","bot:/botfiles/chiss.jkb","0","2","2","3","0","0","100","-6","69","0","1","1","1","0","unknown","linear_entries","0","0","0","0","0","0","0","0","0","0","0","0","0","0","0","0"
"95","48","bot:/botfiles/chiss.jkb","Chiss","0","iphash:4d1013d3","1","2","2","3","77","60","83","100","100","0","0","0","0","0","speed","linear_entries","17","0","60","0","0","0","0","0","0","0","0","0","0","77","0","0"
"96","48","iphash:4d1013d3","Padawan","2","bot:/botfiles/chiss.jkb","0","2","2","3","0","0","100","0","100","0","0","0","0","0","","linear_entries","0","0","0","0","0","0","0","0","0","0","0","0","0","0","0","0"
"97","49","iphash:f794a9d2","^0Gòón^2.^6µ^0ps","2","bot:/botfiles/chiss.jkb","1","2","2","3","330","307","77","100","99","0","0","0","0","0","seeing","linear_entries","35","0","186","0","109","0","0","0","0","0","0","0","0","0","330","0"
"98","49","bot:/botfiles/chiss.jkb","Chiss","0","iphash:f794a9d2","0","2","2","3","52","52","100","-26","0","0","1","5","1","0","pull","low_force","19","0","0","33","0","18","19","0","15","0","0","0","0","0","0","0"
"99","50","iphash:f794a9d2","^0Gòón^2.^6µ^0ps","2","bot:/botfiles/chiss.jkb","1","2","2","3","89","53","58","100","100","0","0","0","0","0","seeing","linear_entries","0","0","65","0","24","0","0","0","0","0","0","0","0","0","89","0"
"100","50","bot:/botfiles/chiss.jkb","Chiss","0","iphash:f794a9d2","0","2","2","3","0","0","100","-8","100","0","1","0","0","0","","linear_entries","0","0","0","0","0","0","0","0","0","0","0","0","0","0","0","0"
"101","51","iphash:c7c8a416","^0FF^4'^0Prinky","2","iphash:7d6be969","1","1","2","2","308","242","28","80","99","6","0","1","0","0","seeing","low_force","136","21","33","41","77","0","0","0","0","0","0","0","0","0","308","0"
"102","51","iphash:7d6be969","^0Gòón^2.^6µ^0ps","2","iphash:c7c8a416","0","2","1","2","281","264","100","0","9","0","0","5","2","0","seeing","low_force","20","0","143","98","20","0","0","0","0","0","0","0","0","0","281","0"
"103","52","iphash:c7c8a416","^0FF^4'^0Prinky","2","iphash:fa31973a","1","2","2","3","908","830","16","64","0","38","0","5","2","0","seeing","low_force","153","36","255","286","178","0","0","0","0","0","0","0","0","0","908","0"
"104","52","iphash:fa31973a","^0ff^6'^0heretic","2","iphash:c7c8a416","0","2","2","3","898","798","100","-3","0","31","1","3","3","0","seeing","low_force","239","0","277","228","154","0","0","0","0","0","0","0","0","0","898","0"
"105","53","iphash:fa31973a","^0ff^6'^0heretic","2","iphash:c7c8a416","1","2","2","3","598","536","38","100","59","29","0","0","0","0","seeing","low_force","64","0","232","282","20","0","0","0","0","0","0","0","0","0","598","0"
"106","53","iphash:c7c8a416","^0FF^4'^0Prinky","2","iphash:fa31973a","0","2","2","3","373","362","100","0","0","2","0","6","2","0","seeing","low_force","50","0","115","29","179","0","0","0","0","0","0","0","0","0","373","0"
"107","54","iphash:c7c8a416","^0FF^4'^0Prinky","2","iphash:fa31973a","1","2","2","3","1786","1735","49","72","0","108","4","6","1","0","seeing","low_force","392","20","380","675","319","0","0","0","0","0","0","0","0","0","1786","0"
"108","54","iphash:fa31973a","^0ff^6'^0heretic","2","iphash:c7c8a416","0","2","2","3","1852","1852","100","-14","0","79","3","7","6","0","seeing","low_force","317","5","431","725","374","0","0","0","0","0","0","0","0","0","1852","0"
"109","55","iphash:c7c8a416","^0FF^4'^0Prinky","2","iphash:fa31973a","1","2","2","3","335","295","54","30","0","7","0","5","0","0","seeing","low_force","189","0","72","70","4","0","0","0","0","0","0","0","0","0","335","0"
"110","55","iphash:fa31973a","^0ff^6'^0heretic","2","iphash:c7c8a416","0","2","2","3","336","309","100","-10","0","2","0","3","1","0","seeing","low_force","27","0","261","10","38","0","0","0","0","0","0","0","0","0","336","0"
"111","56","iphash:c7c8a416","^0FF^4'^0Prinky","2","iphash:fa31973a","1","2","2","3","623","523","0","58","0","24","1","2","0","0","seeing","low_force","280","0","132","187","24","0","0","0","0","0","0","0","0","0","623","0"
"112","56","iphash:fa31973a","^0ff^6'^0heretic","2","iphash:c7c8a416","0","2","2","3","728","677","100","-26","0","6","1","8","2","0","seeing","low_force","146","0","221","331","30","0","0","0","0","0","0","0","0","0","728","0"
"113","57","iphash:c7c8a416","^0FF^4'^0Prinky","2","iphash:fa31973a","1","2","2","3","1588","1488","0","30","0","80","0","5","4","0","unknown","low_force","457","22","380","553","176","0","0","0","0","0","0","0","0","0","1588","0"
"114","57","iphash:fa31973a","^0ff^6'^0heretic","2","iphash:c7c8a416","0","2","2","3","1746","1663","100","-1","0","59","2","12","6","0","seeing","low_force","211","39","547","403","546","0","0","0","0","0","0","0","0","0","1746","0"
"115","58","iphash:fa31973a","^0ff^6'^0heretic","2","iphash:c7c8a416","1","2","2","3","869","769","0","60","65","34","3","1","3","0","seeing","low_force","177","102","307","221","62","0","0","0","0","0","0","0","0","0","869","0"
"116","58","iphash:c7c8a416","^0FF^4'^0Prinky","2","iphash:fa31973a","0","2","2","3","700","623","100","0","0","11","0","6","3","0","unknown","low_force","0","0","430","125","145","0","0","0","0","0","0","0","0","0","700","0"
"117","59","iphash:fa31973a","^0ff^6'^0heretic","2","iphash:c7c8a416","1","2","2","3","493","396","0","73","93","16","3","0","2","0","seeing","low_force","125","0","202","125","41","0","0","0","0","0","0","0","0","0","493","0"
"118","59","iphash:c7c8a416","^0FF^4'^0Prinky","2","iphash:fa31973a","0","2","2","3","427","370","100","0","0","11","1","6","2","0","seeing","low_force","86","0","172","109","60","0","0","0","0","0","0","0","0","0","427","0"
"119","60","iphash:c7c8a416","^0FF^4'^0Prinky","2","iphash:fa31973a","1","2","2","3","1320","1253","27","17","0","57","1","9","2","0","unknown","low_force","285","4","359","310","362","0","0","0","0","0","0","0","0","0","1320","0"
"120","60","iphash:fa31973a","^0ff^6'^0heretic","2","iphash:c7c8a416","0","2","2","3","1336","1265","100","-1","0","54","1","9","2","0","seeing","low_force","211","0","440","438","247","0","0","0","0","0","0","0","0","0","1336","0"
"121","61","iphash:c7c8a416","^0FF^4'^0Prinky","2","iphash:fa31973a","1","2","2","3","463","383","14","64","0","9","0","5","0","0","seeing","low_force","103","0","292","21","47","0","0","0","0","0","0","0","0","0","463","0"
"122","61","iphash:fa31973a","^0ff^6'^0heretic","2","iphash:c7c8a416","0","2","2","3","482","482","100","-8","95","8","2","0","1","0","seeing","low_force","288","0","98","96","0","0","0","0","0","0","0","0","0","0","482","0"
"123","62","iphash:fa31973a","^0ff^6'^0heretic","2","iphash:c7c8a416","1","2","2","3","238","156","12","24","0","16","0","6","1","0","unknown","low_force","0","0","130","108","0","0","0","0","0","0","0","0","0","0","238","0"
"124","62","iphash:c7c8a416","^0FF^4'^0Prinky","2","iphash:fa31973a","0","2","2","3","248","248","100","-6","0","4","3","6","2","0","seeing","low_force","0","0","91","49","108","0","0","0","0","0","0","0","0","0","248","0"
"125","63","iphash:fa31973a","^0ff^6'^0heretic","2","iphash:c7c8a416","1","2","2","3","913","832","19","76","0","34","0","10","0","0","unknown","low_force","60","10","317","399","127","0","0","0","0","0","0","0","0","0","913","0"
"126","63","iphash:c7c8a416","^0FF^4'^0Prinky","2","iphash:fa31973a","0","2","2","3","927","914","100","-10","0","27","0","8","2","0","seeing","low_force","231","0","224","160","312","0","0","0","0","0","0","0","0","0","927","0"
"127","64","iphash:fa31973a","^0ff^6'^0heretic","2","iphash:c7c8a416","1","2","2","3","1217","1125","8","86","0","41","0","7","2","0","seeing","low_force","170","69","505","360","113","0","0","0","0","0","0","0","0","0","1217","0"
"128","64","iphash:c7c8a416","^0FF^4'^0Prinky","2","iphash:fa31973a","0","2","2","3","821","821","100","-5","0","26","0","12","1","0","unknown","low_force","283","0","180","169","189","0","0","0","0","0","0","0","0","0","821","0"
"129","65","iphash:fa31973a","^0ff^6'^0heretic","2","iphash:c7c8a416","1","2","2","3","1116","1016","0","65","57","57","1","4","0","0","seeing","low_force","146","109","277","392","192","0","0","0","0","0","0","0","0","0","1116","0"
"130","65","iphash:c7c8a416","^0FF^4'^0Prinky","2","iphash:fa31973a","0","2","2","3","1024","948","100","0","0","33","2","11","1","0","seeing","low_force","16","0","372","287","349","0","0","0","0","0","0","0","0","0","1024","0"
"131","66","iphash:fa31973a","^0ff^6'^0heretic","2","iphash:c7c8a416","1","2","2","3","1738","1675","31","47","0","42","1","13","4","0","seeing","low_force","378","8","239","514","599","0","0","0","0","0","0","0","0","0","1738","0"
"132","66","iphash:c7c8a416","^0FF^4'^0Prinky","2","iphash:fa31973a","0","2","2","3","1401","1301","100","-10","0","92","0","9","2","0","seeing","low_force","403","21","160","607","210","0","0","0","0","0","0","0","0","0","1401","0"
"133","67","iphash:c7c8a416","^0FF^4'^0Prinky","2","iphash:fa31973a","1","2","2","3","578","536","58","64","9","15","0","4","1","0","seeing","low_force","103","72","226","93","84","0","0","0","0","0","0","0","0","0","578","0"
"134","67","iphash:fa31973a","^0ff^6'^0heretic","2","iphash:c7c8a416","0","2","2","3","559","516","100","-21","0","9","0","7","2","0","seeing","low_force","64","0","242","141","112","0","0","0","0","0","0","0","0","0","559","0"
"135","68","iphash:c7c8a416","^0FF^4'^0Prinky","2","iphash:fa31973a","1","2","2","3","817","717","0","100","7","7","2","4","0","0","seeing","low_force","304","33","328","64","88","0","0","0","0","0","0","0","0","0","817","0"
"136","68","iphash:fa31973a","^0ff^6'^0heretic","2","iphash:c7c8a416","0","2","2","3","956","913","100","-4","0","15","1","6","1","0","seeing","low_force","323","0","552","81","0","0","0","0","0","0","0","0","0","0","956","0"
"137","69","user:void","void","1","iphash:c7c8a416","1","2","2","3","585","485","0","46","0","18","0","4","2","0","seeing","low_force","95","25","295","88","82","0","0","0","0","0","0","0","0","0","585","0"
"138","69","iphash:c7c8a416","^0FF^4'^0Prinky","2","user:void","0","2","2","3","601","571","100","-23","0","10","0","6","3","0","seeing","low_force","31","0","353","121","96","0","0","0","0","0","0","0","0","0","601","0"
"139","70","user:jundon","jundon","1","user:void","1","2","2","3","531","431","0","73","0","22","0","5","0","0","seeing","low_force","23","0","26","230","252","0","0","0","0","0","0","0","0","0","531","0"
"140","70","user:void","void","1","user:jundon","0","2","2","3","501","427","100","-16","0","42","0","4","0","0","seeing","low_force","46","0","102","348","5","0","0","0","0","0","0","0","0","0","501","0"
"141","71","user:jundon","jundon","1","user:void","1","2","2","3","817","746","29","78","9","21","0","2","1","0","seeing","low_force","147","83","261","134","192","0","0","0","0","0","0","0","0","0","817","0"
"142","71","user:void","void","1","user:jundon","0","2","2","3","654","654","100","-18","0","19","0","6","1","0","seeing","low_force","111","40","338","80","85","0","0","0","0","0","0","0","0","0","654","0"
"143","72","user:jundon","jundon","1","user:void","1","2","2","3","458","363","5","69","0","11","0","6","1","0","seeing","low_force","13","0","142","59","244","0","0","0","0","0","0","0","0","0","458","0"
"144","72","user:void","void","1","user:jundon","0","2","2","3","367","324","100","-17","0","29","0","4","2","0","seeing","low_force","40","8","39","184","96","0","0","0","0","0","0","0","0","0","367","0"
"145","73","iphash:c7c8a416","^0FF^4'^0Prinky","2","iphash:7d6be969","1","2","2","3","1446","1370","20","100","0","23","1","8","0","0","seeing","low_force","362","0","636","203","245","0","0","0","0","0","0","0","0","0","1446","0"
"146","73","iphash:7d6be969","^0ff^7'^0Gòónat¡Ç","2","iphash:c7c8a416","0","2","2","3","1408","1403","100","-13","0","36","1","9","3","0","seeing","low_force","387","199","419","201","202","0","0","0","0","0","0","0","0","0","1408","0"
"147","74","user:jundon","jundon","1","user:void","1","2","2","3","909","831","12","63","0","55","0","2","1","0","seeing","low_force","212","0","226","360","111","0","0","0","0","0","0","0","0","0","909","0"
"148","74","user:void","void","1","user:jundon","0","2","2","3","882","866","100","-12","0","19","1","9","1","0","seeing","low_force","182","35","160","273","232","0","0","0","0","0","0","0","0","0","882","0"
"149","75","iphash:c7c8a416","^0FF^4'^0Prinky","2","iphash:7d6be969","1","2","2","3","1033","987","54","35","0","24","1","5","4","0","seeing","low_force","61","0","725","147","100","0","0","0","0","0","0","0","0","0","1033","0"
"150","75","iphash:7d6be969","^0ff^7'^0Gòónat¡Ç","2","iphash:c7c8a416","0","2","2","3","1358","1294","100","-16","0","40","4","3","3","0","seeing","low_force","484","41","376","298","159","0","0","0","0","0","0","0","0","0","1358","0"
"151","76","user:jundon","jundon","1","user:void","1","2","2","3","522","449","21","29","0","15","0","5","1","0","seeing","low_force","114","15","175","107","111","0","0","0","0","0","0","0","0","0","522","0"
"152","76","user:void","void","1","user:jundon","0","2","2","3","479","394","100","-8","0","13","1","7","2","0","unknown","low_force","0","0","225","174","80","0","0","0","0","0","0","0","0","0","479","0"
"153","77","iphash:c7c8a416","^0FF^4'^0Prinky","2","iphash:7d6be969","1","2","2","3","1537","1463","20","78","0","38","1","7","2","0","seeing","low_force","276","85","618","289","269","0","0","0","0","0","0","0","0","0","1537","0"
"154","77","iphash:7d6be969","^0ff^7'^0Gòónat¡Ç","2","iphash:c7c8a416","0","2","2","3","1666","1666","100","-16","0","47","3","5","2","0","seeing","low_force","251","5","769","349","292","0","0","0","0","0","0","0","0","0","1666","0"
"155","78","iphash:c7c8a416","^0FF^4'^0Prinky","2","iphash:7d6be969","1","2","2","3","804","704","0","56","39","22","0","2","1","0","seeing","low_force","110","27","357","257","53","0","0","0","0","0","0","0","0","0","804","0"
"156","78","iphash:7d6be969","^0ff^7'^0Gòónat¡Ç","2","iphash:c7c8a416","0","2","2","3","939","909","100","-25","0","23","2","8","0","0","seeing","low_force","287","30","210","299","113","0","0","0","0","0","0","0","0","0","939","0"
"157","79","iphash:c7c8a416","^0FF^4'^0Prinky","2","user:void","1","2","2","3","269","214","39","100","0","1","0","6","1","0","seeing","low_force","40","0","135","5","89","0","0","0","0","0","0","0","0","0","269","0"
"158","79","user:void","void","1","iphash:c7c8a416","0","2","2","3","376","376","100","-15","96","18","1","1","0","0","seeing","low_force","79","37","142","118","0","0","0","0","0","0","0","0","0","0","376","0"
"159","80","iphash:c7c8a416","^0FF^4'^0Prinky","2","user:void","1","2","2","3","304","219","15","76","69","10","0","4","2","0","seeing","low_force","138","20","51","46","49","0","0","0","0","0","0","0","0","0","304","0"
"160","80","user:void","void","1","iphash:c7c8a416","0","2","2","3","345","345","100","-13","0","4","1","5","2","0","seeing","low_force","19","0","247","36","43","0","0","0","0","0","0","0","0","0","345","0"
"161","81","iphash:c7c8a416","^0FF^4'^0Prinky","2","user:void","1","2","2","3","400","391","91","100","10","3","0","4","1","0","unknown","low_force","69","70","198","15","48","0","0","0","0","0","0","0","0","0","400","0"
"162","81","user:void","void","1","iphash:c7c8a416","0","2","2","3","735","735","100","-15","0","21","1","2","2","0","seeing","low_force","155","0","357","223","0","0","0","0","0","0","0","0","0","0","735","0"
"163","82","iphash:c7c8a416","^0FF^4'^0Prinky","2","user:void","1","2","2","3","266","166","0","100","40","15","0","2","0","0","seeing","low_force","0","0","193","73","0","0","0","0","0","0","0","0","0","0","266","0"
"164","82","user:void","void","1","iphash:c7c8a416","0","2","2","3","129","109","100","-4","0","0","1","5","0","0","unknown","saber_throw","0","0","85","20","24","0","0","0","0","0","0","0","0","0","129","0"
"165","83","iphash:c7c8a416","^0FF^4'^0Prinky","2","iphash:7d6be969","1","2","2","3","1842","1742","0","94","0","73","2","7","4","0","seeing","low_force","359","71","718","469","225","0","0","0","0","0","0","0","0","0","1842","0"
"166","83","iphash:7d6be969","^0ff^7'^0Gòónat¡Ç","2","iphash:c7c8a416","0","2","2","3","1801","1757","100","-11","0","46","5","9","5","0","seeing","low_force","327","32","703","367","372","0","0","0","0","0","0","0","0","0","1801","0"
"167","84","iphash:c7c8a416","^0FF^4'^0Prinky","2","iphash:7d6be969","1","2","2","3","401","328","27","60","68","10","0","2","0","0","seeing","low_force","84","16","156","54","91","0","0","0","0","0","0","0","0","0","401","0"
"168","84","iphash:7d6be969","^0ff^7'^0Gòónat¡Ç","2","iphash:c7c8a416","0","2","2","3","359","359","100","-1","0","8","1","6","0","0","seeing","low_force","0","0","206","85","68","0","0","0","0","0","0","0","0","0","359","0"
"169","85","bot:/botfiles/shadowtrooper.jkb","Reborn","0","user:void","1","2","2","3","1013","967","54","20","0","59","0","6","2","0","unknown","low_force","4","0","398","552","59","59","549","82","323","0","0","0","0","0","0","0"
"170","85","user:void","void","1","bot:/botfiles/shadowtrooper.jkb","0","2","2","3","876","876","100","0","67","34","1","1","3","0","seeing","low_force","210","114","45","289","218","0","0","0","0","0","0","0","0","0","876","0"
"171","86","iphash:c7c8a416","^0FF^4'^0Prinky","2","iphash:7d6be969","1","2","2","3","2197","2124","27","50","0","82","2","14","3","0","seeing","low_force","399","0","672","696","430","0","0","0","0","0","0","0","0","0","2197","0"
"172","86","iphash:7d6be969","^0ff^7'^0Gòónat¡Ç","2","iphash:c7c8a416","0","2","2","3","2553","2553","100","-3","0","75","1","14","3","0","seeing","low_force","662","0","562","738","591","0","0","0","0","0","0","0","0","0","2553","0"
"173","87","user:void","void","1","bot:/botfiles/shadowtrooper.jkb","1","2","2","3","1034","934","0","52","39","73","0","3","2","0","unknown","low_force","78","0","209","605","142","0","0","0","0","0","0","0","0","0","1034","0"
"174","87","bot:/botfiles/shadowtrooper.jkb","Reborn","0","user:void","0","2","2","3","1199","1199","100","0","0","67","0","9","4","0","speed","low_force","98","0","244","566","291","76","645","45","409","0","0","0","0","24","0","0"
"175","88","iphash:c7c8a416","^0FF^4'^0Prinky","2","iphash:7d6be969","1","2","2","3","914","814","0","100","0","31","0","8","4","0","seeing","low_force","383","36","191","213","91","0","0","0","0","0","0","0","0","0","914","0"
"176","88","iphash:7d6be969","^0ff^7'^0Gòónat¡Ç","2","iphash:c7c8a416","0","2","2","3","1075","1030","100","-10","0","28","1","5","3","0","seeing","low_force","84","0","546","282","163","0","0","0","0","0","0","0","0","0","1075","0"
"177","89","user:jundon","jundon","1","user:void","1","2","2","3","856","772","16","92","37","52","0","6","1","0","seeing","low_force","148","20","136","308","244","0","0","0","0","0","0","0","0","0","856","0"
"178","89","user:void","void","1","user:jundon","0","2","2","3","876","824","100","-10","0","24","2","4","3","0","seeing","low_force","20","0","308","419","129","0","0","0","0","0","0","0","0","0","876","0"
"179","90","iphash:c7c8a416","^0FF^4'^0Prinky","2","iphash:7d6be969","1","2","2","3","477","425","42","80","37","8","0","4","1","0","unknown","low_force","107","0","238","33","99","0","0","0","0","0","0","0","0","0","477","0"
"180","90","iphash:7d6be969","^0ff^7'^0Gòónat¡Ç","2","iphash:c7c8a416","0","2","2","3","435","424","100","-14","37","14","2","4","1","0","seeing","low_force","147","0","178","101","9","0","0","0","0","0","0","0","0","0","435","0"
"181","91","iphash:c7c8a416","^0FF^4'^0Prinky","2","iphash:7d6be969","1","2","2","3","471","425","54","94","8","14","1","2","1","0","unknown","low_force","151","0","134","126","60","0","0","0","0","0","0","0","0","0","471","0"
"182","91","iphash:7d6be969","^0ff^7'^0Gòónat¡Ç","2","iphash:c7c8a416","0","2","2","3","462","428","100","-17","0","11","1","6","2","0","seeing","low_force","81","0","153","147","81","0","0","0","0","0","0","0","0","0","462","0"
"183","92","user:jundon","jundon","1","user:void","1","2","2","3","1164","1085","15","99","0","33","0","9","4","0","seeing","low_force","119","132","81","268","564","0","0","0","0","0","0","0","0","0","1164","0"
"184","92","user:void","void","1","user:jundon","0","2","2","3","978","933","100","0","0","76","1","5","2","0","unknown","low_force","24","0","308","581","65","0","0","0","0","0","0","0","0","0","978","0"
"185","93","iphash:7d6be969","^0ff^7'^0Gòónat¡Ç","2","iphash:c7c8a416","1","2","2","3","730","681","45","100","0","14","2","4","1","0","seeing","low_force","350","0","208","129","43","0","0","0","0","0","0","0","0","0","730","0"
"186","93","iphash:c7c8a416","^0FF^4'^0Prinky","2","iphash:7d6be969","0","2","2","3","537","537","100","-2","0","11","1","6","2","0","unknown","low_force","83","0","354","50","50","0","0","0","0","0","0","0","0","0","537","0"
"187","94","user:jundon","jundon","1","iphash:c7c8a416","1","2","2","3","547","458","11","88","5","19","0","7","2","0","seeing","low_force","55","0","266","144","82","0","0","0","0","0","0","0","0","0","547","0"
"188","94","iphash:c7c8a416","^0FF^4'^0Prinky","2","user:jundon","0","2","2","3","447","447","100","-8","0","12","1","6","1","0","seeing","low_force","104","0","221","92","30","0","0","0","0","0","0","0","0","0","447","0"
"189","95","user:void","void","1","iphash:7d6be969","1","2","2","3","930","866","36","87","0","58","0","2","1","0","unknown","low_force","57","0","271","505","97","0","0","0","0","0","0","0","0","0","930","0"
"190","95","iphash:7d6be969","^0ff^7'^0Gòónat¡Ç","2","user:void","0","2","2","3","843","826","100","0","0","11","0","9","3","0","seeing","low_force","132","0","80","114","517","0","0","0","0","0","0","0","0","0","843","0"
"191","96","user:void","void","1","iphash:7d6be969","1","2","2","3","248","171","23","70","0","11","0","1","0","0","unknown","low_force","0","0","153","95","0","0","0","0","0","0","0","0","0","0","248","0"
"192","96","iphash:7d6be969","^0ff^7'^0Gòónat¡Ç","2","user:void","0","2","2","3","234","179","100","-18","0","1","0","7","1","0","seeing","low_force","59","0","40","20","115","0","0","0","0","0","0","0","0","0","234","0"
"193","97","user:jundon","jundon","1","iphash:c7c8a416","1","2","2","3","1325","1225","0","96","0","56","2","7","1","0","seeing","low_force","364","0","421","511","29","0","0","0","0","0","0","0","0","0","1325","0"
"194","97","iphash:c7c8a416","^0FF^4'^0Prinky","2","user:jundon","0","2","2","3","1190","1190","100","-7","0","9","1","11","1","0","unknown","low_force","263","0","383","279","265","0","0","0","0","0","0","0","0","0","1190","0"
"195","98","iphash:7d6be969","^0ff^7'^0Gòónat¡Ç","2","user:void","1","2","2","3","352","269","17","74","0","8","0","5","2","0","seeing","low_force","77","0","144","67","64","0","0","0","0","0","0","0","0","0","352","0"
"196","98","user:void","void","1","iphash:7d6be969","0","2","2","3","289","289","100","-2","9","8","1","4","1","0","unknown","low_force","101","0","158","30","0","0","0","0","0","0","0","0","0","0","289","0"
"197","99","user:jundon","jundon","1","iphash:c7c8a416","1","2","2","3","347","247","0","100","100","6","0","0","0","0","seeing","low_force","37","0","203","87","20","0","0","0","0","0","0","0","0","0","347","0"
"198","99","iphash:c7c8a416","^0FF^4'^0Prinky","2","user:jundon","0","2","2","3","141","141","100","-22","0","0","0","4","0","0","seeing","low_force","10","0","40","91","0","0","0","0","0","0","0","0","0","0","141","0"
"199","100","user:void","void","1","iphash:7d6be969","1","2","2","3","618","518","0","58","27","39","1","2","0","0","seeing","low_force","104","0","180","334","0","0","0","0","0","0","0","0","0","0","618","0"
"200","100","iphash:7d6be969","^0ff^7'^0Gòónat¡Ç","2","user:void","0","2","2","3","702","657","100","-24","0","14","0","6","3","0","seeing","low_force","148","0","93","215","246","0","0","0","0","0","0","0","0","0","702","0"
"201","101","user:void","void","1","iphash:7d6be969","1","2","2","3","385","365","74","28","0","6","1","4","2","0","unknown","low_force","106","0","174","46","59","0","0","0","0","0","0","0","0","0","385","0"
"202","101","iphash:7d6be969","^0ff^7'^0Gòónat¡Ç","2","user:void","0","2","2","3","392","392","100","-6","0","15","0","3","0","0","seeing","low_force","190","0","101","40","61","0","0","0","0","0","0","0","0","0","392","0"
"203","102","user:socrates","socrates","1","iphash:d4cfd1d8","1","2","1","2","277","210","27","100","99","8","0","0","0","0","seeing","low_force","106","10","20","71","70","0","0","0","0","0","0","0","0","0","277","0"
"204","102","iphash:d4cfd1d8","^3Wookiee","2","user:socrates","0","1","2","2","244","144","100","0","98","13","0","2","1","0","seeing","low_force","84","0","24","128","8","0","0","0","0","0","0","0","0","0","244","0"
"205","103","user:jundon","jundon","1","iphash:c7c8a416","1","2","2","3","941","846","5","68","8","58","0","5","1","0","seeing","low_force","153","0","288","472","28","0","0","0","0","0","0","0","0","0","941","0"
"206","103","iphash:c7c8a416","^0FF^4'^0Prinky","2","user:jundon","0","2","2","3","951","904","100","-10","0","14","1","12","3","0","seeing","low_force","397","5","54","150","345","0","0","0","0","0","0","0","0","0","951","0"
"207","104","user:socrates","socrates","1","iphash:d4cfd1d8","1","2","1","2","303","223","14","100","39","8","0","4","0","0","unknown","low_force","176","0","39","53","35","0","0","0","0","0","0","0","0","0","303","0"
"208","104","iphash:d4cfd1d8","^3Wookiee","2","user:socrates","0","1","2","2","317","221","100","0","39","6","0","4","2","0","seeing","low_force","33","0","135","106","43","0","0","0","0","0","0","0","0","0","317","0"
"209","105","user:socrates","socrates","1","iphash:d4cfd1d8","1","2","1","2","628","533","0","100","59","9","0","1","0","0","seeing","low_force","218","55","120","80","155","0","0","0","0","0","0","0","0","0","628","0"
"210","105","iphash:d4cfd1d8","^3Wookiee","2","user:socrates","0","1","2","2","419","320","100","-15","9","21","0","5","1","0","seeing","low_force","15","0","282","121","1","0","0","0","0","0","0","0","0","0","419","0"
"211","106","user:void","void","1","iphash:7d6be969","1","2","2","3","1095","995","0","83","0","46","1","5","1","0","seeing","low_force","334","0","217","346","198","0","0","0","0","0","0","0","0","0","1095","0"
"212","106","iphash:7d6be969","^0ff^7'^0Gòónat¡Ç","2","user:void","0","2","2","3","1062","1036","100","-14","0","38","3","6","3","0","seeing","low_force","229","26","248","328","231","0","0","0","0","0","0","0","0","0","1062","0"
"213","107","user:jundon","jundon","1","iphash:c7c8a416","1","2","2","3","746","659","13","100","0","33","1","9","2","0","seeing","low_force","134","20","166","272","154","0","0","0","0","0","0","0","0","0","746","0"
"214","107","iphash:c7c8a416","^0FF^4'^0Prinky","2","user:jundon","0","2","2","3","659","634","100","-7","0","24","0","7","2","0","unknown","low_force","243","0","82","146","188","0","0","0","0","0","0","0","0","0","659","0"
"215","108","iphash:7d6be969","^0ff^7'^0Gòónat¡Ç","2","user:void","1","2","2","3","549","471","22","68","0","17","0","3","0","0","seeing","low_force","58","0","192","148","151","0","0","0","0","0","0","0","0","0","549","0"
"216","108","user:void","void","1","iphash:7d6be969","0","2","2","3","372","317","100","-20","0","22","1","4","0","0","seeing","low_force","45","0","74","188","65","0","0","0","0","0","0","0","0","0","372","0"
"217","109","user:socrates","socrates","1","iphash:c7c8a416","1","2","2","3","557","469","6","100","40","20","2","2","0","0","seeing","low_force","58","0","246","228","25","0","0","0","0","0","0","0","0","0","557","0"
"218","109","iphash:c7c8a416","^0FF^4'^0Prinky","2","user:socrates","0","2","2","3","443","433","100","-14","68","3","2","3","1","0","seeing","low_force","94","25","145","100","79","0","0","0","0","0","0","0","0","0","443","0"
"219","110","iphash:c7c8a416","^0FF^4'^0Prinky","2","user:socrates","1","2","2","3","776","700","24","62","0","6","1","7","2","0","seeing","low_force","30","0","95","119","532","0","0","0","0","0","0","0","0","0","776","0"
"220","110","user:socrates","socrates","1","iphash:c7c8a416","0","2","2","3","704","643","100","-12","0","50","1","7","3","0","seeing","low_force","64","16","144","392","88","0","0","0","0","0","0","0","0","0","704","0"
"221","111","user:void","void","1","iphash:7d6be969","1","2","2","3","1037","946","3","44","39","50","1","2","0","0","seeing","low_force","128","32","283","530","64","0","0","0","0","0","0","0","0","0","1037","0"
"222","111","iphash:7d6be969","^0ff^7'^0Gòónat¡Ç","2","user:void","0","2","2","3","1041","997","100","-5","0","29","0","13","3","0","seeing","low_force","99","0","243","412","287","0","0","0","0","0","0","0","0","0","1041","0"
"223","112","user:void","void","1","iphash:7d6be969","1","2","2","3","247","173","26","74","99","3","1","0","1","0","seeing","low_force","19","0","95","100","33","0","0","0","0","0","0","0","0","0","247","0"
"224","112","iphash:7d6be969","^0ff^7'^0Gòónat¡Ç","2","user:void","0","2","2","3","270","270","100","-8","98","8","4","0","0","0","seeing","low_force","49","19","79","48","75","0","0","0","0","0","0","0","0","0","270","0"
"225","113","iphash:c7c8a416","^0FF^4'^0Prinky","2","user:socrates","1","2","2","3","787","695","8","100","9","14","2","4","2","0","seeing","low_force","171","85","93","130","308","0","0","0","0","0","0","0","0","0","787","0"
"226","113","user:socrates","socrates","1","iphash:c7c8a416","0","2","2","3","757","734","100","-11","0","55","2","5","4","0","seeing","low_force","103","0","242","403","9","0","0","0","0","0","0","0","0","0","757","0"
"227","114","user:socrates","socrates","1","iphash:c7c8a416","1","2","2","3","532","437","0","26","91","10","5","1","0","0","seeing","low_force","87","0","302","143","0","0","0","0","0","0","0","0","0","0","532","0"
"228","114","iphash:c7c8a416","^0FF^4'^0Prinky","2","user:socrates","0","2","2","3","364","268","100","-12","10","9","1","4","2","0","unknown","low_force","0","0","270","58","36","0","0","0","0","0","0","0","0","0","364","0"
"229","115","user:void","void","1","iphash:7d6be969","1","2","2","3","874","801","27","98","7","54","2","3","1","0","unknown","low_force","121","0","193","375","185","0","0","0","0","0","0","0","0","0","874","0"
"230","115","iphash:7d6be969","^0ff^7'^0Gòónat¡Ç","2","user:void","0","2","2","3","815","815","100","-8","0","48","0","4","2","0","seeing","low_force","109","31","191","256","228","0","0","0","0","0","0","0","0","0","815","0"
"231","116","user:void","void","1","iphash:7d6be969","1","2","2","3","418","331","13","45","39","5","0","3","2","0","unknown","low_force","204","0","95","80","39","0","0","0","0","0","0","0","0","0","418","0"
"232","116","iphash:7d6be969","^0ff^7'^0Gòónat¡Ç","2","user:void","0","2","2","3","423","411","100","0","0","9","2","5","2","0","seeing","low_force","183","0","143","73","24","0","0","0","0","0","0","0","0","0","423","0"
"233","117","iphash:c7c8a416","^0FF^4'^0Prinky","2","user:socrates","1","2","2","3","1133","1033","0","78","25","47","2","6","3","0","unknown","low_force","209","32","265","349","278","0","0","0","0","0","0","0","0","0","1133","0"
"234","117","user:socrates","socrates","1","iphash:c7c8a416","0","2","2","3","1309","1268","100","-9","0","62","0","8","5","0","seeing","low_force","221","14","372","527","175","0","0","0","0","0","0","0","0","0","1309","0"
"235","118","iphash:7d6be969","^0ff^7'^0Gòónat¡Ç","2","user:void","1","2","2","3","1002","914","12","74","0","24","0","6","3","0","seeing","low_force","141","48","118","245","450","0","0","0","0","0","0","0","0","0","1002","0"
"236","118","user:void","void","1","iphash:7d6be969","0","2","2","3","820","803","100","-13","0","50","0","7","5","0","unknown","low_force","41","0","230","441","108","0","0","0","0","0","0","0","0","0","820","0"
"237","119","iphash:c7c8a416","^0FF^4'^0Prinky","2","user:socrates","1","2","2","3","286","282","96","74","100","3","2","0","0","0","seeing","low_force","159","47","46","34","0","0","0","0","0","0","0","0","0","0","286","0"
"238","119","user:socrates","socrates","1","iphash:c7c8a416","0","2","2","3","271","271","100","-39","0","2","0","4","1","0","seeing","low_force","0","0","242","24","5","0","0","0","0","0","0","0","0","0","271","0"
"239","120","iphash:7d6be969","^0ff^7'^0Gòónat¡Ç","2","user:void","1","2","2","3","192","107","15","80","9","5","0","4","0","0","seeing","low_force","20","0","130","42","0","0","0","0","0","0","0","0","0","0","192","0"
"240","120","user:void","void","1","iphash:7d6be969","0","2","2","3","125","116","100","-14","0","0","0","7","1","0","unknown","saber_throw","0","0","86","19","20","0","0","0","0","0","0","0","0","0","125","0"
"241","121","iphash:c7c8a416","^0FF^4'^0Prinky","2","user:socrates","1","2","2","3","697","612","15","50","69","34","2","3","0","0","seeing","low_force","220","20","60","297","100","0","0","0","0","0","0","0","0","0","697","0"
"242","121","user:socrates","socrates","1","iphash:c7c8a416","0","2","2","3","668","668","100","-19","0","27","0","13","3","0","seeing","low_force","0","0","277","267","124","0","0","0","0","0","0","0","0","0","668","0"
"243","122","user:void","void","1","iphash:7d6be969","1","2","2","3","844","785","35","78","0","37","1","4","3","0","seeing","low_force","249","40","215","249","91","0","0","0","0","0","0","0","0","0","844","0"
"244","122","iphash:7d6be969","^0ff^7'^0Gòónat¡Ç","2","user:void","0","2","2","3","817","817","100","-1","0","20","0","7","1","0","seeing","low_force","181","0","358","91","187","0","0","0","0","0","0","0","0","0","817","0"
"245","123","iphash:7d6be969","^0ff^7'^0Gòónat¡Ç","2","user:void","1","2","2","3","608","545","37","100","10","7","2","5","1","0","seeing","low_force","73","6","202","79","248","0","0","0","0","0","0","0","0","0","608","0"
"246","123","user:void","void","1","iphash:7d6be969","0","2","2","3","527","521","100","-7","0","33","1","4","0","0","seeing","low_force","166","19","150","162","30","0","0","0","0","0","0","0","0","0","527","0"
"247","124","user:void","void","1","iphash:7d6be969","1","2","2","3","734","645","11","46","63","32","1","2","0","0","seeing","low_force","64","5","336","252","77","0","0","0","0","0","0","0","0","0","734","0"
"248","124","iphash:7d6be969","^0ff^7'^0Gòónat¡Ç","2","user:void","0","2","2","3","717","707","100","-21","0","19","0","10","1","0","seeing","low_force","24","0","233","270","190","0","0","0","0","0","0","0","0","0","717","0"
"249","125","iphash:c7c8a416","^0FF^4'^0Prinky","2","user:socrates","1","2","2","3","1438","1422","78","32","0","60","2","6","5","0","seeing","low_force","210","32","470","337","389","0","0","0","0","0","0","0","0","0","1438","0"
"250","125","user:socrates","socrates","1","iphash:c7c8a416","0","2","2","3","1511","1490","100","-14","0","83","2","4","5","0","seeing","low_force","171","0","577","512","251","0","0","0","0","0","0","0","0","0","1511","0"
"251","126","user:void","void","1","iphash:7d6be969","1","2","2","3","2120","2039","13","29","0","121","4","4","3","0","seeing","low_force","307","0","701","1043","69","0","0","0","0","0","0","0","0","0","2120","0"
"252","126","iphash:7d6be969","^0ff^7'^0Gòónat¡Ç","2","user:void","0","2","2","3","2245","2183","100","-2","0","39","0","15","6","0","seeing","low_force","278","5","564","463","935","0","0","0","0","0","0","0","0","0","2245","0"
"253","127","user:socrates","socrates","1","iphash:c7c8a416","1","2","2","3","2433","2338","0","34","0","119","6","5","8","0","seeing","low_force","464","70","828","729","342","0","0","0","0","0","0","0","0","0","2433","0"
"254","127","iphash:c7c8a416","^0FF^4'^0Prinky","2","user:socrates","0","2","2","3","2172","2082","100","-6","0","78","11","4","3","0","seeing","low_force","448","0","623","513","588","0","0","0","0","0","0","0","0","0","2172","0"
"255","128","user:socrates","socrates","1","iphash:c7c8a416","1","2","2","3","462","363","1","58","35","17","1","6","1","0","seeing","low_force","112","0","149","197","4","0","0","0","0","0","0","0","0","0","462","0"
"256","128","iphash:c7c8a416","^0FF^4'^0Prinky","2","user:socrates","0","2","2","3","360","355","100","-27","0","2","0","9","1","0","seeing","low_force","0","0","220","10","130","0","0","0","0","0","0","0","0","0","360","0"
"257","129","user:socrates","socrates","1","iphash:c7c8a416","1","2","2","3","1067","968","0","73","0","36","2","8","2","0","seeing","low_force","36","0","697","311","23","0","0","0","0","0","0","0","0","0","1067","0"
"258","129","iphash:c7c8a416","^0FF^4'^0Prinky","2","user:socrates","0","2","2","3","841","826","100","-10","0","11","2","8","1","0","seeing","low_force","321","183","124","98","115","0","0","0","0","0","0","0","0","0","841","0"
"259","130","iphash:7d6be969","^0ff^7'^0Gòónat¡Ç","2","user:void","1","2","2","3","2950","2880","30","100","0","109","1","11","5","0","seeing","low_force","436","109","498","1115","792","0","0","0","0","0","0","0","0","0","2950","0"
"260","130","user:void","void","1","iphash:7d6be969","0","2","2","3","2919","2919","100","-2","0","128","1","11","4","0","seeing","low_force","436","71","636","1070","706","0","0","0","0","0","0","0","0","0","2919","0"
"261","131","user:socrates","socrates","1","iphash:c7c8a416","1","2","2","3","287","189","2","20","38","15","0","5","0","0","seeing","low_force","79","0","72","136","0","0","0","0","0","0","0","0","0","0","287","0"
"262","131","iphash:c7c8a416","^0FF^4'^0Prinky","2","user:socrates","0","2","2","3","258","189","100","-6","0","2","0","9","1","0","unknown","low_force","6","0","86","102","64","0","0","0","0","0","0","0","0","0","258","0"
"263","132","iphash:c7c8a416","^0FF^4'^0Prinky","2","user:socrates","1","2","2","3","1745","1678","33","50","0","36","2","11","7","0","seeing","low_force","360","40","344","299","702","0","0","0","0","0","0","0","0","0","1745","0"
"264","132","user:socrates","socrates","1","iphash:c7c8a416","0","2","2","3","1881","1830","100","-4","0","116","4","3","2","0","seeing","low_force","321","17","498","943","102","0","0","0","0","0","0","0","0","0","1881","0"
"265","133","user:socrates","socrates","1","iphash:c7c8a416","1","2","2","3","746","647","0","50","66","47","1","6","3","0","seeing","low_force","21","0","197","455","73","0","0","0","0","0","0","0","0","0","746","0"
"266","133","iphash:c7c8a416","^0FF^4'^0Prinky","2","user:socrates","0","2","2","3","890","790","100","-10","0","19","1","9","1","0","seeing","low_force","130","5","104","186","465","0","0","0","0","0","0","0","0","0","890","0"
"267","134","user:socrates","socrates","1","iphash:c7c8a416","1","2","2","3","1047","947","0","12","0","50","0","13","0","0","seeing","low_force","49","0","412","492","94","0","0","0","0","0","0","0","0","0","1047","0"
"268","134","iphash:c7c8a416","^0FF^4'^0Prinky","2","user:socrates","0","2","2","3","817","817","100","-12","37","28","0","4","1","0","seeing","low_force","196","87","65","289","180","0","0","0","0","0","0","0","0","0","817","0"
"269","135","user:socrates","socrates","1","iphash:c7c8a416","1","2","2","3","873","773","0","90","0","40","1","3","2","0","seeing","low_force","44","0","486","323","20","0","0","0","0","0","0","0","0","0","873","0"
"270","135","iphash:c7c8a416","^0FF^4'^0Prinky","2","user:socrates","0","2","2","3","654","654","100","-3","0","2","2","7","0","0","seeing","low_force","146","4","191","186","127","0","0","0","0","0","0","0","0","0","654","0"
"271","136","iphash:c7c8a416","^0FF^4'^0Prinky","2","user:socrates","1","2","2","3","585","523","32","60","28","9","0","2","1","0","seeing","low_force","254","25","81","57","168","0","0","0","0","0","0","0","0","0","585","0"
"272","136","user:socrates","socrates","1","iphash:c7c8a416","0","2","2","3","593","511","100","0","0","25","0","9","1","0","seeing","low_force","5","0","301","273","14","0","0","0","0","0","0","0","0","0","593","0"
"273","137","iphash:4a47a0f7","^1Darth ^7Pogrates","2","iphash:fa31973a","1","2","2","3","271","171","0","60","39","20","0","3","0","0","seeing","low_force","46","20","30","175","0","0","0","0","0","0","0","0","0","0","271","0"
"274","137","iphash:fa31973a","^0-=^3'/^7o^3!^0d^0=-^6","2","iphash:4a47a0f7","0","2","2","3","310","234","100","-2","0","5","0","7","0","0","seeing","low_force","0","0","84","56","170","0","0","0","0","0","0","0","0","0","310","0"
"275","138","iphash:7d6be969","^0ff^7'^0Gòónat¡Ç","2","iphash:fa31973a","1","2","2","3","0","0","100","40","0","0","0","0","0","0","","linear_entries","0","0","0","0","0","0","0","0","0","0","0","0","0","0","0","0"
"276","138","iphash:fa31973a","^0-=^3'/^7o^3!^0d^0=-^6","2","iphash:7d6be969","0","2","2","3","8","8","100","-10","0","0","0","0","0","0","seeing","linear_entries","8","0","0","0","0","0","0","0","0","0","0","0","0","0","8","0"
"277","139","bot:/botfiles/gran.jkb","Gran","0","bot:/botfiles/chiss.jkb","1","1","2","2","381","294","13","100","100","61","0","0","0","8","heal","low_force","0","0","112","179","90","0","20","0","0","0","36","22","233","70","0","0"
"278","139","bot:/botfiles/chiss.jkb","Chiss","0","bot:/botfiles/gran.jkb","0","2","1","2","771","771","100","-19","64","0","0","4","0","0","grip","low_force","5","0","79","277","410","152","509","5","55","50","0","0","0","0","0","0"
"279","140","iphash:7d6be969","^0ff^7'^0Gòónat¡Ç","2","iphash:fa31973a","1","2","2","3","539","490","45","78","0","10","0","8","2","0","unknown","low_force","26","12","135","74","292","0","0","0","0","0","0","0","0","0","539","0"
"280","140","iphash:fa31973a","^0-=^3'/^7o^3!^0d^0=-^6","2","iphash:7d6be969","0","2","2","3","642","557","100","-5","0","19","2","3","2","0","seeing","low_force","170","0","195","214","63","0","0","0","0","0","0","0","0","0","642","0"
"281","141","user:socrates","socrates","1","iphash:c984b5ee","1","2","1","2","616","576","60","100","87","13","0","0","0","0","seeing","low_force","151","99","120","47","199","0","0","0","0","0","0","0","0","0","616","0"
"282","141","iphash:c984b5ee","^8Qui^0-^2Gon","2","user:socrates","0","1","2","2","319","309","100","-3","0","42","2","3","2","98","unknown","low_force","0","0","169","150","0","36","52","0","0","0","9","176","44","2","0","0"
"283","142","iphash:fa31973a","^0-=^3'/^7o^3!^0d^0=-^6","2","iphash:7d6be969","1","2","2","3","1958","1858","0","60","0","118","1","6","3","0","unknown","low_force","188","14","542","934","280","0","0","0","0","0","0","0","0","0","1958","0"
"284","142","iphash:7d6be969","^0ff^7'^0Gòónat¡Ç","2","iphash:fa31973a","0","2","2","3","1981","1917","100","-17","0","86","0","18","5","0","seeing","low_force","205","50","314","881","531","0","0","0","0","0","0","0","0","0","1981","0"
"285","143","bot:/botfiles/gran.jkb","Gran","0","bot:/botfiles/chiss.jkb","1","1","2","2","545","445","0","100","40","42","0","2","1","5","push","low_force","85","6","155","261","38","19","118","0","0","0","54","11","221","122","0","0"
"286","143","bot:/botfiles/chiss.jkb","Chiss","0","bot:/botfiles/gran.jkb","0","2","1","2","459","459","100","-23","0","1","0","3","0","0","push","low_force","5","0","258","20","176","25","179","80","155","0","0","0","0","0","20","0"
"287","144","iphash:7d6be969","^0ff^7'^0Gòónat¡Ç","2","iphash:fa31973a","1","2","2","3","777","716","39","96","59","25","0","0","0","0","seeing","low_force","143","68","238","136","192","0","0","0","0","0","0","0","0","0","777","0"
"288","144","iphash:fa31973a","^0-=^3'/^7o^3!^0d^0=-^6","2","iphash:7d6be969","0","2","2","3","685","670","100","-36","0","9","2","5","3","0","unknown","low_force","0","0","315","317","53","0","0","0","0","0","0","0","0","0","685","0"
"289","145","user:socrates","socrates","1","bot:/botfiles/gran.jkb","1","2","1","2","709","693","78","80","68","9","0","1","1","0","seeing","low_force","253","15","47","97","297","0","0","0","0","0","0","0","0","0","709","0"
"290","145","bot:/botfiles/gran.jkb","Gran","0","user:socrates","0","1","2","2","646","572","100","0","9","37","1","7","1","8","unknown","low_force","69","0","92","485","0","68","40","0","0","0","34","0","504","0","0","0"
"291","146","iphash:fa31973a","^0-=^3'/^7o^3!^0d^0=-^6","2","iphash:7d6be969","1","2","2","3","2414","2330","16","57","0","75","0","9","6","0","seeing","low_force","840","42","439","860","233","0","0","0","0","0","0","0","0","0","2414","0"
"292","146","iphash:7d6be969","^0ff^7'^0Gòónat¡Ç","2","iphash:fa31973a","0","2","2","3","2640","2609","100","-19","0","81","0","11","5","0","seeing","low_force","639","87","599","887","428","0","0","0","0","0","0","0","0","0","2640","0"
"293","147","iphash:c984b5ee","^8Qui^0-^2Gon","2","bot:/botfiles/chiss.jkb","1","1","2","2","90","0","10","96","70","15","0","0","0","45","absorb","low_force","21","0","41","16","12","1","0","0","0","0","12","76","1","0","0","0"
"294","147","bot:/botfiles/chiss.jkb","Chiss","0","iphash:c984b5ee","0","2","1","2","191","180","100","-10","0","0","0","0","0","0","pull","low_force","39","0","33","119","0","19","172","0","0","0","0","0","0","0","0","0"
"295","148","iphash:7d6be969","^0ff^7'^0Gòónat¡Ç","2","iphash:fa31973a","1","2","2","3","649","629","80","52","10","32","0","3","0","0","seeing","low_force","64","28","214","161","182","0","0","0","0","0","0","0","0","0","649","0"
"296","148","iphash:fa31973a","^0-=^3'/^7o^3!^0d^0=-^6","2","iphash:7d6be969","0","2","2","3","531","451","100","0","0","18","1","5","1","0","seeing","low_force","50","0","159","177","145","0","0","0","0","0","0","0","0","0","531","0"
"297","149","iphash:7d6be969","^0ff^7'^0Gòónat¡Ç","2","iphash:fa31973a","1","2","2","3","998","908","10","72","0","21","0","4","0","0","seeing","low_force","313","60","263","135","227","0","0","0","0","0","0","0","0","0","998","0"
"298","149","iphash:fa31973a","^0-=^3'/^7o^3!^0d^0=-^6","2","iphash:7d6be969","0","2","2","3","822","774","100","-26","0","19","1","7","4","0","unknown","low_force","89","0","410","199","124","0","0","0","0","0","0","0","0","0","822","0"
"299","150","bot:/botfiles/gran.jkb","Gran","0","iphash:c984b5ee","1","1","1","1","781","776","95","99","0","81","0","0","0","4","heal","low_force","77","0","238","289","177","0","79","0","0","0","0","55","577","70","0","0"
"300","150","iphash:c984b5ee","^8Qui^0-^2Gon","2","bot:/botfiles/gran.jkb","0","1","1","1","484","484","100","-15","67","21","0","1","4","53","protect","low_force","236","0","50","173","25","0","29","0","0","0","98","12","345","0","0","0"
"301","151","iphash:7d6be969","^0ff^7'^0Gòónat¡Ç","2","iphash:fa31973a","1","2","2","3","818","770","52","76","0","16","0","6","1","0","seeing","low_force","87","5","324","129","273","0","0","0","0","0","0","0","0","0","818","0"
"302","151","iphash:fa31973a","^0-=^3'/^7o^3!^0d^0=-^6","2","iphash:7d6be969","0","2","2","3","728","728","100","-1","0","37","1","2","1","0","seeing","low_force","138","25","277","255","33","0","0","0","0","0","0","0","0","0","728","0"
"303","152","user:void","void","1","user:socrates","1","2","2","3","1513","1419","6","24","0","83","4","1","4","0","seeing","low_force","402","68","25","632","386","0","0","0","0","0","0","0","0","0","1513","0"
"304","152","user:socrates","socrates","1","user:void","0","2","2","3","1615","1615","100","-8","0","97","1","4","3","0","seeing","low_force","233","0","348","775","259","0","0","0","0","0","0","0","0","0","1615","0"
"305","153","user:void","void","1","user:socrates","1","2","2","3","599","530","31","94","32","11","5","3","1","0","seeing","low_force","96","144","99","138","122","0","0","0","0","0","0","0","0","0","599","0"
"306","153","user:socrates","socrates","1","user:void","0","2","2","3","578","574","100","-27","0","14","1","2","2","0","seeing","low_force","13","0","341","156","68","0","0","0","0","0","0","0","0","0","578","0"
"307","154","user:void","void","1","user:socrates","1","2","2","3","299","218","13","53","10","9","0","5","1","0","unknown","low_force","5","0","46","103","145","0","0","0","0","0","0","0","0","0","299","0"
"308","154","user:socrates","socrates","1","user:void","0","2","2","3","304","225","100","-1","0","16","0","4","0","0","seeing","low_force","58","0","46","200","0","0","0","0","0","0","0","0","0","0","304","0"
"309","155","bot:/botfiles/gran.jkb","Gran","0","bot:/botfiles/chiss.jkb","1","1","2","2","848","762","14","100","100","84","1","1","0","13","heal","low_force","115","0","416","298","19","0","81","0","0","0","82","47","427","211","0","0"
"310","155","bot:/botfiles/chiss.jkb","Chiss","0","bot:/botfiles/gran.jkb","0","2","1","2","981","981","100","0","70","3","0","1","1","0","speed","low_force","35","0","334","59","553","60","642","152","65","0","0","0","0","25","20","17"
"311","156","iphash:7d6be969","^0ff^7'^0Gòónat¡Ç","2","iphash:c984b5ee","1","2","1","2","341","322","81","100","100","0","0","0","0","0","seeing","forced_entries","19","20","65","0","237","0","0","0","0","0","0","0","0","0","341","0"
"312","156","iphash:c984b5ee","^8Qui^0-^2Gon","2","iphash:7d6be969","0","1","2","2","232","232","100","-9","0","15","1","7","2","6","absorb","low_force","0","0","52","180","0","0","1","0","0","0","16","0","214","1","0","0"
"313","157","user:socrates","socrates","1","user:void","1","2","2","3","249","169","20","80","70","7","0","2","0","0","seeing","low_force","50","0","99","100","0","0","0","0","0","0","0","0","0","0","249","0"
"314","157","user:void","void","1","user:socrates","0","2","2","3","81","71","100","-2","0","0","0","6","2","0","unknown","saber_throw","15","0","56","0","10","0","0","0","0","0","0","0","0","0","81","0"
"315","158","iphash:7d6be969","^0ff^7'^0Gòónat¡Ç","2","iphash:c984b5ee","1","2","1","2","72","0","22","100","99","0","0","0","0","0","seeing","low_force","0","0","65","0","7","0","0","0","0","0","0","0","0","0","72","0"
"316","158","iphash:c984b5ee","^8Qui^0-^2Gon","2","iphash:7d6be969","0","1","2","2","0","0","100","-8","100","0","1","0","0","0","","linear_entries","0","0","0","0","0","0","0","0","0","0","0","0","0","0","0","0"
"317","159","user:socrates","socrates","1","user:void","1","2","2","3","237","153","16","60","40","16","0","3","0","0","seeing","low_force","0","0","94","143","0","0","0","0","0","0","0","0","0","0","237","0"
"318","159","user:void","void","1","user:socrates","0","2","2","3","171","167","100","-16","0","4","0","8","2","0","unknown","low_force","0","0","16","61","94","0","0","0","0","0","0","0","0","0","171","0"
"319","160","iphash:7d6be969","^0ff^7'^0Gòónat¡Ç","2","iphash:c984b5ee","1","2","1","2","169","149","80","100","8","0","0","0","0","0","seeing","forced_entries","40","0","104","0","25","0","0","0","0","0","0","0","0","0","169","0"
"320","160","iphash:c984b5ee","^8Qui^0-^2Gon","2","iphash:7d6be969","0","1","2","2","39","36","100","-5","0","0","0","5","1","10","absorb","saber_throw","29","0","9","1","0","0","0","0","0","0","39","0","0","0","0","0"
"321","161","user:socrates","socrates","1","user:void","1","2","2","3","207","107","0","60","40","10","0","1","0","0","seeing","low_force","0","0","86","121","0","0","0","0","0","0","0","0","0","0","207","0"
"322","161","user:void","void","1","user:socrates","0","2","2","3","183","97","100","-4","0","4","0","7","0","0","unknown","low_force","0","0","40","59","84","0","0","0","0","0","0","0","0","0","183","0"
"323","162","iphash:7d6be969","^0ff^7'^0Gòónat¡Ç","2","iphash:c984b5ee","1","2","1","2","65","65","100","19","0","0","0","0","0","0","seeing","forced_entries","0","0","65","0","0","0","0","0","0","0","0","0","0","0","65","0"
"324","162","iphash:c984b5ee","^8Qui^0-^2Gon","2","iphash:7d6be969","0","1","2","2","23","23","100","-2","0","0","0","2","1","9","absorb","saber_throw","4","0","18","0","1","0","0","0","0","0","23","0","0","0","0","0"
"325","163","user:socrates","socrates","1","user:void","1","2","2","3","355","258","3","12","67","10","1","0","1","0","seeing","low_force","18","19","104","214","0","0","0","0","0","0","0","0","0","0","355","0"
"326","163","user:void","void","1","user:socrates","0","2","2","3","246","220","100","-1","0","0","0","3","2","0","unknown","saber_throw","16","0","66","0","164","0","0","0","0","0","0","0","0","0","246","0"
"327","164","user:void","void","1","user:socrates","1","2","2","3","515","423","2","100","10","17","0","6","2","0","unknown","low_force","31","0","52","172","260","0","0","0","0","0","0","0","0","0","515","0"
"328","164","user:socrates","socrates","1","user:void","0","2","2","3","482","393","100","-8","98","36","1","0","2","0","seeing","low_force","27","0","179","272","4","0","0","0","0","0","0","0","0","0","482","0"
"329","165","user:socrates","socrates","1","user:void","1","2","2","3","533","433","0","38","40","39","1","2","3","0","seeing","low_force","0","0","115","358","60","0","0","0","0","0","0","0","0","0","533","0"
"330","165","user:void","void","1","user:socrates","0","2","2","3","416","402","100","-1","0","13","0","5","3","0","unknown","low_force","0","0","35","158","223","0","0","0","0","0","0","0","0","0","416","0"
"331","166","user:void","void","1","user:socrates","1","2","2","3","322","239","11","100","99","11","0","1","0","0","unknown","low_force","92","6","0","95","129","0","0","0","0","0","0","0","0","0","322","0"
"332","166","user:socrates","socrates","1","user:void","0","2","2","3","267","181","100","0","40","13","0","2","3","0","seeing","low_force","0","0","114","138","15","0","0","0","0","0","0","0","0","0","267","0"
"333","167","user:void","void","1","user:socrates","1","2","2","3","284","202","18","98","0","6","0","6","1","0","unknown","low_force","61","0","20","74","129","0","0","0","0","0","0","0","0","0","284","0"
"334","167","user:socrates","socrates","1","user:void","0","2","2","3","350","350","100","0","9","16","0","3","0","0","seeing","low_force","0","0","190","160","0","0","0","0","0","0","0","0","0","0","350","0"
"335","168","user:void","void","1","user:socrates","1","2","2","3","269","242","67","63","0","4","0","7","1","0","unknown","low_force","0","0","20","35","214","0","0","0","0","0","0","0","0","0","269","0"
"336","168","user:socrates","socrates","1","user:void","0","2","2","3","292","203","100","0","69","19","0","2","0","0","seeing","low_force","0","0","106","186","0","0","0","0","0","0","0","0","0","0","292","0"
"337","169","user:socrates","socrates","1","user:void","1","2","2","3","339","248","3","40","40","23","0","2","0","0","seeing","low_force","20","0","106","213","0","0","0","0","0","0","0","0","0","0","339","0"
"338","169","user:void","void","1","user:socrates","0","2","2","3","362","343","100","0","0","1","0","10","2","0","unknown","low_force","0","0","60","38","264","0","0","0","0","0","0","0","0","0","362","0"
"339","170","bot:/botfiles/gran.jkb","Gran","0","bot:/botfiles/chiss.jkb","1","1","2","2","570","477","7","100","69","108","0","1","0","9","heal","low_force","5","0","164","341","60","0","40","0","0","0","63","11","291","165","0","0"
"340","170","bot:/botfiles/chiss.jkb","Chiss","0","bot:/botfiles/gran.jkb","0","2","1","2","782","782","100","-19","70","2","0","1","2","0","speed","low_force","8","0","63","612","99","176","398","40","112","50","0","0","0","6","0","0"
"341","171","user:void","void","1","user:socrates","1","2","2","3","387","293","0","100","10","6","0","5","0","0","unknown","low_force","0","20","40","59","268","0","0","0","0","0","0","0","0","0","387","0"
"342","171","user:socrates","socrates","1","user:void","0","2","2","3","358","258","100","0","9","26","0","4","2","0","seeing","low_force","0","0","122","236","0","0","0","0","0","0","0","0","0","0","358","0"
"343","172","user:void","void","1","user:socrates","1","2","2","3","665","577","12","24","0","14","1","8","2","0","seeing","low_force","130","0","0","161","374","0","0","0","0","0","0","0","0","0","665","0"
"344","172","user:socrates","socrates","1","user:void","0","2","2","3","532","502","100","-29","0","51","0","5","2","0","seeing","low_force","76","0","105","316","35","0","0","0","0","0","0","0","0","0","532","0"
"345","173","user:void","void","1","user:socrates","1","2","2","3","1020","950","24","36","5","43","5","4","2","0","seeing","low_force","231","102","70","369","248","0","0","0","0","0","0","0","0","0","1020","0"
"346","173","user:socrates","socrates","1","user:void","0","2","2","3","1026","959","100","-7","0","64","2","6","0","0","seeing","low_force","51","0","266","588","121","0","0","0","0","0","0","0","0","0","1026","0"
"347","174","user:void","void","1","user:socrates","1","2","2","3","1941","1863","16","64","6","117","2","3","6","0","seeing","low_force","351","54","157","1009","370","0","0","0","0","0","0","0","0","0","1941","0"
"348","174","user:socrates","socrates","1","user:void","0","2","2","3","1910","1859","100","-10","0","113","0","7","7","0","seeing","low_force","145","0","244","806","715","0","0","0","0","0","0","0","0","0","1910","0"
"349","175","user:socrates","socrates","1","user:void","1","2","2","3","946","855","3","99","0","44","0","6","1","0","seeing","low_force","61","0","200","352","333","0","0","0","0","0","0","0","0","0","946","0"
"350","175","user:void","void","1","user:socrates","0","2","2","3","745","658","100","-8","8","60","0","4","1","0","unknown","low_force","117","0","102","446","80","0","0","0","0","0","0","0","0","0","745","0"
"351","176","user:void","void","1","user:socrates","1","2","2","3","464","371","7","28","9","13","1","3","1","0","seeing","low_force","101","0","104","113","146","0","0","0","0","0","0","0","0","0","464","0"
"352","176","user:socrates","socrates","1","user:void","0","2","2","3","507","495","100","-1","0","17","0","8","3","0","seeing","low_force","95","0","174","155","83","0","0","0","0","0","0","0","0","0","507","0"
"353","177","user:void","void","1","iphash:7d6be969","1","2","2","3","1434","1334","0","60","0","94","0","3","1","0","seeing","low_force","284","0","362","739","49","0","0","0","0","0","0","0","0","0","1434","0"
"354","177","iphash:7d6be969","^4~^0Gò^4ó^0N^4~","2","user:void","0","2","2","3","1463","1463","100","-3","0","26","0","13","4","0","seeing","low_force","234","0","369","289","571","0","0","0","0","0","0","0","0","0","1463","0"
"355","178","user:socrates","socrates","1","user:void","1","2","2","3","245","145","0","44","10","23","0","2","0","0","seeing","low_force","0","0","84","161","0","0","0","0","0","0","0","0","0","0","245","0"
"356","178","user:void","void","1","user:socrates","0","2","2","3","257","179","100","-14","0","13","0","8","0","0","unknown","low_force","0","0","5","152","100","0","0","0","0","0","0","0","0","0","257","0"
"357","179","user:void","void","1","user:socrates","1","2","2","3","700","612","12","74","0","39","0","4","1","0","unknown","low_force","50","0","84","276","290","0","0","0","0","0","0","0","0","0","700","0"
"358","179","user:socrates","socrates","1","user:void","0","2","2","3","650","579","100","-2","0","38","0","5","3","0","seeing","low_force","5","0","165","355","125","0","0","0","0","0","0","0","0","0","650","0"
"359","180","iphash:7d6be969","^0ff^7'^0Gòónat¡Ç","2","user:void","1","2","2","3","1083","1072","83","79","0","18","1","8","1","0","seeing","low_force","412","64","269","155","183","0","0","0","0","0","0","0","0","0","1083","0"
"360","180","user:void","void","1","iphash:7d6be969","0","2","2","3","1029","1029","100","-13","0","31","2","5","1","0","seeing","low_force","254","20","497","216","42","0","0","0","0","0","0","0","0","0","1029","0"
"361","181","user:void","void","1","user:socrates","1","2","2","3","2586","2501","11","24","0","148","3","8","8","0","seeing","low_force","453","28","133","1110","862","0","0","0","0","0","0","0","0","0","2586","0"
"362","181","user:socrates","socrates","1","user:void","0","2","2","3","2601","2575","100","-2","0","163","0","16","6","0","seeing","low_force","157","23","431","1387","603","0","0","0","0","0","0","0","0","0","2601","0"
"363","182","user:socrates","socrates","1","user:void","1","2","2","3","196","98","0","100","39","3","0","2","0","0","unknown","low_force","6","0","80","46","64","0","0","0","0","0","0","0","0","0","196","0"
"364","182","user:void","void","1","user:socrates","0","2","2","3","133","93","100","-6","0","3","0","7","0","0","seeing","low_force","80","0","40","13","0","0","0","0","0","0","0","0","0","0","133","0"
"365","183","user:void","void","1","user:socrates","1","2","2","3","404","334","24","20","0","10","0","9","2","0","seeing","low_force","10","0","26","240","128","0","0","0","0","0","0","0","0","0","404","0"
"366","183","user:socrates","socrates","1","user:void","0","2","2","3","460","369","100","-8","37","28","1","1","1","0","seeing","low_force","26","0","177","242","15","0","0","0","0","0","0","0","0","0","460","0"
"367","184","user:void","void","1","user:socrates","1","2","2","3","355","313","52","79","0","3","0","3","2","0","unknown","low_force","25","0","131","17","182","0","0","0","0","0","0","0","0","0","355","0"
"368","184","user:socrates","socrates","1","user:void","0","2","2","3","419","380","100","-19","68","20","3","0","2","0","seeing","low_force","33","0","190","196","0","0","0","0","0","0","0","0","0","0","419","0"
"369","185","iphash:7d6be969","^0ff^7'^0Gòónat¡Ç","2","user:void","1","2","2","3","760","669","3","88","33","2","2","2","0","0","seeing","low_force","186","71","307","25","171","0","0","0","0","0","0","0","0","0","760","0"
"370","185","user:void","void","1","iphash:7d6be969","0","2","2","3","743","643","100","-8","0","30","3","3","2","0","seeing","low_force","42","0","541","160","0","0","0","0","0","0","0","0","0","0","743","0"
"371","186","user:socrates","socrates","1","user:void","1","1","2","2","123","30","1","80","40","7","0","2","0","0","seeing","low_force","26","0","48","49","0","0","0","0","0","0","0","0","0","0","123","0"
"372","186","user:void","void","1","user:socrates","0","2","1","2","165","108","100","0","98","0","0","0","1","0","seeing","low_force","90","0","0","75","0","0","0","0","0","0","0","0","0","0","165","0"
"373","187","user:socrates","socrates","1","user:void","1","1","2","2","536","441","5","80","10","14","0","3","0","0","seeing","low_force","11","0","162","253","110","0","0","0","0","0","0","0","0","0","536","0"
"374","187","user:void","void","1","user:socrates","0","2","1","2","385","385","100","-12","98","0","0","0","2","0","seeing","knockdown","94","161","20","15","95","0","0","0","0","0","0","0","0","0","385","0"
"375","188","iphash:7d6be969","^0ff^7'^0Gòónat¡Ç","2","user:void","1","2","2","3","1050","982","26","50","0","54","0","10","2","0","seeing","low_force","100","0","294","362","294","0","0","0","0","0","0","0","0","0","1050","0"
"376","188","user:void","void","1","iphash:7d6be969","0","2","2","3","1052","999","100","-2","0","34","2","4","2","0","seeing","low_force","257","6","270","244","275","0","0","0","0","0","0","0","0","0","1052","0"
"377","189","user:socrates","socrates","1","iphash:7d6be969","1","1","2","2","131","36","5","100","30","5","0","2","0","0","seeing","low_force","12","0","77","34","8","0","0","0","0","0","0","0","0","0","131","0"
"378","189","iphash:7d6be969","^0ff^7'^0Gòónat¡Ç","2","user:socrates","0","2","1","2","100","100","100","0","99","0","0","0","0","0","seeing","forced_entries","80","0","0","0","20","0","0","0","0","0","0","0","0","0","100","0"
"379","190","user:socrates","socrates","1","iphash:7d6be969","1","1","2","2","259","190","25","100","66","10","0","2","0","0","seeing","low_force","61","11","51","109","27","0","0","0","0","0","0","0","0","0","259","0"
"380","190","iphash:7d6be969","^0ff^7'^0Gòónat¡Ç","2","user:socrates","0","2","1","2","127","107","100","0","99","0","0","0","1","0","seeing","forced_entries","26","0","86","0","15","0","0","0","0","0","0","0","0","0","127","0"
"381","191","bot:/botfiles/gran.jkb","Gran","0","bot:/botfiles/chiss.jkb","1","1","2","2","959","859","0","100","40","45","1","3","0","9","heal","low_force","16","0","172","315","456","3","0","0","0","0","22","42","656","236","0","0"
"382","191","bot:/botfiles/chiss.jkb","Chiss","0","bot:/botfiles/gran.jkb","0","2","1","2","2870","2870","100","-7","21","111","0","2","2","0","speed","low_force","83","58","249","2383","97","98","346","172","20","70","0","0","0","2137","20","7"
"383","192","user:socrates","socrates","1","user:void","1","1","2","2","1734","1646","6","70","0","68","0","17","4","0","seeing","low_force","12","0","677","941","104","0","0","0","0","0","0","0","0","0","1734","0"
"384","192","user:void","void","1","user:socrates","0","2","1","2","1695","1675","100","0","97","25","0","0","2","0","seeing","low_force","410","258","149","377","501","0","0","0","0","0","0","0","0","0","1695","0"
"385","193","user:socrates","socrates","1","user:void","1","1","2","2","660","589","23","13","0","37","0","7","1","0","seeing","low_force","21","0","212","425","2","0","0","0","0","0","0","0","0","0","660","0"
"386","193","user:void","void","1","user:socrates","0","2","1","2","633","553","100","-4","99","8","0","0","0","0","seeing","low_force","119","116","84","195","119","0","0","0","0","0","0","0","0","0","633","0"
"387","194","user:void","void","1","user:socrates","1","2","1","2","268","195","27","44","100","1","0","0","0","0","seeing","low_force","100","45","44","6","73","0","0","0","0","0","0","0","0","0","268","0"
"388","194","user:socrates","socrates","1","user:void","0","1","2","2","198","140","100","0","0","8","0","4","1","0","seeing","low_force","25","0","140","33","0","0","0","0","0","0","0","0","0","0","198","0"
"389","195","user:socrates","socrates","1","user:void","1","1","2","2","435","344","3","19","0","22","0","4","2","0","seeing","low_force","18","0","188","179","50","0","0","0","0","0","0","0","0","0","435","0"
"390","195","user:void","void","1","user:socrates","0","2","1","2","471","451","100","-16","70","4","0","2","1","0","seeing","low_force","55","0","156","155","105","0","0","0","0","0","0","0","0","0","471","0"
"391","196","bot:/botfiles/chiss.jkb","Chiss","0","bot:/botfiles/gran.jkb","1","2","1","2","347","347","100","53","10","0","0","3","1","0","unknown","saber_throw","0","0","289","0","58","0","207","40","100","0","0","0","0","0","0","0"
"392","196","bot:/botfiles/gran.jkb","Gran","0","bot:/botfiles/chiss.jkb","0","1","2","2","498","421","100","-39","0","47","0","0","0","2","pull","low_force","33","0","381","84","0","0","120","0","0","0","22","11","219","126","0","0"
"393","197","user:socrates","socrates","1","user:void","1","1","1","1","1860","1764","0","100","0","36","0","17","3","0","seeing","low_force","40","0","632","1145","43","0","0","0","0","0","0","0","0","0","1860","0"
"394","197","user:void","void","1","user:socrates","0","1","1","1","1370","1339","100","0","0","8","0","12","4","0","unknown","low_force","499","82","286","291","212","0","0","0","0","0","0","0","0","0","1370","0"
"395","198","bot:/botfiles/chiss.jkb","Chiss","0","bot:/botfiles/gran.jkb","1","2","1","2","68","21","53","80","100","0","0","0","0","0","grip","forced_entries","8","0","60","0","0","20","20","8","20","0","0","0","0","0","0","0"
"396","198","bot:/botfiles/gran.jkb","Gran","0","bot:/botfiles/chiss.jkb","0","1","2","2","24","24","100","-39","0","0","0","0","0","0","heal","linear_entries","24","0","0","0","0","0","0","0","0","0","0","0","24","0","0","0"
"397","199","user:void","void","1","user:socrates","1","1","1","1","6194","6169","75","100","0","83","0","37","12","0","unknown","low_force","1334","163","808","2673","1216","0","0","0","0","0","0","0","0","0","6194","0"
"398","199","user:socrates","socrates","1","user:void","0","1","1","1","7450","7450","100","0","0","158","0","60","16","0","seeing","low_force","1103","20","1066","4610","651","0","0","0","0","0","0","0","0","0","7450","0"
"399","200","user:socrates","socrates","1","user:void","1","1","1","1","2886","2794","2","84","0","69","0","18","4","0","seeing","low_force","301","5","884","1627","69","0","0","0","0","0","0","0","0","0","2886","0"
"400","200","user:void","void","1","user:socrates","0","1","1","1","2274","2274","100","-11","0","21","0","15","6","0","unknown","low_force","551","5","620","645","453","0","0","0","0","0","0","0","0","0","2274","0"
"401","201","bot:/botfiles/gran.jkb","Gran","0","bot:/botfiles/chiss.jkb","1","1","2","2","441","399","58","100","100","26","0","0","1","5","heal","low_force","22","0","99","216","104","0","61","0","0","0","67","0","213","100","0","0"
"402","201","bot:/botfiles/chiss.jkb","Chiss","0","bot:/botfiles/gran.jkb","0","2","1","2","288","288","100","-19","70","0","0","1","1","0","push","low_force","0","0","24","226","38","116","117","0","5","50","0","0","0","0","0","0"
"403","202","user:void","void","1","user:socrates","1","1","1","1","1068","990","22","73","0","10","0","11","2","0","unknown","low_force","248","20","263","267","270","0","0","0","0","0","0","0","0","0","1068","0"
"404","202","user:socrates","socrates","1","user:void","0","1","1","1","1279","1218","100","-8","0","21","0","14","2","0","seeing","low_force","177","0","375","636","91","0","0","0","0","0","0","0","0","0","1279","0"
"405","203","user:socrates","socrates","1","user:void","1","1","1","1","1902","1802","0","59","0","36","0","16","3","0","seeing","low_force","171","0","640","906","185","0","0","0","0","0","0","0","0","0","1902","0"
"406","203","user:void","void","1","user:socrates","0","1","1","1","1451","1429","100","-9","0","15","0","10","3","0","unknown","low_force","476","85","284","368","238","0","0","0","0","0","0","0","0","0","1451","0"
"407","204","bot:/botfiles/gran.jkb","Gran","0","bot:/botfiles/chiss.jkb","1","1","2","2","562","462","0","100","100","12","0","0","0","2","heal","low_force","4","0","69","286","203","0","98","0","0","0","22","0","342","100","0","0"
"408","204","bot:/botfiles/chiss.jkb","Chiss","0","bot:/botfiles/gran.jkb","0","2","1","2","123","123","100","0","58","3","0","3","1","0","drain","low_force","5","0","60","58","0","20","38","0","25","0","0","0","0","0","40","0"
"409","205","user:void","void","1","user:socrates","1","1","1","1","609","562","53","65","55","11","0","4","1","0","seeing","low_force","262","20","96","141","90","0","0","0","0","0","0","0","0","0","609","0"
"410","205","user:socrates","socrates","1","user:void","0","1","1","1","656","574","100","-26","0","9","0","9","2","0","seeing","low_force","5","0","303","235","113","0","0","0","0","0","0","0","0","0","656","0"
"411","206","user:socrates","socrates","1","user:void","1","1","1","1","866","785","19","43","0","9","0","13","1","0","seeing","low_force","40","0","285","336","205","0","0","0","0","0","0","0","0","0","866","0"
"412","206","user:void","void","1","user:socrates","0","1","1","1","476","476","100","-15","37","9","0","5","1","0","seeing","low_force","155","0","60","241","20","0","0","0","0","0","0","0","0","0","476","0"
"413","207","user:socrates","socrates","1","user:void","1","1","1","1","600","500","0","29","0","9","0","6","0","0","seeing","low_force","113","0","279","208","0","0","0","0","0","0","0","0","0","0","600","0"
"414","207","user:void","void","1","user:socrates","0","1","1","1","546","546","100","0","0","1","0","9","3","0","unknown","low_force","133","0","298","48","67","0","0","0","0","0","0","0","0","0","546","0"
"415","208","user:void","void","1","user:socrates","1","1","2","2","786","747","55","80","9","41","0","4","2","0","seeing","low_force","32","0","278","375","101","0","0","0","0","0","0","0","0","0","786","0"
"416","208","user:socrates","socrates","1","user:void","0","2","1","2","833","833","100","-12","39","15","0","4","4","0","seeing","low_force","166","34","40","322","271","0","0","0","0","0","0","0","0","0","833","0"
"417","209","user:void","void","1","user:socrates","1","1","2","2","190","151","55","90","9","6","0","4","0","0","unknown","low_force","15","0","87","79","9","0","0","0","0","0","0","0","0","0","190","0"
"418","209","user:socrates","socrates","1","user:void","0","2","1","2","311","266","100","0","70","0","0","0","1","0","seeing","low_force","95","20","111","45","40","0","0","0","0","0","0","0","0","0","311","0"
"419","210","bot:/botfiles/gran.jkb","Gran","0","bot:/botfiles/chiss.jkb","1","1","2","2","1002","922","20","100","90","102","0","0","0","6","protect","low_force","28","0","342","474","158","0","218","0","0","0","55","22","471","236","0","0"
"420","210","bot:/botfiles/chiss.jkb","Chiss","0","bot:/botfiles/gran.jkb","0","2","1","2","868","868","100","-19","8","6","0","4","0","0","drain","low_force","58","0","273","154","383","45","598","60","75","50","0","0","0","0","40","0"
"421","211","user:socrates","socrates","1","user:void","1","2","1","2","551","532","81","20","69","4","0","2","1","0","seeing","low_force","189","24","210","34","94","0","0","0","0","0","0","0","0","0","551","0"
"422","211","user:void","void","1","user:socrates","0","1","2","2","405","347","100","-36","0","10","1","5","3","0","seeing","low_force","39","0","202","163","1","0","0","0","0","0","0","0","0","0","405","0"
"423","212","iphash:eee2a3ba","padawan","2","user:socrates","1","2","2","3","390","293","0","88","37","11","1","4","0","0","seeing","low_force","116","5","40","39","190","0","0","0","0","0","0","0","0","0","390","0"
"424","212","user:socrates","socrates","1","iphash:eee2a3ba","0","2","2","3","464","382","100","-15","37","18","4","2","1","0","seeing","low_force","28","0","209","227","0","0","0","0","0","0","0","0","0","0","464","0"
"425","213","user:void","void","1","user:socrates","1","1","1","1","1116","1048","32","29","0","14","0","8","3","0","seeing","low_force","284","40","103","371","318","0","0","0","0","0","0","0","0","0","1116","0"
"426","213","user:socrates","socrates","1","user:void","0","1","1","1","1466","1430","100","-2","0","44","0","19","6","0","unknown","low_force","4","0","405","1006","51","0","0","0","0","0","0","0","0","0","1466","0"
"427","214","user:socrates","socrates","1","user:void","1","1","1","1","362","282","14","80","70","7","0","0","0","0","seeing","low_force","19","0","151","143","49","0","0","0","0","0","0","0","0","0","362","0"
"428","214","user:void","void","1","user:socrates","0","1","1","1","260","230","100","-1","0","4","0","4","2","0","unknown","low_force","48","0","0","157","55","0","0","0","0","0","0","0","0","0","260","0"
"429","215","bot:/botfiles/gran.jkb","Gran","0","bot:/botfiles/chiss.jkb","1","1","2","2","886","801","15","100","11","144","2","0","0","12","heal","low_force","11","0","212","540","123","0","232","0","0","0","88","55","455","56","0","0"
"430","215","bot:/botfiles/chiss.jkb","Chiss","0","bot:/botfiles/gran.jkb","0","2","1","2","819","819","100","0","37","11","0","3","2","0","seeing","low_force","46","20","32","195","526","19","626","117","17","0","0","0","0","0","40","0"
"431","216","user:socrates","socrates","1","user:void","1","1","1","1","251","218","67","80","39","4","0","3","0","0","seeing","low_force","60","0","111","80","0","0","0","0","0","0","0","0","0","0","251","0"
"432","216","user:void","void","1","user:socrates","0","1","1","1","207","176","100","-1","0","0","0","7","0","0","unknown","saber_throw","0","0","141","0","66","0","0","0","0","0","0","0","0","0","207","0"
"433","217","user:socrates","socrates","1","user:void","1","1","1","1","543","464","21","60","4","13","0","7","1","0","unknown","low_force","196","25","19","243","60","0","0","0","0","0","0","0","0","0","543","0"
"434","217","user:void","void","1","user:socrates","0","1","1","1","477","422","100","-15","0","2","0","5","1","0","seeing","low_force","164","0","106","207","0","0","0","0","0","0","0","0","0","0","477","0"
"435","218","bot:/botfiles/gran.jkb","Gran","0","iphash:7d6be969","1","1","1","1","1742","1673","31","100","0","75","0","12","2","2","push","low_force","317","24","423","929","49","38","40","0","0","0","0","33","1631","0","0","0"
"436","218","iphash:7d6be969","^0ff^7'^0Gòónat¡Ç","2","bot:/botfiles/gran.jkb","0","1","1","1","1968","1876","100","-8","0","32","0","2","2","0","seeing","low_force","263","77","671","641","316","0","0","0","0","0","0","0","0","0","1968","0"
"437","219","user:void","void","1","user:socrates","1","1","1","1","704","653","43","64","0","5","0","12","1","0","seeing","low_force","20","0","469","68","147","0","0","0","0","0","0","0","0","0","704","0"
"438","219","user:socrates","socrates","1","user:void","0","1","1","1","1001","960","100","0","65","16","0","2","2","0","unknown","low_force","204","0","378","400","19","0","0","0","0","0","0","0","0","0","1001","0"
"439","220","user:void","void","1","user:socrates","1","1","1","1","959","910","51","67","0","14","0","8","3","0","seeing","low_force","187","0","342","320","110","0","0","0","0","0","0","0","0","0","959","0"
"440","220","user:socrates","socrates","1","user:void","0","1","1","1","1074","1074","100","0","0","22","0","10","3","0","seeing","low_force","199","0","243","557","75","0","0","0","0","0","0","0","0","0","1074","0"
"441","221","bot:/botfiles/gran.jkb","Gran","0","bot:/botfiles/chiss.jkb","1","1","2","2","902","846","44","100","99","54","0","0","0","11","heal","low_force","40","0","187","472","203","0","61","0","0","0","42","33","340","426","0","0"
"442","221","bot:/botfiles/chiss.jkb","Chiss","0","bot:/botfiles/gran.jkb","0","2","1","2","1111","1111","100","-19","29","2","0","2","1","0","speed","low_force","73","0","119","703","216","254","524","20","180","50","0","0","0","63","20","0"
"443","222","user:socrates","socrates","1","iphash:7d6be969","1","1","1","1","755","657","2","100","0","19","0","7","2","0","seeing","low_force","87","0","220","448","0","0","0","0","0","0","0","0","0","0","755","0"
"444","222","iphash:7d6be969","^0ff^7'^0Gòónat¡Ç","2","user:socrates","0","1","1","1","552","552","100","-12","0","0","0","5","0","0","unknown","saber_throw","348","48","45","0","111","0","0","0","0","0","0","0","0","0","552","0"
"445","223","user:void","void","1","bot:/botfiles/gran.jkb","1","1","1","1","89","89","100","100","69","1","0","1","0","0","unknown","low_force","40","0","0","49","0","0","0","0","0","0","0","0","0","0","89","0"
"446","223","bot:/botfiles/gran.jkb","Gran","0","user:void","0","1","1","1","100","100","100","-7","0","6","0","0","0","2","protect","low_force","0","0","74","26","0","0","0","0","0","0","0","15","85","0","0","0"
"447","224","user:void","void","1","bot:/botfiles/gran.jkb","1","1","1","1","1200","1184","84","80","97","31","0","0","1","0","seeing","low_force","218","40","92","580","270","0","0","0","0","0","0","0","0","0","1200","0"
"448","224","bot:/botfiles/gran.jkb","Gran","0","user:void","0","1","1","1","1658","1578","100","-4","0","49","0","21","5","3","unknown","low_force","0","0","431","1003","224","75","132","0","1","0","11","22","1417","0","0","0"
"449","225","user:socrates","socrates","1","iphash:7d6be969","1","1","1","1","4759","4676","17","97","0","102","0","25","7","0","seeing","low_force","480","0","1133","2820","326","0","0","0","0","0","0","0","0","0","4759","0"
"450","225","iphash:7d6be969","^0ff^7'^0Gòónat¡Ç","2","user:socrates","0","1","1","1","4748","4748","100","-15","0","61","0","31","12","0","seeing","low_force","1223","71","707","1774","973","0","0","0","0","0","0","0","0","0","4748","0"
"451","226","user:socrates","socrates","1","iphash:7d6be969","1","1","1","1","1019","972","53","59","0","30","0","7","3","0","seeing","low_force","20","0","472","473","54","0","0","0","0","0","0","0","0","0","1019","0"
"452","226","iphash:7d6be969","^0ff^7'^0Gòónat¡Ç","2","user:socrates","0","1","1","1","849","789","100","-4","0","14","0","4","3","0","seeing","low_force","203","99","62","385","100","0","0","0","0","0","0","0","0","0","849","0"
"453","227","user:socrates","socrates","1","iphash:7d6be969","1","1","1","1","2276","2179","0","64","0","41","0","16","6","0","unknown","low_force","353","11","408","1313","191","0","0","0","0","0","0","0","0","0","2276","0"
"454","227","iphash:7d6be969","^0ff^7'^0Gòónat¡Ç","2","user:socrates","0","1","1","1","2218","2174","100","-16","0","28","0","15","3","0","seeing","low_force","449","25","516","1023","205","0","0","0","0","0","0","0","0","0","2218","0"
"455","228","user:void","void","1","bot:/botfiles/reborn.jkb","1","1","2","2","219","133","8","40","99","21","0","0","2","0","seeing","low_force","56","0","68","80","15","0","0","0","0","0","0","0","0","0","219","0"
"456","228","bot:/botfiles/reborn.jkb","Reborn_Twin","0","user:void","0","2","1","2","292","289","100","0","7","2","0","3","3","0","drain","low_force","0","0","95","25","172","0","71","0","95","0","0","0","0","126","0","0"
"457","229","bot:/botfiles/gran.jkb","Gran","0","bot:/botfiles/chiss.jkb","1","1","2","2","904","820","16","92","99","60","0","0","1","12","protect","low_force","103","11","301","414","75","2","81","0","0","0","61","22","468","270","0","0"
"458","229","bot:/botfiles/chiss.jkb","Chiss","0","bot:/botfiles/gran.jkb","0","2","1","2","930","930","100","-15","59","3","0","1","2","0","pull","low_force","20","0","535","80","295","222","431","80","25","0","0","0","0","132","40","0"
"459","230","user:socrates","socrates","1","iphash:7d6be969","1","1","1","1","1362","1287","25","34","0","34","0","9","3","0","unknown","low_force","254","0","146","826","136","0","0","0","0","0","0","0","0","0","1362","0"
"460","230","iphash:7d6be969","^0ff^7'^0Gòónat¡Ç","2","user:socrates","0","1","1","1","1475","1423","100","-12","0","32","0","18","3","0","seeing","low_force","40","0","283","1010","142","0","0","0","0","0","0","0","0","0","1475","0"
"461","231","iphash:7d6be969","^0ff^7'^0Gòónat¡Ç","2","user:void","1","1","2","2","242","171","23","80","39","4","0","5","0","0","seeing","low_force","5","0","143","94","0","0","0","0","0","0","0","0","0","0","242","0"
"462","231","user:void","void","1","iphash:7d6be969","0","2","1","2","125","94","100","-1","0","0","0","5","1","0","seeing","saber_throw","59","0","46","0","20","0","0","0","0","0","0","0","0","0","125","0"
"463","232","iphash:7d6be969","^0ff^7'^0Gòónat¡Ç","2","user:void","1","1","2","2","226","226","100","100","100","0","0","0","0","0","seeing","linear_entries","153","0","73","0","0","0","0","0","0","0","0","0","0","0","226","0"
"464","232","user:void","void","1","iphash:7d6be969","0","2","1","2","41","41","100","-20","0","0","0","2","0","0","unknown","saber_throw","0","0","41","0","0","0","0","0","0","0","0","0","0","0","41","0"
"465","233","iphash:7d6be969","^0ff^7'^0Gòónat¡Ç","2","user:void","1","1","2","2","881","804","23","53","0","27","0","9","2","0","seeing","low_force","222","12","168","283","196","0","0","0","0","0","0","0","0","0","881","0"
"466","233","user:void","void","1","iphash:7d6be969","0","2","1","2","652","571","100","-29","0","6","0","13","2","0","seeing","low_force","34","0","298","235","85","0","0","0","0","0","0","0","0","0","652","0"
"467","234","user:void","void","1","iphash:7d6be969","1","2","1","2","527","461","34","60","10","4","0","3","1","0","seeing","low_force","180","45","86","51","165","0","0","0","0","0","0","0","0","0","527","0"
"468","234","iphash:7d6be969","^0ff^7'^0Gòónat¡Ç","2","user:void","0","1","2","2","561","493","100","-6","0","23","0","8","1","0","seeing","low_force","84","0","199","210","68","0","0","0","0","0","0","0","0","0","561","0"
"469","235","iphash:7d6be969","^0ff^7'^0Gòónat¡Ç","2","user:void","1","1","2","2","186","150","58","60","0","1","0","5","0","0","seeing","low_force","86","0","40","20","40","0","0","0","0","0","0","0","0","0","186","0"
"470","235","user:void","void","1","iphash:7d6be969","0","2","1","2","225","131","100","0","0","5","0","5","0","0","unknown","low_force","40","0","79","86","20","0","0","0","0","0","0","0","0","0","225","0"
"471","236","iphash:7d6be969","^0ff^7'^0Gòónat¡Ç","2","user:void","1","1","2","2","657","617","60","93","0","26","1","4","0","0","seeing","low_force","74","0","133","340","110","0","0","0","0","0","0","0","0","0","657","0"
"472","236","user:void","void","1","iphash:7d6be969","0","2","1","2","533","512","100","-11","0","7","0","8","2","0","unknown","low_force","20","0","156","162","195","0","0","0","0","0","0","0","0","0","533","0"
"473","237","user:void","void","1","iphash:7d6be969","1","2","1","2","1204","1158","54","7","0","27","0","8","3","0","unknown","low_force","129","50","243","485","297","0","0","0","0","0","0","0","0","0","1204","0"
"474","237","iphash:7d6be969","^0ff^7'^0Gòónat¡Ç","2","user:void","0","1","2","2","1281","1242","100","-1","0","56","0","11","3","0","seeing","low_force","35","17","312","661","256","0","0","0","0","0","0","0","0","0","1281","0"
"475","238","iphash:7d6be969","^0ff^7'^0Gòónat¡Ç","2","user:void","1","1","2","2","4049","3963","14","100","0","137","0","19","10","0","seeing","low_force","627","40","706","2084","592","0","0","0","0","0","0","0","0","0","4049","0"
"476","238","user:void","void","1","iphash:7d6be969","0","2","1","2","3262","3262","100","-26","0","82","0","17","6","0","unknown","low_force","632","95","544","1207","784","0","0","0","0","0","0","0","0","0","3262","0"
"477","239","iphash:7d6be969","^0ff^7'^0Gòónat¡Ç","2","user:void","1","1","2","2","944","944","100","100","9","27","1","3","2","0","seeing","low_force","161","24","373","382","4","0","0","0","0","0","0","0","0","0","944","0"
"478","239","user:void","void","1","iphash:7d6be969","0","2","1","2","782","708","100","-4","0","7","0","10","1","0","seeing","low_force","64","0","385","53","280","0","0","0","0","0","0","0","0","0","782","0"
"479","240","user:void","void","1","iphash:7d6be969","1","1","1","1","701","649","48","100","6","4","0","5","2","0","seeing","low_force","252","13","164","108","164","0","0","0","0","0","0","0","0","0","701","0"
"480","240","iphash:7d6be969","^0ff^7'^0Gòónat¡Ç","2","user:void","0","1","1","1","825","766","100","-27","0","15","0","10","2","0","seeing","low_force","117","0","381","263","64","0","0","0","0","0","0","0","0","0","825","0"
"481","241","user:void","void","1","iphash:7d6be969","1","1","1","1","1428","1352","24","50","0","12","0","13","3","0","seeing","low_force","149","11","706","363","199","0","0","0","0","0","0","0","0","0","1428","0"
"482","241","iphash:7d6be969","^0ff^7'^0Gòónat¡Ç","2","user:void","0","1","1","1","1488","1488","100","-10","0","24","0","10","3","0","seeing","low_force","411","25","434","546","72","0","0","0","0","0","0","0","0","0","1488","0"
"483","242","iphash:7d6be969","^0ff^7'^0Gòónat¡Ç","2","user:void","1","1","1","1","3286","3189","3","88","0","59","0","23","8","0","seeing","low_force","590","40","483","1882","291","0","0","0","0","0","0","0","0","0","3286","0"
"484","242","user:void","void","1","iphash:7d6be969","0","1","1","1","2545","2458","100","0","0","32","0","22","0","0","seeing","low_force","585","80","697","806","377","0","0","0","0","0","0","0","0","0","2545","0"
"485","243","user:void","void","1","iphash:7d6be969","1","1","1","1","558","512","54","20","0","5","0","6","0","0","seeing","low_force","77","0","309","150","22","0","0","0","0","0","0","0","0","0","558","0"
"486","243","iphash:7d6be969","^0ff^7'^0Gòónat¡Ç","2","user:void","0","1","1","1","754","670","100","-10","0","12","0","12","1","0","seeing","low_force","103","0","198","453","0","0","0","0","0","0","0","0","0","0","754","0"
"487","244","iphash:7d6be969","^0ff^7'^0Gòónat¡Ç","2","user:void","1","1","1","1","842","751","9","70","0","13","0","11","1","0","seeing","low_force","134","0","40","432","236","0","0","0","0","0","0","0","0","0","842","0"
"488","244","user:void","void","1","iphash:7d6be969","0","1","1","1","564","465","100","-22","0","23","0","7","1","0","unknown","low_force","46","0","122","263","133","0","0","0","0","0","0","0","0","0","564","0"
"489","245","user:void","void","1","iphash:7d6be969","1","1","1","1","185","167","82","72","0","11","0","4","0","0","seeing","low_force","53","40","20","50","22","0","0","0","0","0","0","0","0","0","185","0"
"490","245","iphash:7d6be969","^0ff^7'^0Gòónat¡Ç","2","user:void","0","1","1","1","323","323","100","-6","0","7","0","2","0","0","seeing","low_force","15","0","107","141","60","0","0","0","0","0","0","0","0","0","323","0"
"491","246","iphash:7d6be969","^0ff^7'^0Gòónat¡Ç","2","user:void","1","1","1","1","1178","1082","4","100","0","20","0","7","3","0","seeing","low_force","275","31","155","487","230","0","0","0","0","0","0","0","0","0","1178","0"
"492","246","user:void","void","1","iphash:7d6be969","0","1","1","1","856","791","100","-13","0","18","0","8","2","0","seeing","low_force","121","5","300","335","95","0","0","0","0","0","0","0","0","0","856","0"
"493","247","iphash:7d6be969","^0Gòón^2.^6µ^0ps","2","user:void","1","2","2","3","793","733","40","20","0","17","1","3","1","0","seeing","low_force","288","15","152","216","122","0","0","0","0","0","0","0","0","0","793","0"
"494","247","user:void","void","1","iphash:7d6be969","0","2","2","3","733","645","100","-10","0","27","0","5","1","0","seeing","low_force","241","0","165","190","137","0","0","0","0","0","0","0","0","0","733","0"
"495","248","user:void","void","1","iphash:7d6be969","1","2","2","3","1287","1231","44","100","0","54","1","5","2","0","seeing","low_force","402","10","292","428","155","0","0","0","0","0","0","0","0","0","1287","0"
"496","248","iphash:7d6be969","^0Gòón^2.^6µ^0ps","2","user:void","0","2","2","3","1284","1284","100","-22","0","18","0","7","1","0","seeing","low_force","420","44","229","233","358","0","0","0","0","0","0","0","0","0","1284","0"
"497","249","iphash:7d6be969","^0Gòón^2.^6µ^0ps","2","user:void","1","2","2","3","825","735","4","77","0","17","1","8","3","0","seeing","low_force","46","0","173","204","402","0","0","0","0","0","0","0","0","0","825","0"
"498","249","user:void","void","1","iphash:7d6be969","0","2","2","3","855","757","100","-4","0","46","1","4","2","0","seeing","low_force","180","0","218","417","40","0","0","0","0","0","0","0","0","0","855","0"
"499","250","iphash:7d6be969","^0Gòón^2.^6µ^0ps","2","user:void","1","2","2","3","384","328","44","70","0","0","1","7","0","0","seeing","saber_throw","83","0","142","0","159","0","0","0","0","0","0","0","0","0","384","0"
"500","250","user:void","void","1","iphash:7d6be969","0","2","2","3","385","385","100","-4","0","17","0","4","0","0","seeing","low_force","76","0","148","161","0","0","0","0","0","0","0","0","0","0","385","0"
"501","251","iphash:7d6be969","^0Gòón^2.^6µ^0ps","2","user:void","1","2","2","3","82","82","100","100","98","0","0","0","0","0","seeing","linear_entries","80","0","2","0","0","0","0","0","0","0","0","0","0","0","82","0"
"502","251","user:void","void","1","iphash:7d6be969","0","2","2","3","202","202","100","-39","0","0","0","0","0","0","seeing","linear_entries","0","0","202","0","0","0","0","0","0","0","0","0","0","0","202","0"
"503","252","user:void","void","1","user:goon","1","2","2","3","733","690","57","100","9","22","0","4","1","0","seeing","low_force","237","45","99","173","179","0","0","0","0","0","0","0","0","0","733","0"
"504","252","user:goon","goon","1","user:void","0","2","2","3","658","658","100","-3","0","27","1","4","3","0","seeing","low_force","28","0","362","233","35","0","0","0","0","0","0","0","0","0","658","0"
"505","253","user:void","void","1","user:goon","1","2","2","3","810","710","0","80","0","33","1","6","1","0","seeing","low_force","212","15","220","319","44","0","0","0","0","0","0","0","0","0","810","0"
"506","253","user:goon","goon","1","user:void","0","2","2","3","805","800","100","0","0","13","0","6","2","0","seeing","low_force","216","0","216","137","236","0","0","0","0","0","0","0","0","0","805","0"
"507","254","user:void","void","1","user:goon","1","2","2","3","2256","2212","52","88","0","67","1","5","3","0","seeing","low_force","563","45","926","592","130","0","0","0","0","0","0","0","0","0","2256","0"
"508","254","user:goon","goon","1","user:void","0","2","2","3","2470","2460","100","-4","0","40","0","16","1","0","seeing","low_force","836","45","676","455","458","0","0","0","0","0","0","0","0","0","2470","0"
"509","255","user:void","void","1","user:goon","1","2","2","3","977","898","21","100","66","78","1","5","2","0","unknown","low_force","212","38","73","480","174","0","0","0","0","0","0","0","0","0","977","0"
"510","255","user:goon","goon","1","user:void","0","2","2","3","1024","1024","100","-5","0","36","1","3","5","0","seeing","low_force","20","0","341","233","430","0","0","0","0","0","0","0","0","0","1024","0"
"511","256","user:void","void","1","user:goon","1","2","2","3","732","643","11","100","32","5","0","3","0","0","unknown","low_force","151","20","381","60","120","0","0","0","0","0","0","0","0","0","732","0"
"512","256","user:goon","goon","1","user:void","0","2","2","3","491","491","100","-18","0","13","0","5","1","0","seeing","low_force","125","20","260","86","0","0","0","0","0","0","0","0","0","0","491","0"
"513","257","bot:/botfiles/tavion.jkb","Rodian","0","user:void","1","2","2","3","268","209","41","100","39","1","0","0","0","0","speed","low_force","29","0","219","20","0","20","164","59","0","0","0","0","0","25","0","0"
"514","257","user:void","void","1","bot:/botfiles/tavion.jkb","0","2","2","3","45","45","100","0","8","0","1","5","2","0","seeing","saber_throw","10","0","35","0","0","0","0","0","0","0","0","0","0","0","45","0"
"515","258","bot:/botfiles/desann.jkb","Desann^7[0]","0","bot:/botfiles/desann.jkb","1","2","2","3","607","512","5","52","98","23","0","0","1","0","grip","low_force","68","45","141","212","141","0","295","125","187","0","0","0","0","0","0","0"
"516","258","bot:/botfiles/desann.jkb","Desann","0","bot:/botfiles/desann.jkb","0","2","2","3","465","465","100","-8","37","42","1","1","0","0","drain","low_force","0","0","146","284","35","0","223","8","234","0","0","0","0","0","0","0"
"517","259","bot:/botfiles/tavion.jkb","Rodian","0","user:void","1","2","2","3","510","459","49","64","36","22","1","4","0","0","speed","low_force","77","0","132","156","145","0","276","102","116","0","0","0","0","16","0","0"
"518","259","user:void","void","1","bot:/botfiles/tavion.jkb","0","2","2","3","374","374","100","0","96","22","1","1","1","0","seeing","low_force","80","0","79","186","29","0","0","0","0","0","0","0","0","0","374","0"
"519","260","bot:/botfiles/tavion.jkb","Rodian","0","user:void","1","2","2","3","628","528","0","80","0","36","0","6","1","0","unknown","low_force","0","0","106","274","248","0","357","0","271","0","0","0","0","0","0","0"
"520","260","user:void","void","1","bot:/botfiles/tavion.jkb","0","2","2","3","500","500","100","-4","70","47","0","1","1","0","seeing","low_force","17","15","74","290","104","0","0","0","0","0","0","0","0","0","500","0"
"521","261","user:void","void","1","bot:/botfiles/tavion.jkb","1","2","2","3","681","597","10","68","69","34","0","1","5","0","seeing","low_force","180","0","24","328","149","0","0","0","0","0","0","0","0","0","681","0"
"522","261","bot:/botfiles/tavion.jkb","Rodian","0","user:void","0","2","2","3","687","607","100","-1","0","57","0","5","1","0","speed","low_force","24","0","210","400","53","43","355","36","229","0","0","0","0","24","0","0"
"523","262","user:void","void","1","bot:/botfiles/tavion.jkb","1","2","2","3","848","777","29","100","99","53","0","0","2","0","seeing","low_force","63","35","93","465","192","0","0","0","0","0","0","0","0","0","848","0"
"524","262","bot:/botfiles/tavion.jkb","Rodian","0","user:void","0","2","2","3","781","781","100","-4","0","57","0","1","2","0","drain","low_force","0","0","168","474","139","95","355","9","322","0","0","0","0","0","0","0"
"525","263","user:void","void","1","bot:/botfiles/tavion.jkb","1","2","2","3","394","323","29","60","98","20","0","0","0","0","seeing","low_force","76","0","186","98","34","0","0","0","0","0","0","0","0","0","394","0"
"526","263","bot:/botfiles/tavion.jkb","Rodian","0","user:void","0","2","2","3","372","355","100","-3","0","12","0","7","3","0","unknown","low_force","0","0","185","104","83","76","74","0","222","0","0","0","0","0","0","0"
"527","264","bot:/botfiles/tavion.jkb","Rodian","0","iphash:fa31973a","1","2","2","3","0","0","100","100","100","0","0","0","0","0","","linear_entries","0","0","0","0","0","0","0","0","0","0","0","0","0","0","0","0"
"528","264","iphash:fa31973a","Padawan","2","bot:/botfiles/tavion.jkb","0","2","2","3","0","0","100","0","100","0","0","0","0","0","","linear_entries","0","0","0","0","0","0","0","0","0","0","0","0","0","0","0","0"
"529","265","bot:/botfiles/tavion.jkb","Rodian","0","iphash:fa31973a","1","2","2","3","25","5","80","100","99","0","0","0","0","0","speed","linear_entries","5","0","20","0","0","0","0","0","0","0","0","0","0","25","0","0"
"530","265","iphash:fa31973a","Padawan","2","bot:/botfiles/tavion.jkb","0","2","2","3","0","0","100","0","100","0","0","0","1","0","","linear_entries","0","0","0","0","0","0","0","0","0","0","0","0","0","0","0","0"
"531","266","bot:/botfiles/desann.jkb","Desann^7[0]","0","bot:/botfiles/desann.jkb","1","2","2","3","745","745","100","100","70","35","2","1","0","0","pull","low_force","189","50","141","212","153","57","314","0","374","0","0","0","0","0","0","0"
"532","266","bot:/botfiles/desann.jkb","Desann","0","bot:/botfiles/desann.jkb","0","2","2","3","934","934","100","-39","0","39","0","1","1","0","drain","low_force","74","0","439","278","143","27","406","88","326","0","0","0","0","87","0","0"
"533","267","bot:/botfiles/tavion.jkb","Rodian","0","iphash:fa31973a","1","2","2","3","788","737","49","98","39","39","3","1","0","0","pull","low_force","81","0","142","413","152","60","334","92","302","0","0","0","0","0","0","0"
"534","267","iphash:fa31973a","Padawan","2","bot:/botfiles/tavion.jkb","0","2","2","3","683","683","100","-4","7","32","1","4","3","0","seeing","low_force","89","0","84","279","231","0","0","0","0","0","0","0","0","0","683","0"
"535","268","bot:/botfiles/desann.jkb","Desann","0","bot:/botfiles/desann.jkb","1","2","2","3","237","222","85","100","100","6","0","0","0","0","speed","low_force","46","0","23","32","136","0","138","91","0","0","0","0","0","8","0","0"
"536","268","bot:/botfiles/desann.jkb","Desann^7[0]","0","bot:/botfiles/desann.jkb","0","2","2","3","159","159","100","-19","99","3","1","2","2","0","push","low_force","0","0","59","100","0","59","20","0","30","50","0","0","0","0","0","0"
"537","269","bot:/botfiles/tavion.jkb","Rodian","0","user:void","1","2","2","3","334","278","44","88","0","1","0","1","1","0","speed","low_force","0","0","252","5","77","19","97","55","139","0","0","0","0","24","0","0"
"538","269","user:void","void","1","bot:/botfiles/tavion.jkb","0","2","2","3","240","240","100","-6","67","1","2","2","1","0","unknown","low_force","112","16","40","68","4","0","0","0","0","0","0","0","0","0","240","0"
"539","270","bot:/botfiles/desann.jkb","Desann","0","bot:/botfiles/desann.jkb","1","2","2","3","1926","1871","45","88","95","47","2","3","2","0","pull","low_force","517","108","81","428","792","74","947","20","814","0","0","0","0","71","0","0"
"540","270","bot:/botfiles/desann.jkb","Desann^7[0]","0","bot:/botfiles/desann.jkb","0","2","2","3","1675","1675","100","-4","16","82","0","2","0","0","grip","low_force","72","0","700","802","101","46","925","206","427","0","0","0","0","71","0","0"
"541","271","bot:/botfiles/desann.jkb","Desann","0","bot:/botfiles/desann.jkb","1","2","2","3","2197","2166","69","100","68","104","1","3","1","0","drain","low_force","531","101","307","887","371","39","1148","177","827","0","0","0","0","0","0","6"
"542","271","bot:/botfiles/desann.jkb","Desann^7[0]","0","bot:/botfiles/desann.jkb","0","2","2","3","2117","2117","100","-16","0","100","1","7","3","0","push","low_force","147","0","646","1049","275","202","925","109","795","86","0","0","0","0","0","0"
"543","272","bot:/botfiles/desann.jkb","Desann","0","bot:/botfiles/desann.jkb","1","2","2","3","1113","1113","100","29","96","54","0","1","0","0","grip","low_force","157","41","207","503","205","40","660","40","325","0","0","0","0","0","0","48"
"544","272","bot:/botfiles/desann.jkb","Desann^7[0]","0","bot:/botfiles/desann.jkb","0","2","2","3","1083","1083","100","0","0","60","0","3","1","0","drain","low_force","0","0","327","645","111","46","547","60","385","17","0","0","0","0","0","28"
"545","273","bot:/botfiles/desann.jkb","Desann^7[0]","0","bot:/botfiles/desann.jkb","1","2","2","3","1031","1003","52","94","46","32","1","1","3","0","push","low_force","299","0","297","256","179","57","317","89","462","0","0","0","0","68","0","38"
"546","273","bot:/botfiles/desann.jkb","Desann","0","bot:/botfiles/desann.jkb","0","2","2","3","997","986","100","0","57","38","0","1","1","0","unknown","low_force","249","8","388","249","103","80","527","97","142","0","0","0","0","0","0","151"
"547","274","bot:/botfiles/galak.jkb","galak","0","iphash:fa31973a","1","2","2","3","168","89","21","100","67","5","0","0","1","0","pull","low_force","24","0","139","5","0","25","59","84","0","0","0","0","0","0","0","0"
"548","274","iphash:fa31973a","^0-=^3'/^7o^3!^0d^0=-^6","2","bot:/botfiles/galak.jkb","0","2","2","3","0","0","100","-6","70","0","1","2","1","0","unknown","saber_throw","0","0","0","0","0","0","0","0","0","0","0","0","0","0","0","0"
"549","275","bot:/botfiles/desann.jkb","Desann","0","iphash:fa31973a","1","2","2","3","120","53","33","100","100","0","0","0","0","0","unknown","linear_entries","0","0","120","0","0","60","40","0","0","0","0","0","0","0","0","20"
"550","275","iphash:fa31973a","^0-=^3'/^7o^3!^0d^0=-^6","2","bot:/botfiles/desann.jkb","0","2","2","3","0","0","100","0","100","0","0","0","0","0","","linear_entries","0","0","0","0","0","0","0","0","0","0","0","0","0","0","0","0"
"551","276","bot:/botfiles/bespin_cop.jkb","BespinCop","0","iphash:fa31973a","1","1","2","2","134","78","44","100","100","0","0","0","0","0","heal","linear_entries","14","0","120","0","0","0","60","0","0","0","0","0","74","0","0","0"
"552","276","iphash:fa31973a","^0-=^3'/^7o^3!^0d^0=-^6","2","bot:/botfiles/bespin_cop.jkb","0","2","1","2","0","0","100","0","100","0","0","0","0","0","","forced_entries","0","0","0","0","0","0","0","0","0","0","0","0","0","0","0","0"
"553","277","bot:/botfiles/trandoshan.jkb","Trandoshan","0","iphash:fa31973a","1","2","2","3","449","416","67","100","100","0","0","0","0","0","grip","linear_entries","10","0","358","0","81","60","125","264","0","0","0","0","0","0","0","0"
"554","277","iphash:fa31973a","^0-=^3'/^7o^3!^0d^0=-^6","2","bot:/botfiles/trandoshan.jkb","0","2","2","3","0","0","100","-8","70","0","3","2","0","0","unknown","grip_control","0","0","0","0","0","0","0","0","0","0","0","0","0","0","0","0"
"555","278","bot:/botfiles/bespin_cop.jkb","BespinCop","0","iphash:fa31973a","1","1","2","2","4","4","100","100","100","0","0","0","0","0","heal","linear_entries","4","0","0","0","0","0","0","0","0","0","0","0","4","0","0","0"
"556","278","iphash:fa31973a","^0-=^3'/^7o^3!^0d^0=-^6","2","bot:/botfiles/bespin_cop.jkb","0","2","1","2","0","0","100","0","100","0","0","0","0","0","","forced_entries","0","0","0","0","0","0","0","0","0","0","0","0","0","0","0","0"
"557","279","iphash:fa31973a","^0-=^3'/^7o^3!^0d^0=-^6","2","bot:/botfiles/desann.jkb","1","2","2","3","187","182","95","78","100","2","1","0","0","0","seeing","low_force","43","0","118","26","0","0","0","0","0","0","0","0","0","0","187","0"
"558","279","bot:/botfiles/desann.jkb","Desann","0","iphash:fa31973a","0","2","2","3","144","144","100","-1","0","1","0","4","1","0","unknown","low_force","0","0","104","20","20","19","20","39","66","0","0","0","0","0","0","0"
"559","280","bot:/botfiles/desann.jkb","Desann","0","iphash:fa31973a","1","2","2","3","823","725","2","100","0","39","0","0","3","0","grip","low_force","95","0","479","172","77","157","202","208","256","0","0","0","0","0","0","0"
"560","280","iphash:fa31973a","^0-=^3'/^7o^3!^0d^0=-^6","2","bot:/botfiles/desann.jkb","0","2","2","3","479","479","100","-6","65","4","2","2","3","0","seeing","low_force","254","23","55","70","77","0","0","0","0","0","0","0","0","0","479","0"
"561","281","bot:/botfiles/desann.jkb","Desann","0","iphash:fa31973a","1","2","2","3","574","518","44","40","0","13","0","4","1","0","pull","low_force","0","0","376","193","5","38","248","63","225","0","0","0","0","0","0","0"
"562","281","iphash:fa31973a","^0-=^3'/^7o^3!^0d^0=-^6","2","bot:/botfiles/desann.jkb","0","2","2","3","299","249","100","0","69","7","1","1","2","0","seeing","low_force","90","82","24","50","53","0","0","0","0","0","0","0","0","0","299","0"
"563","282","bot:/botfiles/desann.jkb","Desann","0","iphash:fa31973a","1","2","2","3","65","65","100","100","100","0","0","0","0","0","grip","linear_entries","5","0","60","0","0","20","20","25","0","0","0","0","0","0","0","0"
"564","282","iphash:fa31973a","^0-=^3'/^7o^3!^0d^0=-^6","2","bot:/botfiles/desann.jkb","0","2","2","3","0","0","100","0","69","0","0","1","0","0","unknown","linear_entries","0","0","0","0","0","0","0","0","0","0","0","0","0","0","0","0"
"565","283","bot:/botfiles/trandoshan.jkb","Trandoshan","0","iphash:fa31973a","1","2","2","3","401","348","47","100","68","11","0","0","0","0","pull","low_force","38","0","221","66","76","0","44","357","0","0","0","0","0","0","0","0"
"566","283","iphash:fa31973a","^0-=^3'/^7o^3!^0d^0=-^6","2","bot:/botfiles/trandoshan.jkb","0","2","2","3","40","40","100","-19","95","0","4","0","1","0","seeing","grip_control","0","0","40","0","0","0","0","0","0","0","0","0","0","0","40","0"
"567","284","bot:/botfiles/desann.jkb","Desann","0","iphash:fa31973a","1","2","2","3","0","0","100","100","100","0","0","0","0","0","","linear_entries","0","0","0","0","0","0","0","0","0","0","0","0","0","0","0","0"
"568","284","iphash:fa31973a","^0-=^3'/^7o^3!^0d^0=-^6","2","bot:/botfiles/desann.jkb","0","2","2","3","0","0","100","0","100","0","0","0","0","0","","linear_entries","0","0","0","0","0","0","0","0","0","0","0","0","0","0","0","0"
"569","285","iphash:fa31973a","^0-=^3'/^7o^3!^0d^0=-^6","2","bot:/botfiles/trandoshan.jkb","1","2","2","3","146","106","60","100","100","0","0","0","0","0","seeing","linear_entries","0","0","97","0","49","0","0","0","0","0","0","0","0","0","146","0"
"570","285","bot:/botfiles/trandoshan.jkb","Trandoshan","0","iphash:fa31973a","0","2","2","3","38","38","100","-10","98","0","2","0","0","0","push","grip_control","19","0","0","19","0","38","0","0","0","0","0","0","0","0","0","0"
"571","286","iphash:fa31973a","^0-=^3'/^7o^3!^0d^0=-^6","2","bot:/botfiles/trandoshan.jkb","1","2","2","3","340","240","0","60","70","11","0","1","0","0","unknown","low_force","158","29","20","124","9","0","0","0","0","0","0","0","0","0","340","0"
"572","286","bot:/botfiles/trandoshan.jkb","Trandoshan","0","iphash:fa31973a","0","2","2","3","374","348","100","-2","0","9","0","7","1","0","pull","low_force","0","0","204","142","28","19","215","0","140","0","0","0","0","0","0","0"
"573","287","bot:/botfiles/trandoshan.jkb","Trandoshan","0","iphash:fa31973a","1","2","2","3","79","69","90","60","70","0","0","2","0","0","unknown","saber_throw","0","0","79","0","0","19","40","0","20","0","0","0","0","0","0","0"
"574","287","iphash:fa31973a","^0-=^3'/^7o^3!^0d^0=-^6","2","bot:/botfiles/trandoshan.jkb","0","2","2","3","70","70","100","0","70","0","0","1","0","0","seeing","linear_entries","24","0","46","0","0","0","0","0","0","0","0","0","0","0","70","0"
"575","288","bot:/botfiles/desann.jkb","Desann","0","iphash:fa31973a","1","2","2","3","0","0","100","100","100","0","0","0","0","0","","linear_entries","0","0","0","0","0","0","0","0","0","0","0","0","0","0","0","0"
"576","288","iphash:fa31973a","^0-=^3'/^7o^3!^0d^0=-^6","2","bot:/botfiles/desann.jkb","0","2","2","3","0","0","100","0","100","0","0","0","0","0","","linear_entries","0","0","0","0","0","0","0","0","0","0","0","0","0","0","0","0"
"577","289","bot:/botfiles/desann.jkb","Desann","0","iphash:fa31973a","1","2","2","3","0","0","100","100","100","0","0","0","0","0","","linear_entries","0","0","0","0","0","0","0","0","0","0","0","0","0","0","0","0"
"578","289","iphash:fa31973a","^0-=^3'/^7o^3!^0d^0=-^6","2","bot:/botfiles/desann.jkb","0","2","2","3","0","0","100","0","100","0","0","0","0","0","","linear_entries","0","0","0","0","0","0","0","0","0","0","0","0","0","0","0","0"
"579","290","bot:/botfiles/desann.jkb","Desann","0","iphash:fa31973a","1","2","2","3","0","0","100","100","100","0","0","0","0","0","","linear_entries","0","0","0","0","0","0","0","0","0","0","0","0","0","0","0","0"
"580","290","iphash:fa31973a","^0-=^3'/^7o^3!^0d^0=-^6","2","bot:/botfiles/desann.jkb","0","2","2","3","0","0","100","0","100","0","0","0","0","0","","linear_entries","0","0","0","0","0","0","0","0","0","0","0","0","0","0","0","0"
"581","291","iphash:fa31973a","^0-=^3'/^7o^3!^0d^0=-^6","2","bot:/botfiles/desann.jkb","1","2","2","3","689","643","48","26","99","38","1","1","1","0","seeing","low_force","194","0","47","331","117","0","0","0","0","0","0","0","0","0","689","0"
"582","291","bot:/botfiles/desann.jkb","Desann","0","iphash:fa31973a","0","2","2","3","675","675","100","-14","0","25","0","13","1","0","grip","low_force","29","0","213","262","171","19","269","87","229","0","0","0","0","71","0","0"
"583","292","bot:/botfiles/desann.jkb","Desann","0","iphash:fa31973a","1","2","2","3","0","0","100","100","100","0","0","0","0","0","","linear_entries","0","0","0","0","0","0","0","0","0","0","0","0","0","0","0","0"
"584","292","iphash:fa31973a","^0-=^3'/^7o^3!^0d^0=-^6","2","bot:/botfiles/desann.jkb","0","2","2","3","0","0","100","0","100","0","0","0","0","0","","linear_entries","0","0","0","0","0","0","0","0","0","0","0","0","0","0","0","0"
"585","293","bot:/botfiles/desann.jkb","Desann","0","iphash:fa31973a","1","2","2","3","0","0","100","100","100","0","0","0","0","0","","linear_entries","0","0","0","0","0","0","0","0","0","0","0","0","0","0","0","0"
"586","293","iphash:fa31973a","^0-=^3'/^7o^3!^0d^0=-^6","2","bot:/botfiles/desann.jkb","0","2","2","3","0","0","100","0","100","0","0","0","0","0","","linear_entries","0","0","0","0","0","0","0","0","0","0","0","0","0","0","0","0"
"587","294","bot:/botfiles/desann.jkb","Desann","0","user:void","1","2","2","3","53","53","100","100","100","0","0","0","0","0","speed","linear_entries","9","0","44","0","0","0","24","4","0","0","0","0","0","25","0","0"
"588","294","user:void","void","1","bot:/botfiles/desann.jkb","0","2","2","3","0","0","100","0","100","0","0","0","1","0","","linear_entries","0","0","0","0","0","0","0","0","0","0","0","0","0","0","0","0"
"589","295","user:void","void","1","bot:/botfiles/desann.jkb","1","2","2","3","256","202","40","70","70","15","1","2","2","0","seeing","low_force","15","0","91","25","125","0","0","0","0","0","0","0","0","0","256","0"
"590","295","bot:/botfiles/desann.jkb","Desann","0","user:void","0","2","2","3","321","321","100","-8","69","21","1","0","1","0","speed","low_force","45","0","174","83","19","19","159","118","0","0","0","0","0","25","0","0"
"591","296","user:void","void","1","bot:/botfiles/desann.jkb","1","2","2","3","0","0","100","100","99","0","0","1","0","0","unknown","linear_entries","0","0","0","0","0","0","0","0","0","0","0","0","0","0","0","0"
"592","296","bot:/botfiles/desann.jkb","Desann","0","user:void","0","2","2","3","140","140","100","100","100","0","0","0","0","0","drain","linear_entries","0","0","140","0","0","0","120","0","20","0","0","0","0","0","0","0"
"593","297","bot:/botfiles/imperial.jkb","Imperial","0","user:void","1","2","2","3","45","9","64","100","100","0","0","0","0","0","speed","linear_entries","5","0","40","0","0","0","20","0","0","0","0","0","0","25","0","0"
"594","297","user:void","void","1","bot:/botfiles/imperial.jkb","0","2","2","3","0","0","100","0","100","0","0","0","0","0","","linear_entries","0","0","0","0","0","0","0","0","0","0","0","0","0","0","0","0"
"595","298","bot:/botfiles/desann.jkb","Desann^7[0]","0","user:void","1","2","2","3","166","107","41","100","98","0","0","0","1","0","drain","linear_entries","41","0","108","0","17","0","41","84","41","0","0","0","0","0","0","0"
"596","298","user:void","void","1","bot:/botfiles/desann.jkb","0","2","2","3","33","33","100","-26","97","0","1","0","2","0","seeing","knockdown","33","0","0","0","0","0","0","0","0","0","0","0","0","0","33","0"
"597","299","user:void","void","1","bot:/botfiles/desann.jkb","1","2","2","3","1090","1020","24","100","97","45","0","1","1","0","seeing","low_force","174","153","105","381","277","0","0","0","0","0","0","0","0","0","1090","0"
"598","299","bot:/botfiles/desann.jkb","Desann^7[0]","0","user:void","0","2","2","3","1246","1153","100","-2","0","88","0","8","4","0","unknown","low_force","0","0","445","655","146","112","605","61","468","0","0","0","0","0","0","0"
"599","300","bot:/botfiles/desann.jkb","Desann^7[0]","0","user:void","1","2","2","3","220","197","77","100","70","0","0","0","0","0","pull","linear_entries","0","0","220","0","0","0","220","0","0","0","0","0","0","0","0","0"
"600","300","user:void","void","1","bot:/botfiles/desann.jkb","0","2","2","3","0","0","100","0","0","0","0","4","0","0","unknown","saber_throw","0","0","0","0","0","0","0","0","0","0","0","0","0","0","0","0"
"601","301","bot:/botfiles/imperial.jkb","Imperial","0","iphash:fa31973a","1","2","2","3","107","89","82","100","69","0","0","0","0","0","drain","linear_entries","34","0","44","0","29","0","43","34","30","0","0","0","0","0","0","0"
"602","301","iphash:fa31973a","Padawan","2","bot:/botfiles/imperial.jkb","0","2","2","3","30","30","100","0","70","0","0","1","1","0","seeing","linear_entries","30","0","0","0","0","0","0","0","0","0","0","0","0","0","30","0"
"603","302","iphash:fa31973a","Padawan","2","bot:/botfiles/desann.jkb","1","2","2","3","385","286","1","72","69","33","0","1","0","0","unknown","low_force","0","0","87","148","150","0","0","0","0","0","0","0","0","0","385","0"
"604","302","bot:/botfiles/desann.jkb","Desann","0","iphash:fa31973a","0","2","2","3","379","379","100","0","0","7","2","5","0","0","speed","low_force","10","0","179","45","145","40","163","5","50","0","0","0","0","121","0","0"
"605","303","bot:/botfiles/desann.jkb","Desann","0","iphash:fa31973a","1","2","2","3","774","694","20","68","0","17","0","6","2","0","pull","low_force","0","0","393","210","171","42","358","0","374","0","0","0","0","0","0","0"
"606","303","iphash:fa31973a","Padawan","2","bot:/botfiles/desann.jkb","0","2","2","3","393","393","100","0","37","15","0","3","2","0","seeing","low_force","104","74","42","110","63","0","0","0","0","0","0","0","0","0","393","0"
"607","304","bot:/botfiles/reborn.jkb","New_Reborn","0","iphash:fa31973a","1","2","2","3","365","304","39","100","62","8","0","1","1","0","pull","low_force","59","20","99","68","119","39","175","0","151","0","0","0","0","0","0","0"
"608","304","iphash:fa31973a","Padawan","2","bot:/botfiles/reborn.jkb","0","2","2","3","189","189","100","0","100","15","0","0","1","0","seeing","low_force","20","0","90","79","0","0","0","0","0","0","0","0","0","0","189","0"
"609","305","iphash:fa31973a","Padawan","2","bot:/botfiles/reborn.jkb","1","2","2","3","71","0","29","100","99","0","0","0","0","0","seeing","linear_entries","0","0","71","0","0","0","0","0","0","0","0","0","0","0","71","0"
"610","305","bot:/botfiles/reborn.jkb","New_Reborn","0","iphash:fa31973a","0","2","2","3","0","0","100","-6","99","0","1","0","0","0","","linear_entries","0","0","0","0","0","0","0","0","0","0","0","0","0","0","0","0"
"611","306","iphash:fa31973a","Padawan","2","bot:/botfiles/reborn.jkb","1","2","2","3","87","55","62","80","70","0","0","1","1","0","seeing","linear_entries","31","0","32","0","24","0","0","0","0","0","0","0","0","0","87","0"
"612","306","bot:/botfiles/reborn.jkb","New_Reborn","0","iphash:fa31973a","0","2","2","3","63","63","100","-8","98","0","1","0","2","0","drain","knockdown","23","0","40","0","0","19","20","0","24","0","0","0","0","0","0","0"
"613","307","bot:/botfiles/reborn.jkb","New_Reborn","0","iphash:fa31973a","1","2","2","3","819","746","27","98","0","19","0","7","5","0","drain","low_force","89","0","471","160","99","135","207","50","427","0","0","0","0","0","0","0"
"614","307","iphash:fa31973a","Padawan","2","bot:/botfiles/reborn.jkb","0","2","2","3","440","440","100","-3","0","9","1","4","2","0","seeing","low_force","122","28","161","70","59","0","0","0","0","0","0","0","0","0","440","0"
"615","308","bot:/botfiles/reborn.jkb","New_Reborn","0","iphash:fa31973a","1","2","2","3","460","434","74","100","98","3","0","0","0","0","grip","low_force","29","0","350","46","35","120","130","163","47","0","0","0","0","0","0","0"
"616","308","iphash:fa31973a","Padawan","2","bot:/botfiles/reborn.jkb","0","2","2","3","91","91","100","-6","39","0","2","4","1","0","unknown","grip_control","0","0","47","19","25","0","0","0","0","0","0","0","0","0","91","0"
"617","309","bot:/botfiles/reborn.jkb","New_Reborn","0","iphash:fa31973a","1","2","2","3","1244","1158","14","100","39","84","0","2","1","0","pull","low_force","54","0","515","660","15","42","718","59","425","0","0","0","0","0","0","0"
"618","309","iphash:fa31973a","Padawan","2","bot:/botfiles/reborn.jkb","0","2","2","3","902","902","100","-7","0","43","1","4","4","0","unknown","low_force","26","0","210","346","320","0","0","0","0","0","0","0","0","0","902","0"
"619","310","iphash:fa31973a","Padawan","2","bot:/botfiles/reborn.jkb","1","2","2","3","73","10","31","100","100","0","0","0","0","0","seeing","linear_entries","0","0","65","0","8","0","0","0","0","0","0","0","0","0","73","0"
"620","310","bot:/botfiles/reborn.jkb","New_Reborn","0","iphash:fa31973a","0","2","2","3","19","19","100","-8","99","0","1","0","1","0","push","linear_entries","0","0","19","0","0","19","0","0","0","0","0","0","0","0","0","0"
"621","311","bot:/botfiles/reborn.jkb","New_Reborn","0","iphash:fa31973a","1","2","2","3","619","557","38","92","0","13","1","5","3","0","push","low_force","0","0","154","168","297","58","258","63","240","0","0","0","0","0","0","0"
"622","311","iphash:fa31973a","Padawan","2","bot:/botfiles/reborn.jkb","0","2","2","3","375","375","100","-4","40","26","1","2","1","0","seeing","low_force","20","0","158","197","0","0","0","0","0","0","0","0","0","0","375","0"
"623","312","iphash:fa31973a","Padawan","2","bot:/botfiles/reborn.jkb","1","2","2","3","767","677","4","64","100","46","0","0","2","0","seeing","low_force","75","9","70","390","223","0","0","0","0","0","0","0","0","0","767","0"
"624","312","bot:/botfiles/reborn.jkb","New_Reborn","0","iphash:fa31973a","0","2","2","3","853","754","100","0","0","60","0","6","1","0","grip","low_force","30","0","142","461","220","56","392","20","283","0","0","0","0","102","0","0"
"625","313","bot:/botfiles/reborn.jkb","New_Reborn","0","iphash:fa31973a","1","2","2","3","266","203","37","98","100","1","1","0","0","0","pull","low_force","4","0","234","4","24","5","188","73","0","0","0","0","0","0","0","0"
"626","313","iphash:fa31973a","Padawan","2","bot:/botfiles/reborn.jkb","0","2","2","3","52","52","100","-4","96","0","1","1","1","0","unknown","linear_entries","33","0","0","19","0","0","0","0","0","0","0","0","0","0","52","0"
"627","314","bot:/botfiles/reborn.jkb","New_Reborn","0","iphash:fa31973a","1","2","2","3","1133","1053","20","45","0","42","1","8","4","0","pull","low_force","231","0","303","323","276","129","369","203","432","0","0","0","0","0","0","0"
"628","314","iphash:fa31973a","Padawan","2","bot:/botfiles/reborn.jkb","0","2","2","3","998","998","100","-11","0","43","4","5","4","0","unknown","low_force","184","0","275","361","178","0","0","0","0","0","0","0","0","0","998","0"
"629","315","bot:/botfiles/reborn.jkb","New_Reborn","0","iphash:fa31973a","1","2","2","3","0","0","100","100","100","0","0","0","0","0","","linear_entries","0","0","0","0","0","0","0","0","0","0","0","0","0","0","0","0"
"630","315","iphash:fa31973a","Padawan","2","bot:/botfiles/reborn.jkb","0","2","2","3","0","0","100","0","100","0","0","0","0","0","","linear_entries","0","0","0","0","0","0","0","0","0","0","0","0","0","0","0","0"
"631","316","bot:/botfiles/reborn.jkb","New_Reborn","0","iphash:fa31973a","1","2","2","3","283","193","10","100","99","16","0","0","0","0","speed","low_force","4","0","200","40","39","20","180","59","0","0","0","0","0","24","0","0"
"632","316","iphash:fa31973a","Padawan","2","bot:/botfiles/reborn.jkb","0","2","2","3","0","0","100","-37","0","0","1","5","1","0","unknown","saber_throw","0","0","0","0","0","0","0","0","0","0","0","0","0","0","0","0"
"633","317","iphash:fa31973a","Padawan","2","bot:/botfiles/reborn.jkb","1","2","2","3","249","197","48","19","0","8","0","4","0","0","unknown","low_force","40","28","4","165","12","0","0","0","0","0","0","0","0","0","249","0"
"634","317","bot:/botfiles/reborn.jkb","New_Reborn","0","iphash:fa31973a","0","2","2","3","397","397","100","-4","0","5","0","1","0","0","pull","low_force","0","0","240","132","25","62","105","20","210","0","0","0","0","0","0","0"
"635","318","bot:/botfiles/reborn.jkb","New_Reborn","0","iphash:fa31973a","1","2","2","3","287","261","74","100","100","14","0","0","0","0","pull","low_force","0","0","253","14","20","0","200","87","0","0","0","0","0","0","0","0"
"636","318","iphash:fa31973a","Padawan","2","bot:/botfiles/reborn.jkb","0","2","2","3","0","0","100","-19","0","0","1","5","1","0","unknown","saber_throw","0","0","0","0","0","0","0","0","0","0","0","0","0","0","0","0"
"637","319","iphash:fa31973a","Padawan","2","bot:/botfiles/reborn.jkb","1","2","2","3","573","473","0","40","8","26","0","3","2","0","seeing","low_force","54","32","188","235","64","0","0","0","0","0","0","0","0","0","573","0"
"638","319","bot:/botfiles/reborn.jkb","New_Reborn","0","iphash:fa31973a","0","2","2","3","861","807","100","-12","0","15","2","8","5","0","push","low_force","104","64","270","281","142","113","388","0","360","0","0","0","0","0","0","0"
"639","320","bot:/botfiles/reborn.jkb","New_Reborn","0","iphash:fa31973a","1","2","2","3","540","480","40","60","0","0","0","8","4","0","pull","saber_throw","24","0","133","0","383","75","295","0","170","0","0","0","0","0","0","0"
"640","320","iphash:fa31973a","Padawan","2","bot:/botfiles/reborn.jkb","0","2","2","3","341","341","100","0","70","28","0","1","1","0","seeing","low_force","0","0","120","221","0","0","0","0","0","0","0","0","0","0","341","0"
"641","321","bot:/botfiles/hardds.jkb","Imperial","0","iphash:fa31973a","1","2","2","3","169","86","17","100","98","11","0","0","0","0","seeing","low_force","5","0","86","32","46","0","23","119","0","0","0","0","0","0","25","2"
"642","321","iphash:fa31973a","Padawan","2","bot:/botfiles/hardds.jkb","0","2","2","3","20","0","100","-39","40","0","2","3","1","0","unknown","grip_control","0","0","0","20","0","0","0","0","0","0","0","0","0","0","20","0"
"643","322","bot:/botfiles/hardds.jkb","Imperial","0","iphash:fa31973a","1","2","2","3","733","681","48","79","0","36","0","4","1","0","grip","low_force","152","0","182","284","115","0","187","235","259","0","0","0","0","52","0","0"
"644","322","iphash:fa31973a","Padawan","2","bot:/botfiles/hardds.jkb","0","2","2","3","530","467","100","-22","0","25","2","2","4","0","unknown","low_force","0","0","210","191","129","0","0","0","0","0","0","0","0","0","530","0"
"645","323","bot:/botfiles/hardds.jkb","Imperial","0","user:void","1","2","2","3","409","361","52","100","10","18","0","3","1","0","speed","low_force","70","0","115","141","83","19","217","0","128","0","0","0","0","45","0","0"
"646","323","user:void","void","1","bot:/botfiles/hardds.jkb","0","2","2","3","318","318","100","0","58","15","0","1","2","0","seeing","low_force","160","0","0","113","45","0","0","0","0","0","0","0","0","0","318","0"
"647","324","bot:/botfiles/hardds.jkb","Imperial","0","user:void","1","2","2","3","645","574","29","100","27","38","1","3","1","0","pull","low_force","91","68","109","141","236","19","229","158","239","0","0","0","0","0","0","0"
"648","324","user:void","void","1","bot:/botfiles/hardds.jkb","0","2","2","3","576","576","100","-4","57","28","2","1","4","0","seeing","low_force","16","0","203","257","100","0","0","0","0","0","0","0","0","0","576","0"
"649","325","user:void","void","1","bot:/botfiles/hardds.jkb","1","2","2","3","529","461","32","40","67","30","0","1","0","0","seeing","low_force","76","0","114","204","135","0","0","0","0","0","0","0","0","0","529","0"
"650","325","bot:/botfiles/hardds.jkb","Imperial","0","user:void","0","2","2","3","499","499","100","-14","0","30","0","6","1","0","unknown","low_force","0","0","116","249","134","38","215","0","246","0","0","0","0","0","0","0"
"651","326","bot:/botfiles/hardds.jkb","Imperial","0","user:void","1","2","2","3","1773","1690","17","63","0","93","1","6","6","0","drain","low_force","244","17","374","768","370","232","565","56","817","0","0","0","0","54","0","49"
"652","326","user:void","void","1","bot:/botfiles/hardds.jkb","0","2","2","3","1521","1521","100","-19","0","71","1","3","4","0","seeing","low_force","332","25","283","568","313","0","0","0","0","0","0","0","0","0","1521","0"
"653","327","user:void","void","1","bot:/botfiles/hardds.jkb","1","2","2","3","551","452","1","40","69","40","0","1","1","0","seeing","low_force","69","21","4","371","86","0","0","0","0","0","0","0","0","0","551","0"
"654","327","bot:/botfiles/hardds.jkb","Imperial","0","user:void","0","2","2","3","714","649","100","-7","0","50","0","7","2","0","push","low_force","4","0","108","537","65","57","360","0","297","0","0","0","0","0","0","0"
"655","328","bot:/botfiles/hardds.jkb","Imperial","0","user:void","1","2","2","3","947","862","15","85","0","31","5","4","2","0","pull","low_force","329","0","112","324","182","57","337","81","472","0","0","0","0","0","0","0"
"656","328","user:void","void","1","bot:/botfiles/hardds.jkb","0","2","2","3","757","757","100","-4","40","40","0","2","1","0","seeing","low_force","295","0","121","259","82","0","0","0","0","0","0","0","0","0","757","0"
"657","329","user:void","void","1","bot:/botfiles/hardds.jkb","1","2","2","3","730","657","21","74","97","33","3","2","1","0","unknown","low_force","95","0","147","283","205","0","0","0","0","0","0","0","0","0","730","0"
"658","329","bot:/botfiles/hardds.jkb","Imperial","0","user:void","0","2","2","3","947","882","100","-14","0","65","1","7","1","0","pull","low_force","79","0","258","489","121","96","371","243","237","0","0","0","0","0","0","0"
"659","330","bot:/botfiles/hardds.jkb","Imperial","0","user:void","1","2","2","3","437","350","13","99","0","9","1","2","2","0","drain","low_force","76","0","15","101","245","37","150","40","210","0","0","0","0","0","0","0"
"660","330","user:void","void","1","bot:/botfiles/hardds.jkb","0","2","2","3","293","293","100","0","99","32","0","0","1","0","seeing","low_force","0","0","105","188","0","0","0","0","0","0","0","0","0","0","293","0"
"661","331","bot:/botfiles/hardds.jkb","Imperial","0","user:void","1","2","2","3","697","653","56","80","38","32","3","3","1","0","push","low_force","175","21","65","235","201","57","278","0","362","0","0","0","0","0","0","0"
"662","331","user:void","void","1","bot:/botfiles/hardds.jkb","0","2","2","3","670","606","100","-25","0","51","0","1","3","0","seeing","low_force","39","0","301","199","131","0","0","0","0","0","0","0","0","0","670","0"
"663","332","bot:/botfiles/hardds.jkb","Imperial","0","user:void","1","2","2","3","516","422","6","94","67","34","1","3","1","0","pull","low_force","205","0","151","116","44","19","205","99","193","0","0","0","0","0","0","0"
"664","332","user:void","void","1","bot:/botfiles/hardds.jkb","0","2","2","3","491","491","100","-12","0","9","1","5","4","0","seeing","low_force","35","0","314","56","86","0","0","0","0","0","0","0","0","0","491","0"
"665","333","bot:/botfiles/hardds.jkb","Desann","0","user:void","1","2","2","3","1089","1002","13","48","29","74","0","3","3","0","push","low_force","90","0","294","533","172","118","497","0","474","0","0","0","0","0","0","0"
"666","333","user:void","void","1","bot:/botfiles/hardds.jkb","0","2","2","3","958","958","100","-19","0","40","0","4","5","0","seeing","low_force","201","10","99","417","231","0","0","0","0","0","0","0","0","0","958","0"
"667","334","bot:/botfiles/hardds.jkb","Desann","0","user:void","1","2","2","3","988","889","1","15","0","55","1","5","2","0","pull","low_force","83","0","311","343","251","72","479","198","239","0","0","0","0","0","0","0"
"668","334","user:void","void","1","bot:/botfiles/hardds.jkb","0","2","2","3","843","843","100","-8","36","35","1","3","4","0","seeing","low_force","65","0","276","269","233","0","0","0","0","0","0","0","0","0","843","0"
"669","335","bot:/botfiles/hardds.jkb","Desann","0","user:void","1","2","2","3","402","352","50","22","0","16","1","2","1","0","pull","low_force","5","0","119","235","43","83","177","25","67","0","0","0","0","50","0","0"
"670","335","user:void","void","1","bot:/botfiles/hardds.jkb","0","2","2","3","353","347","100","-5","0","9","0","3","1","0","seeing","low_force","20","50","34","112","137","0","0","0","0","0","0","0","0","0","353","0"
"671","336","bot:/botfiles/hardds.jkb","Desann","0","user:void","1","2","2","3","1176","1090","14","49","0","100","1","3","2","0","pull","low_force","118","64","186","690","118","90","444","116","526","0","0","0","0","0","0","0"
"672","336","user:void","void","1","bot:/botfiles/hardds.jkb","0","2","2","3","1032","1032","100","0","0","67","1","5","6","0","seeing","low_force","60","0","171","444","357","0","0","0","0","0","0","0","0","0","1032","0"
"673","337","bot:/botfiles/hardds.jkb","Desann","0","user:void","1","2","2","3","1127","1063","36","65","0","69","2","4","6","0","drain","low_force","70","0","327","497","233","108","392","128","399","0","0","0","0","56","0","44"
"674","337","user:void","void","1","bot:/botfiles/hardds.jkb","0","2","2","3","1002","1002","100","0","68","23","1","1","4","0","seeing","low_force","190","63","153","313","283","0","0","0","0","0","0","0","0","0","1002","0"
"675","338","bot:/botfiles/hardds.jkb","Desann","0","user:void","1","2","2","3","548","485","37","100","0","16","0","4","1","0","pull","low_force","98","0","111","132","207","44","329","5","170","0","0","0","0","0","0","0"
"676","338","user:void","void","1","bot:/botfiles/hardds.jkb","0","2","2","3","327","327","100","0","70","26","0","2","3","0","unknown","low_force","0","0","129","164","34","0","0","0","0","0","0","0","0","0","327","0"
"677","339","iphash:fa31973a","^0-=^3'/^7o^3!^0d^0=-^6","2","bot:/botfiles/hardds.jkb","1","2","2","3","496","397","1","60","37","8","1","2","2","0","seeing","low_force","50","39","137","99","171","0","0","0","0","0","0","0","0","0","496","0"
"678","339","bot:/botfiles/hardds.jkb","Desann","0","iphash:fa31973a","0","2","2","3","535","452","100","-5","0","36","2","2","0","0","speed","low_force","57","0","186","287","5","39","281","38","149","0","0","0","0","28","0","0"
"679","340","bot:/botfiles/hardds.jkb","Desann","0","iphash:fa31973a","1","2","2","3","567","468","1","31","0","35","0","5","2","0","drain","low_force","93","0","105","246","123","37","160","70","300","0","0","0","0","0","0","0"
"680","340","iphash:fa31973a","^0-=^3'/^7o^3!^0d^0=-^6","2","bot:/botfiles/hardds.jkb","0","2","2","3","548","548","100","-8","100","30","2","1","2","0","seeing","low_force","72","40","75","270","91","0","0","0","0","0","0","0","0","0","548","0"
"681","341","iphash:fa31973a","^0-=^3'/^7o^3!^0d^0=-^6","2","bot:/botfiles/hardds.jkb","1","2","2","3","370","319","49","48","40","1","1","2","2","0","unknown","low_force","0","0","228","20","122","0","0","0","0","0","0","0","0","0","370","0"
"682","341","bot:/botfiles/hardds.jkb","Desann","0","iphash:fa31973a","0","2","2","3","485","440","100","-21","0","12","2","9","3","0","pull","low_force","105","0","223","157","0","76","162","87","40","50","0","0","0","70","0","0"
"683","342","iphash:fa31973a","^0-=^3'/^7o^3!^0d^0=-^6","2","bot:/botfiles/hardds.jkb","1","2","2","3","92","50","52","80","69","0","0","1","1","0","seeing","linear_entries","31","0","35","0","26","0","0","0","0","0","0","0","0","0","92","0"
"684","342","bot:/botfiles/hardds.jkb","Desann","0","iphash:fa31973a","0","2","2","3","64","64","100","-8","97","0","1","0","1","0","drain","linear_entries","24","0","40","0","0","19","20","0","25","0","0","0","0","0","0","0"
"685","343","bot:/botfiles/hardds.jkb","Desann","0","user:void","1","2","2","3","1574","1498","24","44","0","80","2","9","2","0","push","low_force","130","0","349","741","354","159","470","224","721","0","0","0","0","0","0","0"
"686","343","user:void","void","1","bot:/botfiles/hardds.jkb","0","2","2","3","1360","1360","100","0","6","84","3","4","4","0","seeing","low_force","66","0","501","589","204","0","0","0","0","0","0","0","0","0","1360","0"
"687","344","iphash:fa31973a","^0-=^3'/^7o^3!^0d^0=-^6","2","bot:/botfiles/hardds.jkb","1","2","2","3","466","366","0","54","98","25","1","1","0","0","seeing","low_force","34","10","95","213","114","0","0","0","0","0","0","0","0","0","466","0"
"688","344","bot:/botfiles/hardds.jkb","Desann","0","iphash:fa31973a","0","2","2","3","496","407","100","-5","0","25","1","7","2","0","pull","low_force","0","0","140","194","162","58","212","81","145","0","0","0","0","0","0","0"
"689","345","bot:/botfiles/hardds.jkb","Desann","0","iphash:fa31973a","1","2","2","3","413","323","10","100","70","20","0","2","0","0","drain","low_force","9","35","68","172","129","0","261","0","130","0","0","0","0","0","0","22"
"690","345","iphash:fa31973a","Padawan^7[0]","2","bot:/botfiles/hardds.jkb","0","2","2","3","226","226","100","-16","8","9","0","4","1","0","seeing","low_force","30","0","89","62","45","0","0","0","0","0","0","0","0","0","226","0"
"691","346","iphash:fa31973a","Padawan^7[0]","2","bot:/botfiles/hardds.jkb","1","2","2","3","70","0","24","100","100","0","0","0","0","0","seeing","low_force","0","0","65","0","5","0","0","0","0","0","0","0","0","0","70","0"
"692","346","bot:/botfiles/hardds.jkb","Imperial","0","iphash:fa31973a","0","2","2","3","0","0","100","-8","100","0","1","0","1","0","","linear_entries","0","0","0","0","0","0","0","0","0","0","0","0","0","0","0","0"
"693","347","iphash:fa31973a","Padawan^7[0]","2","bot:/botfiles/hardds.jkb","1","2","2","3","75","47","66","100","99","1","0","0","0","0","seeing","low_force","0","0","67","1","7","0","0","0","0","0","0","0","0","0","75","0"
"694","347","bot:/botfiles/hardds.jkb","Imperial","0","iphash:fa31973a","0","2","2","3","0","0","100","-8","69","0","1","0","1","0","","linear_entries","0","0","0","0","0","0","0","0","0","0","0","0","0","0","0","0"
"695","348","user:void","void","1","bot:/botfiles/hardds.jkb","1","2","2","3","794","754","60","50","70","33","3","1","3","0","unknown","low_force","160","108","65","293","168","0","0","0","0","0","0","0","0","0","794","0"
"696","348","bot:/botfiles/hardds.jkb","Imperial","0","user:void","0","2","2","3","1021","974","100","-15","0","46","1","3","4","0","speed","low_force","121","0","351","354","195","170","301","209","316","0","0","0","0","25","0","0"
"697","349","bot:/botfiles/hardds.jkb","Imperial","0","user:void","1","2","2","3","2430","2358","28","91","0","148","1","12","3","0","push","low_force","379","71","432","1088","460","96","1105","138","946","0","0","0","0","145","0","0"
"698","349","user:void","void","1","bot:/botfiles/hardds.jkb","0","2","2","3","2098","2033","100","-2","0","106","1","6","7","0","unknown","low_force","258","16","491","837","496","0","0","0","0","0","0","0","0","0","2098","0"
"699","350","user:void","void","1","bot:/botfiles/hardds.jkb","1","2","2","3","728","651","23","80","69","29","0","1","3","0","seeing","low_force","9","132","116","241","230","0","0","0","0","0","0","0","0","0","728","0"
"700","350","bot:/botfiles/hardds.jkb","Imperial","0","user:void","0","2","2","3","772","712","100","-14","0","40","0","3","2","0","unknown","low_force","35","0","277","348","112","111","300","0","361","0","0","0","0","0","0","0"
"701","351","bot:/botfiles/hardds.jkb","Imperial","0","user:void","1","2","2","3","1010","917","7","60","0","62","0","4","3","0","push","low_force","127","0","184","496","203","42","419","93","456","0","0","0","0","0","0","0"
"702","351","user:void","void","1","bot:/botfiles/hardds.jkb","0","2","2","3","853","853","100","-4","38","62","1","3","2","0","unknown","low_force","105","0","81","521","146","0","0","0","0","0","0","0","0","0","853","0"
"703","352","user:void","void","1","bot:/botfiles/hardds.jkb","1","2","2","3","703","646","43","80","38","21","1","2","2","0","seeing","low_force","124","122","80","143","234","0","0","0","0","0","0","0","0","0","703","0"
"704","352","bot:/botfiles/hardds.jkb","Imperial","0","user:void","0","2","2","3","757","722","100","-5","0","49","0","9","0","0","grip","low_force","30","0","307","310","110","90","231","95","341","0","0","0","0","0","0","0"
"705","353","user:void","void","1","bot:/botfiles/hardds.jkb","1","2","2","3","1630","1558","28","100","68","40","2","2","8","0","seeing","low_force","267","152","74","461","676","0","0","0","0","0","0","0","0","0","1630","0"
"706","353","bot:/botfiles/hardds.jkb","Imperial","0","user:void","0","2","2","3","1862","1803","100","-7","0","180","0","6","2","0","drain","low_force","0","0","537","1061","264","52","684","115","1011","0","0","0","0","0","0","0"
"707","354","user:void","void","1","bot:/botfiles/hardds.jkb","1","2","2","3","487","394","7","100","18","24","0","2","1","0","seeing","low_force","133","0","129","215","10","0","0","0","0","0","0","0","0","0","487","0"
"708","354","bot:/botfiles/hardds.jkb","Imperial","0","user:void","0","2","2","3","557","512","100","-15","0","11","0","8","1","0","push","low_force","100","0","150","166","141","90","218","0","249","0","0","0","0","0","0","0"
"709","355","user:void","void","1","bot:/botfiles/hardds.jkb","1","2","2","3","1979","1880","0","99","0","109","2","3","4","0","seeing","low_force","248","0","336","996","399","0","0","0","0","0","0","0","0","0","1979","0"
"710","355","bot:/botfiles/hardds.jkb","Imperial","0","user:void","0","2","2","3","2159","2121","100","-9","0","127","1","12","1","0","drain","low_force","258","0","280","1158","463","172","824","113","1050","0","0","0","0","0","0","0"
"711","356","bot:/botfiles/hardds.jkb","Desann","0","user:void","1","2","2","3","647","577","30","56","0","33","1","4","1","0","speed","low_force","106","0","48","285","208","62","386","0","194","0","0","0","0","5","0","0"
"712","356","user:void","void","1","bot:/botfiles/hardds.jkb","0","2","2","3","642","642","100","-4","69","34","0","1","3","0","seeing","low_force","55","0","144","270","173","0","0","0","0","0","0","0","0","0","642","0"
"713","357","user:void","void","1","bot:/botfiles/hardds4.jkb","1","2","2","3","693","628","35","16","0","31","3","4","2","0","unknown","low_force","141","0","147","294","111","0","0","0","0","0","0","0","0","0","693","0"
"714","357","bot:/botfiles/hardds4.jkb","Reborn_Twin","0","user:void","0","2","2","3","791","745","100","-16","0","49","1","7","1","0","push","low_force","132","25","244","257","133","42","247","218","284","0","0","0","0","0","0","0"
"715","358","user:void","void","1","bot:/botfiles/hardds4.jkb","1","2","2","3","267","199","26","88","69","0","0","2","1","0","unknown","saber_throw","31","0","101","0","135","0","0","0","0","0","0","0","0","0","267","0"
"716","358","bot:/botfiles/hardds4.jkb","Reborn_Twin","0","user:void","0","2","2","3","260","260","100","-12","100","20","3","0","1","0","push","low_force","4","0","148","108","0","24","236","0","0","0","0","0","0","0","0","0"
"717","359","user:void","void","1","bot:/botfiles/hardds4.jkb","1","2","2","3","962","864","0","4","27","64","0","4","2","0","unknown","low_force","64","12","40","608","238","0","0","0","0","0","0","0","0","0","962","0"
"718","359","bot:/botfiles/hardds4.jkb","Reborn_Twin","0","user:void","0","2","2","3","1131","1103","100","-9","0","47","0","9","0","0","push","low_force","69","0","129","720","213","77","562","20","470","0","0","0","0","0","0","2"
"719","360","user:void","void","1","bot:/botfiles/hardds4.jkb","1","2","2","3","133","60","21","40","70","0","0","1","1","0","seeing","low_force","0","0","60","0","73","0","0","0","0","0","0","0","0","0","133","0"
"720","360","bot:/botfiles/hardds4.jkb","Reborn_Twin","0","user:void","0","2","2","3","144","48","100","-8","68","2","1","2","0","0","pull","low_force","43","5","70","26","0","0","63","5","0","0","0","0","0","76","0","0"
"721","361","user:void","void","1","bot:/botfiles/hardds4.jkb","1","2","2","3","73","3","24","100","100","0","0","0","0","0","seeing","low_force","0","0","65","0","8","0","0","0","0","0","0","0","0","0","73","0"
"722","361","bot:/botfiles/hardds4.jkb","Reborn_Twin","0","user:void","0","2","2","3","0","0","100","-8","100","0","1","0","0","0","","linear_entries","0","0","0","0","0","0","0","0","0","0","0","0","0","0","0","0"
"723","362","user:void","void","1","bot:/botfiles/hardds4.jkb","1","2","2","3","808","748","34","58","0","47","1","4","5","0","seeing","low_force","51","0","345","352","60","0","0","0","0","0","0","0","0","0","808","0"
"724","362","bot:/botfiles/hardds4.jkb","Reborn_Twin","0","user:void","0","2","2","3","936","904","100","-8","0","34","1","4","4","0","push","low_force","105","99","184","236","312","101","380","32","421","0","0","0","0","0","0","2"
"725","363","user:void","void","1","bot:/botfiles/hardds4.jkb","1","2","2","3","277","180","3","20","99","13","0","0","0","0","seeing","low_force","0","0","144","133","0","0","0","0","0","0","0","0","0","0","277","0"
"726","363","bot:/botfiles/hardds4.jkb","Reborn_Twin","0","user:void","0","2","2","3","212","208","100","-12","0","6","0","7","1","0","unknown","low_force","0","0","40","79","93","19","83","0","110","0","0","0","0","0","0","0"
"727","364","bot:/botfiles/hardds4.jkb","Reborn_Twin","0","user:void","1","2","2","3","511","444","33","43","0","13","0","7","0","0","drain","low_force","50","20","45","136","260","0","212","0","299","0","0","0","0","0","0","0"
"728","364","user:void","void","1","bot:/botfiles/hardds4.jkb","0","2","2","3","451","451","100","0","58","36","0","2","1","0","seeing","low_force","94","0","121","228","8","0","0","0","0","0","0","0","0","0","451","0"
"729","365","bot:/botfiles/hardds.jkb","Desann","0","user:void","1","2","2","3","867","799","32","99","0","33","1","3","1","0","pull","low_force","159","30","163","337","178","54","447","20","292","0","0","0","0","54","0","0"
"730","365","user:void","void","1","bot:/botfiles/hardds.jkb","0","2","2","3","687","687","100","-8","0","27","0","4","3","0","unknown","low_force","32","0","300","263","92","0","0","0","0","0","0","0","0","0","687","0"
"731","366","bot:/botfiles/hardds.jkb","Desann","0","user:void","1","2","2","3","592","513","21","100","37","24","0","5","0","0","drain","low_force","143","0","89","207","153","0","250","132","190","0","0","0","0","0","0","20"
"732","366","user:void","void","1","bot:/botfiles/hardds.jkb","0","2","2","3","374","374","100","-12","39","18","1","2","0","0","seeing","low_force","96","0","62","151","65","0","0","0","0","0","0","0","0","0","374","0"
"733","367","bot:/botfiles/hardds.jkb","Desann","0","user:void","1","2","2","3","532","447","15","80","19","23","0","4","2","0","pull","low_force","100","8","247","133","44","39","276","72","145","0","0","0","0","0","0","0"
"734","367","user:void","void","1","bot:/botfiles/hardds.jkb","0","2","2","3","419","419","100","-8","0","2","1","7","2","0","unknown","low_force","16","0","214","110","79","0","0","0","0","0","0","0","0","0","419","0"
"735","368","bot:/botfiles/hardds.jkb","Desann","0","user:void","1","2","2","3","841","749","8","70","0","15","0","7","3","0","pull","low_force","70","0","207","357","207","100","318","0","343","0","0","0","0","80","0","0"
"736","368","user:void","void","1","bot:/botfiles/hardds.jkb","0","2","2","3","598","518","100","-5","0","42","0","4","1","0","unknown","low_force","50","0","154","292","102","0","0","0","0","0","0","0","0","0","598","0"
"737","369","bot:/botfiles/hardds.jkb","Desann","0","user:void","1","2","2","3","1288","1191","3","62","0","85","0","3","1","0","drain","low_force","59","0","395","616","218","48","552","60","628","0","0","0","0","0","0","0"
"738","369","user:void","void","1","bot:/botfiles/hardds.jkb","0","2","2","3","1192","1192","100","-4","8","66","1","3","5","0","seeing","low_force","227","118","76","500","271","0","0","0","0","0","0","0","0","0","1192","0"
"739","370","user:void","void","1","bot:/botfiles/hardds.jkb","1","2","2","3","616","521","5","27","38","37","0","2","3","0","seeing","low_force","41","18","109","270","178","0","0","0","0","0","0","0","0","0","616","0"
"740","370","bot:/botfiles/hardds.jkb","Desann","0","user:void","0","2","2","3","748","708","100","-3","0","41","0","5","2","0","unknown","low_force","10","0","187","386","165","49","360","0","339","0","0","0","0","0","0","0"
"741","371","bot:/botfiles/hardds.jkb","Desann","0","user:void","1","2","2","3","791","691","0","89","0","36","2","2","1","0","pull","low_force","131","35","283","277","65","5","537","61","188","0","0","0","0","0","0","0"
"742","371","user:void","void","1","bot:/botfiles/hardds.jkb","0","2","2","3","599","599","100","-11","0","16","0","5","2","0","seeing","low_force","126","0","242","93","138","0","0","0","0","0","0","0","0","0","599","0"
"743","372","bot:/botfiles/hardds.jkb","Desann","0","user:void","1","2","2","3","1582","1523","41","60","5","83","3","7","4","0","pull","low_force","140","40","453","685","264","97","783","64","638","0","0","0","0","0","0","0"
"744","372","user:void","void","1","bot:/botfiles/hardds.jkb","0","2","2","3","1186","1186","100","-16","0","60","1","5","3","0","unknown","low_force","0","0","451","432","303","0","0","0","0","0","0","0","0","0","1186","0"
"745","373","user:void","void","1","bot:/botfiles/hardds.jkb","1","2","2","3","633","535","0","100","10","44","0","3","3","0","unknown","low_force","15","0","24","349","245","0","0","0","0","0","0","0","0","0","633","0"
"746","373","bot:/botfiles/hardds.jkb","Desann","0","user:void","0","2","2","3","840","740","100","-6","0","58","0","5","5","0","pull","low_force","0","0","146","466","228","77","420","0","343","0","0","0","0","0","0","0"
"747","374","bot:/botfiles/hardds.jkb","Desann","0","user:void","1","2","2","3","743","683","40","71","0","15","2","3","4","0","drain","low_force","136","20","204","148","235","121","306","60","256","0","0","0","0","0","0","0"
"748","374","user:void","void","1","bot:/botfiles/hardds.jkb","0","2","2","3","539","516","100","-5","0","33","1","4","3","0","seeing","low_force","31","0","214","285","9","0","0","0","0","0","0","0","0","0","539","0"
"749","375","bot:/botfiles/hardds.jkb","Desann","0","user:void","1","2","2","3","328","246","18","100","0","23","0","0","0","0","drain","low_force","0","0","256","72","0","0","69","179","80","0","0","0","0","0","0","0"
"750","375","user:void","void","1","bot:/botfiles/hardds.jkb","0","2","2","3","179","179","100","-8","66","2","2","3","1","0","seeing","low_force","66","0","0","10","103","0","0","0","0","0","0","0","0","0","179","0"
"751","376","user:void","void","1","bot:/botfiles/hardds.jkb","1","2","2","3","822","722","0","88","95","35","0","1","5","0","seeing","low_force","168","52","16","344","242","0","0","0","0","0","0","0","0","0","822","0"
"752","376","bot:/botfiles/hardds.jkb","Desann","0","user:void","0","2","2","3","992","956","100","-9","0","43","2","5","3","0","grip","low_force","23","0","245","385","339","94","480","45","373","0","0","0","0","0","0","0"
"753","377","bot:/botfiles/hardds.jkb","Desann","0","user:void","1","2","2","3","452","431","79","60","7","10","1","5","2","0","drain","low_force","61","0","130","61","200","66","212","0","174","0","0","0","0","0","0","0"
"754","377","user:void","void","1","bot:/botfiles/hardds.jkb","0","2","2","3","367","367","100","-16","99","23","0","1","2","0","unknown","low_force","88","0","43","221","15","0","0","0","0","0","0","0","0","0","367","0"
"755","378","user:void","void","1","bot:/botfiles/mediumds.jkb","1","2","2","3","518","419","1","80","68","32","0","1","3","0","seeing","low_force","107","0","70","239","102","0","0","0","0","0","0","0","0","0","518","0"
"756","378","bot:/botfiles/mediumds.jkb","galak","0","user:void","0","2","2","3","497","433","100","-15","0","33","0","5","2","0","unknown","low_force","0","0","114","279","104","43","157","0","297","0","0","0","0","0","0","0"
"757","379","user:void","void","1","bot:/botfiles/mediumds.jkb","1","2","2","3","305","279","68","60","68","16","0","1","1","0","unknown","low_force","0","0","190","64","51","0","0","0","0","0","0","0","0","0","305","0"
"758","379","bot:/botfiles/mediumds.jkb","galak","0","user:void","0","2","2","3","290","280","100","0","67","3","1","2","1","0","pull","low_force","45","19","59","58","109","37","104","5","144","0","0","0","0","0","0","0"
"759","380","user:void","void","1","bot:/botfiles/mediumds.jkb","1","2","2","3","336","277","35","88","40","5","0","3","1","0","seeing","low_force","32","0","46","52","206","0","0","0","0","0","0","0","0","0","336","0"
"760","380","bot:/botfiles/mediumds.jkb","galak","0","user:void","0","2","2","3","204","104","100","-4","28","8","1","1","1","0","drain","low_force","23","0","106","75","0","38","66","0","25","0","0","0","0","75","0","0"
"761","381","user:void","void","1","iphash:ba05fd77","1","2","2","3","1270","1216","46","61","0","46","1","7","2","0","seeing","low_force","468","0","267","450","85","0","0","0","0","0","0","0","0","0","1270","0"
"762","381","iphash:ba05fd77","^0ff^7'^0Gòónat¡Ç","2","user:void","0","2","2","3","1326","1326","100","-7","0","24","1","5","3","0","seeing","low_force","509","0","279","165","373","0","0","0","0","0","0","0","0","0","1326","0"
"763","382","user:void","void","1","user:goon","1","2","2","3","626","554","28","39","0","25","0","6","1","0","seeing","low_force","171","0","150","138","167","0","0","0","0","0","0","0","0","0","626","0"
"764","382","user:goon","goon","1","user:void","0","2","2","3","747","700","100","-8","0","40","1","3","3","0","seeing","low_force","157","5","207","278","100","0","0","0","0","0","0","0","0","0","747","0"
"765","383","user:goon","goon","1","user:void","1","2","2","3","1526","1453","27","80","0","41","0","9","2","0","seeing","low_force","193","15","316","337","665","0","0","0","0","0","0","0","0","0","1526","0"
"766","383","user:void","void","1","user:goon","0","2","2","3","1498","1498","100","-1","0","65","0","4","2","0","unknown","low_force","211","113","296","691","187","0","0","0","0","0","0","0","0","0","1498","0"
"767","384","user:void","void","1","user:goon","1","2","2","3","326","233","7","78","40","22","1","3","0","0","seeing","low_force","59","6","64","177","20","0","0","0","0","0","0","0","0","0","326","0"
"768","384","user:goon","goon","1","user:void","0","2","2","3","504","498","100","-1","0","6","0","6","3","0","seeing","low_force","19","0","119","287","79","0","0","0","0","0","0","0","0","0","504","0"
"769","385","user:void","void","1","user:goon","1","2","2","3","630","532","2","100","9","24","1","5","2","0","unknown","low_force","19","0","163","236","212","0","0","0","0","0","0","0","0","0","630","0"
"770","385","user:goon","goon","1","user:void","0","2","2","3","611","594","100","-22","0","41","1","7","3","0","seeing","low_force","44","18","209","271","69","0","0","0","0","0","0","0","0","0","611","0"
"771","386","user:void","void","1","user:goon","1","2","2","3","851","761","10","45","0","6","2","6","3","0","seeing","late_defense","18","0","756","58","19","0","0","0","0","0","0","0","0","0","851","0"
"772","386","user:goon","goon","1","user:void","0","2","2","3","764","752","100","-23","0","2","2","7","2","0","seeing","saber_throw","333","103","311","2","15","0","0","0","0","0","0","0","0","0","764","0"
"773","387","user:void","void","1","user:goon","1","2","2","3","538","503","59","63","39","23","1","4","1","0","seeing","low_force","60","0","200","217","61","0","0","0","0","0","0","0","0","0","538","0"
"774","387","user:goon","goon","1","user:void","0","2","2","3","457","452","100","-7","8","8","0","6","3","0","seeing","low_force","50","0","178","55","174","0","0","0","0","0","0","0","0","0","457","0"
"775","388","user:void","void","1","user:goon","1","2","2","3","809","712","3","6","38","22","0","1","3","0","seeing","low_force","122","15","250","417","5","0","0","0","0","0","0","0","0","0","809","0"
"776","388","user:goon","goon","1","user:void","0","2","2","3","745","718","100","-23","0","16","0","9","4","0","seeing","low_force","158","0","168","125","294","0","0","0","0","0","0","0","0","0","745","0"
"777","389","user:void","void","1","user:goon","1","2","2","3","629","529","0","20","18","55","0","1","0","0","seeing","low_force","8","0","203","418","0","0","0","0","0","0","0","0","0","0","629","0"
"778","389","user:goon","goon","1","user:void","0","2","2","3","648","648","100","-18","0","3","0","8","3","0","seeing","saber_throw","58","24","62","78","426","0","0","0","0","0","0","0","0","0","648","0"
"779","390","user:goon","goon","1","user:void","1","2","2","3","1308","1243","35","54","0","20","2","7","3","0","seeing","low_force","221","0","308","233","546","0","0","0","0","0","0","0","0","0","1308","0"
"780","390","user:void","void","1","user:goon","0","2","2","3","1004","908","100","0","0","63","1","6","2","0","seeing","low_force","121","22","305","492","64","0","0","0","0","0","0","0","0","0","1004","0"
"781","391","user:goon","goon","1","user:void","1","2","2","3","884","814","30","100","0","4","1","9","3","0","seeing","saber_throw","69","43","187","48","537","0","0","0","0","0","0","0","0","0","884","0"
"782","391","user:void","void","1","user:goon","0","2","2","3","903","903","100","-14","0","45","2","5","0","0","seeing","low_force","66","4","375","458","0","0","0","0","0","0","0","0","0","0","903","0"
"783","392","user:void","void","1","user:goon","1","2","2","3","240","170","20","100","60","0","0","0","0","0","seeing","low_force","52","0","130","0","58","0","0","0","0","0","0","0","0","0","240","0"
"784","392","user:goon","goon","1","user:void","0","2","2","3","158","87","100","-3","0","1","1","4","1","0","seeing","low_force","0","0","73","85","0","0","0","0","0","0","0","0","0","0","158","0"
"785","393","user:goon","goon","1","user:void","1","2","2","3","118","25","1","100","100","15","0","0","0","0","seeing","low_force","9","0","65","44","0","0","0","0","0","0","0","0","0","0","118","0"
"786","393","user:void","void","1","user:goon","0","2","2","3","99","58","100","-4","100","3","2","0","2","0","seeing","low_force","15","0","55","29","0","0","0","0","0","0","0","0","0","0","99","0"
"787","394","user:goon","goon","1","user:void","1","2","2","3","1037","978","41","100","0","14","0","8","2","0","seeing","low_force","177","0","302","116","442","0","0","0","0","0","0","0","0","0","1037","0"
"788","394","user:void","void","1","user:goon","0","2","2","3","946","861","100","-18","0","68","0","4","2","0","seeing","low_force","190","0","282","377","97","0","0","0","0","0","0","0","0","0","946","0"
"789","395","user:goon","goon","1","user:void","1","2","2","3","317","261","38","52","0","3","0","4","0","0","seeing","low_force","147","0","65","29","76","0","0","0","0","0","0","0","0","0","317","0"
"790","395","user:void","void","1","user:goon","0","2","2","3","370","370","100","-5","0","8","4","5","1","0","unknown","low_force","73","0","222","75","0","0","0","0","0","0","0","0","0","0","370","0"
"791","396","user:goon","goon","1","user:void","1","2","2","3","979","934","55","92","13","30","1","2","2","0","seeing","low_force","300","70","159","214","236","0","0","0","0","0","0","0","0","0","979","0"
"792","396","user:void","void","1","user:goon","0","2","2","3","942","942","100","-6","0","26","1","5","3","0","seeing","low_force","35","0","525","308","74","0","0","0","0","0","0","0","0","0","942","0"
"793","397","user:void","void","1","user:goon","1","2","2","3","416","316","0","49","0","19","1","4","1","0","seeing","low_force","0","0","161","210","45","0","0","0","0","0","0","0","0","0","416","0"
"794","397","user:goon","goon","1","user:void","0","2","2","3","600","523","100","-25","0","15","0","2","2","0","unknown","low_force","121","0","56","166","257","0","0","0","0","0","0","0","0","0","600","0"
"795","398","user:goon","goon","1","user:void","1","2","2","3","661","582","21","100","0","4","2","6","3","0","seeing","saber_throw","166","19","111","22","343","0","0","0","0","0","0","0","0","0","661","0"
"796","398","user:void","void","1","user:goon","0","2","2","3","650","550","100","-1","0","49","1","7","3","0","seeing","low_force","118","0","222","305","5","0","0","0","0","0","0","0","0","0","650","0"
"797","399","user:goon","goon","1","user:void","1","2","2","3","257","186","29","79","0","0","0","4","0","0","seeing","saber_throw","89","0","131","0","37","0","0","0","0","0","0","0","0","0","257","0"
"798","399","user:void","void","1","user:goon","0","2","2","3","203","151","100","-8","100","2","3","0","1","0","seeing","low_force","75","0","90","38","0","0","0","0","0","0","0","0","0","0","203","0"
"799","400","user:void","void","1","user:goon","1","2","2","3","927","852","25","66","4","54","3","5","2","0","seeing","low_force","196","0","156","486","89","0","0","0","0","0","0","0","0","0","927","0"
"800","400","user:goon","goon","1","user:void","0","2","2","3","1008","939","100","-15","0","17","0","9","3","0","seeing","low_force","91","0","227","257","433","0","0","0","0","0","0","0","0","0","1008","0"
"801","401","user:void","void","1","user:goon","1","2","2","3","723","662","39","94","0","20","0","4","1","0","seeing","low_force","198","8","92","199","226","0","0","0","0","0","0","0","0","0","723","0"
"802","401","user:goon","goon","1","user:void","0","2","2","3","583","583","100","-8","0","21","0","5","1","0","seeing","low_force","140","0","219","158","66","0","0","0","0","0","0","0","0","0","583","0"
"803","402","user:goon","goon","1","user:void","1","2","2","3","462","382","14","96","9","13","0","2","1","0","seeing","low_force","121","0","141","100","100","0","0","0","0","0","0","0","0","0","462","0"
"804","402","user:void","void","1","user:goon","0","2","2","3","353","308","100","-2","0","15","1","6","1","0","unknown","low_force","0","0","257","82","14","0","0","0","0","0","0","0","0","0","353","0"
"805","403","user:void","void","1","user:goon","1","2","2","3","1409","1327","18","51","0","71","1","5","1","0","seeing","low_force","20","0","604","680","105","0","0","0","0","0","0","0","0","0","1409","0"
"806","403","user:goon","goon","1","user:void","0","2","2","3","1356","1356","100","-22","0","29","2","6","5","0","seeing","low_force","381","112","173","338","352","0","0","0","0","0","0","0","0","0","1356","0"
"807","404","user:void","void","1","user:goon","1","2","2","3","553","453","0","53","0","19","2","0","0","0","seeing","low_force","65","0","205","283","0","0","0","0","0","0","0","0","0","0","553","0"
"808","404","user:goon","goon","1","user:void","0","2","2","3","392","377","100","-9","0","1","0","4","2","0","seeing","saber_throw","177","0","1","19","195","0","0","0","0","0","0","0","0","0","392","0"
"809","405","user:void","void","1","bot:/botfiles/hardds.jkb","1","2","2","3","662","646","78","64","29","26","2","1","1","0","seeing","low_force","36","0","261","201","164","0","0","0","0","0","0","0","0","0","662","0"
"810","405","bot:/botfiles/hardds.jkb","Desann","0","user:void","0","2","2","3","700","602","100","-6","0","19","1","5","3","0","pull","low_force","197","65","68","145","225","85","188","142","185","0","0","0","0","100","0","0"
"811","406","user:void","void","1","bot:/botfiles/hardds.jkb","1","2","2","3","2080","2029","39","41","0","172","1","3","5","0","unknown","low_force","261","4","259","1242","314","0","0","0","0","0","0","0","0","0","2080","0"
"812","406","bot:/botfiles/hardds.jkb","Desann","0","user:void","0","2","2","3","2547","2522","100","-7","0","119","1","16","4","0","pull","low_force","172","15","469","1149","742","144","1046","69","1288","0","0","0","0","0","0","0"
"813","407","user:void","void","1","bot:/botfiles/hardds.jkb","1","2","2","3","584","484","0","34","39","42","1","3","2","0","unknown","low_force","57","0","78","302","147","0","0","0","0","0","0","0","0","0","584","0"
"814","407","bot:/botfiles/hardds.jkb","Desann","0","user:void","0","2","2","3","718","644","100","-6","0","37","0","7","1","0","drain","low_force","60","35","113","323","187","19","335","36","328","0","0","0","0","0","0","0"
"815","408","user:void","void","1","bot:/botfiles/hardds.jkb","1","2","2","3","392","360","62","20","99","25","0","1","1","0","seeing","low_force","84","0","126","182","0","0","0","0","0","0","0","0","0","0","392","0"
"816","408","bot:/botfiles/hardds.jkb","Desann","0","user:void","0","2","2","3","375","332","100","-4","99","4","1","3","2","0","push","low_force","50","0","69","114","142","64","126","0","185","0","0","0","0","0","0","0"
"817","409","user:void","void","1","bot:/botfiles/hardds.jkb","1","2","2","3","124","24","0","60","99","3","0","0","0","0","seeing","low_force","0","0","66","58","0","0","0","0","0","0","0","0","0","0","124","0"
"818","409","bot:/botfiles/hardds.jkb","Desann","0","user:void","0","2","2","3","166","166","100","-2","0","0","0","3","2","0","push","saber_throw","4","0","19","80","63","42","99","0","25","0","0","0","0","0","0","0"
"819","410","bot:/botfiles/hardds.jkb","Desann","0","user:void","1","2","2","3","484","452","68","71","0","1","3","4","0","0","pull","saber_throw","188","0","38","5","253","19","155","49","256","0","0","0","0","5","0","0"
"820","410","user:void","void","1","bot:/botfiles/hardds.jkb","0","2","2","3","466","466","100","0","89","28","0","0","1","0","seeing","low_force","155","0","127","180","4","0","0","0","0","0","0","0","0","0","466","0"
"821","411","user:void","void","1","bot:/botfiles/hardds.jkb","1","2","2","3","892","806","8","49","0","26","3","3","4","0","unknown","low_force","101","0","228","286","277","0","0","0","0","0","0","0","0","0","892","0"
"822","411","bot:/botfiles/hardds.jkb","Desann","0","user:void","0","2","2","3","984","960","100","-10","0","57","0","7","0","0","speed","low_force","189","0","328","404","63","58","284","260","288","0","0","0","0","94","0","0"
"823","412","user:void","void","1","bot:/botfiles/mediumds.jkb","1","2","2","3","528","428","0","70","98","30","1","0","0","0","seeing","low_force","94","0","166","214","54","0","0","0","0","0","0","0","0","0","528","0"
"824","412","bot:/botfiles/mediumds.jkb","galak","0","user:void","0","2","2","3","559","483","100","0","0","19","0","6","3","0","unknown","low_force","0","0","193","175","191","76","130","33","237","0","0","0","0","83","0","0"
"825","413","user:goon","goon","1","bot:/botfiles/mediumds.jkb","1","2","2","3","7077","6984","1","99","0","245","1","12","17","0","seeing","low_force","2115","241","1355","1913","1453","0","0","0","0","0","0","0","0","0","7077","0"
"826","413","bot:/botfiles/mediumds.jkb","Cultist","0","user:goon","0","2","2","3","7352","7290","100","-3","0","307","3","33","9","0","drain","low_force","1122","6","2643","2488","1093","628","2763","219","3352","0","0","0","0","202","0","188"
"827","414","user:goon","goon","1","bot:/botfiles/mediumds.jkb","1","2","2","3","586","506","20","100","37","8","1","6","1","0","seeing","low_force","98","24","279","87","98","0","0","0","0","0","0","0","0","0","586","0"
"828","414","bot:/botfiles/mediumds.jkb","Cultist","0","user:goon","0","2","2","3","653","653","100","0","0","14","1","4","3","0","pull","low_force","183","10","300","160","0","85","189","101","278","0","0","0","0","0","0","0"
"829","415","bot:/botfiles/mediumds.jkb","Cultist","0","user:goon","1","2","2","3","504","405","1","100","5","28","1","3","3","0","push","low_force","92","0","289","123","0","93","69","123","219","0","0","0","0","0","0","0"
"830","415","user:goon","goon","1","bot:/botfiles/mediumds.jkb","0","2","2","3","457","447","100","-24","69","2","2","2","0","0","seeing","low_force","161","32","128","25","111","0","0","0","0","0","0","0","0","0","457","0"
"831","416","user:goon","goon","1","bot:/botfiles/mediumds.jkb","1","2","2","3","70","0","24","100","100","0","0","0","0","0","seeing","low_force","0","0","65","0","5","0","0","0","0","0","0","0","0","0","70","0"
"832","416","bot:/botfiles/mediumds.jkb","Cultist","0","user:goon","0","2","2","3","18","18","100","-8","100","0","1","0","0","0","push","grip_control","0","0","18","0","0","18","0","0","0","0","0","0","0","0","0","0"
"833","417","user:goon","goon","1","bot:/botfiles/mediumds.jkb","1","2","2","3","1043","964","21","96","98","13","2","2","2","0","seeing","low_force","352","97","166","133","295","0","0","0","0","0","0","0","0","0","1043","0"
"834","417","bot:/botfiles/mediumds.jkb","Cultist","0","user:goon","0","2","2","3","1054","1022","100","-12","0","56","1","7","2","0","grip","low_force","104","0","508","382","60","191","258","246","359","0","0","0","0","0","0","0"
"835","418","user:goon","goon","1","bot:/botfiles/mediumds.jkb","1","2","2","3","2182","2109","27","100","0","93","1","5","5","0","seeing","low_force","465","0","623","604","490","0","0","0","0","0","0","0","0","0","2182","0"
"836","418","bot:/botfiles/mediumds.jkb","Cultist","0","user:goon","0","2","2","3","2361","2361","100","-10","0","100","3","12","7","0","pull","low_force","821","29","423","721","367","249","796","32","1284","0","0","0","0","0","0","0"
"837","419","user:goon","goon","1","bot:/botfiles/mediumds.jkb","1","2","2","3","1229","1137","8","100","39","36","0","2","1","0","seeing","low_force","333","200","39","347","310","0","0","0","0","0","0","0","0","0","1229","0"
"838","419","bot:/botfiles/mediumds.jkb","Cultist","0","user:goon","0","2","2","3","1230","1197","100","-27","0","65","1","12","4","0","grip","low_force","33","0","531","583","83","172","456","25","577","0","0","0","0","0","0","0"
"839","420","user:goon","goon","1","user:void","1","2","2","3","803","782","79","17","0","20","1","10","1","0","seeing","low_force","134","20","279","205","165","0","0","0","0","0","0","0","0","0","803","0"
"840","420","user:void","void","1","user:goon","0","2","2","3","887","887","100","-16","0","30","0","6","3","0","unknown","low_force","194","5","241","369","78","0","0","0","0","0","0","0","0","0","887","0"
"841","421","user:goon","goon","1","user:void","1","2","2","3","981","881","0","43","0","15","1","8","2","0","seeing","low_force","164","4","40","309","464","0","0","0","0","0","0","0","0","0","981","0"
"842","421","user:void","void","1","user:goon","0","2","2","3","819","777","100","-1","0","52","0","3","2","0","seeing","low_force","0","0","287","532","0","0","0","0","0","0","0","0","0","0","819","0"
"843","422","user:void","void","1","user:goon","1","2","2","3","99","33","28","80","70","0","0","2","0","0","seeing","forced_entries","21","0","65","0","13","0","0","0","0","0","0","0","0","0","99","0"
"844","422","user:goon","goon","1","user:void","0","2","2","3","102","102","100","-8","69","0","1","1","1","0","seeing","forced_entries","62","0","40","0","0","0","0","0","0","0","0","0","0","0","102","0"
"845","423","user:void","void","1","user:goon","1","2","2","3","648","608","54","89","0","3","0","4","1","0","seeing","low_force","273","28","294","28","25","0","0","0","0","0","0","0","0","0","648","0"
"846","423","user:goon","goon","1","user:void","0","2","2","3","646","646","100","-1","0","9","2","3","1","0","seeing","low_force","254","0","324","68","0","0","0","0","0","0","0","0","0","0","646","0"
"847","424","user:goon","goon","1","user:void","1","2","2","3","458","454","90","72","7","3","1","6","3","0","seeing","saber_throw","128","24","39","52","215","0","0","0","0","0","0","0","0","0","458","0"
"848","424","user:void","void","1","user:goon","0","2","2","3","474","383","100","-10","0","13","0","4","1","0","seeing","low_force","8","0","303","159","4","0","0","0","0","0","0","0","0","0","474","0"
"849","425","user:void","void","1","user:goon","1","2","2","3","374","286","12","100","29","13","2","1","0","0","seeing","low_force","154","5","46","95","74","0","0","0","0","0","0","0","0","0","374","0"
"850","425","user:goon","goon","1","user:void","0","2","2","3","309","294","100","-6","0","2","0","4","3","0","seeing","low_force","32","0","130","82","65","0","0","0","0","0","0","0","0","0","309","0"
"851","426","user:void","void","1","user:goon","1","2","2","3","494","429","35","92","39","12","0","3","2","0","seeing","low_force","228","0","93","83","90","0","0","0","0","0","0","0","0","0","494","0"
"852","426","user:goon","goon","1","user:void","0","2","2","3","554","542","100","-20","0","9","1","6","2","0","seeing","low_force","0","0","392","137","25","0","0","0","0","0","0","0","0","0","554","0"
"853","427","user:goon","goon","1","user:void","1","2","2","3","926","900","68","69","0","41","1","3","2","0","seeing","low_force","140","84","258","225","219","0","0","0","0","0","0","0","0","0","926","0"
"854","427","user:void","void","1","user:goon","0","2","2","3","796","777","100","-11","0","20","2","3","4","0","seeing","low_force","85","0","348","182","181","0","0","0","0","0","0","0","0","0","796","0"
"855","428","user:void","void","1","user:goon","1","2","2","3","808","720","12","36","0","30","0","2","3","0","seeing","low_force","191","0","330","248","39","0","0","0","0","0","0","0","0","0","808","0"
"856","428","user:goon","goon","1","user:void","0","2","2","3","750","727","100","-11","0","6","3","7","1","0","unknown","low_force","198","10","262","102","178","0","0","0","0","0","0","0","0","0","750","0"
"857","429","user:goon","goon","1","user:void","1","2","2","3","1079","1046","61","76","7","44","2","5","1","0","seeing","low_force","128","0","205","359","387","0","0","0","0","0","0","0","0","0","1079","0"
"858","429","user:void","void","1","user:goon","0","2","2","3","1058","999","100","-15","66","47","3","1","2","0","seeing","low_force","126","10","302","487","133","0","0","0","0","0","0","0","0","0","1058","0"
"859","430","user:goon","goon","1","user:void","1","2","2","3","580","480","0","98","68","13","1","1","0","0","seeing","low_force","149","178","26","148","79","0","0","0","0","0","0","0","0","0","580","0"
"860","430","user:void","void","1","user:goon","0","2","2","3","440","369","100","-8","0","12","1","6","3","0","seeing","low_force","0","0","299","111","30","0","0","0","0","0","0","0","0","0","440","0"
"861","431","user:goon","goon","1","user:void","1","2","2","3","257","208","51","100","70","0","0","1","0","0","seeing","late_defense","121","0","106","0","30","0","0","0","0","0","0","0","0","0","257","0"
"862","431","user:void","void","1","user:goon","0","2","2","3","106","98","100","-2","0","0","0","4","1","0","seeing","saber_throw","38","0","60","8","0","0","0","0","0","0","0","0","0","0","106","0"
"863","432","user:goon","goon","1","user:void","1","2","2","3","250","194","38","68","69","5","0","2","1","0","seeing","low_force","32","50","68","40","60","0","0","0","0","0","0","0","0","0","250","0"
"864","432","user:void","void","1","user:goon","0","2","2","3","227","227","100","-17","0","3","2","3","1","0","seeing","low_force","0","0","113","69","45","0","0","0","0","0","0","0","0","0","227","0"
"865","433","user:goon","goon","1","user:void","1","2","2","3","348","275","21","96","59","10","0","1","0","0","seeing","low_force","136","0","5","104","103","0","0","0","0","0","0","0","0","0","348","0"
"866","433","user:void","void","1","user:goon","0","2","2","3","296","277","100","-8","39","9","1","3","0","0","seeing","low_force","10","0","163","115","8","0","0","0","0","0","0","0","0","0","296","0"
"867","434","user:void","void","1","user:goon","1","2","2","3","121","56","35","50","0","0","0","4","0","0","seeing","saber_throw","0","0","121","0","0","0","0","0","0","0","0","0","0","0","121","0"
"868","434","user:goon","goon","1","user:void","0","2","2","3","169","169","100","-6","99","0","1","0","1","0","seeing","late_defense","58","25","86","0","0","0","0","0","0","0","0","0","0","0","169","0"
"869","435","user:goon","goon","1","user:void","1","2","2","3","305","240","35","66","18","2","1","1","1","0","seeing","low_force","139","93","35","28","10","0","0","0","0","0","0","0","0","0","305","0"
"870","435","user:void","void","1","user:goon","0","2","2","3","333","291","100","-28","0","0","2","0","1","0","seeing","late_defense","43","0","261","19","10","0","0","0","0","0","0","0","0","0","333","0"
"871","436","user:void","void","1","user:goon","1","2","2","3","1329","1283","48","80","0","37","1","6","1","0","unknown","low_force","244","0","572","306","207","0","0","0","0","0","0","0","0","0","1329","0"
"872","436","user:goon","goon","1","user:void","0","2","2","3","1229","1216","100","-10","0","34","1","14","2","0","seeing","low_force","285","42","270","309","323","0","0","0","0","0","0","0","0","0","1229","0"
"873","437","user:goon","goon","1","user:void","1","2","2","3","455","376","15","21","0","9","0","4","1","0","seeing","low_force","139","10","123","142","41","0","0","0","0","0","0","0","0","0","455","0"
"874","437","user:void","void","1","user:goon","0","2","2","3","450","386","100","-7","0","8","0","4","0","0","seeing","low_force","111","0","165","159","15","0","0","0","0","0","0","0","0","0","450","0"
"875","438","user:void","void","1","user:goon","1","2","2","3","537","456","13","52","58","13","3","3","1","0","seeing","low_force","106","0","174","134","123","0","0","0","0","0","0","0","0","0","537","0"
"876","438","user:goon","goon","1","user:void","0","2","2","3","393","393","100","-6","5","5","2","6","2","0","seeing","low_force","100","0","137","98","58","0","0","0","0","0","0","0","0","0","393","0"
"877","439","user:void","void","1","user:goon","1","2","2","3","590","501","7","85","0","13","1","2","3","0","seeing","low_force","95","20","211","86","178","0","0","0","0","0","0","0","0","0","590","0"
"878","439","user:goon","goon","1","user:void","0","2","2","3","476","412","100","-10","0","23","0","10","1","0","seeing","low_force","0","0","255","172","49","0","0","0","0","0","0","0","0","0","476","0"
"879","440","user:void","void","1","user:goon","1","2","2","3","744","656","12","43","0","36","2","3","1","0","seeing","low_force","134","0","299","236","75","0","0","0","0","0","0","0","0","0","744","0"
"880","440","user:goon","goon","1","user:void","0","2","2","3","708","708","100","-1","0","15","0","10","4","0","seeing","low_force","91","15","100","159","343","0","0","0","0","0","0","0","0","0","708","0"
"881","441","user:void","void","1","user:jundon","1","2","2","3","407","307","0","40","100","15","0","1","1","0","seeing","low_force","112","20","114","161","0","0","0","0","0","0","0","0","0","0","407","0"
"882","441","user:jundon","jundon","1","user:void","0","2","2","3","368","339","100","-11","0","0","0","8","1","0","seeing","saber_throw","0","0","191","62","115","0","0","0","0","0","0","0","0","0","368","0"
"883","442","user:void","void","1","user:jundon","1","2","2","3","2092","2024","32","38","0","41","5","9","0","0","seeing","low_force","484","191","638","379","400","0","0","0","0","0","0","0","0","0","2092","0"
"884","442","user:jundon","jundon","1","user:void","0","2","2","3","2026","1969","100","-29","0","36","2","19","3","0","seeing","low_force","65","0","1262","526","173","0","0","0","0","0","0","0","0","0","2026","0"
"885","443","user:jundon","jundon","1","user:void","1","2","2","3","784","730","46","85","0","18","0","10","1","0","seeing","low_force","199","58","51","148","328","0","0","0","0","0","0","0","0","0","784","0"
"886","443","user:void","void","1","user:jundon","0","2","2","3","830","830","100","0","0","38","2","3","3","0","seeing","low_force","43","0","398","322","67","0","0","0","0","0","0","0","0","0","830","0"
"887","444","user:jundon","jundon","1","user:void","1","2","2","3","475","385","10","90","69","22","1","3","0","0","seeing","low_force","100","0","144","197","34","0","0","0","0","0","0","0","0","0","475","0"
"888","444","user:void","void","1","user:jundon","0","2","2","3","334","286","100","-5","0","11","0","5","2","0","unknown","low_force","0","0","142","62","130","0","0","0","0","0","0","0","0","0","334","0"
"889","445","user:jundon","jundon","1","user:void","1","2","2","3","415","319","0","100","0","27","0","1","0","0","seeing","low_force","142","5","130","71","67","0","0","0","0","0","0","0","0","0","415","0"
"890","445","user:void","void","1","user:jundon","0","2","2","3","438","390","100","-10","36","5","3","4","0","0","seeing","low_force","83","0","243","73","39","0","0","0","0","0","0","0","0","0","438","0"
"891","446","user:jundon","jundon","1","user:void","1","2","2","3","426","358","26","94","99","10","3","0","0","0","seeing","low_force","105","0","214","82","25","0","0","0","0","0","0","0","0","0","426","0"
"892","446","user:void","void","1","user:jundon","0","2","2","3","305","276","100","-19","0","0","0","10","2","0","seeing","saber_throw","16","0","187","36","66","0","0","0","0","0","0","0","0","0","305","0"
"893","447","user:jundon","jundon","1","user:void","1","2","2","3","1026","937","11","96","0","25","0","8","0","0","seeing","low_force","283","20","268","263","192","0","0","0","0","0","0","0","0","0","1026","0"
"894","447","user:void","void","1","user:jundon","0","2","2","3","1113","1081","100","-5","0","23","1","9","2","0","seeing","low_force","201","4","541","328","39","0","0","0","0","0","0","0","0","0","1113","0"
"895","448","user:jundon","jundon","1","user:void","1","2","2","3","372","272","0","100","10","18","0","3","0","0","seeing","low_force","30","20","112","200","10","0","0","0","0","0","0","0","0","0","372","0"
"896","448","user:void","void","1","user:jundon","0","2","2","3","243","231","100","-14","0","5","0","7","2","0","unknown","saber_throw","60","0","56","52","75","0","0","0","0","0","0","0","0","0","243","0"
"897","449","user:jundon","jundon","1","user:void","1","2","2","3","1848","1782","34","94","0","47","1","14","1","0","seeing","low_force","262","0","791","501","294","0","0","0","0","0","0","0","0","0","1848","0"
"898","449","user:void","void","1","user:jundon","0","2","2","3","1969","1969","100","0","0","58","2","8","0","0","seeing","low_force","509","28","607","669","156","0","0","0","0","0","0","0","0","0","1969","0"
"899","450","user:jundon","jundon","1","user:void","1","2","2","3","572","493","21","85","0","13","1","6","0","0","unknown","low_force","42","0","299","122","109","0","0","0","0","0","0","0","0","0","572","0"
"900","450","user:void","void","1","user:jundon","0","2","2","3","348","348","100","0","40","16","0","5","1","0","seeing","low_force","9","0","187","112","40","0","0","0","0","0","0","0","0","0","348","0"
"901","451","user:jundon","jundon","1","user:void","1","2","2","3","232","168","30","80","8","4","0","4","0","0","seeing","low_force","0","0","179","53","0","0","0","0","0","0","0","0","0","0","232","0"
"902","451","user:void","void","1","user:jundon","0","2","2","3","163","163","100","-16","0","1","0","7","1","0","seeing","saber_throw","84","10","20","19","30","0","0","0","0","0","0","0","0","0","163","0"
"903","452","user:jundon","jundon","1","user:void","1","2","2","3","850","762","12","100","0","27","0","8","1","0","seeing","low_force","170","0","220","261","199","0","0","0","0","0","0","0","0","0","850","0"
"904","452","user:void","void","1","user:jundon","0","2","2","3","790","755","100","-23","0","37","0","6","1","0","seeing","low_force","80","0","199","412","99","0","0","0","0","0","0","0","0","0","790","0"
"905","453","user:void","void","1","bot:/botfiles/hardds.jkb","1","2","2","3","438","345","7","57","100","25","0","0","0","0","seeing","low_force","33","20","72","176","137","0","0","0","0","0","0","0","0","0","438","0"
"906","453","bot:/botfiles/hardds.jkb","Desann","0","user:void","0","2","2","3","506","489","100","-27","0","13","0","5","0","0","drain","low_force","35","0","132","125","214","20","191","11","212","0","0","0","0","72","0","0"
"907","454","user:void","void","1","bot:/botfiles/hardds.jkb","1","2","2","3","1193","1093","0","14","38","60","2","3","3","0","seeing","low_force","171","5","204","498","315","0","0","0","0","0","0","0","0","0","1193","0"
"908","454","bot:/botfiles/hardds.jkb","Desann","0","user:void","0","2","2","3","1466","1402","100","-13","0","59","2","4","4","0","grip","low_force","269","0","198","656","343","190","429","122","725","0","0","0","0","0","0","0"
"909","455","user:void","void","1","bot:/botfiles/hardds.jkb","1","2","2","3","1486","1433","41","72","36","84","0","2","4","0","seeing","low_force","197","0","135","861","293","0","0","0","0","0","0","0","0","0","1486","0"
"910","455","bot:/botfiles/hardds.jkb","Desann","0","user:void","0","2","2","3","1620","1600","100","-18","0","101","1","6","8","0","drain","low_force","115","0","281","841","383","286","519","0","793","0","0","0","0","0","0","22"
"911","456","bot:/botfiles/hardds.jkb","Desann","0","user:void","1","2","2","3","860","813","53","100","36","49","0","4","0","0","push","low_force","49","20","252","342","197","24","442","169","225","0","0","0","0","0","0","0"
"912","456","user:void","void","1","bot:/botfiles/hardds.jkb","0","2","2","3","604","604","100","0","0","28","2","4","4","0","seeing","low_force","0","0","208","252","144","0","0","0","0","0","0","0","0","0","604","0"
"913","457","user:void","void","1","bot:/botfiles/hardds.jkb","1","2","2","3","790","726","30","100","8","23","0","4","1","0","seeing","low_force","192","20","195","161","222","0","0","0","0","0","0","0","0","0","790","0"
"914","457","bot:/botfiles/hardds.jkb","Desann","0","user:void","0","2","2","3","757","757","100","-15","0","50","0","8","2","0","speed","low_force","160","0","296","256","45","58","264","25","390","0","0","0","0","20","0","0"
"915","458","user:void","void","1","bot:/botfiles/hardds.jkb","1","2","2","3","117","49","26","100","100","19","0","0","0","0","seeing","low_force","38","0","3","43","33","0","0","0","0","0","0","0","0","0","117","0"
"916","458","bot:/botfiles/hardds.jkb","Desann","0","user:void","0","2","2","3","75","75","100","-8","99","1","1","0","0","0","drain","low_force","35","0","0","40","0","0","40","0","35","0","0","0","0","0","0","0"
"917","459","user:void","void","1","bot:/botfiles/hardds.jkb","1","2","2","3","809","769","54","54","8","47","2","3","2","0","seeing","low_force","172","0","178","322","137","0","0","0","0","0","0","0","0","0","809","0"
"918","459","bot:/botfiles/hardds.jkb","Imperial","0","user:void","0","2","2","3","940","856","100","-19","0","22","1","7","2","0","grip","low_force","123","4","242","272","299","88","347","175","280","50","0","0","0","0","0","0"
"919","460","user:jundon","jundon","1","user:void","1","2","2","3","747","688","35","31","0","18","1","8","2","0","seeing","low_force","258","0","290","129","70","0","0","0","0","0","0","0","0","0","747","0"
"920","460","user:void","void","1","user:jundon","0","2","2","3","649","598","100","-10","0","1","0","12","1","0","seeing","saber_throw","272","22","213","49","93","0","0","0","0","0","0","0","0","0","649","0"
"921","461","user:jundon","jundon","1","user:void","1","2","2","3","1370","1270","0","73","0","71","1","10","1","0","seeing","low_force","153","0","310","623","284","0","0","0","0","0","0","0","0","0","1370","0"
"922","461","user:void","void","1","user:jundon","0","2","2","3","1350","1280","100","-1","0","67","1","8","1","0","seeing","low_force","136","37","213","667","297","0","0","0","0","0","0","0","0","0","1350","0"
"923","462","bot:/botfiles/hardds.jkb","Desann","0","user:goon","1","2","2","3","564","471","7","100","65","44","1","3","1","0","push","low_force","123","0","110","270","61","76","214","59","169","0","0","0","0","0","0","46"
"924","462","user:goon","goon","1","bot:/botfiles/hardds.jkb","0","2","2","3","546","541","100","-6","96","14","1","0","2","0","seeing","low_force","129","0","125","178","114","0","0","0","0","0","0","0","0","0","546","0"
"925","463","user:jundon","jundon","1","user:void","1","2","2","3","672","586","8","88","0","22","0","7","1","0","seeing","low_force","232","0","100","205","135","0","0","0","0","0","0","0","0","0","672","0"
"926","463","user:void","void","1","user:jundon","0","2","2","3","653","553","100","-16","6","24","0","7","1","0","seeing","low_force","220","0","271","143","19","0","0","0","0","0","0","0","0","0","653","0"
"927","464","user:goon","goon","1","bot:/botfiles/hardds.jkb","1","2","2","3","1485","1468","83","98","0","46","2","6","4","0","unknown","low_force","175","0","364","322","624","0","0","0","0","0","0","0","0","0","1485","0"
"928","464","bot:/botfiles/hardds.jkb","Desann","0","user:goon","0","2","2","3","1593","1593","100","-1","0","74","0","8","2","0","pull","low_force","171","0","565","719","138","183","560","219","483","56","0","0","0","0","0","92"
"929","465","user:goon","goon","1","bot:/botfiles/hardds.jkb","1","2","2","3","66","0","28","100","100","0","0","0","0","0","seeing","forced_entries","0","0","65","0","1","0","0","0","0","0","0","0","0","0","66","0"
"930","465","bot:/botfiles/hardds.jkb","Desann","0","user:goon","0","2","2","3","0","0","100","-8","100","0","1","0","1","0","","grip_control","0","0","0","0","0","0","0","0","0","0","0","0","0","0","0","0"
"931","466","user:void","void","1","user:jundon","1","2","2","3","657","557","0","57","0","16","2","6","1","0","seeing","low_force","281","0","128","163","85","0","0","0","0","0","0","0","0","0","657","0"
"932","466","user:jundon","jundon","1","user:void","0","2","2","3","589","563","100","-6","0","20","0","5","2","0","seeing","low_force","237","0","164","154","34","0","0","0","0","0","0","0","0","0","589","0"
"933","467","user:void","void","1","bot:/botfiles/hardds.jkb","1","2","2","3","207","145","32","100","40","0","0","2","0","0","seeing","forced_entries","31","0","162","0","14","0","0","0","0","0","0","0","0","0","207","0"
"934","467","bot:/botfiles/hardds.jkb","Imperial","0","user:void","0","2","2","3","139","139","100","-8","99","0","4","0","0","0","push","grip_control","59","0","80","0","0","39","60","0","40","0","0","0","0","0","0","0"
"935","468","user:goon","goon","1","bot:/botfiles/hardds.jkb","1","2","2","3","2315","2227","12","100","4","57","3","4","3","0","seeing","low_force","704","140","291","585","595","0","0","0","0","0","0","0","0","0","2315","0"
"936","468","bot:/botfiles/hardds.jkb","Desann","0","user:goon","0","2","2","3","2394","2318","100","-9","0","113","0","11","8","0","drain","low_force","138","0","1002","908","346","335","516","113","1326","0","0","0","0","90","0","14"
"937","469","user:void","void","1","user:goon","1","2","2","3","882","782","0","60","56","27","2","4","2","0","seeing","low_force","216","40","306","288","32","0","0","0","0","0","0","0","0","0","882","0"
"938","469","user:goon","goon","1","user:void","0","2","2","3","895","876","100","-22","0","5","1","7","3","0","seeing","low_force","87","0","506","142","160","0","0","0","0","0","0","0","0","0","895","0"
"939","470","user:goon","goon","1","user:void","1","2","2","3","1299","1230","31","100","31","19","2","4","4","0","seeing","low_force","384","131","319","173","292","0","0","0","0","0","0","0","0","0","1299","0"
"940","470","user:void","void","1","user:goon","0","2","2","3","1160","1102","100","-3","0","30","2","12","6","0","seeing","low_force","94","0","578","326","162","0","0","0","0","0","0","0","0","0","1160","0"
"941","471","user:void","void","1","user:goon","1","2","2","3","681","621","40","86","8","31","4","4","1","0","seeing","low_force","227","99","135","81","139","0","0","0","0","0","0","0","0","0","681","0"
"942","471","user:goon","goon","1","user:void","0","2","2","3","703","655","100","-6","0","16","1","5","3","0","unknown","low_force","19","0","451","169","64","0","0","0","0","0","0","0","0","0","703","0"
"943","472","user:goon","goon","1","user:void","1","2","2","3","1391","1304","13","78","0","28","1","9","2","0","seeing","low_force","336","99","194","287","475","0","0","0","0","0","0","0","0","0","1391","0"
"944","472","user:void","void","1","user:goon","0","2","2","3","1187","1110","100","-2","0","64","2","7","2","0","seeing","low_force","130","0","422","565","70","0","0","0","0","0","0","0","0","0","1187","0"
"945","473","user:void","void","1","user:goon","1","2","2","3","249","209","60","79","0","0","1","1","1","0","seeing","forced_entries","19","0","190","0","40","0","0","0","0","0","0","0","0","0","249","0"
"946","473","user:goon","goon","1","user:void","0","2","2","3","283","283","100","-2","0","0","2","0","0","0","seeing","late_defense","140","0","143","0","0","0","0","0","0","0","0","0","0","0","283","0"
"947","474","user:void","void","1","user:goon","1","2","2","3","111","54","37","96","100","0","2","0","0","0","seeing","forced_entries","39","0","59","0","13","0","0","0","0","0","0","0","0","0","111","0"
"948","474","user:goon","goon","1","user:void","0","2","2","3","114","114","100","-8","100","0","1","0","0","0","seeing","forced_entries","20","0","94","0","0","0","0","0","0","0","0","0","0","0","114","0"
"949","475","user:void","void","1","user:goon","1","2","2","3","651","559","8","96","9","21","1","1","1","0","seeing","low_force","278","0","111","162","100","0","0","0","0","0","0","0","0","0","651","0"
"950","475","user:goon","goon","1","user:void","0","2","2","3","711","711","100","-6","0","11","4","5","3","0","seeing","low_force","96","0","349","109","157","0","0","0","0","0","0","0","0","0","711","0"
"951","476","user:void","void","1","user:goon","1","2","2","3","479","398","19","54","100","30","1","1","0","0","seeing","low_force","80","0","129","250","20","0","0","0","0","0","0","0","0","0","479","0"
"952","476","user:goon","goon","1","user:void","0","2","2","3","479","402","100","-7","0","11","0","6","3","0","seeing","low_force","0","0","139","114","226","0","0","0","0","0","0","0","0","0","479","0"
"953","477","user:goon","goon","1","user:void","1","2","2","3","1579","1497","12","100","0","82","2","4","2","0","seeing","low_force","489","57","253","581","199","0","0","0","0","0","0","0","0","0","1579","0"
"954","477","user:void","void","1","user:goon","0","2","2","3","1371","1275","100","-9","0","42","2","10","7","0","seeing","low_force","188","0","517","384","282","0","0","0","0","0","0","0","0","0","1371","0"
"955","478","user:goon","goon","1","user:void","1","2","2","3","661","567","0","69","0","6","3","4","2","0","seeing","low_force","116","0","427","60","58","0","0","0","0","0","0","0","0","0","661","0"
"956","478","user:void","void","1","user:goon","0","2","2","3","534","466","100","-1","0","5","0","7","2","0","unknown","low_force","166","0","264","65","39","0","0","0","0","0","0","0","0","0","534","0"
"957","479","user:void","void","1","bot:/botfiles/hardds.jkb","1","2","2","3","2404","2337","33","16","0","118","2","6","6","0","unknown","low_force","466","0","784","761","393","0","0","0","0","0","0","0","0","0","2404","0"
"958","479","bot:/botfiles/hardds.jkb","Imperial","0","user:void","0","2","2","3","2625","2602","100","-4","0","121","4","18","4","0","pull","low_force","706","24","452","927","516","287","766","231","1341","0","0","0","0","0","0","0"
"959","480","bot:/botfiles/hardds.jkb","Imperial","0","user:void","1","2","2","3","872","777","5","55","0","12","2","5","0","0","pull","low_force","45","0","154","289","384","56","382","0","434","0","0","0","0","0","0","0"
"960","480","user:void","void","1","bot:/botfiles/hardds.jkb","0","2","2","3","629","629","100","-12","40","52","0","2","0","0","unknown","low_force","62","0","183","287","97","0","0","0","0","0","0","0","0","0","629","0"
"961","481","user:void","void","1","bot:/botfiles/hardds.jkb","1","2","2","3","73","33","54","100","100","0","0","0","0","0","seeing","forced_entries","0","0","62","0","11","0","0","0","0","0","0","0","0","0","73","0"
"962","481","bot:/botfiles/hardds.jkb","Imperial","0","user:void","0","2","2","3","0","0","100","-8","99","0","1","0","1","0","","grip_control","0","0","0","0","0","0","0","0","0","0","0","0","0","0","0","0"
"963","482","user:void","void","1","bot:/botfiles/hardds.jkb","1","2","2","3","868","781","13","32","39","27","2","2","2","0","seeing","low_force","211","51","114","276","216","0","0","0","0","0","0","0","0","0","868","0"
"964","482","bot:/botfiles/hardds.jkb","Imperial","0","user:void","0","2","2","3","913","853","100","-27","0","53","3","3","2","0","push","low_force","0","0","397","399","117","152","274","84","403","0","0","0","0","0","0","0"
"965","483","bot:/botfiles/hardds.jkb","Imperial","0","user:void","1","2","2","3","1599","1569","70","69","0","63","0","12","2","0","grip","low_force","121","42","214","517","705","38","746","101","714","0","0","0","0","0","0","0"
"966","483","user:void","void","1","bot:/botfiles/hardds.jkb","0","2","2","3","1198","1129","100","0","0","80","1","6","1","0","seeing","low_force","83","0","329","632","154","0","0","0","0","0","0","0","0","0","1198","0"
"967","484","bot:/botfiles/hardds.jkb","Imperial","0","user:void","1","2","2","3","128","36","8","100","100","15","0","0","0","0","grip","low_force","5","0","103","20","0","0","24","104","0","0","0","0","0","0","0","0"
"968","484","user:void","void","1","bot:/botfiles/hardds.jkb","0","2","2","3","0","0","100","-6","69","0","1","2","0","0","unknown","saber_throw","0","0","0","0","0","0","0","0","0","0","0","0","0","0","0","0"
"969","485","user:void","void","1","user:goon","1","2","2","3","434","365","25","80","0","3","0","5","1","0","unknown","saber_throw","128","0","217","15","74","0","0","0","0","0","0","0","0","0","434","0"
"970","485","user:goon","goon","1","user:void","0","2","2","3","432","432","100","-8","8","13","3","3","2","0","seeing","low_force","154","5","161","104","8","0","0","0","0","0","0","0","0","0","432","0"
"971","486","user:jundon","jundon","1","user:void","1","2","2","3","819","727","8","25","0","34","1","9","2","0","seeing","low_force","227","0","246","292","54","0","0","0","0","0","0","0","0","0","819","0"
"972","486","user:void","void","1","user:jundon","0","2","2","3","745","649","100","-12","0","11","1","9","2","0","seeing","low_force","132","0","292","101","220","0","0","0","0","0","0","0","0","0","745","0"
"973","487","user:jundon","jundon","1","user:void","1","2","2","3","387","287","0","100","68","17","0","3","1","0","unknown","low_force","195","0","24","168","0","0","0","0","0","0","0","0","0","0","387","0"
"974","487","user:void","void","1","user:jundon","0","2","2","3","480","406","100","-4","0","1","0","5","0","0","seeing","saber_throw","71","0","231","55","123","0","0","0","0","0","0","0","0","0","480","0"
"975","488","user:jundon","jundon","1","user:void","1","2","2","3","980","969","83","49","0","42","0","10","2","0","seeing","low_force","49","4","312","384","231","0","0","0","0","0","0","0","0","0","980","0"
"976","488","user:void","void","1","user:jundon","0","2","2","3","1090","1029","100","-8","0","33","1","10","2","0","seeing","low_force","153","6","180","316","435","0","0","0","0","0","0","0","0","0","1090","0"
"977","489","user:jundon","jundon","1","user:void","1","2","2","3","1005","905","0","88","0","38","2","11","3","0","unknown","low_force","41","0","295","346","323","0","0","0","0","0","0","0","0","0","1005","0"
"978","489","user:void","void","1","user:jundon","0","2","2","3","986","911","100","-12","0","63","0","3","5","0","seeing","low_force","162","0","257","370","197","0","0","0","0","0","0","0","0","0","986","0"
"979","490","user:jundon","jundon","1","user:void","1","2","2","3","213","172","53","7","0","1","1","7","0","0","seeing","saber_throw","88","0","62","4","59","0","0","0","0","0","0","0","0","0","213","0"
"980","490","user:void","void","1","user:jundon","0","2","2","3","355","255","100","-3","0","7","0","1","0","0","seeing","low_force","0","0","276","74","5","0","0","0","0","0","0","0","0","0","355","0"
"981","491","user:jundon","jundon","1","user:void","1","2","2","3","1297","1219","16","77","0","66","0","8","2","0","seeing","low_force","109","0","346","472","370","0","0","0","0","0","0","0","0","0","1297","0"
"982","491","user:void","void","1","user:jundon","0","2","2","3","1130","1030","100","-12","0","50","0","11","4","0","unknown","low_force","101","10","239","539","241","0","0","0","0","0","0","0","0","0","1130","0"
"983","492","user:jundon","jundon","1","user:void","1","2","2","3","215","148","27","28","0","0","0","6","0","0","seeing","saber_throw","0","0","73","142","0","0","0","0","0","0","0","0","0","0","215","0"
"984","492","user:void","void","1","user:jundon","0","2","2","3","232","205","100","-6","60","5","1","1","1","0","seeing","low_force","40","0","76","116","0","0","0","0","0","0","0","0","0","0","232","0"
"985","493","user:jundon","jundon","1","user:void","1","2","2","3","506","406","0","50","9","20","1","4","1","0","seeing","low_force","120","0","94","233","59","0","0","0","0","0","0","0","0","0","506","0"
"986","493","user:void","void","1","user:jundon","0","2","2","3","405","384","100","0","0","12","0","3","1","0","seeing","low_force","9","0","145","142","109","0","0","0","0","0","0","0","0","0","405","0"
"987","494","user:jundon","jundon","1","user:void","1","2","2","3","576","484","8","89","0","11","2","5","1","0","seeing","low_force","215","0","217","120","24","0","0","0","0","0","0","0","0","0","576","0"
"988","494","user:void","void","1","user:jundon","0","2","2","3","480","480","100","-4","0","8","0","7","1","0","seeing","low_force","166","0","208","77","29","0","0","0","0","0","0","0","0","0","480","0"
"989","495","user:void","void","1","user:jundon","1","2","2","3","386","315","23","58","0","21","0","3","1","0","seeing","low_force","0","0","135","116","135","0","0","0","0","0","0","0","0","0","386","0"
"990","495","user:jundon","jundon","1","user:void","0","2","2","3","497","497","100","-13","39","18","3","5","1","0","seeing","low_force","66","0","74","218","139","0","0","0","0","0","0","0","0","0","497","0"
"991","496","user:jundon","jundon","1","user:void","1","2","2","3","298","276","78","82","0","0","0","5","1","0","seeing","saber_throw","110","0","40","0","148","0","0","0","0","0","0","0","0","0","298","0"
"992","496","user:void","void","1","user:jundon","0","2","2","3","366","366","100","-10","0","7","0","3","0","0","seeing","low_force","133","0","109","124","0","0","0","0","0","0","0","0","0","0","366","0"
"993","497","user:void","void","1","bot:/botfiles/hardds.jkb","1","2","2","3","302","202","0","20","98","24","0","0","1","0","seeing","low_force","77","0","20","181","24","0","0","0","0","0","0","0","0","0","302","0"
"994","497","bot:/botfiles/hardds.jkb","Imperial","0","user:void","0","2","2","3","364","335","100","-11","0","12","0","7","1","0","drain","low_force","65","0","5","191","103","20","149","0","195","0","0","0","0","0","0","0"
"995","498","bot:/botfiles/hardds.jkb","Imperial","0","user:void","1","2","2","3","427","374","47","84","38","7","0","4","1","0","drain","low_force","78","40","44","98","167","18","194","0","215","0","0","0","0","0","0","0"
"996","498","user:void","void","1","bot:/botfiles/hardds.jkb","0","2","2","3","412","412","80","0","0","25","0","2","0","0","seeing","low_force","33","0","165","174","40","0","0","0","0","0","0","0","0","0","412","0"
"997","499","user:void","void","1","bot:/botfiles/hardds.jkb","1","2","2","3","1057","965","2","66","37","40","3","3","2","0","seeing","low_force","121","31","285","352","268","0","0","0","0","0","0","0","0","0","1057","0"
"998","499","bot:/botfiles/hardds.jkb","Imperial","0","user:void","0","2","2","3","1151","1084","100","-5","0","60","3","8","2","0","pull","low_force","88","19","344","497","203","219","309","238","385","0","0","0","0","0","0","0"
"999","500","user:void","void","1","bot:/botfiles/hardds.jkb","1","2","2","3","755","678","23","54","9","37","1","3","2","0","seeing","low_force","155","34","72","264","230","0","0","0","0","0","0","0","0","0","755","0"
"1000","500","bot:/botfiles/hardds.jkb","Imperial","0","user:void","0","2","2","3","806","779","100","-6","0","40","0","8","2","0","drain","low_force","36","0","253","363","154","153","235","94","324","0","0","0","0","0","0","0"
"1001","501","user:void","void","1","bot:/botfiles/hardds.jkb","1","2","2","3","439","339","0","60","39","19","0","2","0","0","seeing","low_force","132","0","68","127","112","0","0","0","0","0","0","0","0","0","439","0"
"1002","501","bot:/botfiles/hardds.jkb","Imperial","0","user:void","0","2","2","3","464","385","100","-5","0","9","2","5","2","0","pull","low_force","27","0","163","264","10","77","173","20","194","0","0","0","0","0","0","0"
"1003","502","bot:/botfiles/hardds.jkb","Imperial","0","user:void","1","2","2","3","2001","1922","21","51","0","106","2","12","3","0","drain","low_force","246","47","299","848","561","133","851","300","717","0","0","0","0","0","0","0"
"1004","502","user:void","void","1","bot:/botfiles/hardds.jkb","0","2","2","3","1673","1673","100","-1","0","85","4","6","5","0","unknown","low_force","76","0","346","880","371","0","0","0","0","0","0","0","0","0","1673","0"
"1005","503","user:void","void","1","bot:/botfiles/hardds.jkb","1","2","2","3","71","0","23","100","100","0","0","0","0","0","seeing","low_force","0","0","65","0","6","0","0","0","0","0","0","0","0","0","71","0"
"1006","503","bot:/botfiles/hardds.jkb","Desann","0","user:void","0","2","2","3","0","0","100","-8","100","0","1","0","1","0","","grip_control","0","0","0","0","0","0","0","0","0","0","0","0","0","0","0","0"
"1007","504","bot:/botfiles/hardds.jkb","Desann","0","user:void","1","2","2","3","881","787","6","78","0","37","3","7","1","0","pull","low_force","213","20","196","272","180","19","417","67","378","0","0","0","0","0","0","0"
"1008","504","user:void","void","1","bot:/botfiles/hardds.jkb","0","2","2","3","778","778","100","0","37","21","1","2","2","0","seeing","low_force","288","0","153","180","157","0","0","0","0","0","0","0","0","0","778","0"
"1009","505","user:void","void","1","bot:/botfiles/hardds.jkb","1","2","2","3","255","162","7","20","100","12","0","0","0","0","seeing","low_force","0","0","127","128","0","0","0","0","0","0","0","0","0","0","255","0"
"1010","505","bot:/botfiles/hardds.jkb","Desann","0","user:void","0","2","2","3","225","217","100","-1","0","4","1","7","0","0","push","low_force","5","0","59","77","84","19","105","0","101","0","0","0","0","0","0","0"
"1011","506","user:void","void","1","bot:/botfiles/hardds.jkb","1","2","2","3","1042","942","0","78","37","55","3","3","4","0","unknown","low_force","88","15","273","413","253","0","0","0","0","0","0","0","0","0","1042","0"
"1012","506","bot:/botfiles/hardds.jkb","Desann","0","user:void","0","2","2","3","1228","1223","100","-24","0","53","2","7","4","0","drain","low_force","136","0","318","357","417","154","367","233","474","0","0","0","0","0","0","0"
"1013","507","bot:/botfiles/hardds.jkb","Desann","0","user:void","1","2","2","3","348","319","71","68","38","9","1","3","0","0","pull","low_force","0","0","110","75","163","42","125","0","177","0","0","0","0","0","0","4"
"1014","507","user:void","void","1","bot:/botfiles/hardds.jkb","0","2","2","3","337","316","100","-28","0","5","0","1","1","0","seeing","low_force","42","44","67","175","9","0","0","0","0","0","0","0","0","0","337","0"
"1015","508","bot:/botfiles/hardds.jkb","Desann","0","user:void","1","2","2","3","515","429","14","88","6","28","1","4","0","0","speed","low_force","157","29","105","168","56","25","156","60","250","0","0","0","0","24","0","0"
"1016","508","user:void","void","1","bot:/botfiles/hardds.jkb","0","2","2","3","490","490","100","-2","68","11","1","1","1","0","unknown","low_force","67","0","247","93","83","0","0","0","0","0","0","0","0","0","490","0"
"1017","509","user:void","void","1","bot:/botfiles/hardds.jkb","1","2","2","3","351","272","15","75","0","19","0","2","2","0","seeing","low_force","31","0","266","29","25","0","0","0","0","0","0","0","0","0","351","0"
"1018","509","bot:/botfiles/hardds.jkb","Desann","0","user:void","0","2","2","3","392","392","100","-8","96","7","3","0","2","0","grip","low_force","134","83","130","45","0","38","128","45","181","0","0","0","0","0","0","0"
"1019","510","bot:/botfiles/hardds.jkb","Desann","0","user:void","1","2","2","3","266","170","4","96","99","18","3","1","0","0","push","low_force","107","0","109","31","19","44","19","98","105","0","0","0","0","0","0","0"
"1020","510","user:void","void","1","bot:/botfiles/hardds.jkb","0","2","2","3","307","307","100","-8","40","1","1","2","1","0","seeing","low_force","12","0","280","1","14","0","0","0","0","0","0","0","0","0","307","0"
"1021","511","bot:/botfiles/hardds.jkb","Desann","0","user:void","1","2","2","3","200","165","65","66","0","3","0","4","1","0","grip","low_force","5","0","68","43","84","19","96","25","60","0","0","0","0","0","0","0"
"1022","511","user:void","void","1","bot:/botfiles/hardds.jkb","0","2","2","3","159","159","100","0","69","8","0","1","1","0","unknown","low_force","20","0","90","49","0","0","0","0","0","0","0","0","0","0","159","0"
"1023","512","user:void","void","1","bot:/botfiles/hardds.jkb","1","2","2","3","1064","976","12","40","66","82","0","2","2","0","seeing","low_force","122","0","164","652","126","0","0","0","0","0","0","0","0","0","1064","0"
"1024","512","bot:/botfiles/hardds.jkb","Desann","0","user:void","0","2","2","3","1238","1172","100","-6","0","77","1","8","4","0","pull","low_force","60","0","156","730","292","210","513","0","515","0","0","0","0","0","0","0"
"1025","513","bot:/botfiles/hardds.jkb","Desann","0","user:void","1","2","2","3","303","222","19","100","39","6","0","3","0","0","pull","low_force","30","0","40","71","162","0","154","0","149","0","0","0","0","0","0","0"
"1026","513","user:void","void","1","bot:/botfiles/hardds.jkb","0","2","2","3","203","203","100","0","99","15","0","0","1","0","seeing","low_force","40","0","26","137","0","0","0","0","0","0","0","0","0","0","203","0"
"1027","514","user:void","void","1","bot:/botfiles/hardds.jkb","1","2","2","3","820","720","0","70","66","33","1","1","4","0","seeing","low_force","69","22","124","357","248","0","0","0","0","0","0","0","0","0","820","0"
"1028","514","bot:/botfiles/hardds.jkb","Desann","0","user:void","0","2","2","3","756","686","100","-11","0","57","1","3","4","0","push","low_force","5","0","114","447","190","94","192","52","418","0","0","0","0","0","0","0"
"1029","515","user:void","void","1","bot:/botfiles/hardds.jkb","1","2","2","3","1029","939","4","48","36","65","0","4","5","0","unknown","low_force","187","4","144","517","177","0","0","0","0","0","0","0","0","0","1029","0"
"1030","515","bot:/botfiles/hardds.jkb","Desann","0","user:void","0","2","2","3","1202","1190","100","-1","0","35","1","9","6","0","push","low_force","95","0","266","418","423","222","349","12","561","0","0","0","0","0","0","58"
"1031","516","bot:/botfiles/hardds4.jkb","Reborn_Twin","0","user:void","1","2","2","3","2315","2226","11","56","0","129","1","11","4","0","speed","low_force","340","60","390","1126","399","129","1150","24","988","0","0","0","0","24","0","0"
"1032","516","user:void","void","1","bot:/botfiles/hardds4.jkb","0","2","2","3","1881","1846","100","-4","0","125","0","6","7","0","unknown","low_force","311","0","359","887","324","0","0","0","0","0","0","0","0","0","1881","0"
"1033","517","user:socrates","socrates","1","user:void","1","2","2","3","519","419","0","24","10","28","0","5","1","0","seeing","low_force","0","0","92","362","65","0","0","0","0","0","0","0","0","0","519","0"
"1034","517","user:void","void","1","user:socrates","0","2","2","3","514","445","100","-7","0","17","0","7","2","0","unknown","low_force","0","0","90","141","283","0","0","0","0","0","0","0","0","0","514","0"
"1035","518","user:socrates","socrates","1","user:void","1","2","2","3","998","898","0","26","0","44","2","9","3","0","seeing","low_force","296","19","98","450","135","0","0","0","0","0","0","0","0","0","998","0"
"1036","518","user:void","void","1","user:socrates","0","2","2","3","982","926","100","-12","0","30","0","10","1","0","unknown","low_force","190","0","247","330","215","0","0","0","0","0","0","0","0","0","982","0"
"1037","519","user:void","void","1","user:socrates","1","2","2","3","455","355","0","35","0","7","0","6","1","0","seeing","low_force","24","0","25","128","278","0","0","0","0","0","0","0","0","0","455","0"
"1038","519","user:socrates","socrates","1","user:void","0","2","2","3","461","411","100","-4","0","24","1","5","2","0","seeing","low_force","26","0","130","300","5","0","0","0","0","0","0","0","0","0","461","0"
"1039","520","user:socrates","socrates","1","user:void","1","2","2","3","1274","1210","30","1","0","64","1","8","1","0","seeing","low_force","217","0","276","611","170","0","0","0","0","0","0","0","0","0","1274","0"
"1040","520","user:void","void","1","user:socrates","0","2","2","3","1124","1043","100","-14","38","39","2","6","3","0","unknown","low_force","255","122","164","411","172","0","0","0","0","0","0","0","0","0","1124","0"
"1041","521","user:socrates","socrates","1","user:void","1","2","2","3","510","410","0","78","40","45","1","3","0","0","seeing","low_force","40","0","64","406","0","0","0","0","0","0","0","0","0","0","510","0"
"1042","521","user:void","void","1","user:socrates","0","2","2","3","383","302","100","0","0","6","0","9","2","0","seeing","low_force","26","0","40","137","180","0","0","0","0","0","0","0","0","0","383","0"
"1043","522","user:void","void","1","user:socrates","1","2","2","3","395","342","41","40","40","0","0","4","4","0","seeing","saber_throw","87","0","93","0","215","0","0","0","0","0","0","0","0","0","395","0"
"1044","522","user:socrates","socrates","1","user:void","0","2","2","3","539","459","100","-8","38","22","3","2","2","0","seeing","low_force","80","0","217","242","0","0","0","0","0","0","0","0","0","0","539","0"
"1045","523","user:void","void","1","user:socrates","1","2","2","3","4275","4227","52","53","0","173","6","14","5","0","unknown","low_force","801","15","810","1421","1228","0","0","0","0","0","0","0","0","0","4275","0"
"1046","523","user:socrates","socrates","1","user:void","0","2","2","3","4383","4383","100","-2","0","228","8","9","5","0","seeing","low_force","831","75","1048","1854","575","0","0","0","0","0","0","0","0","0","4383","0"
"1047","524","user:socrates","socrates","1","user:void","1","2","2","3","437","341","4","26","56","22","2","2","2","0","seeing","low_force","20","0","216","201","0","0","0","0","0","0","0","0","0","0","437","0"
"1048","524","user:void","void","1","user:socrates","0","2","2","3","296","282","100","-2","0","9","0","8","2","0","unknown","low_force","6","0","67","72","151","0","0","0","0","0","0","0","0","0","296","0"
"1049","525","iphash:eee2a3ba","couchlaptop","2","user:socrates","1","2","2","3","418","322","4","76","40","12","1","2","0","0","seeing","low_force","96","20","167","96","39","0","0","0","0","0","0","0","0","0","418","0"
"1050","525","user:socrates","socrates","1","iphash:eee2a3ba","0","2","2","3","299","224","100","-6","0","7","1","8","3","0","seeing","low_force","0","30","119","105","45","0","0","0","0","0","0","0","0","0","299","0"
"1051","526","iphash:eee2a3ba","couchlaptop","2","user:socrates","1","2","2","3","412","325","7","68","0","14","0","6","1","0","seeing","low_force","20","0","60","177","155","0","0","0","0","0","0","0","0","0","412","0"
"1052","526","user:socrates","socrates","1","iphash:eee2a3ba","0","2","2","3","296","230","100","0","69","19","0","2","1","0","seeing","low_force","51","0","79","166","0","0","0","0","0","0","0","0","0","0","296","0"
"1053","527","iphash:eee2a3ba","couchlaptop","2","user:socrates","1","2","2","3","854","761","7","90","67","49","4","1","0","0","seeing","low_force","210","0","193","437","14","0","0","0","0","0","0","0","0","0","854","0"
"1054","527","user:socrates","socrates","1","iphash:eee2a3ba","0","2","2","3","746","746","100","-4","0","10","0","8","3","0","seeing","low_force","0","0","222","236","288","0","0","0","0","0","0","0","0","0","746","0"
"1055","528","user:void","void","1","user:socrates","1","2","2","3","546","491","39","68","0","7","0","8","1","0","seeing","low_force","86","0","41","79","340","0","0","0","0","0","0","0","0","0","546","0"
"1056","528","user:socrates","socrates","1","user:void","0","2","2","3","490","402","100","-18","39","29","1","3","2","0","seeing","low_force","78","0","147","265","0","0","0","0","0","0","0","0","0","0","490","0"
"1057","529","user:void","void","1","user:socrates","1","2","2","3","1093","1008","15","96","99","44","3","0","2","0","seeing","low_force","293","15","88","372","325","0","0","0","0","0","0","0","0","0","1093","0"
"1058","529","user:socrates","socrates","1","user:void","0","2","2","3","1060","1047","100","-18","0","57","1","3","4","0","seeing","low_force","217","0","178","600","65","0","0","0","0","0","0","0","0","0","1060","0"
"1059","530","user:void","void","1","user:socrates","1","2","2","3","365","283","18","80","30","1","4","1","0","0","seeing","grip_control","130","61","90","20","64","0","0","0","0","0","0","0","0","0","365","0"
"1060","530","user:socrates","socrates","1","user:void","0","2","2","3","278","278","100","-6","0","4","0","4","1","0","seeing","low_force","0","0","256","22","0","0","0","0","0","0","0","0","0","0","278","0"
"1061","531","user:void","void","1","bot:/botfiles/hardds.jkb","1","2","2","3","703","606","3","66","8","38","1","4","1","0","seeing","low_force","97","0","203","300","103","0","0","0","0","0","0","0","0","0","703","0"
"1062","531","bot:/botfiles/hardds.jkb","Desann","0","user:void","0","2","2","3","728","728","100","-9","0","20","1","5","3","0","speed","low_force","85","20","153","135","335","76","222","105","320","0","0","0","0","5","0","0"
"1063","532","user:void","void","1","bot:/botfiles/hardds.jkb","1","2","2","3","732","632","0","12","38","34","0","2","1","0","seeing","low_force","145","48","165","248","126","0","0","0","0","0","0","0","0","0","732","0"
"1064","532","bot:/botfiles/hardds.jkb","Imperial","0","user:void","0","2","2","3","795","727","100","-9","0","32","2","7","2","0","push","low_force","35","0","267","369","124","95","272","24","404","0","0","0","0","0","0","0"
"1065","533","user:void","void","1","bot:/botfiles/hardds.jkb","1","2","2","3","399","317","12","72","39","22","1","2","1","0","unknown","low_force","122","0","42","170","65","0","0","0","0","0","0","0","0","0","399","0"
"1066","533","bot:/botfiles/hardds.jkb","Imperial","0","user:void","0","2","2","3","475","427","100","-7","0","18","1","8","2","0","pull","low_force","31","0","215","164","65","81","182","61","151","0","0","0","0","0","0","0"
"1067","534","bot:/botfiles/hardds.jkb","Imperial","0","user:void","1","2","2","3","207","120","13","100","99","13","0","0","0","0","pull","low_force","5","0","145","13","44","0","134","73","0","0","0","0","0","0","0","0"
"1068","534","user:void","void","1","bot:/botfiles/hardds.jkb","0","2","2","3","0","0","100","-26","0","0","1","4","1","0","unknown","saber_throw","0","0","0","0","0","0","0","0","0","0","0","0","0","0","0","0"
"1069","535","user:jundon","jundon","1","bot:/botfiles/hardds4.jkb","1","2","2","3","746","671","25","76","10","30","0","3","3","0","unknown","low_force","103","24","144","252","223","0","0","0","0","0","0","0","0","0","746","0"
"1070","535","bot:/botfiles/hardds4.jkb","Reborn_Twin","0","user:jundon","0","2","2","3","838","763","100","-2","0","55","0","6","1","0","pull","low_force","40","35","197","427","139","71","474","0","261","0","0","0","0","0","0","32"
"1071","536","user:jundon","jundon","1","user:void","1","2","2","3","701","609","2","48","0","19","0","8","3","0","seeing","low_force","25","0","258","249","169","0","0","0","0","0","0","0","0","0","701","0"
"1072","536","user:void","void","1","user:jundon","0","2","2","3","706","618","100","-13","0","28","0","5","1","0","seeing","low_force","211","4","132","236","123","0","0","0","0","0","0","0","0","0","706","0"
"1073","537","user:jundon","jundon","1","user:void","1","2","2","3","494","400","6","60","36","7","1","4","1","0","seeing","low_force","228","38","60","63","105","0","0","0","0","0","0","0","0","0","494","0"
"1074","537","user:void","void","1","user:jundon","0","2","2","3","552","528","100","-8","0","10","0","5","2","0","seeing","low_force","159","0","257","132","4","0","0","0","0","0","0","0","0","0","552","0"
"1075","538","user:jundon","jundon","1","user:void","1","2","2","3","287","197","4","60","38","11","0","4","0","0","seeing","low_force","59","0","122","106","0","0","0","0","0","0","0","0","0","0","287","0"
"1076","538","user:void","void","1","user:jundon","0","2","2","3","221","200","100","-5","0","2","0","8","0","0","seeing","saber_throw","26","0","85","60","50","0","0","0","0","0","0","0","0","0","221","0"
"1077","539","iphash:fa31973a","^0-=^3'/^7o^3!^0d^0=-^6","2","bot:/botfiles/mediumds.jkb","1","2","2","3","352","267","9","54","39","28","2","2","0","0","unknown","low_force","0","0","220","76","56","0","0","0","0","0","0","0","0","0","352","0"
"1078","539","bot:/botfiles/mediumds.jkb","Saboteur","0","iphash:fa31973a","0","2","2","3","445","421","100","-3","99","1","2","1","1","0","pull","low_force","51","5","274","110","5","20","169","126","80","50","0","0","0","0","0","0"
"1079","540","user:void","void","1","bot:/botfiles/mediumds.jkb","1","2","2","3","71","0","23","100","100","0","0","0","0","0","seeing","low_force","0","0","65","0","6","0","0","0","0","0","0","0","0","0","71","0"
"1080","540","bot:/botfiles/mediumds.jkb","Cultist^7[0]","0","user:void","0","2","2","3","0","0","100","-8","100","0","1","0","0","0","","grip_control","0","0","0","0","0","0","0","0","0","0","0","0","0","0","0","0"
"1081","541","bot:/botfiles/mediumds.jkb","Cultist^7[0]","0","user:void","1","2","2","3","408","345","37","79","0","5","1","3","1","0","pull","low_force","54","35","253","37","29","59","164","10","125","0","0","0","0","50","0","0"
"1082","541","user:void","void","1","bot:/botfiles/mediumds.jkb","0","2","2","3","279","279","100","0","10","7","0","2","1","0","unknown","low_force","72","0","177","26","4","0","0","0","0","0","0","0","0","0","279","0"
"1083","542","bot:/botfiles/mediumds.jkb","Cultist^7[0]","0","user:void","1","2","2","3","209","130","21","100","100","5","0","0","0","0","speed","low_force","5","0","199","5","0","20","80","84","0","0","0","0","0","25","0","0"
"1084","542","user:void","void","1","bot:/botfiles/mediumds.jkb","0","2","2","3","0","0","100","-6","39","0","1","4","0","0","unknown","saber_throw","0","0","0","0","0","0","0","0","0","0","0","0","0","0","0","0"
"1085","543","bot:/botfiles/hardds4.jkb","New_Reborn","0","user:void","1","2","2","3","404","339","35","92","98","9","3","0","1","0","push","low_force","111","0","139","149","5","63","165","20","106","0","0","0","0","50","0","0"
"1086","543","user:void","void","1","bot:/botfiles/hardds4.jkb","0","2","2","3","341","341","100","0","68","2","0","3","1","0","seeing","low_force","90","0","158","40","53","0","0","0","0","0","0","0","0","0","341","0"
"1087","544","bot:/botfiles/hardds4.jkb","New_Reborn","0","user:void","1","2","2","3","1003","946","43","80","38","49","1","4","2","0","drain","low_force","172","0","373","353","105","58","478","217","250","0","0","0","0","0","0","0"
"1088","544","user:void","void","1","bot:/botfiles/hardds4.jkb","0","2","2","3","882","882","100","-8","0","21","3","7","3","0","seeing","low_force","5","0","452","208","217","0","0","0","0","0","0","0","0","0","882","0"
"1089","545","bot:/botfiles/hardds4.jkb","New_Reborn","0","iphash:fa31973a","1","2","2","3","333","241","8","98","39","20","1","0","0","0","speed","low_force","98","0","185","50","0","19","182","107","0","0","0","0","0","25","0","0"
"1090","545","iphash:fa31973a","^0-=^3'/^7o^3!^0d^0=-^6","2","bot:/botfiles/hardds4.jkb","0","2","2","3","172","157","100","-6","0","0","1","4","2","0","unknown","saber_throw","15","0","132","0","25","0","0","0","0","0","0","0","0","0","172","0"
"1091","546","iphash:fa31973a","^0-=^3'/^7o^3!^0d^0=-^6","2","bot:/botfiles/hardds4.jkb","1","2","2","3","92","41","43","100","100","0","0","0","0","0","seeing","forced_entries","0","0","65","0","27","0","0","0","0","0","0","0","0","0","92","0"
"1092","546","bot:/botfiles/hardds4.jkb","New_Reborn","0","iphash:fa31973a","0","2","2","3","0","0","100","-8","100","0","1","0","0","0","","grip_control","0","0","0","0","0","0","0","0","0","0","0","0","0","0","0","0"
"1093","547","bot:/botfiles/hardds4.jkb","New_Reborn","0","iphash:fa31973a","1","2","2","3","2484","2416","32","64","0","154","4","9","4","0","push","low_force","394","5","386","1323","376","251","689","328","1164","0","0","0","0","0","0","52"
"1094","547","iphash:fa31973a","^0-=^3'/^7o^3!^0d^0=-^6","2","bot:/botfiles/hardds4.jkb","0","2","2","3","2101","2101","100","-4","0","97","4","3","4","0","seeing","low_force","277","0","351","811","662","0","0","0","0","0","0","0","0","0","2101","0"
"1095","548","iphash:fa31973a","^0-=^3'/^7o^3!^0d^0=-^6","2","bot:/botfiles/hardds4.jkb","1","2","2","3","421","362","41","10","10","5","1","3","2","0","seeing","low_force","33","0","112","247","29","0","0","0","0","0","0","0","0","0","421","0"
"1096","548","bot:/botfiles/hardds4.jkb","New_Reborn","0","iphash:fa31973a","0","2","2","3","548","473","100","0","0","41","1","5","1","0","drain","low_force","90","0","120","214","124","80","189","114","115","0","0","0","0","50","0","0"
"1097","549","user:void","void","1","bot:/botfiles/hardds4.jkb","1","2","2","3","1698","1607","9","100","0","62","4","5","4","0","unknown","low_force","309","0","331","495","563","0","0","0","0","0","0","0","0","0","1698","0"
"1098","549","bot:/botfiles/hardds4.jkb","New_Reborn","0","user:void","0","2","2","3","1855","1759","100","-4","0","138","3","3","5","0","pull","low_force","263","0","598","780","214","242","533","489","515","0","0","0","0","76","0","0"
"1099","550","user:void","void","1","bot:/botfiles/hardds4.jkb","1","2","2","3","1701","1601","0","44","6","80","1","4","3","0","seeing","low_force","67","0","595","626","413","0","0","0","0","0","0","0","0","0","1701","0"
"1100","550","bot:/botfiles/hardds4.jkb","New_Reborn","0","user:void","0","2","2","3","1919","1839","100","-4","0","124","5","6","3","0","drain","low_force","471","10","289","1025","124","104","734","133","890","0","0","0","0","58","0","0"
"1101","551","bot:/botfiles/hardds4.jkb","New_Reborn","0","iphash:f51458ac","1","2","2","3","455","372","17","100","99","15","0","2","0","0","pull","low_force","40","40","50","161","164","0","276","0","179","0","0","0","0","0","0","0"
"1102","551","iphash:f51458ac","^7Padawan","2","bot:/botfiles/hardds4.jkb","0","2","2","3","361","361","100","0","10","26","0","3","1","0","seeing","low_force","33","0","78","220","30","0","0","0","0","0","0","0","0","0","361","0"
"1103","552","bot:/botfiles/hardds4.jkb","New_Reborn","0","iphash:f51458ac","1","2","2","3","1573","1552","79","45","5","88","3","4","4","0","push","low_force","128","20","196","904","325","213","699","115","482","58","0","0","0","0","0","6"
"1104","552","iphash:f51458ac","^7Padawan","2","bot:/botfiles/hardds4.jkb","0","2","2","3","1429","1429","100","-16","3","99","2","6","5","0","seeing","low_force","62","0","304","745","318","0","0","0","0","0","0","0","0","0","1429","0"
"1105","553","iphash:f51458ac","^7Padawan","2","bot:/botfiles/hardds4.jkb","1","2","2","3","291","204","7","88","100","7","0","0","1","0","seeing","low_force","4","0","99","46","142","0","0","0","0","0","0","0","0","0","291","0"
"1106","553","bot:/botfiles/hardds4.jkb","New_Reborn","0","iphash:f51458ac","0","2","2","3","184","92","100","-8","99","10","2","0","0","0","pull","low_force","89","0","0","86","9","0","23","0","85","0","0","0","0","76","0","0"
"1107","554","iphash:f51458ac","^7Padawan","2","bot:/botfiles/hardds4.jkb","1","2","2","3","1197","1136","33","52","69","110","0","1","2","0","seeing","low_force","63","0","212","659","263","0","0","0","0","0","0","0","0","0","1197","0"
"1108","554","bot:/botfiles/hardds4.jkb","New_Reborn","0","iphash:f51458ac","0","2","2","3","1211","1131","100","-4","66","78","3","2","5","0","pull","low_force","86","15","124","612","374","147","458","0","536","0","0","0","0","70","0","0"
"1109","555","bot:/botfiles/hardds4.jkb","New_Reborn","0","iphash:f51458ac","1","2","2","3","767","696","29","100","93","24","7","0","3","0","pull","low_force","227","54","204","219","63","201","167","0","399","0","0","0","0","0","0","0"
"1110","555","iphash:f51458ac","^7Padawan","2","bot:/botfiles/hardds4.jkb","0","2","2","3","772","772","100","0","10","19","0","3","2","0","seeing","low_force","167","0","453","111","41","0","0","0","0","0","0","0","0","0","772","0"
"1111","556","bot:/botfiles/hardds4.jkb","New_Reborn","0","iphash:f51458ac","1","2","2","3","469","389","20","100","76","11","3","0","0","0","pull","low_force","44","19","223","118","65","19","352","73","25","0","0","0","0","0","0","0"
"1112","556","iphash:f51458ac","^7Padawan","2","bot:/botfiles/hardds4.jkb","0","2","2","3","292","292","100","-11","10","4","1","4","0","0","seeing","low_force","0","0","170","103","19","0","0","0","0","0","0","0","0","0","292","0"
"1113","557","bot:/botfiles/hardds4.jkb","New_Reborn","0","iphash:f51458ac","1","2","2","3","275","188","13","94","100","13","3","0","0","0","grip","low_force","0","0","213","62","0","0","180","90","5","0","0","0","0","0","0","0"
"1114","557","iphash:f51458ac","^7Padawan","2","bot:/botfiles/hardds4.jkb","0","2","2","3","119","103","100","-5","10","0","2","3","1","0","unknown","saber_throw","0","0","100","0","19","0","0","0","0","0","0","0","0","0","119","0"
"1115","558","bot:/botfiles/hardds4.jkb","New_Reborn","0","iphash:f51458ac","1","2","2","3","1296","1210","14","100","37","87","7","3","2","0","push","low_force","243","19","282","534","218","165","555","190","386","0","0","0","0","0","0","0"
"1116","558","iphash:f51458ac","^7Padawan","2","bot:/botfiles/hardds4.jkb","0","2","2","3","1321","1321","100","-6","0","45","3","5","4","0","seeing","low_force","47","0","460","436","378","0","0","0","0","0","0","0","0","0","1321","0"
"1117","559","bot:/botfiles/hardds4.jkb","New_Reborn","0","iphash:f51458ac","1","2","2","3","413","314","1","100","57","9","2","0","0","0","pull","low_force","98","0","161","89","65","49","192","32","140","0","0","0","0","0","0","0"
"1118","559","iphash:f51458ac","^7Padawan","2","bot:/botfiles/hardds4.jkb","0","2","2","3","239","239","100","-2","99","14","1","0","1","0","seeing","low_force","87","0","43","109","0","0","0","0","0","0","0","0","0","0","239","0"
"1119","560","bot:/botfiles/hardds4.jkb","New_Reborn","0","iphash:f51458ac","1","2","2","3","793","726","33","64","7","30","2","6","2","0","pull","low_force","132","0","96","387","178","52","339","20","382","0","0","0","0","0","0","0"
"1120","560","iphash:f51458ac","^7Padawan","2","bot:/botfiles/hardds4.jkb","0","2","2","3","649","649","100","-9","38","56","0","2","2","0","seeing","low_force","113","0","112","356","68","0","0","0","0","0","0","0","0","0","649","0"
"1121","561","iphash:f51458ac","^7Padawan","2","bot:/botfiles/hardds4.jkb","1","2","2","3","250","152","0","100","100","3","0","0","0","0","seeing","low_force","0","0","61","45","144","0","0","0","0","0","0","0","0","0","250","0"
"1122","561","bot:/botfiles/hardds4.jkb","New_Reborn","0","iphash:f51458ac","0","2","2","3","151","69","100","-7","100","11","1","0","0","0","rage","low_force","0","0","0","151","0","20","19","0","62","50","0","0","0","0","0","0"
"1123","562","bot:/botfiles/hardds4.jkb","New_Reborn","0","iphash:f51458ac","1","2","2","3","3341","3277","36","100","31","170","8","2","12","0","push","low_force","1052","39","646","1143","461","571","1111","245","1392","0","0","0","0","20","0","2"
"1124","562","iphash:f51458ac","^7Padawan","2","bot:/botfiles/hardds4.jkb","0","2","2","3","3174","3174","100","-8","0","108","5","13","7","0","seeing","low_force","41","0","1481","979","673","0","0","0","0","0","0","0","0","0","3174","0"
"1125","563","iphash:2667391d","^0-=^3'/^7o^3!^0d^0=-^6","2","iphash:f51458ac","1","2","2","3","595","516","21","16","69","7","0","2","0","0","seeing","low_force","122","36","136","108","193","0","0","0","0","0","0","0","0","0","595","0"
"1126","563","iphash:f51458ac","^7Padawan","2","iphash:2667391d","0","2","2","3","645","567","100","-18","0","18","2","4","0","0","seeing","low_force","143","0","201","301","0","0","0","0","0","0","0","0","0","0","645","0"
"1127","564","iphash:2667391d","^0-=^3'/^7o^3!^0d^0=-^6","2","iphash:f51458ac","1","2","2","3","116","116","70","3","99","0","4","0","1","0","seeing","grip_control","59","37","20","0","0","0","0","0","0","0","0","0","0","0","116","0"
"1128","564","iphash:f51458ac","^7Padawan","2","iphash:2667391d","0","2","2","3","142","58","100","0","40","6","0","2","0","0","seeing","low_force","8","0","101","30","3","0","0","0","0","0","0","0","0","0","142","0"
"1129","565","user:void","void","1","iphash:f51458ac","1","2","2","3","734","634","0","92","69","50","2","1","0","0","seeing","low_force","5","40","172","472","45","0","0","0","0","0","0","0","0","0","734","0"
"1130","565","iphash:f51458ac","^7Padawan","2","user:void","0","2","2","3","653","599","100","-9","0","27","1","7","1","0","seeing","low_force","23","0","87","192","351","0","0","0","0","0","0","0","0","0","653","0"
"1131","566","user:void","void","1","iphash:f51458ac","1","2","2","3","303","217","14","40","32","15","0","2","1","0","seeing","low_force","24","20","119","116","24","0","0","0","0","0","0","0","0","0","303","0"
"1132","566","iphash:f51458ac","^7Padawan","2","user:void","0","2","2","3","353","277","100","-16","0","11","1","3","1","0","seeing","low_force","81","20","20","122","110","0","0","0","0","0","0","0","0","0","353","0"
"1133","567","user:void","void","1","iphash:f51458ac","1","2","2","3","73","8","29","100","98","0","0","0","0","0","seeing","forced_entries","0","0","59","0","14","0","0","0","0","0","0","0","0","0","73","0"
"1134","567","iphash:f51458ac","^7Padawan","2","user:void","0","2","2","3","56","56","100","-8","100","0","1","0","0","0","seeing","forced_entries","19","0","37","0","0","0","0","0","0","0","0","0","0","0","56","0"
"1135","568","iphash:f51458ac","^7Padawan","2","user:void","1","2","2","3","565","467","0","64","9","34","1","5","0","0","seeing","low_force","123","0","24","289","129","0","0","0","0","0","0","0","0","0","565","0"
"1136","568","user:void","void","1","iphash:f51458ac","0","2","2","3","523","465","100","-3","0","14","0","6","2","0","seeing","low_force","50","0","131","173","169","0","0","0","0","0","0","0","0","0","523","0"
"1137","569","user:void","void","1","iphash:f51458ac","1","2","2","3","281","190","9","32","99","18","0","0","0","0","seeing","low_force","0","0","120","161","0","0","0","0","0","0","0","0","0","0","281","0"
"1138","569","iphash:f51458ac","^7Padawan","2","user:void","0","2","2","3","286","286","100","-16","0","3","0","5","1","0","unknown","low_force","26","0","19","30","211","0","0","0","0","0","0","0","0","0","286","0"
"1139","570","user:void","void","1","iphash:f51458ac","1","2","2","3","329","283","54","56","38","3","0","3","1","0","seeing","low_force","23","109","100","31","66","0","0","0","0","0","0","0","0","0","329","0"
"1140","570","iphash:f51458ac","^7Padawan","2","user:void","0","2","2","3","439","342","100","-11","0","9","0","5","0","0","unknown","low_force","5","0","336","98","0","0","0","0","0","0","0","0","0","0","439","0"
"1141","571","user:void","void","1","iphash:f51458ac","1","2","2","3","280","184","4","20","68","13","0","3","0","0","seeing","low_force","24","0","124","132","0","0","0","0","0","0","0","0","0","0","280","0"
"1142","571","iphash:f51458ac","^7Padawan","2","user:void","0","2","2","3","260","184","100","-26","0","7","0","8","1","0","unknown","low_force","0","0","38","144","78","0","0","0","0","0","0","0","0","0","260","0"
"1143","572","iphash:f51458ac","^7Padawan","2","user:void","1","2","2","3","977","906","23","26","39","61","1","3","2","0","seeing","low_force","129","0","48","770","30","0","0","0","0","0","0","0","0","0","977","0"
"1144","572","user:void","void","1","iphash:f51458ac","0","2","2","3","986","943","100","0","91","49","2","1","5","0","seeing","low_force","64","0","71","509","342","0","0","0","0","0","0","0","0","0","986","0"
"1145","573","iphash:f51458ac","^7Padawan","2","user:void","1","2","2","3","594","509","9","20","0","22","2","6","1","0","seeing","low_force","103","0","197","174","120","0","0","0","0","0","0","0","0","0","594","0"
"1146","573","user:void","void","1","iphash:f51458ac","0","2","2","3","480","406","100","-4","36","21","1","3","2","0","seeing","low_force","142","40","99","167","32","0","0","0","0","0","0","0","0","0","480","0"
"1147","574","user:void","void","1","iphash:f51458ac","1","2","2","3","719","622","3","40","68","15","2","1","1","0","seeing","low_force","268","111","36","143","161","0","0","0","0","0","0","0","0","0","719","0"
"1148","574","iphash:f51458ac","^7Padawan","2","user:void","0","2","2","3","989","940","100","-11","0","41","3","5","1","0","seeing","low_force","106","0","416","424","43","0","0","0","0","0","0","0","0","0","989","0"
"1149","575","iphash:f51458ac","^7Padawan","2","user:void","1","2","2","3","119","62","37","100","100","0","0","0","0","0","seeing","forced_entries","27","0","66","0","26","0","0","0","0","0","0","0","0","0","119","0"
"1150","575","user:void","void","1","iphash:f51458ac","0","2","2","3","91","91","100","-8","100","0","4","0","1","0","seeing","grip_control","72","0","19","0","0","0","0","0","0","0","0","0","0","0","91","0"
"1151","576","user:void","void","1","iphash:f51458ac","1","2","2","3","917","827","10","98","97","16","2","0","3","0","seeing","low_force","237","30","143","222","285","0","0","0","0","0","0","0","0","0","917","0"
"1152","576","iphash:f51458ac","^7Padawan","2","user:void","0","2","2","3","914","876","100","-20","0","43","1","7","4","0","seeing","low_force","80","0","351","361","122","0","0","0","0","0","0","0","0","0","914","0"
"1153","577","user:void","void","1","iphash:f51458ac","1","2","2","3","1171","1085","8","40","64","44","3","1","4","0","unknown","low_force","48","35","275","459","354","0","0","0","0","0","0","0","0","0","1171","0"
"1154","577","iphash:f51458ac","^7Padawan","2","user:void","0","2","2","3","1397","1329","100","-13","0","81","3","4","2","0","seeing","low_force","223","5","212","624","333","0","0","0","0","0","0","0","0","0","1397","0"
"1155","578","user:void","void","1","iphash:f51458ac","1","2","2","3","953","874","21","75","93","57","5","0","2","0","seeing","low_force","140","0","147","516","150","0","0","0","0","0","0","0","0","0","953","0"
"1156","578","iphash:f51458ac","^7Padawan","2","user:void","0","2","2","3","1158","1079","100","-23","0","48","0","8","3","0","seeing","low_force","43","0","255","506","354","0","0","0","0","0","0","0","0","0","1158","0"
"1157","579","user:void","void","1","iphash:d1f425bd","1","2","2","3","491","395","4","100","99","18","0","1","2","0","seeing","low_force","202","0","247","42","0","0","0","0","0","0","0","0","0","0","491","0"
"1158","579","iphash:d1f425bd","^0ff^7'^0Gòónat¡Ç","2","user:void","0","2","2","3","436","436","100","-22","65","0","3","4","2","0","seeing","saber_throw","159","0","234","19","24","0","0","0","0","0","0","0","0","0","436","0"
"1159","580","user:void","void","1","iphash:d1f425bd","1","2","2","3","657","557","0","90","0","3","2","7","3","0","seeing","low_force","190","0","320","92","55","0","0","0","0","0","0","0","0","0","657","0"
"1160","580","iphash:d1f425bd","^0ff^7'^0Gòónat¡Ç","2","user:void","0","2","2","3","611","596","100","-16","0","7","1","4","2","0","seeing","low_force","250","4","270","38","49","0","0","0","0","0","0","0","0","0","611","0"
"1161","581","user:void","void","1","iphash:d1f425bd","1","2","2","3","437","337","0","80","10","12","1","1","1","0","seeing","low_force","145","0","162","100","30","0","0","0","0","0","0","0","0","0","437","0"
"1162","581","iphash:d1f425bd","^0ff^7'^0Gòónat¡Ç","2","user:void","0","2","2","3","393","375","100","-7","0","8","2","4","1","0","seeing","low_force","101","0","119","98","75","0","0","0","0","0","0","0","0","0","393","0"
"1163","582","iphash:d1f425bd","^0ff^7'^0Gòónat¡Ç","2","user:void","1","2","2","3","685","634","49","84","0","0","1","5","2","0","seeing","saber_throw","123","34","96","0","432","0","0","0","0","0","0","0","0","0","685","0"
"1164","582","user:void","void","1","iphash:d1f425bd","0","2","2","3","555","555","100","-8","9","33","0","5","2","0","unknown","low_force","31","0","187","337","0","0","0","0","0","0","0","0","0","0","555","0"
"1165","583","iphash:d1f425bd","^0ff^7'^0Gòónat¡Ç","2","user:void","1","2","2","3","1484","1403","19","98","0","14","3","4","2","0","seeing","low_force","762","75","457","117","73","0","0","0","0","0","0","0","0","0","1484","0"
"1166","583","user:void","void","1","iphash:d1f425bd","0","2","2","3","1220","1167","100","-10","0","26","3","6","4","0","seeing","low_force","107","0","913","145","55","0","0","0","0","0","0","0","0","0","1220","0"
"1167","584","iphash:d1f425bd","^0ff^7'^0Gòónat¡Ç","2","user:void","1","2","2","3","345","318","73","98","10","0","1","3","0","0","seeing","saber_throw","251","4","80","0","10","0","0","0","0","0","0","0","0","0","345","0"
"1168","584","user:void","void","1","iphash:d1f425bd","0","2","2","3","258","258","100","-1","0","1","1","6","1","0","seeing","saber_throw","83","0","170","5","0","0","0","0","0","0","0","0","0","0","258","0"
"1169","585","iphash:d1f425bd","^0ff^7'^0Gòónat¡Ç","2","iphash:cb041f6d","1","2","2","3","2618","2553","29","99","0","76","9","0","1","0","seeing","low_force","750","108","927","496","337","0","0","0","0","0","0","0","0","0","2618","0"
"1170","585","iphash:cb041f6d","Mpkill","2","iphash:d1f425bd","0","2","2","3","2009","1920","100","-18","0","33","5","13","3","0","seeing","low_force","512","40","889","423","145","0","0","0","0","0","0","0","0","0","2009","0"
"1171","586","iphash:d1f425bd","^0ff^7'^0Gòónat¡Ç","2","user:void","1","2","2","3","472","394","22","10","0","1","2","6","0","0","seeing","saber_throw","261","66","51","6","88","0","0","0","0","0","0","0","0","0","472","0"
"1172","586","user:void","void","1","iphash:d1f425bd","0","2","2","3","547","484","100","-3","0","8","0","4","0","0","seeing","low_force","199","0","281","67","0","0","0","0","0","0","0","0","0","0","547","0"
"1173","587","iphash:d1f425bd","^0ff^7'^0Gòónat¡Ç","2","user:void","1","2","2","3","1196","1110","14","93","0","17","3","9","0","0","seeing","low_force","180","4","544","154","314","0","0","0","0","0","0","0","0","0","1196","0"
"1174","587","user:void","void","1","iphash:d1f425bd","0","2","2","3","951","914","100","-13","0","27","1","9","1","0","seeing","low_force","338","8","243","262","100","0","0","0","0","0","0","0","0","0","951","0"
"1175","588","user:void","void","1","iphash:d1f425bd","1","2","2","3","127","43","16","100","100","17","0","0","0","0","seeing","low_force","62","0","21","44","0","0","0","0","0","0","0","0","0","0","127","0"
"1176","588","iphash:d1f425bd","^0ff^7'^0Gòónat¡Ç","2","user:void","0","2","2","3","103","103","100","-8","100","0","1","0","1","0","seeing","forced_entries","57","0","40","6","0","0","0","0","0","0","0","0","0","0","103","0"
"1177","589","user:void","void","1","iphash:d1f425bd","1","2","2","3","141","77","30","80","28","0","0","1","0","0","seeing","forced_entries","20","0","116","0","5","0","0","0","0","0","0","0","0","0","141","0"
"1178","589","iphash:d1f425bd","^0ff^7'^0Gòónat¡Ç","2","user:void","0","2","2","3","135","135","100","-9","0","0","1","1","1","0","seeing","forced_entries","20","0","115","0","0","0","0","0","0","0","0","0","0","0","135","0"
"1179","590","iphash:d1f425bd","^0ff^7'^0Gòónat¡Ç","2","user:void","1","2","2","3","902","850","48","58","0","17","2","4","3","0","seeing","low_force","264","0","203","148","287","0","0","0","0","0","0","0","0","0","902","0"
"1180","590","user:void","void","1","iphash:d1f425bd","0","2","2","3","935","873","100","-2","0","35","3","4","2","0","seeing","low_force","278","15","257","233","152","0","0","0","0","0","0","0","0","0","935","0"
"1181","591","user:void","void","1","iphash:cb041f6d","1","2","2","3","460","398","32","43","69","0","2","1","3","0","seeing","knockdown","100","19","128","15","198","0","0","0","0","0","0","0","0","0","460","0"
"1182","591","iphash:cb041f6d","Mpkill","2","user:void","0","2","2","3","352","258","100","-18","69","20","1","2","2","0","seeing","low_force","17","0","156","162","17","0","0","0","0","0","0","0","0","0","352","0"
"1183","592","user:void","void","1","iphash:cb041f6d","1","2","2","3","433","333","0","92","99","6","3","0","0","0","seeing","low_force","134","0","211","88","0","0","0","0","0","0","0","0","0","0","433","0"
"1184","592","iphash:cb041f6d","Mpkill","2","user:void","0","2","2","3","410","360","100","-10","0","0","3","5","0","0","seeing","saber_throw","36","0","264","50","60","0","0","0","0","0","0","0","0","0","410","0"
"1185","593","user:void","void","1","iphash:cb041f6d","1","2","2","3","595","508","7","100","39","14","9","0","0","0","seeing","low_force","199","38","222","136","0","0","0","0","0","0","0","0","0","0","595","0"
"1186","593","iphash:cb041f6d","Mpkill","2","user:void","0","2","2","3","471","412","100","-5","0","4","1","6","0","0","unknown","saber_throw","0","0","352","34","85","0","0","0","0","0","0","0","0","0","471","0"
"1187","594","user:void","void","1","iphash:2a2f6af9","1","2","2","3","585","485","0","90","8","13","4","2","1","0","seeing","low_force","31","0","379","142","33","0","0","0","0","0","0","0","0","0","585","0"
"1188","594","iphash:2a2f6af9","creador del sexo","2","user:void","0","2","2","3","474","439","100","-10","0","9","3","5","0","0","seeing","low_force","147","38","192","54","43","0","0","0","0","0","0","0","0","0","474","0"
"1189","595","user:void","void","1","iphash:2a2f6af9","1","2","2","3","504","479","69","98","68","6","5","0","1","0","seeing","low_force","126","128","201","31","18","0","0","0","0","0","0","0","0","0","504","0"
"1190","595","iphash:2a2f6af9","creador del sexo","2","user:void","0","2","2","3","369","356","100","-19","39","0","2","2","1","0","unknown","grip_control","0","0","319","50","0","0","0","0","0","0","0","0","0","0","369","0"
"1191","596","iphash:cb041f6d","Mpkill","2","iphash:d1f425bd","1","2","2","3","160","90","24","100","39","1","0","2","0","0","seeing","low_force","26","0","103","19","12","0","0","0","0","0","0","0","0","0","160","0"
"1192","596","iphash:d1f425bd","^0ff^7'^0Gòónat¡Ç","2","iphash:cb041f6d","0","2","2","3","198","198","100","-12","99","1","3","0","2","0","seeing","late_defense","19","19","140","20","0","0","0","0","0","0","0","0","0","0","198","0"
"1193","597","iphash:2a2f6af9","creador del sexo","2","user:void","1","2","2","3","674","601","27","96","38","11","0","3","1","0","seeing","low_force","174","66","51","44","339","0","0","0","0","0","0","0","0","0","674","0"
"1194","597","user:void","void","1","iphash:2a2f6af9","0","2","2","3","782","747","100","-10","0","37","1","8","1","0","seeing","low_force","84","0","337","316","45","0","0","0","0","0","0","0","0","0","782","0"
"1195","598","user:void","void","1","iphash:2a2f6af9","1","2","2","3","283","239","50","90","98","14","4","1","1","0","seeing","low_force","135","0","100","25","23","0","0","0","0","0","0","0","0","0","283","0"
"1196","598","iphash:2a2f6af9","creador del sexo","2","user:void","0","2","2","3","296","282","100","-10","90","1","2","0","1","0","seeing","low_force","196","0","23","58","19","0","0","0","0","0","0","0","0","0","296","0"
"1197","599","iphash:d1f425bd","^0ff^7'^0Gòónat¡Ç","2","iphash:cb041f6d","1","2","2","3","1324","1232","8","100","96","25","10","0","2","0","seeing","low_force","437","123","396","167","201","0","0","0","0","0","0","0","0","0","1324","0"
"1198","599","iphash:cb041f6d","Mpkill","2","iphash:d1f425bd","0","2","2","3","1044","991","100","-26","0","10","1","11","3","0","seeing","low_force","8","0","681","285","70","0","0","0","0","0","0","0","0","0","1044","0"
"1199","600","user:void","void","1","iphash:2a2f6af9","1","2","2","3","248","239","85","78","70","0","1","1","1","0","unknown","forced_entries","76","0","134","0","38","0","0","0","0","0","0","0","0","0","248","0"
"1200","600","iphash:2a2f6af9","creador del sexo","2","user:void","0","2","2","3","227","225","100","-19","67","0","3","1","2","0","seeing","grip_control","137","0","40","50","0","0","0","0","0","0","0","0","0","0","227","0"
"1201","601","iphash:2a2f6af9","creador del sexo","2","user:void","1","2","2","3","474","412","32","50","0","1","0","6","3","0","unknown","saber_throw","0","0","107","5","362","0","0","0","0","0","0","0","0","0","474","0"
"1202","601","user:void","void","1","iphash:2a2f6af9","0","2","2","3","668","645","100","-8","98","39","4","0","1","0","seeing","low_force","18","0","229","421","0","0","0","0","0","0","0","0","0","0","668","0"
"1203","602","iphash:cb041f6d","Mpkill","2","iphash:d1f425bd","1","2","2","3","734","637","3","87","0","5","0","9","2","0","unknown","saber_throw","0","0","603","40","91","0","0","0","0","0","0","0","0","0","734","0"
"1204","602","iphash:d1f425bd","^0ff^7'^0Gòónat¡Ç","2","iphash:cb041f6d","0","2","2","3","848","848","100","0","95","9","2","1","2","0","seeing","low_force","321","38","366","115","8","0","0","0","0","0","0","0","0","0","848","0"
"1205","603","user:void","void","1","iphash:2a2f6af9","1","2","2","3","153","88","35","98","61","0","1","0","0","0","seeing","forced_entries","79","0","74","0","0","0","0","0","0","0","0","0","0","0","153","0"
"1206","603","iphash:2a2f6af9","creador del sexo","2","user:void","0","2","2","3","173","173","100","-8","98","1","2","0","1","0","seeing","low_force","93","0","60","20","0","0","0","0","0","0","0","0","0","0","173","0"
"1207","604","user:void","void","1","iphash:2a2f6af9","1","2","2","3","835","736","1","67","70","58","3","0","0","0","seeing","low_force","42","0","296","481","16","0","0","0","0","0","0","0","0","0","835","0"
"1208","604","iphash:2a2f6af9","creador del sexo","2","user:void","0","2","2","3","754","754","100","-22","0","9","1","7","4","0","seeing","low_force","70","0","205","184","295","0","0","0","0","0","0","0","0","0","754","0"
"1209","605","iphash:d1f425bd","^0ff^7'^0Gòónat¡Ç","2","iphash:cb041f6d","1","2","2","3","2086","1994","8","100","93","44","12","0","2","0","seeing","low_force","760","197","405","456","268","0","0","0","0","0","0","0","0","0","2086","0"
"1210","605","iphash:cb041f6d","Mpkill","2","iphash:d1f425bd","0","2","2","3","1726","1657","100","-4","0","49","4","6","2","0","seeing","low_force","43","0","1103","333","247","0","0","0","0","0","0","0","0","0","1726","0"
"1211","606","iphash:2a2f6af9","creador del sexo","2","user:void","1","2","2","3","931","831","0","42","0","3","4","9","1","0","seeing","saber_throw","262","50","223","33","363","0","0","0","0","0","0","0","0","0","931","0"
"1212","606","user:void","void","1","iphash:2a2f6af9","0","2","2","3","1470","1423","100","-12","0","48","3","5","0","0","seeing","low_force","231","24","745","441","29","0","0","0","0","0","0","0","0","0","1470","0"
"1213","607","user:void","void","1","iphash:2a2f6af9","1","2","2","3","230","132","0","98","40","9","0","1","0","0","seeing","low_force","0","0","177","53","0","0","0","0","0","0","0","0","0","0","230","0"
"1214","607","iphash:2a2f6af9","creador del sexo","2","user:void","0","2","2","3","125","107","100","-16","0","0","0","5","0","0","seeing","saber_throw","19","0","51","0","55","0","0","0","0","0","0","0","0","0","125","0"
"1215","608","user:void","void","1","iphash:cb041f6d","1","2","2","3","758","734","76","80","68","27","4","1","1","0","seeing","low_force","105","69","211","258","115","0","0","0","0","0","0","0","0","0","758","0"
"1216","608","iphash:cb041f6d","Mpkill","2","user:void","0","2","2","3","493","493","100","-5","0","10","0","6","1","0","unknown","low_force","20","0","231","162","80","0","0","0","0","0","0","0","0","0","493","0"
"1217","609","iphash:cb041f6d","Mpkill","2","user:void","1","2","2","3","767","699","32","4","34","32","2","4","2","0","seeing","low_force","354","40","117","216","40","0","0","0","0","0","0","0","0","0","767","0"
"1218","609","user:void","void","1","iphash:cb041f6d","0","2","2","3","819","784","100","-21","0","16","4","5","3","0","seeing","low_force","74","0","346","327","72","0","0","0","0","0","0","0","0","0","819","0"
"1219","610","iphash:2a2f6af9","creador del sexo","2","iphash:d1f425bd","1","2","2","3","1677","1582","5","7","0","29","4","6","3","0","unknown","low_force","199","0","874","381","223","0","0","0","0","0","0","0","0","0","1677","0"
"1220","610","iphash:d1f425bd","^0ff^7'^0Gòónat¡Ç","2","iphash:2a2f6af9","0","2","2","3","2102","2038","100","-4","0","47","2","11","2","0","seeing","low_force","535","41","837","367","322","0","0","0","0","0","0","0","0","0","2102","0"
"1221","611","iphash:d1f425bd","^0ff^7'^0Gòónat¡Ç","2","iphash:2a2f6af9","1","2","2","3","178","117","33","100","100","2","0","0","0","0","seeing","low_force","1","0","144","7","26","0","0","0","0","0","0","0","0","0","178","0"
"1222","611","iphash:2a2f6af9","creador del sexo","2","iphash:d1f425bd","0","2","2","3","128","118","100","-19","40","0","1","1","0","0","unknown","low_force","0","0","78","50","0","0","0","0","0","0","0","0","0","0","128","0"
"1223","612","user:void","void","1","iphash:cb041f6d","1","2","2","3","668","620","52","36","0","2","5","1","1","0","seeing","low_force","174","20","330","45","99","0","0","0","0","0","0","0","0","0","668","0"
"1224","612","iphash:cb041f6d","Mpkill","2","user:void","0","2","2","3","603","524","100","0","0","8","1","3","0","0","seeing","low_force","121","0","373","65","44","0","0","0","0","0","0","0","0","0","603","0"
"1225","613","iphash:d1f425bd","^0ff^7'^0Gòónat¡Ç","2","iphash:2a2f6af9","1","2","2","3","694","625","25","100","1","3","5","4","1","0","seeing","low_force","203","0","304","44","143","0","0","0","0","0","0","0","0","0","694","0"
"1226","613","iphash:2a2f6af9","creador del sexo","2","iphash:d1f425bd","0","2","2","3","644","585","100","-4","66","12","2","2","2","0","seeing","low_force","220","81","267","76","0","0","0","0","0","0","0","0","0","0","644","0"
"1227","614","iphash:cb041f6d","Mpkill","2","user:void","1","2","2","3","370","311","41","50","10","12","3","3","0","0","seeing","low_force","134","0","128","108","0","0","0","0","0","0","0","0","0","0","370","0"
"1228","614","user:void","void","1","iphash:cb041f6d","0","2","2","3","306","296","100","-7","0","2","2","4","1","0","seeing","low_force","0","0","208","25","73","0","0","0","0","0","0","0","0","0","306","0"
"1229","615","user:void","void","1","iphash:cb041f6d","1","2","2","3","680","620","34","76","0","8","2","4","3","0","seeing","low_force","133","0","223","38","286","0","0","0","0","0","0","0","0","0","680","0"
"1230","615","iphash:cb041f6d","Mpkill","2","user:void","0","2","2","3","675","575","100","-2","94","33","3","2","1","0","seeing","low_force","192","0","158","280","45","0","0","0","0","0","0","0","0","0","675","0"
"1231","616","iphash:d1f425bd","^0ff^7'^0Gòónat¡Ç","2","iphash:2a2f6af9","1","2","2","3","933","852","19","100","0","33","0","6","0","0","seeing","low_force","199","46","417","229","42","0","0","0","0","0","0","0","0","0","933","0"
"1232","616","iphash:2a2f6af9","creador del sexo","2","iphash:d1f425bd","0","2","2","3","857","844","100","-27","0","9","4","5","1","0","seeing","low_force","228","24","450","70","85","0","0","0","0","0","0","0","0","0","857","0"
"1233","617","user:void","void","1","iphash:cb041f6d","1","2","2","3","977","977","94","88","100","16","5","0","0","0","seeing","low_force","278","0","425","98","176","0","0","0","0","0","0","0","0","0","977","0"
"1234","617","iphash:cb041f6d","Mpkill","2","user:void","0","2","2","3","660","639","100","-6","0","6","2","5","3","0","seeing","low_force","125","0","359","76","100","0","0","0","0","0","0","0","0","0","660","0"
"1235","618","iphash:d1f425bd","^0ff^7'^0Gòónat¡Ç","2","iphash:2a2f6af9","1","2","2","3","2634","2567","27","13","0","101","12","3","1","0","seeing","low_force","722","89","1034","711","78","0","0","0","0","0","0","0","0","0","2634","0"
"1236","618","iphash:2a2f6af9","creador del sexo","2","iphash:d1f425bd","0","2","2","3","2199","2152","100","-9","0","22","3","16","4","0","unknown","low_force","193","8","1201","308","489","0","0","0","0","0","0","0","0","0","2199","0"
"1237","619","iphash:2667391d","^0-=^3'/^7o^3!^0d^0=-^6","2","bot:/botfiles/mediumds3.jkb","1","2","2","3","1358","1278","20","78","9","49","3","4","1","0","seeing","low_force","240","60","187","493","378","0","0","0","0","0","0","0","0","0","1358","0"
"1238","619","bot:/botfiles/mediumds3.jkb","Reborn","0","iphash:2667391d","0","2","2","3","1449","1406","100","-10","0","99","0","5","4","0","drain","low_force","153","10","383","634","269","57","578","197","617","0","0","0","0","0","0","0"
"1239","620","iphash:2667391d","^0-=^3'/^7o^3!^0d^0=-^6","2","bot:/botfiles/mediumds3.jkb","1","2","2","3","319","232","7","48","70","12","0","1","1","0","unknown","low_force","92","0","68","159","0","0","0","0","0","0","0","0","0","0","319","0"
"1240","620","bot:/botfiles/mediumds3.jkb","Reborn","0","iphash:2667391d","0","2","2","3","296","289","100","-6","0","4","0","7","3","0","drain","low_force","39","0","140","93","24","59","84","5","98","0","0","0","0","50","0","0"
"1241","621","bot:/botfiles/mediumds3.jkb","Reborn","0","iphash:2667391d","1","2","2","3","448","368","20","100","8","34","1","3","2","0","grip","low_force","106","10","47","114","171","59","135","114","140","0","0","0","0","0","0","0"
"1242","621","iphash:2667391d","^0-=^3'/^7o^3!^0d^0=-^6","2","bot:/botfiles/mediumds3.jkb","0","2","2","3","377","377","100","-8","98","21","1","0","3","0","seeing","low_force","70","0","125","152","30","0","0","0","0","0","0","0","0","0","377","0"
"1243","622","iphash:2667391d","^0-=^3'/^7o^3!^0d^0=-^6","2","bot:/botfiles/mediumds3.jkb","1","2","2","3","311","218","7","40","70","17","0","1","0","0","unknown","low_force","86","0","40","185","0","0","0","0","0","0","0","0","0","0","311","0"
"1244","622","bot:/botfiles/mediumds3.jkb","Reborn","0","iphash:2667391d","0","2","2","3","420","415","100","-15","0","11","0","6","0","0","pull","low_force","79","0","90","165","86","0","284","40","96","0","0","0","0","0","0","0"
"1245","623","user:void","void","1","bot:/botfiles/hardds4.jkb","1","2","2","3","677","577","0","51","0","36","0","5","2","0","unknown","low_force","120","0","132","282","143","0","0","0","0","0","0","0","0","0","677","0"
"1246","623","bot:/botfiles/hardds4.jkb","New_Reborn","0","user:void","0","2","2","3","832","756","100","0","0","34","1","5","1","0","drain","low_force","184","0","193","338","117","36","425","96","275","0","0","0","0","0","0","0"
"1247","624","user:void","void","1","bot:/botfiles/hardds4.jkb","1","2","2","3","355","260","0","62","99","20","1","1","1","0","seeing","low_force","71","5","0","181","98","0","0","0","0","0","0","0","0","0","355","0"
"1248","624","bot:/botfiles/hardds4.jkb","New_Reborn","0","user:void","0","2","2","3","353","275","100","-3","0","23","0","4","1","0","pull","low_force","56","0","56","139","102","19","109","80","145","0","0","0","0","0","0","0"
"1249","625","user:void","void","1","bot:/botfiles/hardds4.jkb","1","2","2","3","636","580","38","53","99","25","2","3","3","0","seeing","low_force","225","0","3","295","113","0","0","0","0","0","0","0","0","0","636","0"
"1250","625","bot:/botfiles/hardds4.jkb","New_Reborn","0","user:void","0","2","2","3","663","625","100","-3","0","45","2","5","1","0","drain","low_force","95","0","200","236","132","38","196","168","261","0","0","0","0","0","0","0"
"1251","626","bot:/botfiles/hardds4.jkb","New_Reborn","0","user:void","1","2","2","3","637","620","83","58","0","16","0","6","1","0","drain","low_force","46","43","48","122","378","19","381","32","205","0","0","0","0","0","0","0"
"1252","626","user:void","void","1","bot:/botfiles/hardds4.jkb","0","2","2","3","467","467","100","-12","70","33","0","1","0","0","seeing","low_force","0","0","152","285","30","0","0","0","0","0","0","0","0","0","467","0"
"1253","627","user:void","void","1","bot:/botfiles/hardds4.jkb","1","2","2","3","295","216","21","57","67","18","0","1","0","0","seeing","low_force","5","0","138","152","0","0","0","0","0","0","0","0","0","0","295","0"
"1254","627","bot:/botfiles/hardds4.jkb","New_Reborn","0","user:void","0","2","2","3","320","287","100","-5","0","11","0","3","3","0","pull","low_force","0","0","119","134","67","56","145","0","119","0","0","0","0","0","0","0"
"1255","628","user:void","void","1","bot:/botfiles/hardds4.jkb","1","2","2","3","953","880","27","56","64","65","1","1","2","0","seeing","low_force","80","64","132","448","229","0","0","0","0","0","0","0","0","0","953","0"
"1256","628","bot:/botfiles/hardds4.jkb","New_Reborn","0","user:void","0","2","2","3","1124","1110","100","-13","0","59","0","3","4","0","drain","low_force","0","0","320","526","278","55","553","63","453","0","0","0","0","0","0","0"
"1257","629","user:void","void","1","bot:/botfiles/hardds2.jkb","1","2","2","3","410","316","6","46","68","11","2","1","1","0","seeing","low_force","97","0","141","99","73","0","0","0","0","0","0","0","0","0","410","0"
"1258","629","bot:/botfiles/hardds2.jkb","Skryptr","0","user:void","0","2","2","3","388","333","100","-3","0","14","2","6","1","0","drain","low_force","154","0","79","111","44","19","87","119","163","0","0","0","0","0","0","0"
"1259","630","user:void","void","1","bot:/botfiles/hardds2.jkb","1","2","2","3","329","239","4","66","40","21","1","3","1","0","seeing","low_force","20","0","20","215","74","0","0","0","0","0","0","0","0","0","329","0"
"1260","630","bot:/botfiles/hardds2.jkb","Skryptr","0","user:void","0","2","2","3","313","277","100","-19","0","13","0","5","1","0","push","low_force","37","0","39","82","155","44","115","80","74","0","0","0","0","0","0","0"
"1261","631","bot:/botfiles/hardds2.jkb","Skryptr","0","user:void","1","2","2","3","691","593","2","90","0","40","0","5","1","0","drain","low_force","141","0","194","251","105","19","194","243","235","0","0","0","0","0","0","0"
"1262","631","user:void","void","1","bot:/botfiles/hardds2.jkb","0","2","2","3","730","730","100","-6","98","18","4","0","5","0","seeing","low_force","183","5","197","236","109","0","0","0","0","0","0","0","0","0","730","0"
"1263","632","user:void","void","1","bot:/botfiles/hardds2.jkb","1","2","2","3","699","648","49","52","64","15","2","1","2","0","seeing","low_force","197","70","122","197","113","0","0","0","0","0","0","0","0","0","699","0"
"1264","632","bot:/botfiles/hardds2.jkb","Skryptr","0","user:void","0","2","2","3","780","771","100","-29","0","3","2","4","3","0","pull","low_force","90","18","374","215","83","201","316","136","127","0","0","0","0","0","0","0"
"1265","633","bot:/botfiles/hardds2.jkb","Skryptr","0","user:void","1","2","2","3","615","516","1","63","0","20","0","7","1","0","pull","low_force","0","0","132","266","217","19","406","0","190","0","0","0","0","0","0","0"
"1266","633","user:void","void","1","bot:/botfiles/hardds2.jkb","0","2","2","3","360","360","100","0","99","35","0","2","0","0","seeing","low_force","52","10","66","232","0","0","0","0","0","0","0","0","0","0","360","0"
"1267","634","bot:/botfiles/hardds2.jkb","Skryptr","0","user:void","1","2","2","3","601","516","15","94","0","28","0","5","1","0","pull","low_force","89","39","118","138","217","19","256","186","140","0","0","0","0","0","0","0"
"1268","634","user:void","void","1","bot:/botfiles/hardds2.jkb","0","2","2","3","412","412","100","-11","0","23","2","5","1","0","unknown","low_force","0","0","202","125","85","0","0","0","0","0","0","0","0","0","412","0"
"1269","635","user:void","void","1","bot:/botfiles/hardds2.jkb","1","2","2","3","1177","1085","8","32","68","63","2","3","2","0","seeing","low_force","208","0","182","508","279","0","0","0","0","0","0","0","0","0","1177","0"
"1270","635","bot:/botfiles/hardds2.jkb","Skryptr","0","user:void","0","2","2","3","1077","1068","100","-2","0","77","0","4","2","0","pull","low_force","191","0","185","605","96","103","449","140","385","0","0","0","0","0","0","0"
"1271","636","bot:/botfiles/hardds2.jkb","Skryptr","0","user:void","1","2","2","3","234","163","29","100","9","10","0","4","1","0","grip","low_force","25","0","24","25","160","19","44","122","49","0","0","0","0","0","0","0"
"1272","636","user:void","void","1","bot:/botfiles/hardds2.jkb","0","2","2","3","202","202","100","0","100","9","1","0","0","0","seeing","low_force","0","0","106","86","10","0","0","0","0","0","0","0","0","0","202","0"
"1273","637","bot:/botfiles/hardds2.jkb","Skryptr","0","user:void","1","2","2","3","1306","1226","20","100","0","45","0","9","1","0","grip","low_force","120","20","179","423","564","19","577","117","593","0","0","0","0","0","0","0"
"1274","637","user:void","void","1","bot:/botfiles/hardds2.jkb","0","2","2","3","1022","1022","100","-6","8","77","1","3","2","0","unknown","low_force","44","0","252","638","88","0","0","0","0","0","0","0","0","0","1022","0"
"1275","638","bot:/botfiles/hardds2.jkb","Skryptr","0","user:void","1","2","2","3","156","76","20","100","96","9","0","0","0","0","pull","low_force","50","0","93","13","0","0","84","72","0","0","0","0","0","0","0","0"
"1276","638","user:void","void","1","bot:/botfiles/hardds2.jkb","0","2","2","3","50","50","100","-8","100","0","1","0","0","0","seeing","grip_control","50","0","0","0","0","0","0","0","0","0","0","0","0","0","50","0"
"1277","639","user:void","void","1","bot:/botfiles/mediumds3.jkb","1","2","2","3","1798","1732","34","28","96","75","2","2","5","0","seeing","low_force","397","112","180","710","399","0","0","0","0","0","0","0","0","0","1798","0"
"1278","639","bot:/botfiles/mediumds3.jkb","Reborn","0","user:void","0","2","2","3","1785","1771","100","-23","0","109","4","9","5","0","push","low_force","77","0","573","746","389","130","744","173","738","0","0","0","0","0","0","0"
"1279","640","user:void","void","1","bot:/botfiles/mediumds3.jkb","1","2","2","3","451","370","13","30","99","31","1","0","2","0","seeing","low_force","0","0","109","254","88","0","0","0","0","0","0","0","0","0","451","0"
"1280","640","bot:/botfiles/mediumds3.jkb","Reborn","0","user:void","0","2","2","3","449","435","100","-1","0","13","1","3","2","0","push","low_force","0","0","106","81","262","57","127","74","191","0","0","0","0","0","0","0"
"1281","641","user:void","void","1","bot:/botfiles/mediumds3.jkb","1","2","2","3","311","217","6","56","67","30","1","2","1","0","unknown","low_force","0","0","10","211","90","0","0","0","0","0","0","0","0","0","311","0"
"1282","641","bot:/botfiles/mediumds3.jkb","Reborn","0","user:void","0","2","2","3","484","398","100","0","0","22","0","2","2","0","drain","low_force","5","0","118","109","252","38","181","100","165","0","0","0","0","0","0","0"
"1283","642","user:void","void","1","bot:/botfiles/mediumds3.jkb","1","2","2","3","669","573","4","72","7","10","1","3","4","0","seeing","low_force","40","0","400","151","78","0","0","0","0","0","0","0","0","0","669","0"
"1284","642","bot:/botfiles/mediumds3.jkb","Reborn","0","user:void","0","2","2","3","709","679","100","-25","0","31","1","6","1","0","pull","low_force","249","0","196","226","38","47","368","129","165","0","0","0","0","0","0","0"
"1285","643","user:void","void","1","bot:/botfiles/mediumds3.jkb","1","2","2","3","685","585","0","38","97","26","2","0","1","0","seeing","low_force","143","15","154","243","130","0","0","0","0","0","0","0","0","0","685","0"
"1286","643","bot:/botfiles/mediumds3.jkb","Reborn","0","user:void","0","2","2","3","695","681","100","-11","0","23","1","6","2","0","pull","low_force","5","0","201","261","228","55","205","140","295","0","0","0","0","0","0","0"
"1287","644","bot:/botfiles/mediumds3.jkb","Reborn","0","user:void","1","2","2","3","349","263","14","80","45","19","1","1","2","0","pull","low_force","35","18","93","143","60","37","202","0","110","0","0","0","0","0","0","0"
"1288","644","user:void","void","1","bot:/botfiles/mediumds3.jkb","0","2","2","3","302","248","100","-2","0","15","0","1","2","0","seeing","low_force","96","0","23","113","70","0","0","0","0","0","0","0","0","0","302","0"
"1289","645","user:void","void","1","bot:/botfiles/mediumds.jkb","1","2","2","3","131","62","31","80","70","0","0","1","1","0","seeing","forced_entries","55","0","69","0","7","0","0","0","0","0","0","0","0","0","131","0"
"1290","645","bot:/botfiles/mediumds.jkb","Lannik","0","user:void","0","2","2","3","82","82","100","-4","67","0","1","1","3","0","unknown","knockdown","23","0","59","0","0","18","64","0","0","0","0","0","0","0","0","0"
"1291","646","user:void","void","1","bot:/botfiles/mediumds.jkb","1","2","2","3","2107","2007","0","99","0","126","0","4","8","0","seeing","low_force","129","20","397","1067","494","0","0","0","0","0","0","0","0","0","2107","0"
"1292","646","bot:/botfiles/mediumds.jkb","Lannik","0","user:void","0","2","2","3","2252","2229","100","-27","0","118","1","9","6","0","pull","low_force","237","28","357","891","739","153","899","0","1094","0","0","0","0","106","0","0"
"1293","647","user:void","void","1","bot:/botfiles/mediumds.jkb","1","2","2","3","772","681","9","65","67","26","2","2","3","0","unknown","low_force","145","0","206","237","184","0","0","0","0","0","0","0","0","0","772","0"
"1294","647","bot:/botfiles/mediumds.jkb","Lannik","0","user:void","0","2","2","3","849","849","100","-1","0","43","1","6","3","0","pull","low_force","70","0","286","273","220","106","223","236","284","0","0","0","0","0","0","0"
"1295","648","user:void","void","1","bot:/botfiles/mediumds.jkb","1","2","2","3","207","141","34","100","99","10","0","0","0","0","seeing","low_force","50","0","56","101","0","0","0","0","0","0","0","0","0","0","207","0"
"1296","648","bot:/botfiles/mediumds.jkb","Lannik","0","user:void","0","2","2","3","179","179","100","-9","0","0","0","7","2","0","pull","saber_throw","0","0","84","0","95","38","76","0","65","0","0","0","0","0","0","0"
"1297","649","user:void","void","1","bot:/botfiles/hardds4.jkb","1","2","2","3","73","3","24","100","100","0","0","0","0","0","seeing","low_force","0","0","65","0","8","0","0","0","0","0","0","0","0","0","73","0"
"1298","649","bot:/botfiles/hardds4.jkb","New_Reborn","0","user:void","0","2","2","3","19","19","100","-8","99","0","1","0","1","0","push","grip_control","0","0","19","0","0","19","0","0","0","0","0","0","0","0","0","0"
"1299","650","user:void","void","1","bot:/botfiles/hardds4.jkb","1","2","2","3","111","47","36","80","99","0","0","0","0","0","seeing","forced_entries","5","0","60","0","46","0","0","0","0","0","0","0","0","0","111","0"
"1300","650","bot:/botfiles/hardds4.jkb","New_Reborn","0","user:void","0","2","2","3","24","7","100","-10","0","0","0","3","2","0","unknown","saber_throw","0","0","5","19","0","24","0","0","0","0","0","0","0","0","0","0"
